solid OpenSCAD_Model
  facet normal 0.146689 -0.989183 -4.03339e-06
    outer loop
      vertex -29.1621 1.56926 5.9
      vertex -29.069 1.58308 2.5
      vertex -29.0068 1.59229 5.9
    endloop
  endfacet
  facet normal 0.146834 -0.989161 1.8904e-19
    outer loop
      vertex -29.069 1.58308 2.5
      vertex -29.1621 1.56926 5.9
      vertex -29.1621 1.56926 2.5
    endloop
  endfacet
  facet normal 0.146474 -0.989215 0
    outer loop
      vertex -29.0068 1.59229 5.9
      vertex -29.069 1.58308 2.5
      vertex -29.0068 1.59229 2.5
    endloop
  endfacet
  facet normal 0.0492226 -0.998788 1.80789e-20
    outer loop
      vertex -28.9441 1.59538 2.5
      vertex -29.0068 1.59229 5.9
      vertex -29.0068 1.59229 2.5
    endloop
  endfacet
  facet normal 0.0491116 -0.998793 -2.05147e-06
    outer loop
      vertex -29.0068 1.59229 5.9
      vertex -28.9441 1.59538 2.5
      vertex -28.85 1.6 5.9
    endloop
  endfacet
  facet normal 0.0490376 -0.998797 0
    outer loop
      vertex -28.85 1.6 5.9
      vertex -28.9441 1.59538 2.5
      vertex -28.85 1.6 2.5
    endloop
  endfacet
  facet normal 0.242685 -0.970105 2.39044e-19
    outer loop
      vertex -29.2535 1.54636 2.5
      vertex -29.3145 1.5311 5.9
      vertex -29.3145 1.5311 2.5
    endloop
  endfacet
  facet normal 0.242895 -0.970053 3.99883e-06
    outer loop
      vertex -29.3145 1.5311 5.9
      vertex -29.2535 1.54636 2.5
      vertex -29.1621 1.56926 5.9
    endloop
  endfacet
  facet normal 0.243035 -0.970018 0
    outer loop
      vertex -29.1621 1.56926 5.9
      vertex -29.2535 1.54636 2.5
      vertex -29.1621 1.56926 2.5
    endloop
  endfacet
  facet normal 0.903905 -0.427732 0
    outer loop
      vertex -30.2611 0.754234 5.9
      vertex -30.3014 0.66907 2.5
      vertex -30.2611 0.754234 2.5
    endloop
  endfacet
  facet normal 0.904071 -0.427383 -1.07115e-05
    outer loop
      vertex -30.3282 0.612293 5.9
      vertex -30.3014 0.66907 2.5
      vertex -30.2611 0.754234 5.9
    endloop
  endfacet
  facet normal 0.904319 -0.426858 -3.98318e-19
    outer loop
      vertex -30.3014 0.66907 2.5
      vertex -30.3282 0.612293 5.9
      vertex -30.3282 0.612293 2.5
    endloop
  endfacet
  facet normal -0.969959 0.243268 -1.30062e-19
    outer loop
      vertex -27.3189 -0.464455 2.5
      vertex -27.2807 -0.312144 5.9
      vertex -27.2807 -0.312144 2.5
    endloop
  endfacet
  facet normal -0.969959 0.243268 -1.30062e-19
    outer loop
      vertex -27.2807 -0.312144 5.9
      vertex -27.3189 -0.464455 2.5
      vertex -27.3189 -0.464455 5.9
    endloop
  endfacet
  facet normal -0.514027 0.857774 0
    outer loop
      vertex -27.9611 -1.33035 2.5
      vertex -28.0958 -1.41107 5.9
      vertex -27.9611 -1.33035 5.9
    endloop
  endfacet
  facet normal -0.514027 0.857774 0
    outer loop
      vertex -28.0958 -1.41107 5.9
      vertex -27.9611 -1.33035 2.5
      vertex -28.0958 -1.41107 2.5
    endloop
  endfacet
  facet normal -0.989213 -0.146487 -8.49722e-20
    outer loop
      vertex -27.2577 0.156827 2.5
      vertex -27.2807 0.312144 5.9
      vertex -27.2807 0.312144 2.5
    endloop
  endfacet
  facet normal -0.989213 -0.146487 -8.49722e-20
    outer loop
      vertex -27.2807 0.312144 5.9
      vertex -27.2577 0.156827 2.5
      vertex -27.2577 0.156827 5.9
    endloop
  endfacet
  facet normal 0.671388 -0.741106 0
    outer loop
      vertex -29.9814 1.13137 2.5
      vertex -29.865 1.23682 5.9
      vertex -29.9814 1.13137 5.9
    endloop
  endfacet
  facet normal 0.671388 -0.741106 0
    outer loop
      vertex -29.865 1.23682 5.9
      vertex -29.9814 1.13137 2.5
      vertex -29.865 1.23682 2.5
    endloop
  endfacet
  facet normal 1 0 0
    outer loop
      vertex -30.2611 -0.754234 5.9
      vertex -30.2611 -0.754235 2.5
      vertex -30.2611 -0.754234 2.5
    endloop
  endfacet
  facet normal 0.857416 0.514624 -1.5136e-07
    outer loop
      vertex -30.2611 -0.754234 5.9
      vertex -30.2126 -0.835041 2.5
      vertex -30.2611 -0.754235 2.5
    endloop
  endfacet
  facet normal 0.857793 0.513995 2.01531e-05
    outer loop
      vertex -30.1804 -0.888912 5.9
      vertex -30.2126 -0.835041 2.5
      vertex -30.2611 -0.754234 5.9
    endloop
  endfacet
  facet normal 0.858354 0.513059 6.38933e-21
    outer loop
      vertex -30.2126 -0.835041 2.5
      vertex -30.1804 -0.888912 5.9
      vertex -30.1804 -0.888912 2.5
    endloop
  endfacet
  facet normal -0.671388 -0.741106 0
    outer loop
      vertex -27.835 1.23682 2.5
      vertex -27.7186 1.13137 5.9
      vertex -27.835 1.23682 5.9
    endloop
  endfacet
  facet normal -0.671388 -0.741106 -0
    outer loop
      vertex -27.7186 1.13137 5.9
      vertex -27.835 1.23682 2.5
      vertex -27.7186 1.13137 2.5
    endloop
  endfacet
  facet normal -0.857793 -0.513995 -2.86909e-19
    outer loop
      vertex -27.4389 0.754234 2.5
      vertex -27.5196 0.888912 5.9
      vertex -27.5196 0.888912 2.5
    endloop
  endfacet
  facet normal -0.857793 -0.513995 -2.86909e-19
    outer loop
      vertex -27.5196 0.888912 5.9
      vertex -27.4389 0.754234 2.5
      vertex -27.4389 0.754234 5.9
    endloop
  endfacet
  facet normal 0.969959 -0.243268 -1.30062e-19
    outer loop
      vertex -30.4193 0.312144 5.9
      vertex -30.3811 0.464455 2.5
      vertex -30.3811 0.464455 5.9
    endloop
  endfacet
  facet normal 0.969959 -0.243268 -1.30062e-19
    outer loop
      vertex -30.3811 0.464455 2.5
      vertex -30.4193 0.312144 5.9
      vertex -30.4193 0.312144 2.5
    endloop
  endfacet
  facet normal 0.146474 0.989215 9.52835e-20
    outer loop
      vertex -29.069 -1.58308 2.5
      vertex -29.0068 -1.59229 5.9
      vertex -29.0068 -1.59229 2.5
    endloop
  endfacet
  facet normal 0.146689 0.989183 -4.03339e-06
    outer loop
      vertex -29.0068 -1.59229 5.9
      vertex -29.069 -1.58308 2.5
      vertex -29.1621 -1.56926 5.9
    endloop
  endfacet
  facet normal 0.146834 0.989161 0
    outer loop
      vertex -29.1621 -1.56926 5.9
      vertex -29.069 -1.58308 2.5
      vertex -29.1621 -1.56926 2.5
    endloop
  endfacet
  facet normal 0.514027 -0.857774 -2.51912e-06
    outer loop
      vertex -29.7389 1.33035 5.9
      vertex -29.6581 1.37878 2.5
      vertex -29.6042 1.41107 5.9
    endloop
  endfacet
  facet normal 0.514105 -0.857727 3.85161e-19
    outer loop
      vertex -29.6581 1.37878 2.5
      vertex -29.7389 1.33035 5.9
      vertex -29.7389 1.33035 2.5
    endloop
  endfacet
  facet normal 0.513911 -0.857844 0
    outer loop
      vertex -29.6042 1.41107 5.9
      vertex -29.6581 1.37878 2.5
      vertex -29.6042 1.41107 2.5
    endloop
  endfacet
  facet normal -0.242895 -0.970053 0
    outer loop
      vertex -28.5379 1.56926 2.5
      vertex -28.3855 1.5311 5.9
      vertex -28.5379 1.56926 5.9
    endloop
  endfacet
  facet normal -0.242895 -0.970053 -0
    outer loop
      vertex -28.3855 1.5311 5.9
      vertex -28.5379 1.56926 2.5
      vertex -28.3855 1.5311 2.5
    endloop
  endfacet
  facet normal -0.989213 0.146487 8.49722e-20
    outer loop
      vertex -27.2807 -0.312144 2.5
      vertex -27.2577 -0.156827 5.9
      vertex -27.2577 -0.156827 2.5
    endloop
  endfacet
  facet normal -0.989213 0.146487 8.49722e-20
    outer loop
      vertex -27.2577 -0.156827 5.9
      vertex -27.2807 -0.312144 2.5
      vertex -27.2807 -0.312144 5.9
    endloop
  endfacet
  facet normal -0.0491116 0.998793 0
    outer loop
      vertex -28.6932 -1.59229 2.5
      vertex -28.85 -1.6 5.9
      vertex -28.6932 -1.59229 5.9
    endloop
  endfacet
  facet normal -0.0491116 0.998793 0
    outer loop
      vertex -28.85 -1.6 5.9
      vertex -28.6932 -1.59229 2.5
      vertex -28.85 -1.6 2.5
    endloop
  endfacet
  facet normal 0.989213 -0.146487 8.49722e-20
    outer loop
      vertex -30.4423 0.156827 5.9
      vertex -30.4193 0.312144 2.5
      vertex -30.4193 0.312144 5.9
    endloop
  endfacet
  facet normal 0.989213 -0.146487 8.49722e-20
    outer loop
      vertex -30.4193 0.312144 2.5
      vertex -30.4423 0.156827 5.9
      vertex -30.4423 0.156827 2.5
    endloop
  endfacet
  facet normal 0.336926 -0.941531 3.20389e-07
    outer loop
      vertex -29.4623 1.47821 5.9
      vertex -29.3736 1.50995 2.5
      vertex -29.3145 1.5311 5.9
    endloop
  endfacet
  facet normal 0.336915 -0.941535 4.96853e-19
    outer loop
      vertex -29.3736 1.50995 2.5
      vertex -29.4623 1.47821 5.9
      vertex -29.4623 1.47821 2.5
    endloop
  endfacet
  facet normal 0.336942 -0.941525 0
    outer loop
      vertex -29.3145 1.5311 5.9
      vertex -29.3736 1.50995 2.5
      vertex -29.3145 1.5311 2.5
    endloop
  endfacet
  facet normal 0.741092 -0.671404 0
    outer loop
      vertex -29.9814 1.13137 5.9
      vertex -30.0868 1.01503 2.5
      vertex -29.9814 1.13137 2.5
    endloop
  endfacet
  facet normal 0.741092 -0.671404 0
    outer loop
      vertex -30.0868 1.01503 5.9
      vertex -30.0868 1.01503 2.5
      vertex -29.9814 1.13137 5.9
    endloop
  endfacet
  facet normal 0.671388 0.741106 -0
    outer loop
      vertex -29.865 -1.23682 2.5
      vertex -29.9814 -1.13137 5.9
      vertex -29.865 -1.23682 5.9
    endloop
  endfacet
  facet normal 0.671388 0.741106 0
    outer loop
      vertex -29.9814 -1.13137 5.9
      vertex -29.865 -1.23682 2.5
      vertex -29.9814 -1.13137 2.5
    endloop
  endfacet
  facet normal -0.242895 0.970053 0
    outer loop
      vertex -28.3855 -1.5311 2.5
      vertex -28.5379 -1.56926 5.9
      vertex -28.3855 -1.5311 5.9
    endloop
  endfacet
  facet normal -0.242895 0.970053 0
    outer loop
      vertex -28.5379 -1.56926 5.9
      vertex -28.3855 -1.5311 2.5
      vertex -28.5379 -1.56926 2.5
    endloop
  endfacet
  facet normal 0.941539 0.336905 -1.51622e-18
    outer loop
      vertex -30.3282 -0.612293 5.9
      vertex -30.3811 -0.464455 2.5
      vertex -30.3811 -0.464455 5.9
    endloop
  endfacet
  facet normal 0.941539 0.336905 -1.51622e-18
    outer loop
      vertex -30.3811 -0.464455 2.5
      vertex -30.3282 -0.612293 5.9
      vertex -30.3282 -0.612293 2.5
    endloop
  endfacet
  facet normal -0.336926 0.941531 0
    outer loop
      vertex -28.2377 -1.47821 2.5
      vertex -28.3855 -1.5311 5.9
      vertex -28.2377 -1.47821 5.9
    endloop
  endfacet
  facet normal -0.336926 0.941531 0
    outer loop
      vertex -28.3855 -1.5311 5.9
      vertex -28.2377 -1.47821 2.5
      vertex -28.3855 -1.5311 2.5
    endloop
  endfacet
  facet normal 0.941539 -0.336905 1.51622e-18
    outer loop
      vertex -30.3811 0.464455 5.9
      vertex -30.3282 0.612293 2.5
      vertex -30.3282 0.612293 5.9
    endloop
  endfacet
  facet normal 0.941539 -0.336905 1.51622e-18
    outer loop
      vertex -30.3282 0.612293 2.5
      vertex -30.3811 0.464455 5.9
      vertex -30.3811 0.464455 2.5
    endloop
  endfacet
  facet normal 0.595732 0.803184 -0
    outer loop
      vertex -29.7389 -1.33035 2.5
      vertex -29.865 -1.23682 5.9
      vertex -29.7389 -1.33035 5.9
    endloop
  endfacet
  facet normal 0.595732 0.803184 0
    outer loop
      vertex -29.865 -1.23682 5.9
      vertex -29.7389 -1.33035 2.5
      vertex -29.865 -1.23682 2.5
    endloop
  endfacet
  facet normal 0.595732 -0.803184 0
    outer loop
      vertex -29.865 1.23682 2.5
      vertex -29.7389 1.33035 5.9
      vertex -29.865 1.23682 5.9
    endloop
  endfacet
  facet normal 0.595732 -0.803184 0
    outer loop
      vertex -29.7389 1.33035 5.9
      vertex -29.865 1.23682 2.5
      vertex -29.7389 1.33035 2.5
    endloop
  endfacet
  facet normal 0.242895 0.970053 3.99883e-06
    outer loop
      vertex -29.1621 -1.56926 5.9
      vertex -29.2535 -1.54636 2.5
      vertex -29.3145 -1.5311 5.9
    endloop
  endfacet
  facet normal 0.243035 0.970018 -1.24577e-19
    outer loop
      vertex -29.2535 -1.54636 2.5
      vertex -29.1621 -1.56926 5.9
      vertex -29.1621 -1.56926 2.5
    endloop
  endfacet
  facet normal 0.242685 0.970105 0
    outer loop
      vertex -29.3145 -1.5311 5.9
      vertex -29.2535 -1.54636 2.5
      vertex -29.3145 -1.5311 2.5
    endloop
  endfacet
  facet normal 0.741092 0.671404 1.03755e-18
    outer loop
      vertex -29.9814 -1.13137 5.9
      vertex -30.0868 -1.01503 2.5
      vertex -30.0868 -1.01503 5.9
    endloop
  endfacet
  facet normal 0.741092 0.671404 1.03755e-18
    outer loop
      vertex -30.0868 -1.01503 2.5
      vertex -29.9814 -1.13137 5.9
      vertex -29.9814 -1.13137 2.5
    endloop
  endfacet
  facet normal -0.904071 -0.427383 2.7894e-19
    outer loop
      vertex -27.3718 0.612293 2.5
      vertex -27.4389 0.754234 5.9
      vertex -27.4389 0.754234 2.5
    endloop
  endfacet
  facet normal -0.904071 -0.427383 2.7894e-19
    outer loop
      vertex -27.4389 0.754234 5.9
      vertex -27.3718 0.612293 2.5
      vertex -27.3718 0.612293 5.9
    endloop
  endfacet
  facet normal 0.969959 0.243268 1.30062e-19
    outer loop
      vertex -30.3811 -0.464455 5.9
      vertex -30.4193 -0.312144 2.5
      vertex -30.4193 -0.312144 5.9
    endloop
  endfacet
  facet normal 0.969959 0.243268 1.30062e-19
    outer loop
      vertex -30.4193 -0.312144 2.5
      vertex -30.3811 -0.464455 5.9
      vertex -30.3811 -0.464455 2.5
    endloop
  endfacet
  facet normal 0.336942 0.941525 -3.46442e-19
    outer loop
      vertex -29.3736 -1.50995 2.5
      vertex -29.3145 -1.5311 5.9
      vertex -29.3145 -1.5311 2.5
    endloop
  endfacet
  facet normal 0.336926 0.941531 3.20389e-07
    outer loop
      vertex -29.3145 -1.5311 5.9
      vertex -29.3736 -1.50995 2.5
      vertex -29.4623 -1.47821 5.9
    endloop
  endfacet
  facet normal 0.336915 0.941535 0
    outer loop
      vertex -29.4623 -1.47821 5.9
      vertex -29.3736 -1.50995 2.5
      vertex -29.4623 -1.47821 2.5
    endloop
  endfacet
  facet normal 0.858354 -0.513059 0
    outer loop
      vertex -30.1804 0.888912 5.9
      vertex -30.2126 0.835041 2.5
      vertex -30.1804 0.888912 2.5
    endloop
  endfacet
  facet normal 0.857793 -0.513995 2.01531e-05
    outer loop
      vertex -30.2611 0.754234 5.9
      vertex -30.2126 0.835041 2.5
      vertex -30.1804 0.888912 5.9
    endloop
  endfacet
  facet normal 0.857416 -0.514624 -1.5136e-07
    outer loop
      vertex -30.2126 0.835041 2.5
      vertex -30.2611 0.754234 5.9
      vertex -30.2611 0.754235 2.5
    endloop
  endfacet
  facet normal 1 0 0
    outer loop
      vertex -30.2611 0.754235 2.5
      vertex -30.2611 0.754234 5.9
      vertex -30.2611 0.754234 2.5
    endloop
  endfacet
  facet normal -0.857793 0.513995 2.86909e-19
    outer loop
      vertex -27.5196 -0.888912 2.5
      vertex -27.4389 -0.754234 5.9
      vertex -27.4389 -0.754234 2.5
    endloop
  endfacet
  facet normal -0.857793 0.513995 2.86909e-19
    outer loop
      vertex -27.4389 -0.754234 5.9
      vertex -27.5196 -0.888912 2.5
      vertex -27.5196 -0.888912 5.9
    endloop
  endfacet
  facet normal 0.802553 0.596581 0
    outer loop
      vertex -30.1804 -0.888912 5.9
      vertex -30.1429 -0.939359 2.5
      vertex -30.1804 -0.888912 2.5
    endloop
  endfacet
  facet normal 0.803011 0.595964 1.42058e-05
    outer loop
      vertex -30.0868 -1.01503 5.9
      vertex -30.1429 -0.939359 2.5
      vertex -30.1804 -0.888912 5.9
    endloop
  endfacet
  facet normal 0.803316 0.595552 5.8048e-20
    outer loop
      vertex -30.1429 -0.939359 2.5
      vertex -30.0868 -1.01503 5.9
      vertex -30.0868 -1.01503 2.5
    endloop
  endfacet
  facet normal -0.998797 -0.0490396 -1.42641e-19
    outer loop
      vertex -27.25 0 2.5
      vertex -27.2577 0.156827 5.9
      vertex -27.2577 0.156827 2.5
    endloop
  endfacet
  facet normal -0.998797 -0.0490396 -1.42641e-19
    outer loop
      vertex -27.2577 0.156827 5.9
      vertex -27.25 0 2.5
      vertex -27.25 0 5.9
    endloop
  endfacet
  facet normal -0.336926 -0.941531 0
    outer loop
      vertex -28.3855 1.5311 2.5
      vertex -28.2377 1.47821 5.9
      vertex -28.3855 1.5311 5.9
    endloop
  endfacet
  facet normal -0.336926 -0.941531 -0
    outer loop
      vertex -28.2377 1.47821 5.9
      vertex -28.3855 1.5311 2.5
      vertex -28.2377 1.47821 2.5
    endloop
  endfacet
  facet normal -0.595732 -0.803184 0
    outer loop
      vertex -27.9611 1.33035 2.5
      vertex -27.835 1.23682 5.9
      vertex -27.9611 1.33035 5.9
    endloop
  endfacet
  facet normal -0.595732 -0.803184 -0
    outer loop
      vertex -27.835 1.23682 5.9
      vertex -27.9611 1.33035 2.5
      vertex -27.835 1.23682 2.5
    endloop
  endfacet
  facet normal -0.146689 -0.989183 0
    outer loop
      vertex -28.6932 1.59229 2.5
      vertex -28.5379 1.56926 5.9
      vertex -28.6932 1.59229 5.9
    endloop
  endfacet
  facet normal -0.146689 -0.989183 -0
    outer loop
      vertex -28.5379 1.56926 5.9
      vertex -28.6932 1.59229 2.5
      vertex -28.5379 1.56926 2.5
    endloop
  endfacet
  facet normal 0.513911 0.857844 -3.55316e-19
    outer loop
      vertex -29.6581 -1.37878 2.5
      vertex -29.6042 -1.41107 5.9
      vertex -29.6042 -1.41107 2.5
    endloop
  endfacet
  facet normal 0.514027 0.857774 -2.51912e-06
    outer loop
      vertex -29.6042 -1.41107 5.9
      vertex -29.6581 -1.37878 2.5
      vertex -29.7389 -1.33035 5.9
    endloop
  endfacet
  facet normal 0.514105 0.857727 0
    outer loop
      vertex -29.7389 -1.33035 5.9
      vertex -29.6581 -1.37878 2.5
      vertex -29.7389 -1.33035 2.5
    endloop
  endfacet
  facet normal 0.428114 -0.903725 2.99169e-19
    outer loop
      vertex -29.5475 1.43793 2.5
      vertex -29.6042 1.41107 5.9
      vertex -29.6042 1.41107 2.5
    endloop
  endfacet
  facet normal 0.427692 -0.903925 -8.61095e-06
    outer loop
      vertex -29.6042 1.41107 5.9
      vertex -29.5475 1.43793 2.5
      vertex -29.4623 1.47821 5.9
    endloop
  endfacet
  facet normal 0.427411 -0.904057 0
    outer loop
      vertex -29.4623 1.47821 5.9
      vertex -29.5475 1.43793 2.5
      vertex -29.4623 1.47821 2.5
    endloop
  endfacet
  facet normal 0.904319 0.426858 0
    outer loop
      vertex -30.3282 -0.612293 5.9
      vertex -30.3014 -0.66907 2.5
      vertex -30.3282 -0.612293 2.5
    endloop
  endfacet
  facet normal 0.904071 0.427383 -1.07115e-05
    outer loop
      vertex -30.2611 -0.754234 5.9
      vertex -30.3014 -0.66907 2.5
      vertex -30.3282 -0.612293 5.9
    endloop
  endfacet
  facet normal 0.903905 0.427732 -1.2017e-20
    outer loop
      vertex -30.3014 -0.66907 2.5
      vertex -30.2611 -0.754234 5.9
      vertex -30.2611 -0.754234 2.5
    endloop
  endfacet
  facet normal -0.803011 -0.595964 6.79376e-19
    outer loop
      vertex -27.5196 0.888912 2.5
      vertex -27.6132 1.01503 5.9
      vertex -27.6132 1.01503 2.5
    endloop
  endfacet
  facet normal -0.803011 -0.595964 6.79376e-19
    outer loop
      vertex -27.6132 1.01503 5.9
      vertex -27.5196 0.888912 2.5
      vertex -27.5196 0.888912 5.9
    endloop
  endfacet
  facet normal 0.803316 -0.595552 0
    outer loop
      vertex -30.0868 1.01503 5.9
      vertex -30.1429 0.939359 2.5
      vertex -30.0868 1.01503 2.5
    endloop
  endfacet
  facet normal 0.803011 -0.595964 1.42058e-05
    outer loop
      vertex -30.1804 0.888912 5.9
      vertex -30.1429 0.939359 2.5
      vertex -30.0868 1.01503 5.9
    endloop
  endfacet
  facet normal 0.802553 -0.596581 -1.15857e-19
    outer loop
      vertex -30.1429 0.939359 2.5
      vertex -30.1804 0.888912 5.9
      vertex -30.1804 0.888912 2.5
    endloop
  endfacet
  facet normal -0.741092 0.671404 -1.03755e-18
    outer loop
      vertex -27.7186 -1.13137 2.5
      vertex -27.6132 -1.01503 5.9
      vertex -27.6132 -1.01503 2.5
    endloop
  endfacet
  facet normal -0.741092 0.671404 -1.03755e-18
    outer loop
      vertex -27.6132 -1.01503 5.9
      vertex -27.7186 -1.13137 2.5
      vertex -27.7186 -1.13137 5.9
    endloop
  endfacet
  facet normal -0.0491116 -0.998793 0
    outer loop
      vertex -28.85 1.6 2.5
      vertex -28.6932 1.59229 5.9
      vertex -28.85 1.6 5.9
    endloop
  endfacet
  facet normal -0.0491116 -0.998793 -0
    outer loop
      vertex -28.6932 1.59229 5.9
      vertex -28.85 1.6 2.5
      vertex -28.6932 1.59229 2.5
    endloop
  endfacet
  facet normal -0.595732 0.803184 0
    outer loop
      vertex -27.835 -1.23682 2.5
      vertex -27.9611 -1.33035 5.9
      vertex -27.835 -1.23682 5.9
    endloop
  endfacet
  facet normal -0.595732 0.803184 0
    outer loop
      vertex -27.9611 -1.33035 5.9
      vertex -27.835 -1.23682 2.5
      vertex -27.9611 -1.33035 2.5
    endloop
  endfacet
  facet normal -0.427692 0.903925 0
    outer loop
      vertex -28.0958 -1.41107 2.5
      vertex -28.2377 -1.47821 5.9
      vertex -28.0958 -1.41107 5.9
    endloop
  endfacet
  facet normal -0.427692 0.903925 0
    outer loop
      vertex -28.2377 -1.47821 5.9
      vertex -28.0958 -1.41107 2.5
      vertex -28.2377 -1.47821 2.5
    endloop
  endfacet
  facet normal 0.998797 -0.0490396 1.42641e-19
    outer loop
      vertex -30.45 0 5.9
      vertex -30.4423 0.156827 2.5
      vertex -30.4423 0.156827 5.9
    endloop
  endfacet
  facet normal 0.998797 -0.0490396 1.42641e-19
    outer loop
      vertex -30.4423 0.156827 2.5
      vertex -30.45 0 5.9
      vertex -30.45 0 2.5
    endloop
  endfacet
  facet normal 0.998797 0.0490396 -1.42641e-19
    outer loop
      vertex -30.4423 -0.156827 5.9
      vertex -30.45 0 2.5
      vertex -30.45 0 5.9
    endloop
  endfacet
  facet normal 0.998797 0.0490396 -1.42641e-19
    outer loop
      vertex -30.45 0 2.5
      vertex -30.4423 -0.156827 5.9
      vertex -30.4423 -0.156827 2.5
    endloop
  endfacet
  facet normal -0.904071 0.427383 -2.7894e-19
    outer loop
      vertex -27.4389 -0.754234 2.5
      vertex -27.3718 -0.612293 5.9
      vertex -27.3718 -0.612293 2.5
    endloop
  endfacet
  facet normal -0.904071 0.427383 -2.7894e-19
    outer loop
      vertex -27.3718 -0.612293 5.9
      vertex -27.4389 -0.754234 2.5
      vertex -27.4389 -0.754234 5.9
    endloop
  endfacet
  facet normal 0.989213 0.146487 -8.49722e-20
    outer loop
      vertex -30.4193 -0.312144 5.9
      vertex -30.4423 -0.156827 2.5
      vertex -30.4423 -0.156827 5.9
    endloop
  endfacet
  facet normal 0.989213 0.146487 -8.49722e-20
    outer loop
      vertex -30.4423 -0.156827 2.5
      vertex -30.4193 -0.312144 5.9
      vertex -30.4193 -0.312144 2.5
    endloop
  endfacet
  facet normal -0.146689 0.989183 0
    outer loop
      vertex -28.5379 -1.56926 2.5
      vertex -28.6932 -1.59229 5.9
      vertex -28.5379 -1.56926 5.9
    endloop
  endfacet
  facet normal -0.146689 0.989183 0
    outer loop
      vertex -28.6932 -1.59229 5.9
      vertex -28.5379 -1.56926 2.5
      vertex -28.6932 -1.59229 2.5
    endloop
  endfacet
  facet normal -0.941539 -0.336905 -1.51622e-18
    outer loop
      vertex -27.3189 0.464455 2.5
      vertex -27.3718 0.612293 5.9
      vertex -27.3718 0.612293 2.5
    endloop
  endfacet
  facet normal -0.941539 -0.336905 -1.51622e-18
    outer loop
      vertex -27.3718 0.612293 5.9
      vertex -27.3189 0.464455 2.5
      vertex -27.3189 0.464455 5.9
    endloop
  endfacet
  facet normal -0.969959 -0.243268 1.30062e-19
    outer loop
      vertex -27.2807 0.312144 2.5
      vertex -27.3189 0.464455 5.9
      vertex -27.3189 0.464455 2.5
    endloop
  endfacet
  facet normal -0.969959 -0.243268 1.30062e-19
    outer loop
      vertex -27.3189 0.464455 5.9
      vertex -27.2807 0.312144 2.5
      vertex -27.2807 0.312144 5.9
    endloop
  endfacet
  facet normal 0.427692 0.903925 -8.61095e-06
    outer loop
      vertex -29.4623 -1.47821 5.9
      vertex -29.5475 -1.43793 2.5
      vertex -29.6042 -1.41107 5.9
    endloop
  endfacet
  facet normal 0.427411 0.904057 -1.93201e-19
    outer loop
      vertex -29.5475 -1.43793 2.5
      vertex -29.4623 -1.47821 5.9
      vertex -29.4623 -1.47821 2.5
    endloop
  endfacet
  facet normal 0.428114 0.903725 0
    outer loop
      vertex -29.6042 -1.41107 5.9
      vertex -29.5475 -1.43793 2.5
      vertex -29.6042 -1.41107 2.5
    endloop
  endfacet
  facet normal -0.671388 0.741106 0
    outer loop
      vertex -27.7186 -1.13137 2.5
      vertex -27.835 -1.23682 5.9
      vertex -27.7186 -1.13137 5.9
    endloop
  endfacet
  facet normal -0.671388 0.741106 0
    outer loop
      vertex -27.835 -1.23682 5.9
      vertex -27.7186 -1.13137 2.5
      vertex -27.835 -1.23682 2.5
    endloop
  endfacet
  facet normal -0.803011 0.595964 -6.79376e-19
    outer loop
      vertex -27.6132 -1.01503 2.5
      vertex -27.5196 -0.888912 5.9
      vertex -27.5196 -0.888912 2.5
    endloop
  endfacet
  facet normal -0.803011 0.595964 -6.79376e-19
    outer loop
      vertex -27.5196 -0.888912 5.9
      vertex -27.6132 -1.01503 2.5
      vertex -27.6132 -1.01503 5.9
    endloop
  endfacet
  facet normal -0.427692 -0.903925 0
    outer loop
      vertex -28.2377 1.47821 2.5
      vertex -28.0958 1.41107 5.9
      vertex -28.2377 1.47821 5.9
    endloop
  endfacet
  facet normal -0.427692 -0.903925 -0
    outer loop
      vertex -28.0958 1.41107 5.9
      vertex -28.2377 1.47821 2.5
      vertex -28.0958 1.41107 2.5
    endloop
  endfacet
  facet normal -0.514027 -0.857774 0
    outer loop
      vertex -28.0958 1.41107 2.5
      vertex -27.9611 1.33035 5.9
      vertex -28.0958 1.41107 5.9
    endloop
  endfacet
  facet normal -0.514027 -0.857774 -0
    outer loop
      vertex -27.9611 1.33035 5.9
      vertex -28.0958 1.41107 2.5
      vertex -27.9611 1.33035 2.5
    endloop
  endfacet
  facet normal -0.998797 0.0490396 1.42641e-19
    outer loop
      vertex -27.2577 -0.156827 2.5
      vertex -27.25 0 5.9
      vertex -27.25 0 2.5
    endloop
  endfacet
  facet normal -0.998797 0.0490396 1.42641e-19
    outer loop
      vertex -27.25 0 5.9
      vertex -27.2577 -0.156827 2.5
      vertex -27.2577 -0.156827 5.9
    endloop
  endfacet
  facet normal 0.0490376 0.998797 2.00379e-20
    outer loop
      vertex -28.9441 -1.59538 2.5
      vertex -28.85 -1.6 5.9
      vertex -28.85 -1.6 2.5
    endloop
  endfacet
  facet normal 0.0491116 0.998793 -2.05147e-06
    outer loop
      vertex -28.85 -1.6 5.9
      vertex -28.9441 -1.59538 2.5
      vertex -29.0068 -1.59229 5.9
    endloop
  endfacet
  facet normal 0.0492226 0.998788 0
    outer loop
      vertex -29.0068 -1.59229 5.9
      vertex -28.9441 -1.59538 2.5
      vertex -29.0068 -1.59229 2.5
    endloop
  endfacet
  facet normal -0.941539 0.336905 1.51622e-18
    outer loop
      vertex -27.3718 -0.612293 2.5
      vertex -27.3189 -0.464455 5.9
      vertex -27.3189 -0.464455 2.5
    endloop
  endfacet
  facet normal -0.941539 0.336905 1.51622e-18
    outer loop
      vertex -27.3189 -0.464455 5.9
      vertex -27.3718 -0.612293 2.5
      vertex -27.3718 -0.612293 5.9
    endloop
  endfacet
  facet normal -0.741092 -0.671404 1.03755e-18
    outer loop
      vertex -27.6132 1.01503 2.5
      vertex -27.7186 1.13137 5.9
      vertex -27.7186 1.13137 2.5
    endloop
  endfacet
  facet normal -0.741092 -0.671404 1.03755e-18
    outer loop
      vertex -27.7186 1.13137 5.9
      vertex -27.6132 1.01503 2.5
      vertex -27.6132 1.01503 5.9
    endloop
  endfacet
  facet normal -0.857852 -0.513896 4.83548e-19
    outer loop
      vertex -25.9838 36.282 0
      vertex -26.1477 36.5556 5.9
      vertex -26.1477 36.5556 0
    endloop
  endfacet
  facet normal -0.857852 -0.513896 4.83548e-19
    outer loop
      vertex -26.1477 36.5556 5.9
      vertex -25.9838 36.282 0
      vertex -25.9838 36.282 5.9
    endloop
  endfacet
  facet normal 0.98917 0.146776 2.70542e-19
    outer loop
      vertex -32.0376 25.616 5.9
      vertex -32.0844 25.9314 0
      vertex -32.0844 25.9314 5.9
    endloop
  endfacet
  facet normal 0.98917 0.146776 2.70542e-19
    outer loop
      vertex -32.0844 25.9314 0
      vertex -32.0376 25.616 5.9
      vertex -32.0376 25.616 0
    endloop
  endfacet
  facet normal -0.0489056 -0.998803 0
    outer loop
      vertex -28.85 38 0
      vertex -28.5314 37.9844 5.9
      vertex -28.85 38 5.9
    endloop
  endfacet
  facet normal -0.0489056 -0.998803 -0
    outer loop
      vertex -28.5314 37.9844 5.9
      vertex -28.85 38 0
      vertex -28.5314 37.9844 0
    endloop
  endfacet
  facet normal 0.146776 0.98917 -0
    outer loop
      vertex -29.1686 23.0156 0
      vertex -29.484 23.0624 5.9
      vertex -29.1686 23.0156 5.9
    endloop
  endfacet
  facet normal 0.146776 0.98917 0
    outer loop
      vertex -29.484 23.0624 5.9
      vertex -29.1686 23.0156 0
      vertex -29.484 23.0624 0
    endloop
  endfacet
  facet normal -0.998788 0.0492184 7.20375e-20
    outer loop
      vertex -25.6157 25.9314 0
      vertex -25.6 26.25 5.9
      vertex -25.6 26.25 0
    endloop
  endfacet
  facet normal -0.998788 0.0492184 7.20375e-20
    outer loop
      vertex -25.6 26.25 5.9
      vertex -25.6157 25.9314 0
      vertex -25.6157 25.9314 5.9
    endloop
  endfacet
  facet normal 0.998803 0.0489056 1.75425e-19
    outer loop
      vertex -32.0844 25.9314 5.9
      vertex -32.1 26.25 0
      vertex -32.1 26.25 5.9
    endloop
  endfacet
  facet normal 0.998803 0.0489056 1.75425e-19
    outer loop
      vertex -32.1 26.25 0
      vertex -32.0844 25.9314 5.9
      vertex -32.0844 25.9314 0
    endloop
  endfacet
  facet normal -0.595677 0.803224 0
    outer loop
      vertex -26.7882 23.7377 0
      vertex -27.0444 23.5477 5.9
      vertex -26.7882 23.7377 5.9
    endloop
  endfacet
  facet normal -0.595677 0.803224 0
    outer loop
      vertex -27.0444 23.5477 5.9
      vertex -26.7882 23.7377 0
      vertex -27.0444 23.5477 0
    endloop
  endfacet
  facet normal 0.803224 0.595677 2.64062e-19
    outer loop
      vertex -31.3623 24.1882 5.9
      vertex -31.5523 24.4444 0
      vertex -31.5523 24.4444 5.9
    endloop
  endfacet
  facet normal 0.803224 0.595677 2.64062e-19
    outer loop
      vertex -31.5523 24.4444 0
      vertex -31.3623 24.1882 5.9
      vertex -31.3623 24.1882 0
    endloop
  endfacet
  facet normal 0.98917 -0.146776 -1.28904e-19
    outer loop
      vertex -32.0844 35.0686 5.9
      vertex -32.0376 35.384 0
      vertex -32.0376 35.384 5.9
    endloop
  endfacet
  facet normal 0.98917 -0.146776 -1.28904e-19
    outer loop
      vertex -32.0376 35.384 0
      vertex -32.0844 35.0686 5.9
      vertex -32.0844 35.0686 0
    endloop
  endfacet
  facet normal 0.0489056 0.998803 -0
    outer loop
      vertex -28.85 23 0
      vertex -29.1686 23.0156 5.9
      vertex -28.85 23 5.9
    endloop
  endfacet
  facet normal 0.0489056 0.998803 0
    outer loop
      vertex -29.1686 23.0156 5.9
      vertex -28.85 23 0
      vertex -29.1686 23.0156 0
    endloop
  endfacet
  facet normal 0.941493 -0.337031 7.43817e-19
    outer loop
      vertex -31.9601 35.6934 5.9
      vertex -31.8526 35.9937 0
      vertex -31.8526 35.9937 5.9
    endloop
  endfacet
  facet normal 0.941493 -0.337031 7.43817e-19
    outer loop
      vertex -31.8526 35.9937 0
      vertex -31.9601 35.6934 5.9
      vertex -31.9601 35.6934 0
    endloop
  endfacet
  facet normal -0.337031 -0.941493 0
    outer loop
      vertex -27.9066 37.8601 0
      vertex -27.6063 37.7526 5.9
      vertex -27.9066 37.8601 5.9
    endloop
  endfacet
  facet normal -0.337031 -0.941493 -0
    outer loop
      vertex -27.6063 37.7526 5.9
      vertex -27.9066 37.8601 0
      vertex -27.6063 37.7526 0
    endloop
  endfacet
  facet normal -0.903936 -0.427668 -2.99304e-19
    outer loop
      vertex -25.8474 35.9937 0
      vertex -25.9838 36.282 5.9
      vertex -25.9838 36.282 0
    endloop
  endfacet
  facet normal -0.903936 -0.427668 -2.99304e-19
    outer loop
      vertex -25.9838 36.282 5.9
      vertex -25.8474 35.9937 0
      vertex -25.8474 35.9937 5.9
    endloop
  endfacet
  facet normal -0.998788 -0.0492184 -2.13616e-19
    outer loop
      vertex -25.6 34.75 0
      vertex -25.6157 35.0686 5.9
      vertex -25.6157 35.0686 0
    endloop
  endfacet
  facet normal -0.998788 -0.0492184 -2.13616e-19
    outer loop
      vertex -25.6157 35.0686 5.9
      vertex -25.6 34.75 0
      vertex -25.6 34.75 5.9
    endloop
  endfacet
  facet normal 0.857852 -0.513896 -4.83548e-19
    outer loop
      vertex -31.7162 36.282 5.9
      vertex -31.5523 36.5556 0
      vertex -31.5523 36.5556 5.9
    endloop
  endfacet
  facet normal 0.857852 -0.513896 -4.83548e-19
    outer loop
      vertex -31.5523 36.5556 0
      vertex -31.7162 36.282 5.9
      vertex -31.7162 36.282 0
    endloop
  endfacet
  facet normal -0.903936 0.427668 2.99304e-19
    outer loop
      vertex -25.9838 24.718 0
      vertex -25.8474 25.0063 5.9
      vertex -25.8474 25.0063 0
    endloop
  endfacet
  facet normal -0.903936 0.427668 2.99304e-19
    outer loop
      vertex -25.8474 25.0063 5.9
      vertex -25.9838 24.718 0
      vertex -25.9838 24.718 5.9
    endloop
  endfacet
  facet normal -0.970032 0.242978 -7.62349e-19
    outer loop
      vertex -25.7399 25.3066 0
      vertex -25.6624 25.616 5.9
      vertex -25.6624 25.616 0
    endloop
  endfacet
  facet normal -0.970032 0.242978 -7.62349e-19
    outer loop
      vertex -25.6624 25.616 5.9
      vertex -25.7399 25.3066 0
      vertex -25.7399 25.3066 5.9
    endloop
  endfacet
  facet normal 0.0489056 -0.998803 0
    outer loop
      vertex -29.1686 37.9844 0
      vertex -28.85 38 5.9
      vertex -29.1686 37.9844 5.9
    endloop
  endfacet
  facet normal 0.0489056 -0.998803 0
    outer loop
      vertex -28.85 38 5.9
      vertex -29.1686 37.9844 0
      vertex -28.85 38 0
    endloop
  endfacet
  facet normal 0.998803 -0.0489056 -2.22619e-19
    outer loop
      vertex -32.1 34.75 5.9
      vertex -32.0844 35.0686 0
      vertex -32.0844 35.0686 5.9
    endloop
  endfacet
  facet normal 0.998803 -0.0489056 -2.22619e-19
    outer loop
      vertex -32.0844 35.0686 0
      vertex -32.1 34.75 5.9
      vertex -32.1 34.75 0
    endloop
  endfacet
  facet normal 1 -0 0
    outer loop
      vertex -32.1 26.25 5.9
      vertex -32.1 34.75 0
      vertex -32.1 34.75 5.9
    endloop
  endfacet
  facet normal 1 0 0
    outer loop
      vertex -32.1 34.75 0
      vertex -32.1 26.25 5.9
      vertex -32.1 26.25 0
    endloop
  endfacet
  facet normal -0.989215 -0.146469 4.58665e-19
    outer loop
      vertex -25.6157 35.0686 0
      vertex -25.6624 35.384 5.9
      vertex -25.6624 35.384 0
    endloop
  endfacet
  facet normal -0.989215 -0.146469 4.58665e-19
    outer loop
      vertex -25.6624 35.384 5.9
      vertex -25.6157 35.0686 0
      vertex -25.6157 35.0686 5.9
    endloop
  endfacet
  facet normal -1 0 0
    outer loop
      vertex -25.6 26.25 0
      vertex -25.6 34.75 5.9
      vertex -25.6 34.75 0
    endloop
  endfacet
  facet normal -1 -0 0
    outer loop
      vertex -25.6 34.75 5.9
      vertex -25.6 26.25 0
      vertex -25.6 26.25 5.9
    endloop
  endfacet
  facet normal -0.803224 -0.595677 6.53429e-19
    outer loop
      vertex -26.1477 36.5556 0
      vertex -26.3377 36.8118 5.9
      vertex -26.3377 36.8118 0
    endloop
  endfacet
  facet normal -0.803224 -0.595677 6.53429e-19
    outer loop
      vertex -26.3377 36.8118 5.9
      vertex -26.1477 36.5556 0
      vertex -26.1477 36.5556 5.9
    endloop
  endfacet
  facet normal 0.740904 -0.671611 3.87261e-19
    outer loop
      vertex -31.3623 36.8118 5.9
      vertex -31.1481 37.0481 0
      vertex -31.1481 37.0481 5.9
    endloop
  endfacet
  facet normal 0.740904 -0.671611 3.87261e-19
    outer loop
      vertex -31.1481 37.0481 0
      vertex -31.3623 36.8118 5.9
      vertex -31.3623 36.8118 0
    endloop
  endfacet
  facet normal -0.803224 0.595677 3.78984e-19
    outer loop
      vertex -26.3377 24.1882 0
      vertex -26.1477 24.4444 5.9
      vertex -26.1477 24.4444 0
    endloop
  endfacet
  facet normal -0.803224 0.595677 3.78984e-19
    outer loop
      vertex -26.1477 24.4444 5.9
      vertex -26.3377 24.1882 0
      vertex -26.3377 24.1882 5.9
    endloop
  endfacet
  facet normal 0.337031 -0.941493 0
    outer loop
      vertex -30.0937 37.7526 0
      vertex -29.7934 37.8601 5.9
      vertex -30.0937 37.7526 5.9
    endloop
  endfacet
  facet normal 0.337031 -0.941493 0
    outer loop
      vertex -29.7934 37.8601 5.9
      vertex -30.0937 37.7526 0
      vertex -29.7934 37.8601 0
    endloop
  endfacet
  facet normal -0.941493 -0.337031 -7.43817e-19
    outer loop
      vertex -25.7399 35.6934 0
      vertex -25.8474 35.9937 5.9
      vertex -25.8474 35.9937 0
    endloop
  endfacet
  facet normal -0.941493 -0.337031 -7.43817e-19
    outer loop
      vertex -25.8474 35.9937 5.9
      vertex -25.7399 35.6934 0
      vertex -25.7399 35.6934 5.9
    endloop
  endfacet
  facet normal -0.740904 -0.671611 -4.40362e-19
    outer loop
      vertex -26.3377 36.8118 0
      vertex -26.5519 37.0481 5.9
      vertex -26.5519 37.0481 0
    endloop
  endfacet
  facet normal -0.740904 -0.671611 -4.40362e-19
    outer loop
      vertex -26.5519 37.0481 5.9
      vertex -26.3377 36.8118 0
      vertex -26.3377 36.8118 5.9
    endloop
  endfacet
  facet normal 0.970032 -0.242978 4.17575e-19
    outer loop
      vertex -32.0376 35.384 5.9
      vertex -31.9601 35.6934 0
      vertex -31.9601 35.6934 5.9
    endloop
  endfacet
  facet normal 0.970032 -0.242978 4.17575e-19
    outer loop
      vertex -31.9601 35.6934 0
      vertex -32.0376 35.384 5.9
      vertex -32.0376 35.384 0
    endloop
  endfacet
  facet normal 0.903936 -0.427668 2.99304e-19
    outer loop
      vertex -31.8526 35.9937 5.9
      vertex -31.7162 36.282 0
      vertex -31.7162 36.282 5.9
    endloop
  endfacet
  facet normal 0.903936 -0.427668 2.99304e-19
    outer loop
      vertex -31.7162 36.282 0
      vertex -31.8526 35.9937 5.9
      vertex -31.8526 35.9937 0
    endloop
  endfacet
  facet normal -0.513896 -0.857852 0
    outer loop
      vertex -27.318 37.6162 0
      vertex -27.0444 37.4523 5.9
      vertex -27.318 37.6162 5.9
    endloop
  endfacet
  facet normal -0.513896 -0.857852 -0
    outer loop
      vertex -27.0444 37.4523 5.9
      vertex -27.318 37.6162 0
      vertex -27.0444 37.4523 0
    endloop
  endfacet
  facet normal -0.671611 -0.740904 0
    outer loop
      vertex -26.7882 37.2623 0
      vertex -26.5519 37.0481 5.9
      vertex -26.7882 37.2623 5.9
    endloop
  endfacet
  facet normal -0.671611 -0.740904 -0
    outer loop
      vertex -26.5519 37.0481 5.9
      vertex -26.7882 37.2623 0
      vertex -26.5519 37.0481 0
    endloop
  endfacet
  facet normal -0.970032 -0.242978 -4.17575e-19
    outer loop
      vertex -25.6624 35.384 0
      vertex -25.7399 35.6934 5.9
      vertex -25.7399 35.6934 0
    endloop
  endfacet
  facet normal -0.970032 -0.242978 -4.17575e-19
    outer loop
      vertex -25.7399 35.6934 5.9
      vertex -25.6624 35.384 0
      vertex -25.6624 35.384 5.9
    endloop
  endfacet
  facet normal -0.427668 -0.903936 0
    outer loop
      vertex -27.6063 37.7526 0
      vertex -27.318 37.6162 5.9
      vertex -27.6063 37.7526 5.9
    endloop
  endfacet
  facet normal -0.427668 -0.903936 -0
    outer loop
      vertex -27.318 37.6162 5.9
      vertex -27.6063 37.7526 0
      vertex -27.318 37.6162 0
    endloop
  endfacet
  facet normal -0.146776 -0.98917 0
    outer loop
      vertex -28.5314 37.9844 0
      vertex -28.216 37.9376 5.9
      vertex -28.5314 37.9844 5.9
    endloop
  endfacet
  facet normal -0.146776 -0.98917 -0
    outer loop
      vertex -28.216 37.9376 5.9
      vertex -28.5314 37.9844 0
      vertex -28.216 37.9376 0
    endloop
  endfacet
  facet normal 0.146776 -0.98917 0
    outer loop
      vertex -29.484 37.9376 0
      vertex -29.1686 37.9844 5.9
      vertex -29.484 37.9376 5.9
    endloop
  endfacet
  facet normal 0.146776 -0.98917 0
    outer loop
      vertex -29.1686 37.9844 5.9
      vertex -29.484 37.9376 0
      vertex -29.1686 37.9844 0
    endloop
  endfacet
  facet normal -0.989215 0.146469 1.32994e-19
    outer loop
      vertex -25.6624 25.616 0
      vertex -25.6157 25.9314 5.9
      vertex -25.6157 25.9314 0
    endloop
  endfacet
  facet normal -0.989215 0.146469 1.32994e-19
    outer loop
      vertex -25.6157 25.9314 5.9
      vertex -25.6624 25.616 0
      vertex -25.6624 25.616 5.9
    endloop
  endfacet
  facet normal -0.242978 -0.970032 0
    outer loop
      vertex -28.216 37.9376 0
      vertex -27.9066 37.8601 5.9
      vertex -28.216 37.9376 5.9
    endloop
  endfacet
  facet normal -0.242978 -0.970032 -0
    outer loop
      vertex -27.9066 37.8601 5.9
      vertex -28.216 37.9376 0
      vertex -27.9066 37.8601 0
    endloop
  endfacet
  facet normal -0.857852 0.513896 -1.76746e-19
    outer loop
      vertex -26.1477 24.4444 0
      vertex -25.9838 24.718 5.9
      vertex -25.9838 24.718 0
    endloop
  endfacet
  facet normal -0.857852 0.513896 -1.76746e-19
    outer loop
      vertex -25.9838 24.718 5.9
      vertex -26.1477 24.4444 0
      vertex -26.1477 24.4444 5.9
    endloop
  endfacet
  facet normal -0.941493 0.337031 7.43817e-19
    outer loop
      vertex -25.8474 25.0063 0
      vertex -25.7399 25.3066 5.9
      vertex -25.7399 25.3066 0
    endloop
  endfacet
  facet normal -0.941493 0.337031 7.43817e-19
    outer loop
      vertex -25.7399 25.3066 5.9
      vertex -25.8474 25.0063 0
      vertex -25.8474 25.0063 5.9
    endloop
  endfacet
  facet normal 0.671611 -0.740904 0
    outer loop
      vertex -31.1481 37.0481 0
      vertex -30.9118 37.2623 5.9
      vertex -31.1481 37.0481 5.9
    endloop
  endfacet
  facet normal 0.671611 -0.740904 0
    outer loop
      vertex -30.9118 37.2623 5.9
      vertex -31.1481 37.0481 0
      vertex -30.9118 37.2623 0
    endloop
  endfacet
  facet normal 0.803224 -0.595677 -1.29648e-18
    outer loop
      vertex -31.5523 36.5556 5.9
      vertex -31.3623 36.8118 0
      vertex -31.3623 36.8118 5.9
    endloop
  endfacet
  facet normal 0.803224 -0.595677 -1.29648e-18
    outer loop
      vertex -31.3623 36.8118 0
      vertex -31.5523 36.5556 5.9
      vertex -31.5523 36.5556 0
    endloop
  endfacet
  facet normal 0.242978 -0.970032 0
    outer loop
      vertex -29.7934 37.8601 0
      vertex -29.484 37.9376 5.9
      vertex -29.7934 37.8601 5.9
    endloop
  endfacet
  facet normal 0.242978 -0.970032 0
    outer loop
      vertex -29.484 37.9376 5.9
      vertex -29.7934 37.8601 0
      vertex -29.484 37.9376 0
    endloop
  endfacet
  facet normal 0.337031 0.941493 -0
    outer loop
      vertex -29.7934 23.1399 0
      vertex -30.0937 23.2474 5.9
      vertex -29.7934 23.1399 5.9
    endloop
  endfacet
  facet normal 0.337031 0.941493 0
    outer loop
      vertex -30.0937 23.2474 5.9
      vertex -29.7934 23.1399 0
      vertex -30.0937 23.2474 0
    endloop
  endfacet
  facet normal -0.671611 0.740904 0
    outer loop
      vertex -26.5519 23.9519 0
      vertex -26.7882 23.7377 5.9
      vertex -26.5519 23.9519 5.9
    endloop
  endfacet
  facet normal -0.671611 0.740904 0
    outer loop
      vertex -26.7882 23.7377 5.9
      vertex -26.5519 23.9519 0
      vertex -26.7882 23.7377 0
    endloop
  endfacet
  facet normal 0.941493 0.337031 -7.43817e-19
    outer loop
      vertex -31.8526 25.0063 5.9
      vertex -31.9601 25.3066 0
      vertex -31.9601 25.3066 5.9
    endloop
  endfacet
  facet normal 0.941493 0.337031 -7.43817e-19
    outer loop
      vertex -31.9601 25.3066 0
      vertex -31.8526 25.0063 5.9
      vertex -31.8526 25.0063 0
    endloop
  endfacet
  facet normal 0.595677 0.803224 -0
    outer loop
      vertex -30.6556 23.5477 0
      vertex -30.9118 23.7377 5.9
      vertex -30.6556 23.5477 5.9
    endloop
  endfacet
  facet normal 0.595677 0.803224 0
    outer loop
      vertex -30.9118 23.7377 5.9
      vertex -30.6556 23.5477 0
      vertex -30.9118 23.7377 0
    endloop
  endfacet
  facet normal -0.595677 -0.803224 0
    outer loop
      vertex -27.0444 37.4523 0
      vertex -26.7882 37.2623 5.9
      vertex -27.0444 37.4523 5.9
    endloop
  endfacet
  facet normal -0.595677 -0.803224 -0
    outer loop
      vertex -26.7882 37.2623 5.9
      vertex -27.0444 37.4523 0
      vertex -26.7882 37.2623 0
    endloop
  endfacet
  facet normal -0.513896 0.857852 0
    outer loop
      vertex -27.0444 23.5477 0
      vertex -27.318 23.3838 5.9
      vertex -27.0444 23.5477 5.9
    endloop
  endfacet
  facet normal -0.513896 0.857852 0
    outer loop
      vertex -27.318 23.3838 5.9
      vertex -27.0444 23.5477 0
      vertex -27.318 23.3838 0
    endloop
  endfacet
  facet normal 0.857852 0.513896 1.76746e-19
    outer loop
      vertex -31.5523 24.4444 5.9
      vertex -31.7162 24.718 0
      vertex -31.7162 24.718 5.9
    endloop
  endfacet
  facet normal 0.857852 0.513896 1.76746e-19
    outer loop
      vertex -31.7162 24.718 0
      vertex -31.5523 24.4444 5.9
      vertex -31.5523 24.4444 0
    endloop
  endfacet
  facet normal -0.0489056 0.998803 0
    outer loop
      vertex -28.5314 23.0156 0
      vertex -28.85 23 5.9
      vertex -28.5314 23.0156 5.9
    endloop
  endfacet
  facet normal -0.0489056 0.998803 0
    outer loop
      vertex -28.85 23 5.9
      vertex -28.5314 23.0156 0
      vertex -28.85 23 0
    endloop
  endfacet
  facet normal -0.427668 0.903936 0
    outer loop
      vertex -27.318 23.3838 0
      vertex -27.6063 23.2474 5.9
      vertex -27.318 23.3838 5.9
    endloop
  endfacet
  facet normal -0.427668 0.903936 0
    outer loop
      vertex -27.6063 23.2474 5.9
      vertex -27.318 23.3838 0
      vertex -27.6063 23.2474 0
    endloop
  endfacet
  facet normal -0.337031 0.941493 0
    outer loop
      vertex -27.6063 23.2474 0
      vertex -27.9066 23.1399 5.9
      vertex -27.6063 23.2474 5.9
    endloop
  endfacet
  facet normal -0.337031 0.941493 0
    outer loop
      vertex -27.9066 23.1399 5.9
      vertex -27.6063 23.2474 0
      vertex -27.9066 23.1399 0
    endloop
  endfacet
  facet normal -0.740904 0.671611 4.40362e-19
    outer loop
      vertex -26.5519 23.9519 0
      vertex -26.3377 24.1882 5.9
      vertex -26.3377 24.1882 0
    endloop
  endfacet
  facet normal -0.740904 0.671611 4.40362e-19
    outer loop
      vertex -26.3377 24.1882 5.9
      vertex -26.5519 23.9519 0
      vertex -26.5519 23.9519 5.9
    endloop
  endfacet
  facet normal 0.513896 -0.857852 0
    outer loop
      vertex -30.6556 37.4523 0
      vertex -30.382 37.6162 5.9
      vertex -30.6556 37.4523 5.9
    endloop
  endfacet
  facet normal 0.513896 -0.857852 0
    outer loop
      vertex -30.382 37.6162 5.9
      vertex -30.6556 37.4523 0
      vertex -30.382 37.6162 0
    endloop
  endfacet
  facet normal 0.513896 0.857852 -0
    outer loop
      vertex -30.382 23.3838 0
      vertex -30.6556 23.5477 5.9
      vertex -30.382 23.3838 5.9
    endloop
  endfacet
  facet normal 0.513896 0.857852 0
    outer loop
      vertex -30.6556 23.5477 5.9
      vertex -30.382 23.3838 0
      vertex -30.6556 23.5477 0
    endloop
  endfacet
  facet normal 0.242978 0.970032 -0
    outer loop
      vertex -29.484 23.0624 0
      vertex -29.7934 23.1399 5.9
      vertex -29.484 23.0624 5.9
    endloop
  endfacet
  facet normal 0.242978 0.970032 0
    outer loop
      vertex -29.7934 23.1399 5.9
      vertex -29.484 23.0624 0
      vertex -29.7934 23.1399 0
    endloop
  endfacet
  facet normal 0.903936 0.427668 -2.99304e-19
    outer loop
      vertex -31.7162 24.718 5.9
      vertex -31.8526 25.0063 0
      vertex -31.8526 25.0063 5.9
    endloop
  endfacet
  facet normal 0.903936 0.427668 -2.99304e-19
    outer loop
      vertex -31.8526 25.0063 0
      vertex -31.7162 24.718 5.9
      vertex -31.7162 24.718 0
    endloop
  endfacet
  facet normal -0.146776 0.98917 0
    outer loop
      vertex -28.216 23.0624 0
      vertex -28.5314 23.0156 5.9
      vertex -28.216 23.0624 5.9
    endloop
  endfacet
  facet normal -0.146776 0.98917 0
    outer loop
      vertex -28.5314 23.0156 5.9
      vertex -28.216 23.0624 0
      vertex -28.5314 23.0156 0
    endloop
  endfacet
  facet normal 0.595677 -0.803224 0
    outer loop
      vertex -30.9118 37.2623 0
      vertex -30.6556 37.4523 5.9
      vertex -30.9118 37.2623 5.9
    endloop
  endfacet
  facet normal 0.595677 -0.803224 0
    outer loop
      vertex -30.6556 37.4523 5.9
      vertex -30.9118 37.2623 0
      vertex -30.6556 37.4523 0
    endloop
  endfacet
  facet normal 0.427668 0.903936 -0
    outer loop
      vertex -30.0937 23.2474 0
      vertex -30.382 23.3838 5.9
      vertex -30.0937 23.2474 5.9
    endloop
  endfacet
  facet normal 0.427668 0.903936 0
    outer loop
      vertex -30.382 23.3838 5.9
      vertex -30.0937 23.2474 0
      vertex -30.382 23.3838 0
    endloop
  endfacet
  facet normal -0.242978 0.970032 0
    outer loop
      vertex -27.9066 23.1399 0
      vertex -28.216 23.0624 5.9
      vertex -27.9066 23.1399 5.9
    endloop
  endfacet
  facet normal -0.242978 0.970032 0
    outer loop
      vertex -28.216 23.0624 5.9
      vertex -27.9066 23.1399 0
      vertex -28.216 23.0624 0
    endloop
  endfacet
  facet normal 0.740904 0.671611 -3.87261e-19
    outer loop
      vertex -31.1481 23.9519 5.9
      vertex -31.3623 24.1882 0
      vertex -31.3623 24.1882 5.9
    endloop
  endfacet
  facet normal 0.740904 0.671611 -3.87261e-19
    outer loop
      vertex -31.3623 24.1882 0
      vertex -31.1481 23.9519 5.9
      vertex -31.1481 23.9519 0
    endloop
  endfacet
  facet normal 0.427668 -0.903936 0
    outer loop
      vertex -30.382 37.6162 0
      vertex -30.0937 37.7526 5.9
      vertex -30.382 37.6162 5.9
    endloop
  endfacet
  facet normal 0.427668 -0.903936 0
    outer loop
      vertex -30.0937 37.7526 5.9
      vertex -30.382 37.6162 0
      vertex -30.0937 37.7526 0
    endloop
  endfacet
  facet normal 0.671611 0.740904 -0
    outer loop
      vertex -30.9118 23.7377 0
      vertex -31.1481 23.9519 5.9
      vertex -30.9118 23.7377 5.9
    endloop
  endfacet
  facet normal 0.671611 0.740904 0
    outer loop
      vertex -31.1481 23.9519 5.9
      vertex -30.9118 23.7377 0
      vertex -31.1481 23.9519 0
    endloop
  endfacet
  facet normal 0.970032 0.242978 7.62349e-19
    outer loop
      vertex -31.9601 25.3066 5.9
      vertex -32.0376 25.616 0
      vertex -32.0376 25.616 5.9
    endloop
  endfacet
  facet normal 0.970032 0.242978 7.62349e-19
    outer loop
      vertex -32.0376 25.616 0
      vertex -31.9601 25.3066 5.9
      vertex -31.9601 25.3066 0
    endloop
  endfacet
  facet normal 0.513896 -0.857852 0
    outer loop
      vertex -30.6556 -23.5477 0
      vertex -30.382 -23.3838 5.9
      vertex -30.6556 -23.5477 5.9
    endloop
  endfacet
  facet normal 0.513896 -0.857852 0
    outer loop
      vertex -30.382 -23.3838 5.9
      vertex -30.6556 -23.5477 0
      vertex -30.382 -23.3838 0
    endloop
  endfacet
  facet normal 0.98917 0.146776 1.28904e-19
    outer loop
      vertex -32.0376 -35.384 5.9
      vertex -32.0844 -35.0686 0
      vertex -32.0844 -35.0686 5.9
    endloop
  endfacet
  facet normal 0.98917 0.146776 1.28904e-19
    outer loop
      vertex -32.0844 -35.0686 0
      vertex -32.0376 -35.384 5.9
      vertex -32.0376 -35.384 0
    endloop
  endfacet
  facet normal -0.0489056 -0.998803 0
    outer loop
      vertex -28.85 -23 0
      vertex -28.5314 -23.0156 5.9
      vertex -28.85 -23 5.9
    endloop
  endfacet
  facet normal -0.0489056 -0.998803 -0
    outer loop
      vertex -28.5314 -23.0156 5.9
      vertex -28.85 -23 0
      vertex -28.5314 -23.0156 0
    endloop
  endfacet
  facet normal -0.998788 0.0492184 2.13616e-19
    outer loop
      vertex -25.6157 -35.0686 0
      vertex -25.6 -34.75 5.9
      vertex -25.6 -34.75 0
    endloop
  endfacet
  facet normal -0.998788 0.0492184 2.13616e-19
    outer loop
      vertex -25.6 -34.75 5.9
      vertex -25.6157 -35.0686 0
      vertex -25.6157 -35.0686 5.9
    endloop
  endfacet
  facet normal 0.998803 0.0489056 2.22619e-19
    outer loop
      vertex -32.0844 -35.0686 5.9
      vertex -32.1 -34.75 0
      vertex -32.1 -34.75 5.9
    endloop
  endfacet
  facet normal 0.998803 0.0489056 2.22619e-19
    outer loop
      vertex -32.1 -34.75 0
      vertex -32.0844 -35.0686 5.9
      vertex -32.0844 -35.0686 0
    endloop
  endfacet
  facet normal -0.595677 0.803224 0
    outer loop
      vertex -26.7882 -37.2623 0
      vertex -27.0444 -37.4523 5.9
      vertex -26.7882 -37.2623 5.9
    endloop
  endfacet
  facet normal -0.595677 0.803224 0
    outer loop
      vertex -27.0444 -37.4523 5.9
      vertex -26.7882 -37.2623 0
      vertex -27.0444 -37.4523 0
    endloop
  endfacet
  facet normal -0.903936 -0.427668 -2.99304e-19
    outer loop
      vertex -25.8474 -25.0063 0
      vertex -25.9838 -24.718 5.9
      vertex -25.9838 -24.718 0
    endloop
  endfacet
  facet normal -0.903936 -0.427668 -2.99304e-19
    outer loop
      vertex -25.9838 -24.718 5.9
      vertex -25.8474 -25.0063 0
      vertex -25.8474 -25.0063 5.9
    endloop
  endfacet
  facet normal 0.98917 -0.146776 -2.70542e-19
    outer loop
      vertex -32.0844 -25.9314 5.9
      vertex -32.0376 -25.616 0
      vertex -32.0376 -25.616 5.9
    endloop
  endfacet
  facet normal 0.98917 -0.146776 -2.70542e-19
    outer loop
      vertex -32.0376 -25.616 0
      vertex -32.0844 -25.9314 5.9
      vertex -32.0844 -25.9314 0
    endloop
  endfacet
  facet normal 0.595677 0.803224 -0
    outer loop
      vertex -30.6556 -37.4523 0
      vertex -30.9118 -37.2623 5.9
      vertex -30.6556 -37.4523 5.9
    endloop
  endfacet
  facet normal 0.595677 0.803224 0
    outer loop
      vertex -30.9118 -37.2623 5.9
      vertex -30.6556 -37.4523 0
      vertex -30.9118 -37.2623 0
    endloop
  endfacet
  facet normal 0.941493 -0.337031 7.43817e-19
    outer loop
      vertex -31.9601 -25.3066 5.9
      vertex -31.8526 -25.0063 0
      vertex -31.8526 -25.0063 5.9
    endloop
  endfacet
  facet normal 0.941493 -0.337031 7.43817e-19
    outer loop
      vertex -31.8526 -25.0063 0
      vertex -31.9601 -25.3066 5.9
      vertex -31.9601 -25.3066 0
    endloop
  endfacet
  facet normal 0.242978 0.970032 -0
    outer loop
      vertex -29.484 -37.9376 0
      vertex -29.7934 -37.8601 5.9
      vertex -29.484 -37.9376 5.9
    endloop
  endfacet
  facet normal 0.242978 0.970032 0
    outer loop
      vertex -29.7934 -37.8601 5.9
      vertex -29.484 -37.9376 0
      vertex -29.7934 -37.8601 0
    endloop
  endfacet
  facet normal -0.998788 -0.0492184 -7.20375e-20
    outer loop
      vertex -25.6 -26.25 0
      vertex -25.6157 -25.9314 5.9
      vertex -25.6157 -25.9314 0
    endloop
  endfacet
  facet normal -0.998788 -0.0492184 -7.20375e-20
    outer loop
      vertex -25.6157 -25.9314 5.9
      vertex -25.6 -26.25 0
      vertex -25.6 -26.25 5.9
    endloop
  endfacet
  facet normal 0.857852 -0.513896 -1.76746e-19
    outer loop
      vertex -31.7162 -24.718 5.9
      vertex -31.5523 -24.4444 0
      vertex -31.5523 -24.4444 5.9
    endloop
  endfacet
  facet normal 0.857852 -0.513896 -1.76746e-19
    outer loop
      vertex -31.5523 -24.4444 0
      vertex -31.7162 -24.718 5.9
      vertex -31.7162 -24.718 0
    endloop
  endfacet
  facet normal -0.146776 -0.98917 0
    outer loop
      vertex -28.5314 -23.0156 0
      vertex -28.216 -23.0624 5.9
      vertex -28.5314 -23.0156 5.9
    endloop
  endfacet
  facet normal -0.146776 -0.98917 -0
    outer loop
      vertex -28.216 -23.0624 5.9
      vertex -28.5314 -23.0156 0
      vertex -28.216 -23.0624 0
    endloop
  endfacet
  facet normal 0.595677 -0.803224 0
    outer loop
      vertex -30.9118 -23.7377 0
      vertex -30.6556 -23.5477 5.9
      vertex -30.9118 -23.7377 5.9
    endloop
  endfacet
  facet normal 0.595677 -0.803224 0
    outer loop
      vertex -30.6556 -23.5477 5.9
      vertex -30.9118 -23.7377 0
      vertex -30.6556 -23.5477 0
    endloop
  endfacet
  facet normal 0.740904 -0.671611 3.87261e-19
    outer loop
      vertex -31.3623 -24.1882 5.9
      vertex -31.1481 -23.9519 0
      vertex -31.1481 -23.9519 5.9
    endloop
  endfacet
  facet normal 0.740904 -0.671611 3.87261e-19
    outer loop
      vertex -31.1481 -23.9519 0
      vertex -31.3623 -24.1882 5.9
      vertex -31.3623 -24.1882 0
    endloop
  endfacet
  facet normal -0.0489056 0.998803 0
    outer loop
      vertex -28.5314 -37.9844 0
      vertex -28.85 -38 5.9
      vertex -28.5314 -37.9844 5.9
    endloop
  endfacet
  facet normal -0.0489056 0.998803 0
    outer loop
      vertex -28.85 -38 5.9
      vertex -28.5314 -37.9844 0
      vertex -28.85 -38 0
    endloop
  endfacet
  facet normal -0.970032 0.242978 4.17575e-19
    outer loop
      vertex -25.7399 -35.6934 0
      vertex -25.6624 -35.384 5.9
      vertex -25.6624 -35.384 0
    endloop
  endfacet
  facet normal -0.970032 0.242978 4.17575e-19
    outer loop
      vertex -25.6624 -35.384 5.9
      vertex -25.7399 -35.6934 0
      vertex -25.7399 -35.6934 5.9
    endloop
  endfacet
  facet normal -0.337031 0.941493 0
    outer loop
      vertex -27.6063 -37.7526 0
      vertex -27.9066 -37.8601 5.9
      vertex -27.6063 -37.7526 5.9
    endloop
  endfacet
  facet normal -0.337031 0.941493 0
    outer loop
      vertex -27.9066 -37.8601 5.9
      vertex -27.6063 -37.7526 0
      vertex -27.9066 -37.8601 0
    endloop
  endfacet
  facet normal 0.0489056 -0.998803 0
    outer loop
      vertex -29.1686 -23.0156 0
      vertex -28.85 -23 5.9
      vertex -29.1686 -23.0156 5.9
    endloop
  endfacet
  facet normal 0.0489056 -0.998803 0
    outer loop
      vertex -28.85 -23 5.9
      vertex -29.1686 -23.0156 0
      vertex -28.85 -23 0
    endloop
  endfacet
  facet normal 0.998803 -0.0489056 -1.75425e-19
    outer loop
      vertex -32.1 -26.25 5.9
      vertex -32.0844 -25.9314 0
      vertex -32.0844 -25.9314 5.9
    endloop
  endfacet
  facet normal 0.998803 -0.0489056 -1.75425e-19
    outer loop
      vertex -32.0844 -25.9314 0
      vertex -32.1 -26.25 5.9
      vertex -32.1 -26.25 0
    endloop
  endfacet
  facet normal 1 -0 0
    outer loop
      vertex -32.1 -34.75 5.9
      vertex -32.1 -26.25 0
      vertex -32.1 -26.25 5.9
    endloop
  endfacet
  facet normal 1 0 0
    outer loop
      vertex -32.1 -26.25 0
      vertex -32.1 -34.75 5.9
      vertex -32.1 -34.75 0
    endloop
  endfacet
  facet normal -0.857852 0.513896 -4.83548e-19
    outer loop
      vertex -26.1477 -36.5556 0
      vertex -25.9838 -36.282 5.9
      vertex -25.9838 -36.282 0
    endloop
  endfacet
  facet normal -0.857852 0.513896 -4.83548e-19
    outer loop
      vertex -25.9838 -36.282 5.9
      vertex -26.1477 -36.5556 0
      vertex -26.1477 -36.5556 5.9
    endloop
  endfacet
  facet normal -0.989215 -0.146469 -1.32994e-19
    outer loop
      vertex -25.6157 -25.9314 0
      vertex -25.6624 -25.616 5.9
      vertex -25.6624 -25.616 0
    endloop
  endfacet
  facet normal -0.989215 -0.146469 -1.32994e-19
    outer loop
      vertex -25.6624 -25.616 5.9
      vertex -25.6157 -25.9314 0
      vertex -25.6157 -25.9314 5.9
    endloop
  endfacet
  facet normal -1 0 0
    outer loop
      vertex -25.6 -34.75 0
      vertex -25.6 -26.25 5.9
      vertex -25.6 -26.25 0
    endloop
  endfacet
  facet normal -1 -0 0
    outer loop
      vertex -25.6 -26.25 5.9
      vertex -25.6 -34.75 0
      vertex -25.6 -34.75 5.9
    endloop
  endfacet
  facet normal -0.803224 -0.595677 -3.78984e-19
    outer loop
      vertex -26.1477 -24.4444 0
      vertex -26.3377 -24.1882 5.9
      vertex -26.3377 -24.1882 0
    endloop
  endfacet
  facet normal -0.803224 -0.595677 -3.78984e-19
    outer loop
      vertex -26.3377 -24.1882 5.9
      vertex -26.1477 -24.4444 0
      vertex -26.1477 -24.4444 5.9
    endloop
  endfacet
  facet normal 0.337031 -0.941493 0
    outer loop
      vertex -30.0937 -23.2474 0
      vertex -29.7934 -23.1399 5.9
      vertex -30.0937 -23.2474 5.9
    endloop
  endfacet
  facet normal 0.337031 -0.941493 0
    outer loop
      vertex -29.7934 -23.1399 5.9
      vertex -30.0937 -23.2474 0
      vertex -29.7934 -23.1399 0
    endloop
  endfacet
  facet normal -0.740904 0.671611 4.40362e-19
    outer loop
      vertex -26.5519 -37.0481 0
      vertex -26.3377 -36.8118 5.9
      vertex -26.3377 -36.8118 0
    endloop
  endfacet
  facet normal -0.740904 0.671611 4.40362e-19
    outer loop
      vertex -26.3377 -36.8118 5.9
      vertex -26.5519 -37.0481 0
      vertex -26.5519 -37.0481 5.9
    endloop
  endfacet
  facet normal -0.941493 -0.337031 -7.43817e-19
    outer loop
      vertex -25.7399 -25.3066 0
      vertex -25.8474 -25.0063 5.9
      vertex -25.8474 -25.0063 0
    endloop
  endfacet
  facet normal -0.941493 -0.337031 -7.43817e-19
    outer loop
      vertex -25.8474 -25.0063 5.9
      vertex -25.7399 -25.3066 0
      vertex -25.7399 -25.3066 5.9
    endloop
  endfacet
  facet normal -0.903936 0.427668 2.99304e-19
    outer loop
      vertex -25.9838 -36.282 0
      vertex -25.8474 -35.9937 5.9
      vertex -25.8474 -35.9937 0
    endloop
  endfacet
  facet normal -0.903936 0.427668 2.99304e-19
    outer loop
      vertex -25.8474 -35.9937 5.9
      vertex -25.9838 -36.282 0
      vertex -25.9838 -36.282 5.9
    endloop
  endfacet
  facet normal -0.740904 -0.671611 -4.40362e-19
    outer loop
      vertex -26.3377 -24.1882 0
      vertex -26.5519 -23.9519 5.9
      vertex -26.5519 -23.9519 0
    endloop
  endfacet
  facet normal -0.740904 -0.671611 -4.40362e-19
    outer loop
      vertex -26.5519 -23.9519 5.9
      vertex -26.3377 -24.1882 0
      vertex -26.3377 -24.1882 5.9
    endloop
  endfacet
  facet normal -0.337031 -0.941493 0
    outer loop
      vertex -27.9066 -23.1399 0
      vertex -27.6063 -23.2474 5.9
      vertex -27.9066 -23.1399 5.9
    endloop
  endfacet
  facet normal -0.337031 -0.941493 -0
    outer loop
      vertex -27.6063 -23.2474 5.9
      vertex -27.9066 -23.1399 0
      vertex -27.6063 -23.2474 0
    endloop
  endfacet
  facet normal 0.0489056 0.998803 -0
    outer loop
      vertex -28.85 -38 0
      vertex -29.1686 -37.9844 5.9
      vertex -28.85 -38 5.9
    endloop
  endfacet
  facet normal 0.0489056 0.998803 0
    outer loop
      vertex -29.1686 -37.9844 5.9
      vertex -28.85 -38 0
      vertex -29.1686 -37.9844 0
    endloop
  endfacet
  facet normal 0.857852 0.513896 4.83548e-19
    outer loop
      vertex -31.5523 -36.5556 5.9
      vertex -31.7162 -36.282 0
      vertex -31.7162 -36.282 5.9
    endloop
  endfacet
  facet normal 0.857852 0.513896 4.83548e-19
    outer loop
      vertex -31.7162 -36.282 0
      vertex -31.5523 -36.5556 5.9
      vertex -31.5523 -36.5556 0
    endloop
  endfacet
  facet normal 0.970032 -0.242978 -7.62349e-19
    outer loop
      vertex -32.0376 -25.616 5.9
      vertex -31.9601 -25.3066 0
      vertex -31.9601 -25.3066 5.9
    endloop
  endfacet
  facet normal 0.970032 -0.242978 -7.62349e-19
    outer loop
      vertex -31.9601 -25.3066 0
      vertex -32.0376 -25.616 5.9
      vertex -32.0376 -25.616 0
    endloop
  endfacet
  facet normal 0.903936 -0.427668 2.99304e-19
    outer loop
      vertex -31.8526 -25.0063 5.9
      vertex -31.7162 -24.718 0
      vertex -31.7162 -24.718 5.9
    endloop
  endfacet
  facet normal 0.903936 -0.427668 2.99304e-19
    outer loop
      vertex -31.7162 -24.718 0
      vertex -31.8526 -25.0063 5.9
      vertex -31.8526 -25.0063 0
    endloop
  endfacet
  facet normal -0.857852 -0.513896 1.76746e-19
    outer loop
      vertex -25.9838 -24.718 0
      vertex -26.1477 -24.4444 5.9
      vertex -26.1477 -24.4444 0
    endloop
  endfacet
  facet normal -0.857852 -0.513896 1.76746e-19
    outer loop
      vertex -26.1477 -24.4444 5.9
      vertex -25.9838 -24.718 0
      vertex -25.9838 -24.718 5.9
    endloop
  endfacet
  facet normal -0.671611 -0.740904 0
    outer loop
      vertex -26.7882 -23.7377 0
      vertex -26.5519 -23.9519 5.9
      vertex -26.7882 -23.7377 5.9
    endloop
  endfacet
  facet normal -0.671611 -0.740904 -0
    outer loop
      vertex -26.5519 -23.9519 5.9
      vertex -26.7882 -23.7377 0
      vertex -26.5519 -23.9519 0
    endloop
  endfacet
  facet normal -0.970032 -0.242978 7.62349e-19
    outer loop
      vertex -25.6624 -25.616 0
      vertex -25.7399 -25.3066 5.9
      vertex -25.7399 -25.3066 0
    endloop
  endfacet
  facet normal -0.970032 -0.242978 7.62349e-19
    outer loop
      vertex -25.7399 -25.3066 5.9
      vertex -25.6624 -25.616 0
      vertex -25.6624 -25.616 5.9
    endloop
  endfacet
  facet normal -0.427668 0.903936 0
    outer loop
      vertex -27.318 -37.6162 0
      vertex -27.6063 -37.7526 5.9
      vertex -27.318 -37.6162 5.9
    endloop
  endfacet
  facet normal -0.427668 0.903936 0
    outer loop
      vertex -27.6063 -37.7526 5.9
      vertex -27.318 -37.6162 0
      vertex -27.6063 -37.7526 0
    endloop
  endfacet
  facet normal 0.671611 -0.740904 0
    outer loop
      vertex -31.1481 -23.9519 0
      vertex -30.9118 -23.7377 5.9
      vertex -31.1481 -23.9519 5.9
    endloop
  endfacet
  facet normal 0.671611 -0.740904 0
    outer loop
      vertex -30.9118 -23.7377 5.9
      vertex -31.1481 -23.9519 0
      vertex -30.9118 -23.7377 0
    endloop
  endfacet
  facet normal 0.242978 -0.970032 0
    outer loop
      vertex -29.7934 -23.1399 0
      vertex -29.484 -23.0624 5.9
      vertex -29.7934 -23.1399 5.9
    endloop
  endfacet
  facet normal 0.242978 -0.970032 0
    outer loop
      vertex -29.484 -23.0624 5.9
      vertex -29.7934 -23.1399 0
      vertex -29.484 -23.0624 0
    endloop
  endfacet
  facet normal 0.803224 0.595677 1.29648e-18
    outer loop
      vertex -31.3623 -36.8118 5.9
      vertex -31.5523 -36.5556 0
      vertex -31.5523 -36.5556 5.9
    endloop
  endfacet
  facet normal 0.803224 0.595677 1.29648e-18
    outer loop
      vertex -31.5523 -36.5556 0
      vertex -31.3623 -36.8118 5.9
      vertex -31.3623 -36.8118 0
    endloop
  endfacet
  facet normal -0.989215 0.146469 -4.58665e-19
    outer loop
      vertex -25.6624 -35.384 0
      vertex -25.6157 -35.0686 5.9
      vertex -25.6157 -35.0686 0
    endloop
  endfacet
  facet normal -0.989215 0.146469 -4.58665e-19
    outer loop
      vertex -25.6157 -35.0686 5.9
      vertex -25.6624 -35.384 0
      vertex -25.6624 -35.384 5.9
    endloop
  endfacet
  facet normal -0.941493 0.337031 7.43817e-19
    outer loop
      vertex -25.8474 -35.9937 0
      vertex -25.7399 -35.6934 5.9
      vertex -25.7399 -35.6934 0
    endloop
  endfacet
  facet normal -0.941493 0.337031 7.43817e-19
    outer loop
      vertex -25.7399 -35.6934 5.9
      vertex -25.8474 -35.9937 0
      vertex -25.8474 -35.9937 5.9
    endloop
  endfacet
  facet normal 0.941493 0.337031 -7.43817e-19
    outer loop
      vertex -31.8526 -35.9937 5.9
      vertex -31.9601 -35.6934 0
      vertex -31.9601 -35.6934 5.9
    endloop
  endfacet
  facet normal 0.941493 0.337031 -7.43817e-19
    outer loop
      vertex -31.9601 -35.6934 0
      vertex -31.8526 -35.9937 5.9
      vertex -31.8526 -35.9937 0
    endloop
  endfacet
  facet normal 0.337031 0.941493 -0
    outer loop
      vertex -29.7934 -37.8601 0
      vertex -30.0937 -37.7526 5.9
      vertex -29.7934 -37.8601 5.9
    endloop
  endfacet
  facet normal 0.337031 0.941493 0
    outer loop
      vertex -30.0937 -37.7526 5.9
      vertex -29.7934 -37.8601 0
      vertex -30.0937 -37.7526 0
    endloop
  endfacet
  facet normal -0.671611 0.740904 0
    outer loop
      vertex -26.5519 -37.0481 0
      vertex -26.7882 -37.2623 5.9
      vertex -26.5519 -37.0481 5.9
    endloop
  endfacet
  facet normal -0.671611 0.740904 0
    outer loop
      vertex -26.7882 -37.2623 5.9
      vertex -26.5519 -37.0481 0
      vertex -26.7882 -37.2623 0
    endloop
  endfacet
  facet normal 0.513896 0.857852 -0
    outer loop
      vertex -30.382 -37.6162 0
      vertex -30.6556 -37.4523 5.9
      vertex -30.382 -37.6162 5.9
    endloop
  endfacet
  facet normal 0.513896 0.857852 0
    outer loop
      vertex -30.6556 -37.4523 5.9
      vertex -30.382 -37.6162 0
      vertex -30.6556 -37.4523 0
    endloop
  endfacet
  facet normal -0.242978 -0.970032 0
    outer loop
      vertex -28.216 -23.0624 0
      vertex -27.9066 -23.1399 5.9
      vertex -28.216 -23.0624 5.9
    endloop
  endfacet
  facet normal -0.242978 -0.970032 -0
    outer loop
      vertex -27.9066 -23.1399 5.9
      vertex -28.216 -23.0624 0
      vertex -27.9066 -23.1399 0
    endloop
  endfacet
  facet normal -0.242978 0.970032 0
    outer loop
      vertex -27.9066 -37.8601 0
      vertex -28.216 -37.9376 5.9
      vertex -27.9066 -37.8601 5.9
    endloop
  endfacet
  facet normal -0.242978 0.970032 0
    outer loop
      vertex -28.216 -37.9376 5.9
      vertex -27.9066 -37.8601 0
      vertex -28.216 -37.9376 0
    endloop
  endfacet
  facet normal -0.595677 -0.803224 0
    outer loop
      vertex -27.0444 -23.5477 0
      vertex -26.7882 -23.7377 5.9
      vertex -27.0444 -23.5477 5.9
    endloop
  endfacet
  facet normal -0.595677 -0.803224 -0
    outer loop
      vertex -26.7882 -23.7377 5.9
      vertex -27.0444 -23.5477 0
      vertex -26.7882 -23.7377 0
    endloop
  endfacet
  facet normal -0.513896 -0.857852 0
    outer loop
      vertex -27.318 -23.3838 0
      vertex -27.0444 -23.5477 5.9
      vertex -27.318 -23.3838 5.9
    endloop
  endfacet
  facet normal -0.513896 -0.857852 -0
    outer loop
      vertex -27.0444 -23.5477 5.9
      vertex -27.318 -23.3838 0
      vertex -27.0444 -23.5477 0
    endloop
  endfacet
  facet normal 0.803224 -0.595677 -2.64062e-19
    outer loop
      vertex -31.5523 -24.4444 5.9
      vertex -31.3623 -24.1882 0
      vertex -31.3623 -24.1882 5.9
    endloop
  endfacet
  facet normal 0.803224 -0.595677 -2.64062e-19
    outer loop
      vertex -31.3623 -24.1882 0
      vertex -31.5523 -24.4444 5.9
      vertex -31.5523 -24.4444 0
    endloop
  endfacet
  facet normal 0.903936 0.427668 -2.99304e-19
    outer loop
      vertex -31.7162 -36.282 5.9
      vertex -31.8526 -35.9937 0
      vertex -31.8526 -35.9937 5.9
    endloop
  endfacet
  facet normal 0.903936 0.427668 -2.99304e-19
    outer loop
      vertex -31.8526 -35.9937 0
      vertex -31.7162 -36.282 5.9
      vertex -31.7162 -36.282 0
    endloop
  endfacet
  facet normal -0.427668 -0.903936 0
    outer loop
      vertex -27.6063 -23.2474 0
      vertex -27.318 -23.3838 5.9
      vertex -27.6063 -23.2474 5.9
    endloop
  endfacet
  facet normal -0.427668 -0.903936 -0
    outer loop
      vertex -27.318 -23.3838 5.9
      vertex -27.6063 -23.2474 0
      vertex -27.318 -23.3838 0
    endloop
  endfacet
  facet normal 0.146776 -0.98917 0
    outer loop
      vertex -29.484 -23.0624 0
      vertex -29.1686 -23.0156 5.9
      vertex -29.484 -23.0624 5.9
    endloop
  endfacet
  facet normal 0.146776 -0.98917 0
    outer loop
      vertex -29.1686 -23.0156 5.9
      vertex -29.484 -23.0624 0
      vertex -29.1686 -23.0156 0
    endloop
  endfacet
  facet normal -0.513896 0.857852 0
    outer loop
      vertex -27.0444 -37.4523 0
      vertex -27.318 -37.6162 5.9
      vertex -27.0444 -37.4523 5.9
    endloop
  endfacet
  facet normal -0.513896 0.857852 0
    outer loop
      vertex -27.318 -37.6162 5.9
      vertex -27.0444 -37.4523 0
      vertex -27.318 -37.6162 0
    endloop
  endfacet
  facet normal -0.803224 0.595677 -6.53429e-19
    outer loop
      vertex -26.3377 -36.8118 0
      vertex -26.1477 -36.5556 5.9
      vertex -26.1477 -36.5556 0
    endloop
  endfacet
  facet normal -0.803224 0.595677 -6.53429e-19
    outer loop
      vertex -26.1477 -36.5556 5.9
      vertex -26.3377 -36.8118 0
      vertex -26.3377 -36.8118 5.9
    endloop
  endfacet
  facet normal -0.146776 0.98917 0
    outer loop
      vertex -28.216 -37.9376 0
      vertex -28.5314 -37.9844 5.9
      vertex -28.216 -37.9376 5.9
    endloop
  endfacet
  facet normal -0.146776 0.98917 0
    outer loop
      vertex -28.5314 -37.9844 5.9
      vertex -28.216 -37.9376 0
      vertex -28.5314 -37.9844 0
    endloop
  endfacet
  facet normal 0.146776 0.98917 -0
    outer loop
      vertex -29.1686 -37.9844 0
      vertex -29.484 -37.9376 5.9
      vertex -29.1686 -37.9844 5.9
    endloop
  endfacet
  facet normal 0.146776 0.98917 0
    outer loop
      vertex -29.484 -37.9376 5.9
      vertex -29.1686 -37.9844 0
      vertex -29.484 -37.9376 0
    endloop
  endfacet
  facet normal 0.427668 0.903936 -0
    outer loop
      vertex -30.0937 -37.7526 0
      vertex -30.382 -37.6162 5.9
      vertex -30.0937 -37.7526 5.9
    endloop
  endfacet
  facet normal 0.427668 0.903936 0
    outer loop
      vertex -30.382 -37.6162 5.9
      vertex -30.0937 -37.7526 0
      vertex -30.382 -37.6162 0
    endloop
  endfacet
  facet normal 0.740904 0.671611 -3.87261e-19
    outer loop
      vertex -31.1481 -37.0481 5.9
      vertex -31.3623 -36.8118 0
      vertex -31.3623 -36.8118 5.9
    endloop
  endfacet
  facet normal 0.740904 0.671611 -3.87261e-19
    outer loop
      vertex -31.3623 -36.8118 0
      vertex -31.1481 -37.0481 5.9
      vertex -31.1481 -37.0481 0
    endloop
  endfacet
  facet normal 0.427668 -0.903936 0
    outer loop
      vertex -30.382 -23.3838 0
      vertex -30.0937 -23.2474 5.9
      vertex -30.382 -23.3838 5.9
    endloop
  endfacet
  facet normal 0.427668 -0.903936 0
    outer loop
      vertex -30.0937 -23.2474 5.9
      vertex -30.382 -23.3838 0
      vertex -30.0937 -23.2474 0
    endloop
  endfacet
  facet normal 0.671611 0.740904 -0
    outer loop
      vertex -30.9118 -37.2623 0
      vertex -31.1481 -37.0481 5.9
      vertex -30.9118 -37.2623 5.9
    endloop
  endfacet
  facet normal 0.671611 0.740904 0
    outer loop
      vertex -31.1481 -37.0481 5.9
      vertex -30.9118 -37.2623 0
      vertex -31.1481 -37.0481 0
    endloop
  endfacet
  facet normal 0.970032 0.242978 -4.17575e-19
    outer loop
      vertex -31.9601 -35.6934 5.9
      vertex -32.0376 -35.384 0
      vertex -32.0376 -35.384 5.9
    endloop
  endfacet
  facet normal 0.970032 0.242978 -4.17575e-19
    outer loop
      vertex -32.0376 -35.384 0
      vertex -31.9601 -35.6934 5.9
      vertex -31.9601 -35.6934 0
    endloop
  endfacet
  facet normal 0.146689 -0.989183 0
    outer loop
      vertex 28.5379 1.56926 2.5
      vertex 28.6932 1.59229 5.9
      vertex 28.5379 1.56926 5.9
    endloop
  endfacet
  facet normal 0.146689 -0.989183 0
    outer loop
      vertex 28.6932 1.59229 5.9
      vertex 28.5379 1.56926 2.5
      vertex 28.6932 1.59229 2.5
    endloop
  endfacet
  facet normal 0.0491116 -0.998793 0
    outer loop
      vertex 28.6932 1.59229 2.5
      vertex 28.85 1.6 5.9
      vertex 28.6932 1.59229 5.9
    endloop
  endfacet
  facet normal 0.0491116 -0.998793 0
    outer loop
      vertex 28.85 1.6 5.9
      vertex 28.6932 1.59229 2.5
      vertex 28.85 1.6 2.5
    endloop
  endfacet
  facet normal 0.242895 -0.970053 0
    outer loop
      vertex 28.3855 1.5311 2.5
      vertex 28.5379 1.56926 5.9
      vertex 28.3855 1.5311 5.9
    endloop
  endfacet
  facet normal 0.242895 -0.970053 0
    outer loop
      vertex 28.5379 1.56926 5.9
      vertex 28.3855 1.5311 2.5
      vertex 28.5379 1.56926 2.5
    endloop
  endfacet
  facet normal 0.904071 -0.427383 -2.7894e-19
    outer loop
      vertex 27.3718 0.612293 5.9
      vertex 27.4389 0.754234 2.5
      vertex 27.4389 0.754234 5.9
    endloop
  endfacet
  facet normal 0.904071 -0.427383 -2.7894e-19
    outer loop
      vertex 27.4389 0.754234 2.5
      vertex 27.3718 0.612293 5.9
      vertex 27.3718 0.612293 2.5
    endloop
  endfacet
  facet normal -0.969959 0.243268 -1.30062e-19
    outer loop
      vertex 30.3811 -0.464455 2.5
      vertex 30.4193 -0.312144 5.9
      vertex 30.4193 -0.312144 2.5
    endloop
  endfacet
  facet normal -0.969959 0.243268 -1.30062e-19
    outer loop
      vertex 30.4193 -0.312144 5.9
      vertex 30.3811 -0.464455 2.5
      vertex 30.3811 -0.464455 5.9
    endloop
  endfacet
  facet normal -0.514027 0.857774 -2.51912e-06
    outer loop
      vertex 29.7389 -1.33035 5.9
      vertex 29.6581 -1.37878 2.5
      vertex 29.6042 -1.41107 5.9
    endloop
  endfacet
  facet normal -0.514105 0.857727 3.85161e-19
    outer loop
      vertex 29.6581 -1.37878 2.5
      vertex 29.7389 -1.33035 5.9
      vertex 29.7389 -1.33035 2.5
    endloop
  endfacet
  facet normal -0.513911 0.857844 0
    outer loop
      vertex 29.6042 -1.41107 5.9
      vertex 29.6581 -1.37878 2.5
      vertex 29.6042 -1.41107 2.5
    endloop
  endfacet
  facet normal -0.989213 -0.146487 -8.49722e-20
    outer loop
      vertex 30.4423 0.156827 2.5
      vertex 30.4193 0.312144 5.9
      vertex 30.4193 0.312144 2.5
    endloop
  endfacet
  facet normal -0.989213 -0.146487 -8.49722e-20
    outer loop
      vertex 30.4193 0.312144 5.9
      vertex 30.4423 0.156827 2.5
      vertex 30.4423 0.156827 5.9
    endloop
  endfacet
  facet normal 0.671388 -0.741106 0
    outer loop
      vertex 27.7186 1.13137 2.5
      vertex 27.835 1.23682 5.9
      vertex 27.7186 1.13137 5.9
    endloop
  endfacet
  facet normal 0.671388 -0.741106 0
    outer loop
      vertex 27.835 1.23682 5.9
      vertex 27.7186 1.13137 2.5
      vertex 27.835 1.23682 2.5
    endloop
  endfacet
  facet normal 0.857793 0.513995 -2.86909e-19
    outer loop
      vertex 27.5196 -0.888912 5.9
      vertex 27.4389 -0.754234 2.5
      vertex 27.4389 -0.754234 5.9
    endloop
  endfacet
  facet normal 0.857793 0.513995 -2.86909e-19
    outer loop
      vertex 27.4389 -0.754234 2.5
      vertex 27.5196 -0.888912 5.9
      vertex 27.5196 -0.888912 2.5
    endloop
  endfacet
  facet normal -0.671388 -0.741106 0
    outer loop
      vertex 29.865 1.23682 2.5
      vertex 29.9814 1.13137 5.9
      vertex 29.865 1.23682 5.9
    endloop
  endfacet
  facet normal -0.671388 -0.741106 -0
    outer loop
      vertex 29.9814 1.13137 5.9
      vertex 29.865 1.23682 2.5
      vertex 29.9814 1.13137 2.5
    endloop
  endfacet
  facet normal -0.858354 -0.513059 6.38933e-21
    outer loop
      vertex 30.2126 0.835041 2.5
      vertex 30.1804 0.888912 5.9
      vertex 30.1804 0.888912 2.5
    endloop
  endfacet
  facet normal -0.857416 -0.514624 -1.5136e-07
    outer loop
      vertex 30.2611 0.754234 5.9
      vertex 30.2126 0.835041 2.5
      vertex 30.2611 0.754235 2.5
    endloop
  endfacet
  facet normal -1 0 0
    outer loop
      vertex 30.2611 0.754234 5.9
      vertex 30.2611 0.754235 2.5
      vertex 30.2611 0.754234 2.5
    endloop
  endfacet
  facet normal -0.857793 -0.513995 2.01531e-05
    outer loop
      vertex 30.2126 0.835041 2.5
      vertex 30.2611 0.754234 5.9
      vertex 30.1804 0.888912 5.9
    endloop
  endfacet
  facet normal 0.969959 -0.243268 -1.30062e-19
    outer loop
      vertex 27.2807 0.312144 5.9
      vertex 27.3189 0.464455 2.5
      vertex 27.3189 0.464455 5.9
    endloop
  endfacet
  facet normal 0.969959 -0.243268 -1.30062e-19
    outer loop
      vertex 27.3189 0.464455 2.5
      vertex 27.2807 0.312144 5.9
      vertex 27.2807 0.312144 2.5
    endloop
  endfacet
  facet normal 0.146689 0.989183 -0
    outer loop
      vertex 28.6932 -1.59229 2.5
      vertex 28.5379 -1.56926 5.9
      vertex 28.6932 -1.59229 5.9
    endloop
  endfacet
  facet normal 0.146689 0.989183 0
    outer loop
      vertex 28.5379 -1.56926 5.9
      vertex 28.6932 -1.59229 2.5
      vertex 28.5379 -1.56926 2.5
    endloop
  endfacet
  facet normal 0.514027 -0.857774 0
    outer loop
      vertex 27.9611 1.33035 2.5
      vertex 28.0958 1.41107 5.9
      vertex 27.9611 1.33035 5.9
    endloop
  endfacet
  facet normal 0.514027 -0.857774 0
    outer loop
      vertex 28.0958 1.41107 5.9
      vertex 27.9611 1.33035 2.5
      vertex 28.0958 1.41107 2.5
    endloop
  endfacet
  facet normal -0.242895 -0.970053 3.99883e-06
    outer loop
      vertex 29.1621 1.56926 5.9
      vertex 29.2535 1.54636 2.5
      vertex 29.3145 1.5311 5.9
    endloop
  endfacet
  facet normal -0.243035 -0.970018 -1.24577e-19
    outer loop
      vertex 29.2535 1.54636 2.5
      vertex 29.1621 1.56926 5.9
      vertex 29.1621 1.56926 2.5
    endloop
  endfacet
  facet normal -0.242685 -0.970105 -0
    outer loop
      vertex 29.3145 1.5311 5.9
      vertex 29.2535 1.54636 2.5
      vertex 29.3145 1.5311 2.5
    endloop
  endfacet
  facet normal -0.989213 0.146487 8.49722e-20
    outer loop
      vertex 30.4193 -0.312144 2.5
      vertex 30.4423 -0.156827 5.9
      vertex 30.4423 -0.156827 2.5
    endloop
  endfacet
  facet normal -0.989213 0.146487 8.49722e-20
    outer loop
      vertex 30.4423 -0.156827 5.9
      vertex 30.4193 -0.312144 2.5
      vertex 30.4193 -0.312144 5.9
    endloop
  endfacet
  facet normal -0.0492226 0.998788 1.80789e-20
    outer loop
      vertex 28.9441 -1.59538 2.5
      vertex 29.0068 -1.59229 5.9
      vertex 29.0068 -1.59229 2.5
    endloop
  endfacet
  facet normal -0.0491116 0.998793 -2.05147e-06
    outer loop
      vertex 29.0068 -1.59229 5.9
      vertex 28.9441 -1.59538 2.5
      vertex 28.85 -1.6 5.9
    endloop
  endfacet
  facet normal -0.0490376 0.998797 0
    outer loop
      vertex 28.85 -1.6 5.9
      vertex 28.9441 -1.59538 2.5
      vertex 28.85 -1.6 2.5
    endloop
  endfacet
  facet normal 0.989213 -0.146487 8.49722e-20
    outer loop
      vertex 27.2577 0.156827 5.9
      vertex 27.2807 0.312144 2.5
      vertex 27.2807 0.312144 5.9
    endloop
  endfacet
  facet normal 0.989213 -0.146487 8.49722e-20
    outer loop
      vertex 27.2807 0.312144 2.5
      vertex 27.2577 0.156827 5.9
      vertex 27.2577 0.156827 2.5
    endloop
  endfacet
  facet normal 0.336926 -0.941531 0
    outer loop
      vertex 28.2377 1.47821 2.5
      vertex 28.3855 1.5311 5.9
      vertex 28.2377 1.47821 5.9
    endloop
  endfacet
  facet normal 0.336926 -0.941531 0
    outer loop
      vertex 28.3855 1.5311 5.9
      vertex 28.2377 1.47821 2.5
      vertex 28.3855 1.5311 2.5
    endloop
  endfacet
  facet normal 0.741092 -0.671404 -1.03755e-18
    outer loop
      vertex 27.6132 1.01503 5.9
      vertex 27.7186 1.13137 2.5
      vertex 27.7186 1.13137 5.9
    endloop
  endfacet
  facet normal 0.741092 -0.671404 -1.03755e-18
    outer loop
      vertex 27.7186 1.13137 2.5
      vertex 27.6132 1.01503 5.9
      vertex 27.6132 1.01503 2.5
    endloop
  endfacet
  facet normal 0.671388 0.741106 -0
    outer loop
      vertex 27.835 -1.23682 2.5
      vertex 27.7186 -1.13137 5.9
      vertex 27.835 -1.23682 5.9
    endloop
  endfacet
  facet normal 0.671388 0.741106 0
    outer loop
      vertex 27.7186 -1.13137 5.9
      vertex 27.835 -1.23682 2.5
      vertex 27.7186 -1.13137 2.5
    endloop
  endfacet
  facet normal -0.242685 0.970105 2.39044e-19
    outer loop
      vertex 29.2535 -1.54636 2.5
      vertex 29.3145 -1.5311 5.9
      vertex 29.3145 -1.5311 2.5
    endloop
  endfacet
  facet normal -0.242895 0.970053 3.99883e-06
    outer loop
      vertex 29.3145 -1.5311 5.9
      vertex 29.2535 -1.54636 2.5
      vertex 29.1621 -1.56926 5.9
    endloop
  endfacet
  facet normal -0.243035 0.970018 0
    outer loop
      vertex 29.1621 -1.56926 5.9
      vertex 29.2535 -1.54636 2.5
      vertex 29.1621 -1.56926 2.5
    endloop
  endfacet
  facet normal 0.941539 0.336905 -1.51622e-18
    outer loop
      vertex 27.3718 -0.612293 5.9
      vertex 27.3189 -0.464455 2.5
      vertex 27.3189 -0.464455 5.9
    endloop
  endfacet
  facet normal 0.941539 0.336905 -1.51622e-18
    outer loop
      vertex 27.3189 -0.464455 2.5
      vertex 27.3718 -0.612293 5.9
      vertex 27.3718 -0.612293 2.5
    endloop
  endfacet
  facet normal -0.336926 0.941531 3.20389e-07
    outer loop
      vertex 29.4623 -1.47821 5.9
      vertex 29.3736 -1.50995 2.5
      vertex 29.3145 -1.5311 5.9
    endloop
  endfacet
  facet normal -0.336915 0.941535 4.96853e-19
    outer loop
      vertex 29.3736 -1.50995 2.5
      vertex 29.4623 -1.47821 5.9
      vertex 29.4623 -1.47821 2.5
    endloop
  endfacet
  facet normal -0.336942 0.941525 0
    outer loop
      vertex 29.3145 -1.5311 5.9
      vertex 29.3736 -1.50995 2.5
      vertex 29.3145 -1.5311 2.5
    endloop
  endfacet
  facet normal 0.941539 -0.336905 1.51622e-18
    outer loop
      vertex 27.3189 0.464455 5.9
      vertex 27.3718 0.612293 2.5
      vertex 27.3718 0.612293 5.9
    endloop
  endfacet
  facet normal 0.941539 -0.336905 1.51622e-18
    outer loop
      vertex 27.3718 0.612293 2.5
      vertex 27.3189 0.464455 5.9
      vertex 27.3189 0.464455 2.5
    endloop
  endfacet
  facet normal 0.595732 0.803184 -0
    outer loop
      vertex 27.9611 -1.33035 2.5
      vertex 27.835 -1.23682 5.9
      vertex 27.9611 -1.33035 5.9
    endloop
  endfacet
  facet normal 0.595732 0.803184 0
    outer loop
      vertex 27.835 -1.23682 5.9
      vertex 27.9611 -1.33035 2.5
      vertex 27.835 -1.23682 2.5
    endloop
  endfacet
  facet normal 0.595732 -0.803184 0
    outer loop
      vertex 27.835 1.23682 2.5
      vertex 27.9611 1.33035 5.9
      vertex 27.835 1.23682 5.9
    endloop
  endfacet
  facet normal 0.595732 -0.803184 0
    outer loop
      vertex 27.9611 1.33035 5.9
      vertex 27.835 1.23682 2.5
      vertex 27.9611 1.33035 2.5
    endloop
  endfacet
  facet normal 0.242895 0.970053 -0
    outer loop
      vertex 28.5379 -1.56926 2.5
      vertex 28.3855 -1.5311 5.9
      vertex 28.5379 -1.56926 5.9
    endloop
  endfacet
  facet normal 0.242895 0.970053 0
    outer loop
      vertex 28.3855 -1.5311 5.9
      vertex 28.5379 -1.56926 2.5
      vertex 28.3855 -1.5311 2.5
    endloop
  endfacet
  facet normal 0.741092 0.671404 1.03755e-18
    outer loop
      vertex 27.7186 -1.13137 5.9
      vertex 27.6132 -1.01503 2.5
      vertex 27.6132 -1.01503 5.9
    endloop
  endfacet
  facet normal 0.741092 0.671404 1.03755e-18
    outer loop
      vertex 27.6132 -1.01503 2.5
      vertex 27.7186 -1.13137 5.9
      vertex 27.7186 -1.13137 2.5
    endloop
  endfacet
  facet normal -0.903905 -0.427732 -1.2017e-20
    outer loop
      vertex 30.3014 0.66907 2.5
      vertex 30.2611 0.754234 5.9
      vertex 30.2611 0.754234 2.5
    endloop
  endfacet
  facet normal -0.904319 -0.426858 -0
    outer loop
      vertex 30.3282 0.612293 5.9
      vertex 30.3014 0.66907 2.5
      vertex 30.3282 0.612293 2.5
    endloop
  endfacet
  facet normal -0.904071 -0.427383 -1.07115e-05
    outer loop
      vertex 30.3014 0.66907 2.5
      vertex 30.3282 0.612293 5.9
      vertex 30.2611 0.754234 5.9
    endloop
  endfacet
  facet normal 0.969959 0.243268 1.30062e-19
    outer loop
      vertex 27.3189 -0.464455 5.9
      vertex 27.2807 -0.312144 2.5
      vertex 27.2807 -0.312144 5.9
    endloop
  endfacet
  facet normal 0.969959 0.243268 1.30062e-19
    outer loop
      vertex 27.2807 -0.312144 2.5
      vertex 27.3189 -0.464455 5.9
      vertex 27.3189 -0.464455 2.5
    endloop
  endfacet
  facet normal 0.336926 0.941531 -0
    outer loop
      vertex 28.3855 -1.5311 2.5
      vertex 28.2377 -1.47821 5.9
      vertex 28.3855 -1.5311 5.9
    endloop
  endfacet
  facet normal 0.336926 0.941531 0
    outer loop
      vertex 28.2377 -1.47821 5.9
      vertex 28.3855 -1.5311 2.5
      vertex 28.2377 -1.47821 2.5
    endloop
  endfacet
  facet normal 0.857793 -0.513995 2.86909e-19
    outer loop
      vertex 27.4389 0.754234 5.9
      vertex 27.5196 0.888912 2.5
      vertex 27.5196 0.888912 5.9
    endloop
  endfacet
  facet normal 0.857793 -0.513995 2.86909e-19
    outer loop
      vertex 27.5196 0.888912 2.5
      vertex 27.4389 0.754234 5.9
      vertex 27.4389 0.754234 2.5
    endloop
  endfacet
  facet normal -1 0 0
    outer loop
      vertex 30.2611 -0.754235 2.5
      vertex 30.2611 -0.754234 5.9
      vertex 30.2611 -0.754234 2.5
    endloop
  endfacet
  facet normal -0.857416 0.514624 -1.5136e-07
    outer loop
      vertex 30.2126 -0.835041 2.5
      vertex 30.2611 -0.754234 5.9
      vertex 30.2611 -0.754235 2.5
    endloop
  endfacet
  facet normal -0.858354 0.513059 0
    outer loop
      vertex 30.1804 -0.888912 5.9
      vertex 30.2126 -0.835041 2.5
      vertex 30.1804 -0.888912 2.5
    endloop
  endfacet
  facet normal -0.857793 0.513995 2.01531e-05
    outer loop
      vertex 30.2126 -0.835041 2.5
      vertex 30.1804 -0.888912 5.9
      vertex 30.2611 -0.754234 5.9
    endloop
  endfacet
  facet normal 0.803011 0.595964 6.79376e-19
    outer loop
      vertex 27.6132 -1.01503 5.9
      vertex 27.5196 -0.888912 2.5
      vertex 27.5196 -0.888912 5.9
    endloop
  endfacet
  facet normal 0.803011 0.595964 6.79376e-19
    outer loop
      vertex 27.5196 -0.888912 2.5
      vertex 27.6132 -1.01503 5.9
      vertex 27.6132 -1.01503 2.5
    endloop
  endfacet
  facet normal -0.998797 -0.0490396 -1.42641e-19
    outer loop
      vertex 30.45 0 2.5
      vertex 30.4423 0.156827 5.9
      vertex 30.4423 0.156827 2.5
    endloop
  endfacet
  facet normal -0.998797 -0.0490396 -1.42641e-19
    outer loop
      vertex 30.4423 0.156827 5.9
      vertex 30.45 0 2.5
      vertex 30.45 0 5.9
    endloop
  endfacet
  facet normal -0.336942 -0.941525 -3.46442e-19
    outer loop
      vertex 29.3736 1.50995 2.5
      vertex 29.3145 1.5311 5.9
      vertex 29.3145 1.5311 2.5
    endloop
  endfacet
  facet normal -0.336926 -0.941531 3.20389e-07
    outer loop
      vertex 29.3145 1.5311 5.9
      vertex 29.3736 1.50995 2.5
      vertex 29.4623 1.47821 5.9
    endloop
  endfacet
  facet normal -0.336915 -0.941535 -0
    outer loop
      vertex 29.4623 1.47821 5.9
      vertex 29.3736 1.50995 2.5
      vertex 29.4623 1.47821 2.5
    endloop
  endfacet
  facet normal -0.595732 -0.803184 0
    outer loop
      vertex 29.7389 1.33035 2.5
      vertex 29.865 1.23682 5.9
      vertex 29.7389 1.33035 5.9
    endloop
  endfacet
  facet normal -0.595732 -0.803184 -0
    outer loop
      vertex 29.865 1.23682 5.9
      vertex 29.7389 1.33035 2.5
      vertex 29.865 1.23682 2.5
    endloop
  endfacet
  facet normal -0.146474 -0.989215 9.52835e-20
    outer loop
      vertex 29.069 1.58308 2.5
      vertex 29.0068 1.59229 5.9
      vertex 29.0068 1.59229 2.5
    endloop
  endfacet
  facet normal -0.146689 -0.989183 -4.03339e-06
    outer loop
      vertex 29.0068 1.59229 5.9
      vertex 29.069 1.58308 2.5
      vertex 29.1621 1.56926 5.9
    endloop
  endfacet
  facet normal -0.146834 -0.989161 -0
    outer loop
      vertex 29.1621 1.56926 5.9
      vertex 29.069 1.58308 2.5
      vertex 29.1621 1.56926 2.5
    endloop
  endfacet
  facet normal 0.514027 0.857774 -0
    outer loop
      vertex 28.0958 -1.41107 2.5
      vertex 27.9611 -1.33035 5.9
      vertex 28.0958 -1.41107 5.9
    endloop
  endfacet
  facet normal 0.514027 0.857774 0
    outer loop
      vertex 27.9611 -1.33035 5.9
      vertex 28.0958 -1.41107 2.5
      vertex 27.9611 -1.33035 2.5
    endloop
  endfacet
  facet normal 0.427692 -0.903925 0
    outer loop
      vertex 28.0958 1.41107 2.5
      vertex 28.2377 1.47821 5.9
      vertex 28.0958 1.41107 5.9
    endloop
  endfacet
  facet normal 0.427692 -0.903925 0
    outer loop
      vertex 28.2377 1.47821 5.9
      vertex 28.0958 1.41107 2.5
      vertex 28.2377 1.47821 2.5
    endloop
  endfacet
  facet normal 0.904071 0.427383 2.7894e-19
    outer loop
      vertex 27.4389 -0.754234 5.9
      vertex 27.3718 -0.612293 2.5
      vertex 27.3718 -0.612293 5.9
    endloop
  endfacet
  facet normal 0.904071 0.427383 2.7894e-19
    outer loop
      vertex 27.3718 -0.612293 2.5
      vertex 27.4389 -0.754234 5.9
      vertex 27.4389 -0.754234 2.5
    endloop
  endfacet
  facet normal -0.803316 -0.595552 5.8048e-20
    outer loop
      vertex 30.1429 0.939359 2.5
      vertex 30.0868 1.01503 5.9
      vertex 30.0868 1.01503 2.5
    endloop
  endfacet
  facet normal -0.802553 -0.596581 -0
    outer loop
      vertex 30.1804 0.888912 5.9
      vertex 30.1429 0.939359 2.5
      vertex 30.1804 0.888912 2.5
    endloop
  endfacet
  facet normal -0.803011 -0.595964 1.42058e-05
    outer loop
      vertex 30.1429 0.939359 2.5
      vertex 30.1804 0.888912 5.9
      vertex 30.0868 1.01503 5.9
    endloop
  endfacet
  facet normal 0.803011 -0.595964 -6.79376e-19
    outer loop
      vertex 27.5196 0.888912 5.9
      vertex 27.6132 1.01503 2.5
      vertex 27.6132 1.01503 5.9
    endloop
  endfacet
  facet normal 0.803011 -0.595964 -6.79376e-19
    outer loop
      vertex 27.6132 1.01503 2.5
      vertex 27.5196 0.888912 5.9
      vertex 27.5196 0.888912 2.5
    endloop
  endfacet
  facet normal -0.741092 0.671404 -1.03755e-18
    outer loop
      vertex 29.9814 -1.13137 2.5
      vertex 30.0868 -1.01503 5.9
      vertex 30.0868 -1.01503 2.5
    endloop
  endfacet
  facet normal -0.741092 0.671404 -1.03755e-18
    outer loop
      vertex 30.0868 -1.01503 5.9
      vertex 29.9814 -1.13137 2.5
      vertex 29.9814 -1.13137 5.9
    endloop
  endfacet
  facet normal -0.0490376 -0.998797 2.00379e-20
    outer loop
      vertex 28.9441 1.59538 2.5
      vertex 28.85 1.6 5.9
      vertex 28.85 1.6 2.5
    endloop
  endfacet
  facet normal -0.0491116 -0.998793 -2.05147e-06
    outer loop
      vertex 28.85 1.6 5.9
      vertex 28.9441 1.59538 2.5
      vertex 29.0068 1.59229 5.9
    endloop
  endfacet
  facet normal -0.0492226 -0.998788 -0
    outer loop
      vertex 29.0068 1.59229 5.9
      vertex 28.9441 1.59538 2.5
      vertex 29.0068 1.59229 2.5
    endloop
  endfacet
  facet normal -0.595732 0.803184 0
    outer loop
      vertex 29.865 -1.23682 2.5
      vertex 29.7389 -1.33035 5.9
      vertex 29.865 -1.23682 5.9
    endloop
  endfacet
  facet normal -0.595732 0.803184 0
    outer loop
      vertex 29.7389 -1.33035 5.9
      vertex 29.865 -1.23682 2.5
      vertex 29.7389 -1.33035 2.5
    endloop
  endfacet
  facet normal -0.428114 0.903725 2.99169e-19
    outer loop
      vertex 29.5475 -1.43793 2.5
      vertex 29.6042 -1.41107 5.9
      vertex 29.6042 -1.41107 2.5
    endloop
  endfacet
  facet normal -0.427692 0.903925 -8.61095e-06
    outer loop
      vertex 29.6042 -1.41107 5.9
      vertex 29.5475 -1.43793 2.5
      vertex 29.4623 -1.47821 5.9
    endloop
  endfacet
  facet normal -0.427411 0.904057 0
    outer loop
      vertex 29.4623 -1.47821 5.9
      vertex 29.5475 -1.43793 2.5
      vertex 29.4623 -1.47821 2.5
    endloop
  endfacet
  facet normal 0.998797 -0.0490396 1.42641e-19
    outer loop
      vertex 27.25 0 5.9
      vertex 27.2577 0.156827 2.5
      vertex 27.2577 0.156827 5.9
    endloop
  endfacet
  facet normal 0.998797 -0.0490396 1.42641e-19
    outer loop
      vertex 27.2577 0.156827 2.5
      vertex 27.25 0 5.9
      vertex 27.25 0 2.5
    endloop
  endfacet
  facet normal 0.998797 0.0490396 -1.42641e-19
    outer loop
      vertex 27.2577 -0.156827 5.9
      vertex 27.25 0 2.5
      vertex 27.25 0 5.9
    endloop
  endfacet
  facet normal 0.998797 0.0490396 -1.42641e-19
    outer loop
      vertex 27.25 0 2.5
      vertex 27.2577 -0.156827 5.9
      vertex 27.2577 -0.156827 2.5
    endloop
  endfacet
  facet normal -0.904319 0.426858 -3.98318e-19
    outer loop
      vertex 30.3014 -0.66907 2.5
      vertex 30.3282 -0.612293 5.9
      vertex 30.3282 -0.612293 2.5
    endloop
  endfacet
  facet normal -0.903905 0.427732 0
    outer loop
      vertex 30.2611 -0.754234 5.9
      vertex 30.3014 -0.66907 2.5
      vertex 30.2611 -0.754234 2.5
    endloop
  endfacet
  facet normal -0.904071 0.427383 -1.07115e-05
    outer loop
      vertex 30.3014 -0.66907 2.5
      vertex 30.2611 -0.754234 5.9
      vertex 30.3282 -0.612293 5.9
    endloop
  endfacet
  facet normal 0.989213 0.146487 -8.49722e-20
    outer loop
      vertex 27.2807 -0.312144 5.9
      vertex 27.2577 -0.156827 2.5
      vertex 27.2577 -0.156827 5.9
    endloop
  endfacet
  facet normal 0.989213 0.146487 -8.49722e-20
    outer loop
      vertex 27.2577 -0.156827 2.5
      vertex 27.2807 -0.312144 5.9
      vertex 27.2807 -0.312144 2.5
    endloop
  endfacet
  facet normal -0.146689 0.989183 -4.03339e-06
    outer loop
      vertex 29.1621 -1.56926 5.9
      vertex 29.069 -1.58308 2.5
      vertex 29.0068 -1.59229 5.9
    endloop
  endfacet
  facet normal -0.146834 0.989161 1.8904e-19
    outer loop
      vertex 29.069 -1.58308 2.5
      vertex 29.1621 -1.56926 5.9
      vertex 29.1621 -1.56926 2.5
    endloop
  endfacet
  facet normal -0.146474 0.989215 0
    outer loop
      vertex 29.0068 -1.59229 5.9
      vertex 29.069 -1.58308 2.5
      vertex 29.0068 -1.59229 2.5
    endloop
  endfacet
  facet normal -0.941539 -0.336905 -1.51622e-18
    outer loop
      vertex 30.3811 0.464455 2.5
      vertex 30.3282 0.612293 5.9
      vertex 30.3282 0.612293 2.5
    endloop
  endfacet
  facet normal -0.941539 -0.336905 -1.51622e-18
    outer loop
      vertex 30.3282 0.612293 5.9
      vertex 30.3811 0.464455 2.5
      vertex 30.3811 0.464455 5.9
    endloop
  endfacet
  facet normal -0.969959 -0.243268 1.30062e-19
    outer loop
      vertex 30.4193 0.312144 2.5
      vertex 30.3811 0.464455 5.9
      vertex 30.3811 0.464455 2.5
    endloop
  endfacet
  facet normal -0.969959 -0.243268 1.30062e-19
    outer loop
      vertex 30.3811 0.464455 5.9
      vertex 30.4193 0.312144 2.5
      vertex 30.4193 0.312144 5.9
    endloop
  endfacet
  facet normal 0.427692 0.903925 -0
    outer loop
      vertex 28.2377 -1.47821 2.5
      vertex 28.0958 -1.41107 5.9
      vertex 28.2377 -1.47821 5.9
    endloop
  endfacet
  facet normal 0.427692 0.903925 0
    outer loop
      vertex 28.0958 -1.41107 5.9
      vertex 28.2377 -1.47821 2.5
      vertex 28.0958 -1.41107 2.5
    endloop
  endfacet
  facet normal -0.671388 0.741106 0
    outer loop
      vertex 29.9814 -1.13137 2.5
      vertex 29.865 -1.23682 5.9
      vertex 29.9814 -1.13137 5.9
    endloop
  endfacet
  facet normal -0.671388 0.741106 0
    outer loop
      vertex 29.865 -1.23682 5.9
      vertex 29.9814 -1.13137 2.5
      vertex 29.865 -1.23682 2.5
    endloop
  endfacet
  facet normal -0.802553 0.596581 -1.15857e-19
    outer loop
      vertex 30.1429 -0.939359 2.5
      vertex 30.1804 -0.888912 5.9
      vertex 30.1804 -0.888912 2.5
    endloop
  endfacet
  facet normal -0.803316 0.595552 0
    outer loop
      vertex 30.0868 -1.01503 5.9
      vertex 30.1429 -0.939359 2.5
      vertex 30.0868 -1.01503 2.5
    endloop
  endfacet
  facet normal -0.803011 0.595964 1.42058e-05
    outer loop
      vertex 30.1429 -0.939359 2.5
      vertex 30.0868 -1.01503 5.9
      vertex 30.1804 -0.888912 5.9
    endloop
  endfacet
  facet normal -0.427692 -0.903925 -8.61095e-06
    outer loop
      vertex 29.4623 1.47821 5.9
      vertex 29.5475 1.43793 2.5
      vertex 29.6042 1.41107 5.9
    endloop
  endfacet
  facet normal -0.427411 -0.904057 -1.93201e-19
    outer loop
      vertex 29.5475 1.43793 2.5
      vertex 29.4623 1.47821 5.9
      vertex 29.4623 1.47821 2.5
    endloop
  endfacet
  facet normal -0.428114 -0.903725 -0
    outer loop
      vertex 29.6042 1.41107 5.9
      vertex 29.5475 1.43793 2.5
      vertex 29.6042 1.41107 2.5
    endloop
  endfacet
  facet normal -0.513911 -0.857844 -3.55316e-19
    outer loop
      vertex 29.6581 1.37878 2.5
      vertex 29.6042 1.41107 5.9
      vertex 29.6042 1.41107 2.5
    endloop
  endfacet
  facet normal -0.514027 -0.857774 -2.51912e-06
    outer loop
      vertex 29.6042 1.41107 5.9
      vertex 29.6581 1.37878 2.5
      vertex 29.7389 1.33035 5.9
    endloop
  endfacet
  facet normal -0.514105 -0.857727 -0
    outer loop
      vertex 29.7389 1.33035 5.9
      vertex 29.6581 1.37878 2.5
      vertex 29.7389 1.33035 2.5
    endloop
  endfacet
  facet normal -0.998797 0.0490396 1.42641e-19
    outer loop
      vertex 30.4423 -0.156827 2.5
      vertex 30.45 0 5.9
      vertex 30.45 0 2.5
    endloop
  endfacet
  facet normal -0.998797 0.0490396 1.42641e-19
    outer loop
      vertex 30.45 0 5.9
      vertex 30.4423 -0.156827 2.5
      vertex 30.4423 -0.156827 5.9
    endloop
  endfacet
  facet normal 0.0491116 0.998793 -0
    outer loop
      vertex 28.85 -1.6 2.5
      vertex 28.6932 -1.59229 5.9
      vertex 28.85 -1.6 5.9
    endloop
  endfacet
  facet normal 0.0491116 0.998793 0
    outer loop
      vertex 28.6932 -1.59229 5.9
      vertex 28.85 -1.6 2.5
      vertex 28.6932 -1.59229 2.5
    endloop
  endfacet
  facet normal -0.941539 0.336905 1.51622e-18
    outer loop
      vertex 30.3282 -0.612293 2.5
      vertex 30.3811 -0.464455 5.9
      vertex 30.3811 -0.464455 2.5
    endloop
  endfacet
  facet normal -0.941539 0.336905 1.51622e-18
    outer loop
      vertex 30.3811 -0.464455 5.9
      vertex 30.3282 -0.612293 2.5
      vertex 30.3282 -0.612293 5.9
    endloop
  endfacet
  facet normal -0.741092 -0.671404 1.03755e-18
    outer loop
      vertex 30.0868 1.01503 2.5
      vertex 29.9814 1.13137 5.9
      vertex 29.9814 1.13137 2.5
    endloop
  endfacet
  facet normal -0.741092 -0.671404 0
    outer loop
      vertex 30.0868 1.01503 2.5
      vertex 30.0868 1.01503 5.9
      vertex 29.9814 1.13137 5.9
    endloop
  endfacet
  facet normal -0.857852 -0.513896 4.83548e-19
    outer loop
      vertex 31.7162 36.282 0
      vertex 31.5523 36.5556 5.9
      vertex 31.5523 36.5556 0
    endloop
  endfacet
  facet normal -0.857852 -0.513896 4.83548e-19
    outer loop
      vertex 31.5523 36.5556 5.9
      vertex 31.7162 36.282 0
      vertex 31.7162 36.282 5.9
    endloop
  endfacet
  facet normal 0.989215 0.146469 -1.32994e-19
    outer loop
      vertex 25.6624 25.616 5.9
      vertex 25.6157 25.9314 0
      vertex 25.6157 25.9314 5.9
    endloop
  endfacet
  facet normal 0.989215 0.146469 -1.32994e-19
    outer loop
      vertex 25.6157 25.9314 0
      vertex 25.6624 25.616 5.9
      vertex 25.6624 25.616 0
    endloop
  endfacet
  facet normal -0.0489056 -0.998803 0
    outer loop
      vertex 28.85 38 0
      vertex 29.1686 37.9844 5.9
      vertex 28.85 38 5.9
    endloop
  endfacet
  facet normal -0.0489056 -0.998803 -0
    outer loop
      vertex 29.1686 37.9844 5.9
      vertex 28.85 38 0
      vertex 29.1686 37.9844 0
    endloop
  endfacet
  facet normal 0.146776 0.98917 -0
    outer loop
      vertex 28.5314 23.0156 0
      vertex 28.216 23.0624 5.9
      vertex 28.5314 23.0156 5.9
    endloop
  endfacet
  facet normal 0.146776 0.98917 0
    outer loop
      vertex 28.216 23.0624 5.9
      vertex 28.5314 23.0156 0
      vertex 28.216 23.0624 0
    endloop
  endfacet
  facet normal -0.998803 0.0489056 -1.75425e-19
    outer loop
      vertex 32.0844 25.9314 0
      vertex 32.1 26.25 5.9
      vertex 32.1 26.25 0
    endloop
  endfacet
  facet normal -0.998803 0.0489056 -1.75425e-19
    outer loop
      vertex 32.1 26.25 5.9
      vertex 32.0844 25.9314 0
      vertex 32.0844 25.9314 5.9
    endloop
  endfacet
  facet normal 0.998788 0.0492184 -7.20375e-20
    outer loop
      vertex 25.6157 25.9314 5.9
      vertex 25.6 26.25 0
      vertex 25.6 26.25 5.9
    endloop
  endfacet
  facet normal 0.998788 0.0492184 -7.20375e-20
    outer loop
      vertex 25.6 26.25 0
      vertex 25.6157 25.9314 5.9
      vertex 25.6157 25.9314 0
    endloop
  endfacet
  facet normal -0.595677 0.803224 0
    outer loop
      vertex 30.9118 23.7377 0
      vertex 30.6556 23.5477 5.9
      vertex 30.9118 23.7377 5.9
    endloop
  endfacet
  facet normal -0.595677 0.803224 0
    outer loop
      vertex 30.6556 23.5477 5.9
      vertex 30.9118 23.7377 0
      vertex 30.6556 23.5477 0
    endloop
  endfacet
  facet normal 0.803224 0.595677 -3.78984e-19
    outer loop
      vertex 26.3377 24.1882 5.9
      vertex 26.1477 24.4444 0
      vertex 26.1477 24.4444 5.9
    endloop
  endfacet
  facet normal 0.803224 0.595677 -3.78984e-19
    outer loop
      vertex 26.1477 24.4444 0
      vertex 26.3377 24.1882 5.9
      vertex 26.3377 24.1882 0
    endloop
  endfacet
  facet normal 0.989215 -0.146469 -4.58665e-19
    outer loop
      vertex 25.6157 35.0686 5.9
      vertex 25.6624 35.384 0
      vertex 25.6624 35.384 5.9
    endloop
  endfacet
  facet normal 0.989215 -0.146469 -4.58665e-19
    outer loop
      vertex 25.6624 35.384 0
      vertex 25.6157 35.0686 5.9
      vertex 25.6157 35.0686 0
    endloop
  endfacet
  facet normal 0.0489056 0.998803 -0
    outer loop
      vertex 28.85 23 0
      vertex 28.5314 23.0156 5.9
      vertex 28.85 23 5.9
    endloop
  endfacet
  facet normal 0.0489056 0.998803 0
    outer loop
      vertex 28.5314 23.0156 5.9
      vertex 28.85 23 0
      vertex 28.5314 23.0156 0
    endloop
  endfacet
  facet normal 0.941493 -0.337031 7.43817e-19
    outer loop
      vertex 25.7399 35.6934 5.9
      vertex 25.8474 35.9937 0
      vertex 25.8474 35.9937 5.9
    endloop
  endfacet
  facet normal 0.941493 -0.337031 7.43817e-19
    outer loop
      vertex 25.8474 35.9937 0
      vertex 25.7399 35.6934 5.9
      vertex 25.7399 35.6934 0
    endloop
  endfacet
  facet normal -0.337031 -0.941493 0
    outer loop
      vertex 29.7934 37.8601 0
      vertex 30.0937 37.7526 5.9
      vertex 29.7934 37.8601 5.9
    endloop
  endfacet
  facet normal -0.337031 -0.941493 -0
    outer loop
      vertex 30.0937 37.7526 5.9
      vertex 29.7934 37.8601 0
      vertex 30.0937 37.7526 0
    endloop
  endfacet
  facet normal -0.903936 -0.427668 -2.99304e-19
    outer loop
      vertex 31.8526 35.9937 0
      vertex 31.7162 36.282 5.9
      vertex 31.7162 36.282 0
    endloop
  endfacet
  facet normal -0.903936 -0.427668 -2.99304e-19
    outer loop
      vertex 31.7162 36.282 5.9
      vertex 31.8526 35.9937 0
      vertex 31.8526 35.9937 5.9
    endloop
  endfacet
  facet normal -0.998803 -0.0489056 2.22619e-19
    outer loop
      vertex 32.1 34.75 0
      vertex 32.0844 35.0686 5.9
      vertex 32.0844 35.0686 0
    endloop
  endfacet
  facet normal -0.998803 -0.0489056 2.22619e-19
    outer loop
      vertex 32.0844 35.0686 5.9
      vertex 32.1 34.75 0
      vertex 32.1 34.75 5.9
    endloop
  endfacet
  facet normal 0.857852 -0.513896 -4.83548e-19
    outer loop
      vertex 25.9838 36.282 5.9
      vertex 26.1477 36.5556 0
      vertex 26.1477 36.5556 5.9
    endloop
  endfacet
  facet normal 0.857852 -0.513896 -4.83548e-19
    outer loop
      vertex 26.1477 36.5556 0
      vertex 25.9838 36.282 5.9
      vertex 25.9838 36.282 0
    endloop
  endfacet
  facet normal -0.903936 0.427668 2.99304e-19
    outer loop
      vertex 31.7162 24.718 0
      vertex 31.8526 25.0063 5.9
      vertex 31.8526 25.0063 0
    endloop
  endfacet
  facet normal -0.903936 0.427668 2.99304e-19
    outer loop
      vertex 31.8526 25.0063 5.9
      vertex 31.7162 24.718 0
      vertex 31.7162 24.718 5.9
    endloop
  endfacet
  facet normal -0.970032 0.242978 -7.62349e-19
    outer loop
      vertex 31.9601 25.3066 0
      vertex 32.0376 25.616 5.9
      vertex 32.0376 25.616 0
    endloop
  endfacet
  facet normal -0.970032 0.242978 -7.62349e-19
    outer loop
      vertex 32.0376 25.616 5.9
      vertex 31.9601 25.3066 0
      vertex 31.9601 25.3066 5.9
    endloop
  endfacet
  facet normal 0.0489056 -0.998803 0
    outer loop
      vertex 28.5314 37.9844 0
      vertex 28.85 38 5.9
      vertex 28.5314 37.9844 5.9
    endloop
  endfacet
  facet normal 0.0489056 -0.998803 0
    outer loop
      vertex 28.85 38 5.9
      vertex 28.5314 37.9844 0
      vertex 28.85 38 0
    endloop
  endfacet
  facet normal 0.998788 -0.0492184 2.13616e-19
    outer loop
      vertex 25.6 34.75 5.9
      vertex 25.6157 35.0686 0
      vertex 25.6157 35.0686 5.9
    endloop
  endfacet
  facet normal 0.998788 -0.0492184 2.13616e-19
    outer loop
      vertex 25.6157 35.0686 0
      vertex 25.6 34.75 5.9
      vertex 25.6 34.75 0
    endloop
  endfacet
  facet normal 1 -0 0
    outer loop
      vertex 25.6 26.25 5.9
      vertex 25.6 34.75 0
      vertex 25.6 34.75 5.9
    endloop
  endfacet
  facet normal 1 0 0
    outer loop
      vertex 25.6 34.75 0
      vertex 25.6 26.25 5.9
      vertex 25.6 26.25 0
    endloop
  endfacet
  facet normal -0.98917 -0.146776 1.28904e-19
    outer loop
      vertex 32.0844 35.0686 0
      vertex 32.0376 35.384 5.9
      vertex 32.0376 35.384 0
    endloop
  endfacet
  facet normal -0.98917 -0.146776 1.28904e-19
    outer loop
      vertex 32.0376 35.384 5.9
      vertex 32.0844 35.0686 0
      vertex 32.0844 35.0686 5.9
    endloop
  endfacet
  facet normal -1 0 0
    outer loop
      vertex 32.1 26.25 0
      vertex 32.1 34.75 5.9
      vertex 32.1 34.75 0
    endloop
  endfacet
  facet normal -1 -0 0
    outer loop
      vertex 32.1 34.75 5.9
      vertex 32.1 26.25 0
      vertex 32.1 26.25 5.9
    endloop
  endfacet
  facet normal -0.803224 -0.595677 1.29648e-18
    outer loop
      vertex 31.5523 36.5556 0
      vertex 31.3623 36.8118 5.9
      vertex 31.3623 36.8118 0
    endloop
  endfacet
  facet normal -0.803224 -0.595677 1.29648e-18
    outer loop
      vertex 31.3623 36.8118 5.9
      vertex 31.5523 36.5556 0
      vertex 31.5523 36.5556 5.9
    endloop
  endfacet
  facet normal 0.740904 -0.671611 4.40362e-19
    outer loop
      vertex 26.3377 36.8118 5.9
      vertex 26.5519 37.0481 0
      vertex 26.5519 37.0481 5.9
    endloop
  endfacet
  facet normal 0.740904 -0.671611 4.40362e-19
    outer loop
      vertex 26.5519 37.0481 0
      vertex 26.3377 36.8118 5.9
      vertex 26.3377 36.8118 0
    endloop
  endfacet
  facet normal -0.803224 0.595677 -2.64062e-19
    outer loop
      vertex 31.3623 24.1882 0
      vertex 31.5523 24.4444 5.9
      vertex 31.5523 24.4444 0
    endloop
  endfacet
  facet normal -0.803224 0.595677 -2.64062e-19
    outer loop
      vertex 31.5523 24.4444 5.9
      vertex 31.3623 24.1882 0
      vertex 31.3623 24.1882 5.9
    endloop
  endfacet
  facet normal 0.337031 -0.941493 0
    outer loop
      vertex 27.6063 37.7526 0
      vertex 27.9066 37.8601 5.9
      vertex 27.6063 37.7526 5.9
    endloop
  endfacet
  facet normal 0.337031 -0.941493 0
    outer loop
      vertex 27.9066 37.8601 5.9
      vertex 27.6063 37.7526 0
      vertex 27.9066 37.8601 0
    endloop
  endfacet
  facet normal -0.941493 -0.337031 -7.43817e-19
    outer loop
      vertex 31.9601 35.6934 0
      vertex 31.8526 35.9937 5.9
      vertex 31.8526 35.9937 0
    endloop
  endfacet
  facet normal -0.941493 -0.337031 -7.43817e-19
    outer loop
      vertex 31.8526 35.9937 5.9
      vertex 31.9601 35.6934 0
      vertex 31.9601 35.6934 5.9
    endloop
  endfacet
  facet normal -0.740904 -0.671611 -3.87261e-19
    outer loop
      vertex 31.3623 36.8118 0
      vertex 31.1481 37.0481 5.9
      vertex 31.1481 37.0481 0
    endloop
  endfacet
  facet normal -0.740904 -0.671611 -3.87261e-19
    outer loop
      vertex 31.1481 37.0481 5.9
      vertex 31.3623 36.8118 0
      vertex 31.3623 36.8118 5.9
    endloop
  endfacet
  facet normal 0.970032 -0.242978 4.17575e-19
    outer loop
      vertex 25.6624 35.384 5.9
      vertex 25.7399 35.6934 0
      vertex 25.7399 35.6934 5.9
    endloop
  endfacet
  facet normal 0.970032 -0.242978 4.17575e-19
    outer loop
      vertex 25.7399 35.6934 0
      vertex 25.6624 35.384 5.9
      vertex 25.6624 35.384 0
    endloop
  endfacet
  facet normal 0.903936 -0.427668 2.99304e-19
    outer loop
      vertex 25.8474 35.9937 5.9
      vertex 25.9838 36.282 0
      vertex 25.9838 36.282 5.9
    endloop
  endfacet
  facet normal 0.903936 -0.427668 2.99304e-19
    outer loop
      vertex 25.9838 36.282 0
      vertex 25.8474 35.9937 5.9
      vertex 25.8474 35.9937 0
    endloop
  endfacet
  facet normal -0.513896 -0.857852 0
    outer loop
      vertex 30.382 37.6162 0
      vertex 30.6556 37.4523 5.9
      vertex 30.382 37.6162 5.9
    endloop
  endfacet
  facet normal -0.513896 -0.857852 -0
    outer loop
      vertex 30.6556 37.4523 5.9
      vertex 30.382 37.6162 0
      vertex 30.6556 37.4523 0
    endloop
  endfacet
  facet normal -0.671611 -0.740904 0
    outer loop
      vertex 30.9118 37.2623 0
      vertex 31.1481 37.0481 5.9
      vertex 30.9118 37.2623 5.9
    endloop
  endfacet
  facet normal -0.671611 -0.740904 -0
    outer loop
      vertex 31.1481 37.0481 5.9
      vertex 30.9118 37.2623 0
      vertex 31.1481 37.0481 0
    endloop
  endfacet
  facet normal -0.970032 -0.242978 -4.17575e-19
    outer loop
      vertex 32.0376 35.384 0
      vertex 31.9601 35.6934 5.9
      vertex 31.9601 35.6934 0
    endloop
  endfacet
  facet normal -0.970032 -0.242978 -4.17575e-19
    outer loop
      vertex 31.9601 35.6934 5.9
      vertex 32.0376 35.384 0
      vertex 32.0376 35.384 5.9
    endloop
  endfacet
  facet normal -0.427668 -0.903936 0
    outer loop
      vertex 30.0937 37.7526 0
      vertex 30.382 37.6162 5.9
      vertex 30.0937 37.7526 5.9
    endloop
  endfacet
  facet normal -0.427668 -0.903936 -0
    outer loop
      vertex 30.382 37.6162 5.9
      vertex 30.0937 37.7526 0
      vertex 30.382 37.6162 0
    endloop
  endfacet
  facet normal -0.146776 -0.98917 0
    outer loop
      vertex 29.1686 37.9844 0
      vertex 29.484 37.9376 5.9
      vertex 29.1686 37.9844 5.9
    endloop
  endfacet
  facet normal -0.146776 -0.98917 -0
    outer loop
      vertex 29.484 37.9376 5.9
      vertex 29.1686 37.9844 0
      vertex 29.484 37.9376 0
    endloop
  endfacet
  facet normal 0.146776 -0.98917 0
    outer loop
      vertex 28.216 37.9376 0
      vertex 28.5314 37.9844 5.9
      vertex 28.216 37.9376 5.9
    endloop
  endfacet
  facet normal 0.146776 -0.98917 0
    outer loop
      vertex 28.5314 37.9844 5.9
      vertex 28.216 37.9376 0
      vertex 28.5314 37.9844 0
    endloop
  endfacet
  facet normal -0.98917 0.146776 -2.70542e-19
    outer loop
      vertex 32.0376 25.616 0
      vertex 32.0844 25.9314 5.9
      vertex 32.0844 25.9314 0
    endloop
  endfacet
  facet normal -0.98917 0.146776 -2.70542e-19
    outer loop
      vertex 32.0844 25.9314 5.9
      vertex 32.0376 25.616 0
      vertex 32.0376 25.616 5.9
    endloop
  endfacet
  facet normal -0.242978 -0.970032 0
    outer loop
      vertex 29.484 37.9376 0
      vertex 29.7934 37.8601 5.9
      vertex 29.484 37.9376 5.9
    endloop
  endfacet
  facet normal -0.242978 -0.970032 -0
    outer loop
      vertex 29.7934 37.8601 5.9
      vertex 29.484 37.9376 0
      vertex 29.7934 37.8601 0
    endloop
  endfacet
  facet normal -0.857852 0.513896 -1.76746e-19
    outer loop
      vertex 31.5523 24.4444 0
      vertex 31.7162 24.718 5.9
      vertex 31.7162 24.718 0
    endloop
  endfacet
  facet normal -0.857852 0.513896 -1.76746e-19
    outer loop
      vertex 31.7162 24.718 5.9
      vertex 31.5523 24.4444 0
      vertex 31.5523 24.4444 5.9
    endloop
  endfacet
  facet normal -0.941493 0.337031 7.43817e-19
    outer loop
      vertex 31.8526 25.0063 0
      vertex 31.9601 25.3066 5.9
      vertex 31.9601 25.3066 0
    endloop
  endfacet
  facet normal -0.941493 0.337031 7.43817e-19
    outer loop
      vertex 31.9601 25.3066 5.9
      vertex 31.8526 25.0063 0
      vertex 31.8526 25.0063 5.9
    endloop
  endfacet
  facet normal 0.671611 -0.740904 0
    outer loop
      vertex 26.5519 37.0481 0
      vertex 26.7882 37.2623 5.9
      vertex 26.5519 37.0481 5.9
    endloop
  endfacet
  facet normal 0.671611 -0.740904 0
    outer loop
      vertex 26.7882 37.2623 5.9
      vertex 26.5519 37.0481 0
      vertex 26.7882 37.2623 0
    endloop
  endfacet
  facet normal 0.803224 -0.595677 -6.53429e-19
    outer loop
      vertex 26.1477 36.5556 5.9
      vertex 26.3377 36.8118 0
      vertex 26.3377 36.8118 5.9
    endloop
  endfacet
  facet normal 0.803224 -0.595677 -6.53429e-19
    outer loop
      vertex 26.3377 36.8118 0
      vertex 26.1477 36.5556 5.9
      vertex 26.1477 36.5556 0
    endloop
  endfacet
  facet normal 0.242978 -0.970032 0
    outer loop
      vertex 27.9066 37.8601 0
      vertex 28.216 37.9376 5.9
      vertex 27.9066 37.8601 5.9
    endloop
  endfacet
  facet normal 0.242978 -0.970032 0
    outer loop
      vertex 28.216 37.9376 5.9
      vertex 27.9066 37.8601 0
      vertex 28.216 37.9376 0
    endloop
  endfacet
  facet normal 0.337031 0.941493 -0
    outer loop
      vertex 27.9066 23.1399 0
      vertex 27.6063 23.2474 5.9
      vertex 27.9066 23.1399 5.9
    endloop
  endfacet
  facet normal 0.337031 0.941493 0
    outer loop
      vertex 27.6063 23.2474 5.9
      vertex 27.9066 23.1399 0
      vertex 27.6063 23.2474 0
    endloop
  endfacet
  facet normal -0.671611 0.740904 0
    outer loop
      vertex 31.1481 23.9519 0
      vertex 30.9118 23.7377 5.9
      vertex 31.1481 23.9519 5.9
    endloop
  endfacet
  facet normal -0.671611 0.740904 0
    outer loop
      vertex 30.9118 23.7377 5.9
      vertex 31.1481 23.9519 0
      vertex 30.9118 23.7377 0
    endloop
  endfacet
  facet normal 0.941493 0.337031 -7.43817e-19
    outer loop
      vertex 25.8474 25.0063 5.9
      vertex 25.7399 25.3066 0
      vertex 25.7399 25.3066 5.9
    endloop
  endfacet
  facet normal 0.941493 0.337031 -7.43817e-19
    outer loop
      vertex 25.7399 25.3066 0
      vertex 25.8474 25.0063 5.9
      vertex 25.8474 25.0063 0
    endloop
  endfacet
  facet normal 0.595677 0.803224 -0
    outer loop
      vertex 27.0444 23.5477 0
      vertex 26.7882 23.7377 5.9
      vertex 27.0444 23.5477 5.9
    endloop
  endfacet
  facet normal 0.595677 0.803224 0
    outer loop
      vertex 26.7882 23.7377 5.9
      vertex 27.0444 23.5477 0
      vertex 26.7882 23.7377 0
    endloop
  endfacet
  facet normal -0.595677 -0.803224 0
    outer loop
      vertex 30.6556 37.4523 0
      vertex 30.9118 37.2623 5.9
      vertex 30.6556 37.4523 5.9
    endloop
  endfacet
  facet normal -0.595677 -0.803224 -0
    outer loop
      vertex 30.9118 37.2623 5.9
      vertex 30.6556 37.4523 0
      vertex 30.9118 37.2623 0
    endloop
  endfacet
  facet normal -0.513896 0.857852 0
    outer loop
      vertex 30.6556 23.5477 0
      vertex 30.382 23.3838 5.9
      vertex 30.6556 23.5477 5.9
    endloop
  endfacet
  facet normal -0.513896 0.857852 0
    outer loop
      vertex 30.382 23.3838 5.9
      vertex 30.6556 23.5477 0
      vertex 30.382 23.3838 0
    endloop
  endfacet
  facet normal 0.857852 0.513896 1.76746e-19
    outer loop
      vertex 26.1477 24.4444 5.9
      vertex 25.9838 24.718 0
      vertex 25.9838 24.718 5.9
    endloop
  endfacet
  facet normal 0.857852 0.513896 1.76746e-19
    outer loop
      vertex 25.9838 24.718 0
      vertex 26.1477 24.4444 5.9
      vertex 26.1477 24.4444 0
    endloop
  endfacet
  facet normal -0.0489056 0.998803 0
    outer loop
      vertex 29.1686 23.0156 0
      vertex 28.85 23 5.9
      vertex 29.1686 23.0156 5.9
    endloop
  endfacet
  facet normal -0.0489056 0.998803 0
    outer loop
      vertex 28.85 23 5.9
      vertex 29.1686 23.0156 0
      vertex 28.85 23 0
    endloop
  endfacet
  facet normal -0.427668 0.903936 0
    outer loop
      vertex 30.382 23.3838 0
      vertex 30.0937 23.2474 5.9
      vertex 30.382 23.3838 5.9
    endloop
  endfacet
  facet normal -0.427668 0.903936 0
    outer loop
      vertex 30.0937 23.2474 5.9
      vertex 30.382 23.3838 0
      vertex 30.0937 23.2474 0
    endloop
  endfacet
  facet normal -0.337031 0.941493 0
    outer loop
      vertex 30.0937 23.2474 0
      vertex 29.7934 23.1399 5.9
      vertex 30.0937 23.2474 5.9
    endloop
  endfacet
  facet normal -0.337031 0.941493 0
    outer loop
      vertex 29.7934 23.1399 5.9
      vertex 30.0937 23.2474 0
      vertex 29.7934 23.1399 0
    endloop
  endfacet
  facet normal -0.740904 0.671611 3.87261e-19
    outer loop
      vertex 31.1481 23.9519 0
      vertex 31.3623 24.1882 5.9
      vertex 31.3623 24.1882 0
    endloop
  endfacet
  facet normal -0.740904 0.671611 3.87261e-19
    outer loop
      vertex 31.3623 24.1882 5.9
      vertex 31.1481 23.9519 0
      vertex 31.1481 23.9519 5.9
    endloop
  endfacet
  facet normal 0.513896 -0.857852 0
    outer loop
      vertex 27.0444 37.4523 0
      vertex 27.318 37.6162 5.9
      vertex 27.0444 37.4523 5.9
    endloop
  endfacet
  facet normal 0.513896 -0.857852 0
    outer loop
      vertex 27.318 37.6162 5.9
      vertex 27.0444 37.4523 0
      vertex 27.318 37.6162 0
    endloop
  endfacet
  facet normal 0.513896 0.857852 -0
    outer loop
      vertex 27.318 23.3838 0
      vertex 27.0444 23.5477 5.9
      vertex 27.318 23.3838 5.9
    endloop
  endfacet
  facet normal 0.513896 0.857852 0
    outer loop
      vertex 27.0444 23.5477 5.9
      vertex 27.318 23.3838 0
      vertex 27.0444 23.5477 0
    endloop
  endfacet
  facet normal 0.242978 0.970032 -0
    outer loop
      vertex 28.216 23.0624 0
      vertex 27.9066 23.1399 5.9
      vertex 28.216 23.0624 5.9
    endloop
  endfacet
  facet normal 0.242978 0.970032 0
    outer loop
      vertex 27.9066 23.1399 5.9
      vertex 28.216 23.0624 0
      vertex 27.9066 23.1399 0
    endloop
  endfacet
  facet normal 0.903936 0.427668 -2.99304e-19
    outer loop
      vertex 25.9838 24.718 5.9
      vertex 25.8474 25.0063 0
      vertex 25.8474 25.0063 5.9
    endloop
  endfacet
  facet normal 0.903936 0.427668 -2.99304e-19
    outer loop
      vertex 25.8474 25.0063 0
      vertex 25.9838 24.718 5.9
      vertex 25.9838 24.718 0
    endloop
  endfacet
  facet normal -0.146776 0.98917 0
    outer loop
      vertex 29.484 23.0624 0
      vertex 29.1686 23.0156 5.9
      vertex 29.484 23.0624 5.9
    endloop
  endfacet
  facet normal -0.146776 0.98917 0
    outer loop
      vertex 29.1686 23.0156 5.9
      vertex 29.484 23.0624 0
      vertex 29.1686 23.0156 0
    endloop
  endfacet
  facet normal 0.595677 -0.803224 0
    outer loop
      vertex 26.7882 37.2623 0
      vertex 27.0444 37.4523 5.9
      vertex 26.7882 37.2623 5.9
    endloop
  endfacet
  facet normal 0.595677 -0.803224 0
    outer loop
      vertex 27.0444 37.4523 5.9
      vertex 26.7882 37.2623 0
      vertex 27.0444 37.4523 0
    endloop
  endfacet
  facet normal 0.427668 0.903936 -0
    outer loop
      vertex 27.6063 23.2474 0
      vertex 27.318 23.3838 5.9
      vertex 27.6063 23.2474 5.9
    endloop
  endfacet
  facet normal 0.427668 0.903936 0
    outer loop
      vertex 27.318 23.3838 5.9
      vertex 27.6063 23.2474 0
      vertex 27.318 23.3838 0
    endloop
  endfacet
  facet normal -0.242978 0.970032 0
    outer loop
      vertex 29.7934 23.1399 0
      vertex 29.484 23.0624 5.9
      vertex 29.7934 23.1399 5.9
    endloop
  endfacet
  facet normal -0.242978 0.970032 0
    outer loop
      vertex 29.484 23.0624 5.9
      vertex 29.7934 23.1399 0
      vertex 29.484 23.0624 0
    endloop
  endfacet
  facet normal 0.740904 0.671611 -4.40362e-19
    outer loop
      vertex 26.5519 23.9519 5.9
      vertex 26.3377 24.1882 0
      vertex 26.3377 24.1882 5.9
    endloop
  endfacet
  facet normal 0.740904 0.671611 -4.40362e-19
    outer loop
      vertex 26.3377 24.1882 0
      vertex 26.5519 23.9519 5.9
      vertex 26.5519 23.9519 0
    endloop
  endfacet
  facet normal 0.427668 -0.903936 0
    outer loop
      vertex 27.318 37.6162 0
      vertex 27.6063 37.7526 5.9
      vertex 27.318 37.6162 5.9
    endloop
  endfacet
  facet normal 0.427668 -0.903936 0
    outer loop
      vertex 27.6063 37.7526 5.9
      vertex 27.318 37.6162 0
      vertex 27.6063 37.7526 0
    endloop
  endfacet
  facet normal 0.671611 0.740904 -0
    outer loop
      vertex 26.7882 23.7377 0
      vertex 26.5519 23.9519 5.9
      vertex 26.7882 23.7377 5.9
    endloop
  endfacet
  facet normal 0.671611 0.740904 0
    outer loop
      vertex 26.5519 23.9519 5.9
      vertex 26.7882 23.7377 0
      vertex 26.5519 23.9519 0
    endloop
  endfacet
  facet normal 0.970032 0.242978 7.62349e-19
    outer loop
      vertex 25.7399 25.3066 5.9
      vertex 25.6624 25.616 0
      vertex 25.6624 25.616 5.9
    endloop
  endfacet
  facet normal 0.970032 0.242978 7.62349e-19
    outer loop
      vertex 25.6624 25.616 0
      vertex 25.7399 25.3066 5.9
      vertex 25.7399 25.3066 0
    endloop
  endfacet
  facet normal 0.513896 -0.857852 0
    outer loop
      vertex 27.0444 -23.5477 0
      vertex 27.318 -23.3838 5.9
      vertex 27.0444 -23.5477 5.9
    endloop
  endfacet
  facet normal 0.513896 -0.857852 0
    outer loop
      vertex 27.318 -23.3838 5.9
      vertex 27.0444 -23.5477 0
      vertex 27.318 -23.3838 0
    endloop
  endfacet
  facet normal 0.989215 0.146469 4.58665e-19
    outer loop
      vertex 25.6624 -35.384 5.9
      vertex 25.6157 -35.0686 0
      vertex 25.6157 -35.0686 5.9
    endloop
  endfacet
  facet normal 0.989215 0.146469 4.58665e-19
    outer loop
      vertex 25.6157 -35.0686 0
      vertex 25.6624 -35.384 5.9
      vertex 25.6624 -35.384 0
    endloop
  endfacet
  facet normal -0.0489056 -0.998803 0
    outer loop
      vertex 28.85 -23 0
      vertex 29.1686 -23.0156 5.9
      vertex 28.85 -23 5.9
    endloop
  endfacet
  facet normal -0.0489056 -0.998803 -0
    outer loop
      vertex 29.1686 -23.0156 5.9
      vertex 28.85 -23 0
      vertex 29.1686 -23.0156 0
    endloop
  endfacet
  facet normal -0.998803 0.0489056 -2.22619e-19
    outer loop
      vertex 32.0844 -35.0686 0
      vertex 32.1 -34.75 5.9
      vertex 32.1 -34.75 0
    endloop
  endfacet
  facet normal -0.998803 0.0489056 -2.22619e-19
    outer loop
      vertex 32.1 -34.75 5.9
      vertex 32.0844 -35.0686 0
      vertex 32.0844 -35.0686 5.9
    endloop
  endfacet
  facet normal 0.998788 0.0492184 -2.13616e-19
    outer loop
      vertex 25.6157 -35.0686 5.9
      vertex 25.6 -34.75 0
      vertex 25.6 -34.75 5.9
    endloop
  endfacet
  facet normal 0.998788 0.0492184 -2.13616e-19
    outer loop
      vertex 25.6 -34.75 0
      vertex 25.6157 -35.0686 5.9
      vertex 25.6157 -35.0686 0
    endloop
  endfacet
  facet normal -0.595677 0.803224 0
    outer loop
      vertex 30.9118 -37.2623 0
      vertex 30.6556 -37.4523 5.9
      vertex 30.9118 -37.2623 5.9
    endloop
  endfacet
  facet normal -0.595677 0.803224 0
    outer loop
      vertex 30.6556 -37.4523 5.9
      vertex 30.9118 -37.2623 0
      vertex 30.6556 -37.4523 0
    endloop
  endfacet
  facet normal -0.903936 -0.427668 -2.99304e-19
    outer loop
      vertex 31.8526 -25.0063 0
      vertex 31.7162 -24.718 5.9
      vertex 31.7162 -24.718 0
    endloop
  endfacet
  facet normal -0.903936 -0.427668 -2.99304e-19
    outer loop
      vertex 31.7162 -24.718 5.9
      vertex 31.8526 -25.0063 0
      vertex 31.8526 -25.0063 5.9
    endloop
  endfacet
  facet normal 0.989215 -0.146469 1.32994e-19
    outer loop
      vertex 25.6157 -25.9314 5.9
      vertex 25.6624 -25.616 0
      vertex 25.6624 -25.616 5.9
    endloop
  endfacet
  facet normal 0.989215 -0.146469 1.32994e-19
    outer loop
      vertex 25.6624 -25.616 0
      vertex 25.6157 -25.9314 5.9
      vertex 25.6157 -25.9314 0
    endloop
  endfacet
  facet normal 0.595677 0.803224 -0
    outer loop
      vertex 27.0444 -37.4523 0
      vertex 26.7882 -37.2623 5.9
      vertex 27.0444 -37.4523 5.9
    endloop
  endfacet
  facet normal 0.595677 0.803224 0
    outer loop
      vertex 26.7882 -37.2623 5.9
      vertex 27.0444 -37.4523 0
      vertex 26.7882 -37.2623 0
    endloop
  endfacet
  facet normal 0.941493 -0.337031 7.43817e-19
    outer loop
      vertex 25.7399 -25.3066 5.9
      vertex 25.8474 -25.0063 0
      vertex 25.8474 -25.0063 5.9
    endloop
  endfacet
  facet normal 0.941493 -0.337031 7.43817e-19
    outer loop
      vertex 25.8474 -25.0063 0
      vertex 25.7399 -25.3066 5.9
      vertex 25.7399 -25.3066 0
    endloop
  endfacet
  facet normal 0.242978 0.970032 -0
    outer loop
      vertex 28.216 -37.9376 0
      vertex 27.9066 -37.8601 5.9
      vertex 28.216 -37.9376 5.9
    endloop
  endfacet
  facet normal 0.242978 0.970032 0
    outer loop
      vertex 27.9066 -37.8601 5.9
      vertex 28.216 -37.9376 0
      vertex 27.9066 -37.8601 0
    endloop
  endfacet
  facet normal -0.998803 -0.0489056 1.75425e-19
    outer loop
      vertex 32.1 -26.25 0
      vertex 32.0844 -25.9314 5.9
      vertex 32.0844 -25.9314 0
    endloop
  endfacet
  facet normal -0.998803 -0.0489056 1.75425e-19
    outer loop
      vertex 32.0844 -25.9314 5.9
      vertex 32.1 -26.25 0
      vertex 32.1 -26.25 5.9
    endloop
  endfacet
  facet normal 0.857852 -0.513896 -1.76746e-19
    outer loop
      vertex 25.9838 -24.718 5.9
      vertex 26.1477 -24.4444 0
      vertex 26.1477 -24.4444 5.9
    endloop
  endfacet
  facet normal 0.857852 -0.513896 -1.76746e-19
    outer loop
      vertex 26.1477 -24.4444 0
      vertex 25.9838 -24.718 5.9
      vertex 25.9838 -24.718 0
    endloop
  endfacet
  facet normal -0.146776 -0.98917 0
    outer loop
      vertex 29.1686 -23.0156 0
      vertex 29.484 -23.0624 5.9
      vertex 29.1686 -23.0156 5.9
    endloop
  endfacet
  facet normal -0.146776 -0.98917 -0
    outer loop
      vertex 29.484 -23.0624 5.9
      vertex 29.1686 -23.0156 0
      vertex 29.484 -23.0624 0
    endloop
  endfacet
  facet normal 0.595677 -0.803224 0
    outer loop
      vertex 26.7882 -23.7377 0
      vertex 27.0444 -23.5477 5.9
      vertex 26.7882 -23.7377 5.9
    endloop
  endfacet
  facet normal 0.595677 -0.803224 0
    outer loop
      vertex 27.0444 -23.5477 5.9
      vertex 26.7882 -23.7377 0
      vertex 27.0444 -23.5477 0
    endloop
  endfacet
  facet normal 0.740904 -0.671611 4.40362e-19
    outer loop
      vertex 26.3377 -24.1882 5.9
      vertex 26.5519 -23.9519 0
      vertex 26.5519 -23.9519 5.9
    endloop
  endfacet
  facet normal 0.740904 -0.671611 4.40362e-19
    outer loop
      vertex 26.5519 -23.9519 0
      vertex 26.3377 -24.1882 5.9
      vertex 26.3377 -24.1882 0
    endloop
  endfacet
  facet normal -0.0489056 0.998803 0
    outer loop
      vertex 29.1686 -37.9844 0
      vertex 28.85 -38 5.9
      vertex 29.1686 -37.9844 5.9
    endloop
  endfacet
  facet normal -0.0489056 0.998803 0
    outer loop
      vertex 28.85 -38 5.9
      vertex 29.1686 -37.9844 0
      vertex 28.85 -38 0
    endloop
  endfacet
  facet normal -0.970032 0.242978 4.17575e-19
    outer loop
      vertex 31.9601 -35.6934 0
      vertex 32.0376 -35.384 5.9
      vertex 32.0376 -35.384 0
    endloop
  endfacet
  facet normal -0.970032 0.242978 4.17575e-19
    outer loop
      vertex 32.0376 -35.384 5.9
      vertex 31.9601 -35.6934 0
      vertex 31.9601 -35.6934 5.9
    endloop
  endfacet
  facet normal -0.337031 0.941493 0
    outer loop
      vertex 30.0937 -37.7526 0
      vertex 29.7934 -37.8601 5.9
      vertex 30.0937 -37.7526 5.9
    endloop
  endfacet
  facet normal -0.337031 0.941493 0
    outer loop
      vertex 29.7934 -37.8601 5.9
      vertex 30.0937 -37.7526 0
      vertex 29.7934 -37.8601 0
    endloop
  endfacet
  facet normal 0.0489056 -0.998803 0
    outer loop
      vertex 28.5314 -23.0156 0
      vertex 28.85 -23 5.9
      vertex 28.5314 -23.0156 5.9
    endloop
  endfacet
  facet normal 0.0489056 -0.998803 0
    outer loop
      vertex 28.85 -23 5.9
      vertex 28.5314 -23.0156 0
      vertex 28.85 -23 0
    endloop
  endfacet
  facet normal 0.998788 -0.0492184 7.20375e-20
    outer loop
      vertex 25.6 -26.25 5.9
      vertex 25.6157 -25.9314 0
      vertex 25.6157 -25.9314 5.9
    endloop
  endfacet
  facet normal 0.998788 -0.0492184 7.20375e-20
    outer loop
      vertex 25.6157 -25.9314 0
      vertex 25.6 -26.25 5.9
      vertex 25.6 -26.25 0
    endloop
  endfacet
  facet normal 1 -0 0
    outer loop
      vertex 25.6 -34.75 5.9
      vertex 25.6 -26.25 0
      vertex 25.6 -26.25 5.9
    endloop
  endfacet
  facet normal 1 0 0
    outer loop
      vertex 25.6 -26.25 0
      vertex 25.6 -34.75 5.9
      vertex 25.6 -34.75 0
    endloop
  endfacet
  facet normal -0.857852 0.513896 -4.83548e-19
    outer loop
      vertex 31.5523 -36.5556 0
      vertex 31.7162 -36.282 5.9
      vertex 31.7162 -36.282 0
    endloop
  endfacet
  facet normal -0.857852 0.513896 -4.83548e-19
    outer loop
      vertex 31.7162 -36.282 5.9
      vertex 31.5523 -36.5556 0
      vertex 31.5523 -36.5556 5.9
    endloop
  endfacet
  facet normal -0.98917 -0.146776 2.70542e-19
    outer loop
      vertex 32.0844 -25.9314 0
      vertex 32.0376 -25.616 5.9
      vertex 32.0376 -25.616 0
    endloop
  endfacet
  facet normal -0.98917 -0.146776 2.70542e-19
    outer loop
      vertex 32.0376 -25.616 5.9
      vertex 32.0844 -25.9314 0
      vertex 32.0844 -25.9314 5.9
    endloop
  endfacet
  facet normal -1 0 0
    outer loop
      vertex 32.1 -34.75 0
      vertex 32.1 -26.25 5.9
      vertex 32.1 -26.25 0
    endloop
  endfacet
  facet normal -1 -0 0
    outer loop
      vertex 32.1 -26.25 5.9
      vertex 32.1 -34.75 0
      vertex 32.1 -34.75 5.9
    endloop
  endfacet
  facet normal -0.803224 -0.595677 2.64062e-19
    outer loop
      vertex 31.5523 -24.4444 0
      vertex 31.3623 -24.1882 5.9
      vertex 31.3623 -24.1882 0
    endloop
  endfacet
  facet normal -0.803224 -0.595677 2.64062e-19
    outer loop
      vertex 31.3623 -24.1882 5.9
      vertex 31.5523 -24.4444 0
      vertex 31.5523 -24.4444 5.9
    endloop
  endfacet
  facet normal 0.337031 -0.941493 0
    outer loop
      vertex 27.6063 -23.2474 0
      vertex 27.9066 -23.1399 5.9
      vertex 27.6063 -23.2474 5.9
    endloop
  endfacet
  facet normal 0.337031 -0.941493 0
    outer loop
      vertex 27.9066 -23.1399 5.9
      vertex 27.6063 -23.2474 0
      vertex 27.9066 -23.1399 0
    endloop
  endfacet
  facet normal -0.740904 0.671611 3.87261e-19
    outer loop
      vertex 31.1481 -37.0481 0
      vertex 31.3623 -36.8118 5.9
      vertex 31.3623 -36.8118 0
    endloop
  endfacet
  facet normal -0.740904 0.671611 3.87261e-19
    outer loop
      vertex 31.3623 -36.8118 5.9
      vertex 31.1481 -37.0481 0
      vertex 31.1481 -37.0481 5.9
    endloop
  endfacet
  facet normal -0.941493 -0.337031 -7.43817e-19
    outer loop
      vertex 31.9601 -25.3066 0
      vertex 31.8526 -25.0063 5.9
      vertex 31.8526 -25.0063 0
    endloop
  endfacet
  facet normal -0.941493 -0.337031 -7.43817e-19
    outer loop
      vertex 31.8526 -25.0063 5.9
      vertex 31.9601 -25.3066 0
      vertex 31.9601 -25.3066 5.9
    endloop
  endfacet
  facet normal -0.903936 0.427668 2.99304e-19
    outer loop
      vertex 31.7162 -36.282 0
      vertex 31.8526 -35.9937 5.9
      vertex 31.8526 -35.9937 0
    endloop
  endfacet
  facet normal -0.903936 0.427668 2.99304e-19
    outer loop
      vertex 31.8526 -35.9937 5.9
      vertex 31.7162 -36.282 0
      vertex 31.7162 -36.282 5.9
    endloop
  endfacet
  facet normal -0.740904 -0.671611 -3.87261e-19
    outer loop
      vertex 31.3623 -24.1882 0
      vertex 31.1481 -23.9519 5.9
      vertex 31.1481 -23.9519 0
    endloop
  endfacet
  facet normal -0.740904 -0.671611 -3.87261e-19
    outer loop
      vertex 31.1481 -23.9519 5.9
      vertex 31.3623 -24.1882 0
      vertex 31.3623 -24.1882 5.9
    endloop
  endfacet
  facet normal -0.337031 -0.941493 0
    outer loop
      vertex 29.7934 -23.1399 0
      vertex 30.0937 -23.2474 5.9
      vertex 29.7934 -23.1399 5.9
    endloop
  endfacet
  facet normal -0.337031 -0.941493 -0
    outer loop
      vertex 30.0937 -23.2474 5.9
      vertex 29.7934 -23.1399 0
      vertex 30.0937 -23.2474 0
    endloop
  endfacet
  facet normal 0.0489056 0.998803 -0
    outer loop
      vertex 28.85 -38 0
      vertex 28.5314 -37.9844 5.9
      vertex 28.85 -38 5.9
    endloop
  endfacet
  facet normal 0.0489056 0.998803 0
    outer loop
      vertex 28.5314 -37.9844 5.9
      vertex 28.85 -38 0
      vertex 28.5314 -37.9844 0
    endloop
  endfacet
  facet normal 0.857852 0.513896 4.83548e-19
    outer loop
      vertex 26.1477 -36.5556 5.9
      vertex 25.9838 -36.282 0
      vertex 25.9838 -36.282 5.9
    endloop
  endfacet
  facet normal 0.857852 0.513896 4.83548e-19
    outer loop
      vertex 25.9838 -36.282 0
      vertex 26.1477 -36.5556 5.9
      vertex 26.1477 -36.5556 0
    endloop
  endfacet
  facet normal 0.970032 -0.242978 -7.62349e-19
    outer loop
      vertex 25.6624 -25.616 5.9
      vertex 25.7399 -25.3066 0
      vertex 25.7399 -25.3066 5.9
    endloop
  endfacet
  facet normal 0.970032 -0.242978 -7.62349e-19
    outer loop
      vertex 25.7399 -25.3066 0
      vertex 25.6624 -25.616 5.9
      vertex 25.6624 -25.616 0
    endloop
  endfacet
  facet normal 0.903936 -0.427668 2.99304e-19
    outer loop
      vertex 25.8474 -25.0063 5.9
      vertex 25.9838 -24.718 0
      vertex 25.9838 -24.718 5.9
    endloop
  endfacet
  facet normal 0.903936 -0.427668 2.99304e-19
    outer loop
      vertex 25.9838 -24.718 0
      vertex 25.8474 -25.0063 5.9
      vertex 25.8474 -25.0063 0
    endloop
  endfacet
  facet normal -0.857852 -0.513896 1.76746e-19
    outer loop
      vertex 31.7162 -24.718 0
      vertex 31.5523 -24.4444 5.9
      vertex 31.5523 -24.4444 0
    endloop
  endfacet
  facet normal -0.857852 -0.513896 1.76746e-19
    outer loop
      vertex 31.5523 -24.4444 5.9
      vertex 31.7162 -24.718 0
      vertex 31.7162 -24.718 5.9
    endloop
  endfacet
  facet normal -0.671611 -0.740904 0
    outer loop
      vertex 30.9118 -23.7377 0
      vertex 31.1481 -23.9519 5.9
      vertex 30.9118 -23.7377 5.9
    endloop
  endfacet
  facet normal -0.671611 -0.740904 -0
    outer loop
      vertex 31.1481 -23.9519 5.9
      vertex 30.9118 -23.7377 0
      vertex 31.1481 -23.9519 0
    endloop
  endfacet
  facet normal -0.970032 -0.242978 7.62349e-19
    outer loop
      vertex 32.0376 -25.616 0
      vertex 31.9601 -25.3066 5.9
      vertex 31.9601 -25.3066 0
    endloop
  endfacet
  facet normal -0.970032 -0.242978 7.62349e-19
    outer loop
      vertex 31.9601 -25.3066 5.9
      vertex 32.0376 -25.616 0
      vertex 32.0376 -25.616 5.9
    endloop
  endfacet
  facet normal -0.427668 0.903936 0
    outer loop
      vertex 30.382 -37.6162 0
      vertex 30.0937 -37.7526 5.9
      vertex 30.382 -37.6162 5.9
    endloop
  endfacet
  facet normal -0.427668 0.903936 0
    outer loop
      vertex 30.0937 -37.7526 5.9
      vertex 30.382 -37.6162 0
      vertex 30.0937 -37.7526 0
    endloop
  endfacet
  facet normal 0.671611 -0.740904 0
    outer loop
      vertex 26.5519 -23.9519 0
      vertex 26.7882 -23.7377 5.9
      vertex 26.5519 -23.9519 5.9
    endloop
  endfacet
  facet normal 0.671611 -0.740904 0
    outer loop
      vertex 26.7882 -23.7377 5.9
      vertex 26.5519 -23.9519 0
      vertex 26.7882 -23.7377 0
    endloop
  endfacet
  facet normal 0.242978 -0.970032 0
    outer loop
      vertex 27.9066 -23.1399 0
      vertex 28.216 -23.0624 5.9
      vertex 27.9066 -23.1399 5.9
    endloop
  endfacet
  facet normal 0.242978 -0.970032 0
    outer loop
      vertex 28.216 -23.0624 5.9
      vertex 27.9066 -23.1399 0
      vertex 28.216 -23.0624 0
    endloop
  endfacet
  facet normal 0.803224 0.595677 6.53429e-19
    outer loop
      vertex 26.3377 -36.8118 5.9
      vertex 26.1477 -36.5556 0
      vertex 26.1477 -36.5556 5.9
    endloop
  endfacet
  facet normal 0.803224 0.595677 6.53429e-19
    outer loop
      vertex 26.1477 -36.5556 0
      vertex 26.3377 -36.8118 5.9
      vertex 26.3377 -36.8118 0
    endloop
  endfacet
  facet normal -0.98917 0.146776 -1.28904e-19
    outer loop
      vertex 32.0376 -35.384 0
      vertex 32.0844 -35.0686 5.9
      vertex 32.0844 -35.0686 0
    endloop
  endfacet
  facet normal -0.98917 0.146776 -1.28904e-19
    outer loop
      vertex 32.0844 -35.0686 5.9
      vertex 32.0376 -35.384 0
      vertex 32.0376 -35.384 5.9
    endloop
  endfacet
  facet normal -0.941493 0.337031 7.43817e-19
    outer loop
      vertex 31.8526 -35.9937 0
      vertex 31.9601 -35.6934 5.9
      vertex 31.9601 -35.6934 0
    endloop
  endfacet
  facet normal -0.941493 0.337031 7.43817e-19
    outer loop
      vertex 31.9601 -35.6934 5.9
      vertex 31.8526 -35.9937 0
      vertex 31.8526 -35.9937 5.9
    endloop
  endfacet
  facet normal 0.941493 0.337031 -7.43817e-19
    outer loop
      vertex 25.8474 -35.9937 5.9
      vertex 25.7399 -35.6934 0
      vertex 25.7399 -35.6934 5.9
    endloop
  endfacet
  facet normal 0.941493 0.337031 -7.43817e-19
    outer loop
      vertex 25.7399 -35.6934 0
      vertex 25.8474 -35.9937 5.9
      vertex 25.8474 -35.9937 0
    endloop
  endfacet
  facet normal 0.337031 0.941493 -0
    outer loop
      vertex 27.9066 -37.8601 0
      vertex 27.6063 -37.7526 5.9
      vertex 27.9066 -37.8601 5.9
    endloop
  endfacet
  facet normal 0.337031 0.941493 0
    outer loop
      vertex 27.6063 -37.7526 5.9
      vertex 27.9066 -37.8601 0
      vertex 27.6063 -37.7526 0
    endloop
  endfacet
  facet normal -0.671611 0.740904 0
    outer loop
      vertex 31.1481 -37.0481 0
      vertex 30.9118 -37.2623 5.9
      vertex 31.1481 -37.0481 5.9
    endloop
  endfacet
  facet normal -0.671611 0.740904 0
    outer loop
      vertex 30.9118 -37.2623 5.9
      vertex 31.1481 -37.0481 0
      vertex 30.9118 -37.2623 0
    endloop
  endfacet
  facet normal 0.513896 0.857852 -0
    outer loop
      vertex 27.318 -37.6162 0
      vertex 27.0444 -37.4523 5.9
      vertex 27.318 -37.6162 5.9
    endloop
  endfacet
  facet normal 0.513896 0.857852 0
    outer loop
      vertex 27.0444 -37.4523 5.9
      vertex 27.318 -37.6162 0
      vertex 27.0444 -37.4523 0
    endloop
  endfacet
  facet normal -0.242978 -0.970032 0
    outer loop
      vertex 29.484 -23.0624 0
      vertex 29.7934 -23.1399 5.9
      vertex 29.484 -23.0624 5.9
    endloop
  endfacet
  facet normal -0.242978 -0.970032 -0
    outer loop
      vertex 29.7934 -23.1399 5.9
      vertex 29.484 -23.0624 0
      vertex 29.7934 -23.1399 0
    endloop
  endfacet
  facet normal -0.242978 0.970032 0
    outer loop
      vertex 29.7934 -37.8601 0
      vertex 29.484 -37.9376 5.9
      vertex 29.7934 -37.8601 5.9
    endloop
  endfacet
  facet normal -0.242978 0.970032 0
    outer loop
      vertex 29.484 -37.9376 5.9
      vertex 29.7934 -37.8601 0
      vertex 29.484 -37.9376 0
    endloop
  endfacet
  facet normal -0.595677 -0.803224 0
    outer loop
      vertex 30.6556 -23.5477 0
      vertex 30.9118 -23.7377 5.9
      vertex 30.6556 -23.5477 5.9
    endloop
  endfacet
  facet normal -0.595677 -0.803224 -0
    outer loop
      vertex 30.9118 -23.7377 5.9
      vertex 30.6556 -23.5477 0
      vertex 30.9118 -23.7377 0
    endloop
  endfacet
  facet normal -0.513896 -0.857852 0
    outer loop
      vertex 30.382 -23.3838 0
      vertex 30.6556 -23.5477 5.9
      vertex 30.382 -23.3838 5.9
    endloop
  endfacet
  facet normal -0.513896 -0.857852 -0
    outer loop
      vertex 30.6556 -23.5477 5.9
      vertex 30.382 -23.3838 0
      vertex 30.6556 -23.5477 0
    endloop
  endfacet
  facet normal 0.803224 -0.595677 3.78984e-19
    outer loop
      vertex 26.1477 -24.4444 5.9
      vertex 26.3377 -24.1882 0
      vertex 26.3377 -24.1882 5.9
    endloop
  endfacet
  facet normal 0.803224 -0.595677 3.78984e-19
    outer loop
      vertex 26.3377 -24.1882 0
      vertex 26.1477 -24.4444 5.9
      vertex 26.1477 -24.4444 0
    endloop
  endfacet
  facet normal 0.903936 0.427668 -2.99304e-19
    outer loop
      vertex 25.9838 -36.282 5.9
      vertex 25.8474 -35.9937 0
      vertex 25.8474 -35.9937 5.9
    endloop
  endfacet
  facet normal 0.903936 0.427668 -2.99304e-19
    outer loop
      vertex 25.8474 -35.9937 0
      vertex 25.9838 -36.282 5.9
      vertex 25.9838 -36.282 0
    endloop
  endfacet
  facet normal -0.427668 -0.903936 0
    outer loop
      vertex 30.0937 -23.2474 0
      vertex 30.382 -23.3838 5.9
      vertex 30.0937 -23.2474 5.9
    endloop
  endfacet
  facet normal -0.427668 -0.903936 -0
    outer loop
      vertex 30.382 -23.3838 5.9
      vertex 30.0937 -23.2474 0
      vertex 30.382 -23.3838 0
    endloop
  endfacet
  facet normal 0.146776 -0.98917 0
    outer loop
      vertex 28.216 -23.0624 0
      vertex 28.5314 -23.0156 5.9
      vertex 28.216 -23.0624 5.9
    endloop
  endfacet
  facet normal 0.146776 -0.98917 0
    outer loop
      vertex 28.5314 -23.0156 5.9
      vertex 28.216 -23.0624 0
      vertex 28.5314 -23.0156 0
    endloop
  endfacet
  facet normal -0.513896 0.857852 0
    outer loop
      vertex 30.6556 -37.4523 0
      vertex 30.382 -37.6162 5.9
      vertex 30.6556 -37.4523 5.9
    endloop
  endfacet
  facet normal -0.513896 0.857852 0
    outer loop
      vertex 30.382 -37.6162 5.9
      vertex 30.6556 -37.4523 0
      vertex 30.382 -37.6162 0
    endloop
  endfacet
  facet normal -0.803224 0.595677 -1.29648e-18
    outer loop
      vertex 31.3623 -36.8118 0
      vertex 31.5523 -36.5556 5.9
      vertex 31.5523 -36.5556 0
    endloop
  endfacet
  facet normal -0.803224 0.595677 -1.29648e-18
    outer loop
      vertex 31.5523 -36.5556 5.9
      vertex 31.3623 -36.8118 0
      vertex 31.3623 -36.8118 5.9
    endloop
  endfacet
  facet normal -0.146776 0.98917 0
    outer loop
      vertex 29.484 -37.9376 0
      vertex 29.1686 -37.9844 5.9
      vertex 29.484 -37.9376 5.9
    endloop
  endfacet
  facet normal -0.146776 0.98917 0
    outer loop
      vertex 29.1686 -37.9844 5.9
      vertex 29.484 -37.9376 0
      vertex 29.1686 -37.9844 0
    endloop
  endfacet
  facet normal 0.146776 0.98917 -0
    outer loop
      vertex 28.5314 -37.9844 0
      vertex 28.216 -37.9376 5.9
      vertex 28.5314 -37.9844 5.9
    endloop
  endfacet
  facet normal 0.146776 0.98917 0
    outer loop
      vertex 28.216 -37.9376 5.9
      vertex 28.5314 -37.9844 0
      vertex 28.216 -37.9376 0
    endloop
  endfacet
  facet normal 0.427668 0.903936 -0
    outer loop
      vertex 27.6063 -37.7526 0
      vertex 27.318 -37.6162 5.9
      vertex 27.6063 -37.7526 5.9
    endloop
  endfacet
  facet normal 0.427668 0.903936 0
    outer loop
      vertex 27.318 -37.6162 5.9
      vertex 27.6063 -37.7526 0
      vertex 27.318 -37.6162 0
    endloop
  endfacet
  facet normal 0.740904 0.671611 -4.40362e-19
    outer loop
      vertex 26.5519 -37.0481 5.9
      vertex 26.3377 -36.8118 0
      vertex 26.3377 -36.8118 5.9
    endloop
  endfacet
  facet normal 0.740904 0.671611 -4.40362e-19
    outer loop
      vertex 26.3377 -36.8118 0
      vertex 26.5519 -37.0481 5.9
      vertex 26.5519 -37.0481 0
    endloop
  endfacet
  facet normal 0.427668 -0.903936 0
    outer loop
      vertex 27.318 -23.3838 0
      vertex 27.6063 -23.2474 5.9
      vertex 27.318 -23.3838 5.9
    endloop
  endfacet
  facet normal 0.427668 -0.903936 0
    outer loop
      vertex 27.6063 -23.2474 5.9
      vertex 27.318 -23.3838 0
      vertex 27.6063 -23.2474 0
    endloop
  endfacet
  facet normal 0.671611 0.740904 -0
    outer loop
      vertex 26.7882 -37.2623 0
      vertex 26.5519 -37.0481 5.9
      vertex 26.7882 -37.2623 5.9
    endloop
  endfacet
  facet normal 0.671611 0.740904 0
    outer loop
      vertex 26.5519 -37.0481 5.9
      vertex 26.7882 -37.2623 0
      vertex 26.5519 -37.0481 0
    endloop
  endfacet
  facet normal 0.970032 0.242978 -4.17575e-19
    outer loop
      vertex 25.7399 -35.6934 5.9
      vertex 25.6624 -35.384 0
      vertex 25.6624 -35.384 5.9
    endloop
  endfacet
  facet normal 0.970032 0.242978 -4.17575e-19
    outer loop
      vertex 25.6624 -35.384 0
      vertex 25.7399 -35.6934 5.9
      vertex 25.7399 -35.6934 0
    endloop
  endfacet
  facet normal -0.0490431 -0.998797 0
    outer loop
      vertex -28.8 39.9975 5.9
      vertex -26.8897 39.9037 8
      vertex -28.8 39.9975 8
    endloop
  endfacet
  facet normal -0.0490431 -0.998797 -0
    outer loop
      vertex -26.8897 39.9037 8
      vertex -28.8 39.9975 5.9
      vertex -26.8897 39.9037 5.9
    endloop
  endfacet
  facet normal 0 0 1
    outer loop
      vertex -25.7399 25.3066 5.9
      vertex -18.9 37.3255 5.9
      vertex -25.6624 25.616 5.9
    endloop
  endfacet
  facet normal 0 0 1
    outer loop
      vertex -18.9 -37.3255 5.9
      vertex -25.6157 -25.9314 5.9
      vertex -25.6 -26.25 5.9
    endloop
  endfacet
  facet normal 0 0 1
    outer loop
      vertex -18.9 37.3255 5.9
      vertex -27.25 0 5.9
      vertex -18.9 -37.3255 5.9
    endloop
  endfacet
  facet normal -0 0 1
    outer loop
      vertex -27.2577 -0.156827 5.9
      vertex -18.9 -37.3255 5.9
      vertex -27.25 0 5.9
    endloop
  endfacet
  facet normal 0 0 1
    outer loop
      vertex -27.2807 0.312144 5.9
      vertex -18.9 37.3255 5.9
      vertex -25.7399 25.3066 5.9
    endloop
  endfacet
  facet normal 0 0 1
    outer loop
      vertex -18.9 -37.3255 5.9
      vertex -25.6624 -25.616 5.9
      vertex -25.6157 -25.9314 5.9
    endloop
  endfacet
  facet normal 0 0 1
    outer loop
      vertex -27.2807 0.312144 5.9
      vertex -25.7399 25.3066 5.9
      vertex -25.8474 25.0063 5.9
    endloop
  endfacet
  facet normal -0 0 1
    outer loop
      vertex -27.2807 -0.312144 5.9
      vertex -18.9 -37.3255 5.9
      vertex -27.2577 -0.156827 5.9
    endloop
  endfacet
  facet normal 0 0 1
    outer loop
      vertex -27.3189 0.464455 5.9
      vertex -25.8474 25.0063 5.9
      vertex -25.9838 24.718 5.9
    endloop
  endfacet
  facet normal 0 0 1
    outer loop
      vertex -18.9 -37.3255 5.9
      vertex -25.7399 -25.3066 5.9
      vertex -25.6624 -25.616 5.9
    endloop
  endfacet
  facet normal 0 0 1
    outer loop
      vertex -27.3718 0.612293 5.9
      vertex -25.9838 24.718 5.9
      vertex -26.1477 24.4444 5.9
    endloop
  endfacet
  facet normal 0 0 1
    outer loop
      vertex -18.9 -37.3255 5.9
      vertex -27.2807 -0.312144 5.9
      vertex -25.7399 -25.3066 5.9
    endloop
  endfacet
  facet normal 0 0 1
    outer loop
      vertex -27.4389 0.754234 5.9
      vertex -26.1477 24.4444 5.9
      vertex -26.3377 24.1882 5.9
    endloop
  endfacet
  facet normal 0 0 1
    outer loop
      vertex -25.7399 -25.3066 5.9
      vertex -27.2807 -0.312144 5.9
      vertex -25.8474 -25.0063 5.9
    endloop
  endfacet
  facet normal 0 0 1
    outer loop
      vertex -27.5196 0.888912 5.9
      vertex -26.3377 24.1882 5.9
      vertex -26.5519 23.9519 5.9
    endloop
  endfacet
  facet normal -0 0 1
    outer loop
      vertex -27.3189 -0.464455 5.9
      vertex -25.8474 -25.0063 5.9
      vertex -27.2807 -0.312144 5.9
    endloop
  endfacet
  facet normal 0 0 1
    outer loop
      vertex -27.7186 1.13137 5.9
      vertex -26.5519 23.9519 5.9
      vertex -26.7882 23.7377 5.9
    endloop
  endfacet
  facet normal 0 0 1
    outer loop
      vertex -25.8474 -25.0063 5.9
      vertex -27.3189 -0.464455 5.9
      vertex -25.9838 -24.718 5.9
    endloop
  endfacet
  facet normal 0 0 1
    outer loop
      vertex -27.835 1.23682 5.9
      vertex -26.7882 23.7377 5.9
      vertex -27.0444 23.5477 5.9
    endloop
  endfacet
  facet normal -0 0 1
    outer loop
      vertex -27.3718 -0.612293 5.9
      vertex -25.9838 -24.718 5.9
      vertex -27.3189 -0.464455 5.9
    endloop
  endfacet
  facet normal 0 0 1
    outer loop
      vertex -25.9838 -24.718 5.9
      vertex -27.3718 -0.612293 5.9
      vertex -26.1477 -24.4444 5.9
    endloop
  endfacet
  facet normal 0 0 1
    outer loop
      vertex -18.9 37.3255 5.9
      vertex -27.2577 0.156827 5.9
      vertex -27.25 0 5.9
    endloop
  endfacet
  facet normal 0 0 1
    outer loop
      vertex -18.9 37.3255 5.9
      vertex -27.2807 0.312144 5.9
      vertex -27.2577 0.156827 5.9
    endloop
  endfacet
  facet normal 0 0 1
    outer loop
      vertex -27.9611 1.33035 5.9
      vertex -27.0444 23.5477 5.9
      vertex -27.318 23.3838 5.9
    endloop
  endfacet
  facet normal 0 0 1
    outer loop
      vertex -25.8474 25.0063 5.9
      vertex -27.3189 0.464455 5.9
      vertex -27.2807 0.312144 5.9
    endloop
  endfacet
  facet normal 0 0 1
    outer loop
      vertex -25.9838 24.718 5.9
      vertex -27.3718 0.612293 5.9
      vertex -27.3189 0.464455 5.9
    endloop
  endfacet
  facet normal 0 0 1
    outer loop
      vertex -26.1477 24.4444 5.9
      vertex -27.4389 0.754234 5.9
      vertex -27.3718 0.612293 5.9
    endloop
  endfacet
  facet normal 0 0 1
    outer loop
      vertex -26.3377 24.1882 5.9
      vertex -27.5196 0.888912 5.9
      vertex -27.4389 0.754234 5.9
    endloop
  endfacet
  facet normal 0 0 1
    outer loop
      vertex -28.0958 1.41107 5.9
      vertex -27.318 23.3838 5.9
      vertex -27.6063 23.2474 5.9
    endloop
  endfacet
  facet normal 0 0 1
    outer loop
      vertex -26.5519 23.9519 5.9
      vertex -27.6132 1.01503 5.9
      vertex -27.5196 0.888912 5.9
    endloop
  endfacet
  facet normal 0 0 1
    outer loop
      vertex -26.5519 23.9519 5.9
      vertex -27.7186 1.13137 5.9
      vertex -27.6132 1.01503 5.9
    endloop
  endfacet
  facet normal 0 0 1
    outer loop
      vertex -26.7882 23.7377 5.9
      vertex -27.835 1.23682 5.9
      vertex -27.7186 1.13137 5.9
    endloop
  endfacet
  facet normal 0 0 1
    outer loop
      vertex -28.2377 1.47821 5.9
      vertex -27.6063 23.2474 5.9
      vertex -27.9066 23.1399 5.9
    endloop
  endfacet
  facet normal 0 0 1
    outer loop
      vertex -27.0444 23.5477 5.9
      vertex -27.9611 1.33035 5.9
      vertex -27.835 1.23682 5.9
    endloop
  endfacet
  facet normal 0 0 1
    outer loop
      vertex -27.318 23.3838 5.9
      vertex -28.0958 1.41107 5.9
      vertex -27.9611 1.33035 5.9
    endloop
  endfacet
  facet normal 0 0 1
    outer loop
      vertex -28.3855 1.5311 5.9
      vertex -27.9066 23.1399 5.9
      vertex -28.216 23.0624 5.9
    endloop
  endfacet
  facet normal 0 0 1
    outer loop
      vertex -27.6063 23.2474 5.9
      vertex -28.2377 1.47821 5.9
      vertex -28.0958 1.41107 5.9
    endloop
  endfacet
  facet normal 0 0 1
    outer loop
      vertex -27.9066 23.1399 5.9
      vertex -28.3855 1.5311 5.9
      vertex -28.2377 1.47821 5.9
    endloop
  endfacet
  facet normal 0 0 1
    outer loop
      vertex -28.5379 1.56926 5.9
      vertex -28.216 23.0624 5.9
      vertex -28.5314 23.0156 5.9
    endloop
  endfacet
  facet normal 0 0 1
    outer loop
      vertex -28.216 23.0624 5.9
      vertex -28.5379 1.56926 5.9
      vertex -28.3855 1.5311 5.9
    endloop
  endfacet
  facet normal 0 0 1
    outer loop
      vertex -28.5314 23.0156 5.9
      vertex -28.6932 1.59229 5.9
      vertex -28.5379 1.56926 5.9
    endloop
  endfacet
  facet normal -0 0 1
    outer loop
      vertex -28.85 23 5.9
      vertex -28.6932 1.59229 5.9
      vertex -28.5314 23.0156 5.9
    endloop
  endfacet
  facet normal 0 0 1
    outer loop
      vertex -28.85 23 5.9
      vertex -28.85 1.6 5.9
      vertex -28.6932 1.59229 5.9
    endloop
  endfacet
  facet normal 0 0 1
    outer loop
      vertex -28.85 23 5.9
      vertex -29.0068 1.59229 5.9
      vertex -28.85 1.6 5.9
    endloop
  endfacet
  facet normal 0 0 1
    outer loop
      vertex -29.1686 23.0156 5.9
      vertex -29.0068 1.59229 5.9
      vertex -28.85 23 5.9
    endloop
  endfacet
  facet normal 0 0 1
    outer loop
      vertex -29.0068 1.59229 5.9
      vertex -29.1686 23.0156 5.9
      vertex -29.1621 1.56926 5.9
    endloop
  endfacet
  facet normal 0 0 1
    outer loop
      vertex -29.484 23.0624 5.9
      vertex -29.1621 1.56926 5.9
      vertex -29.1686 23.0156 5.9
    endloop
  endfacet
  facet normal 0 0 1
    outer loop
      vertex -29.1621 1.56926 5.9
      vertex -29.484 23.0624 5.9
      vertex -29.3145 1.5311 5.9
    endloop
  endfacet
  facet normal 0 0 1
    outer loop
      vertex -29.7934 23.1399 5.9
      vertex -29.3145 1.5311 5.9
      vertex -29.484 23.0624 5.9
    endloop
  endfacet
  facet normal 0 0 1
    outer loop
      vertex -29.3145 1.5311 5.9
      vertex -29.7934 23.1399 5.9
      vertex -29.4623 1.47821 5.9
    endloop
  endfacet
  facet normal 0 0 1
    outer loop
      vertex -30.0937 23.2474 5.9
      vertex -29.4623 1.47821 5.9
      vertex -29.7934 23.1399 5.9
    endloop
  endfacet
  facet normal 0 0 1
    outer loop
      vertex -29.4623 1.47821 5.9
      vertex -30.0937 23.2474 5.9
      vertex -29.6042 1.41107 5.9
    endloop
  endfacet
  facet normal 0 0 1
    outer loop
      vertex -30.382 23.3838 5.9
      vertex -29.6042 1.41107 5.9
      vertex -30.0937 23.2474 5.9
    endloop
  endfacet
  facet normal 0 0 1
    outer loop
      vertex -29.6042 1.41107 5.9
      vertex -30.382 23.3838 5.9
      vertex -29.7389 1.33035 5.9
    endloop
  endfacet
  facet normal 0 0 1
    outer loop
      vertex -30.6556 23.5477 5.9
      vertex -29.7389 1.33035 5.9
      vertex -30.382 23.3838 5.9
    endloop
  endfacet
  facet normal 0 0 1
    outer loop
      vertex -29.7389 1.33035 5.9
      vertex -30.6556 23.5477 5.9
      vertex -29.865 1.23682 5.9
    endloop
  endfacet
  facet normal 0 0 1
    outer loop
      vertex -30.9118 23.7377 5.9
      vertex -29.865 1.23682 5.9
      vertex -30.6556 23.5477 5.9
    endloop
  endfacet
  facet normal 0 0 1
    outer loop
      vertex -29.865 1.23682 5.9
      vertex -30.9118 23.7377 5.9
      vertex -29.9814 1.13137 5.9
    endloop
  endfacet
  facet normal 0 0 1
    outer loop
      vertex -31.1481 23.9519 5.9
      vertex -29.9814 1.13137 5.9
      vertex -30.9118 23.7377 5.9
    endloop
  endfacet
  facet normal 0 0 1
    outer loop
      vertex -29.9814 1.13137 5.9
      vertex -31.1481 23.9519 5.9
      vertex -30.0868 1.01503 5.9
    endloop
  endfacet
  facet normal 0 0 1
    outer loop
      vertex -30.0868 1.01503 5.9
      vertex -31.1481 23.9519 5.9
      vertex -30.1804 0.888912 5.9
    endloop
  endfacet
  facet normal 0 0 1
    outer loop
      vertex -31.3623 24.1882 5.9
      vertex -30.1804 0.888912 5.9
      vertex -31.1481 23.9519 5.9
    endloop
  endfacet
  facet normal 0 0 1
    outer loop
      vertex -30.1804 0.888912 5.9
      vertex -31.3623 24.1882 5.9
      vertex -30.2611 0.754234 5.9
    endloop
  endfacet
  facet normal 0 0 1
    outer loop
      vertex -31.5523 24.4444 5.9
      vertex -30.2611 0.754234 5.9
      vertex -31.3623 24.1882 5.9
    endloop
  endfacet
  facet normal 0 0 1
    outer loop
      vertex -30.2611 0.754234 5.9
      vertex -31.5523 24.4444 5.9
      vertex -30.3282 0.612293 5.9
    endloop
  endfacet
  facet normal 0 0 1
    outer loop
      vertex -25.6 34.75 5.9
      vertex -18.9 37.3255 5.9
      vertex -19.4221 37.6384 5.9
    endloop
  endfacet
  facet normal 0 0 1
    outer loop
      vertex -25.6157 25.9314 5.9
      vertex -18.9 37.3255 5.9
      vertex -25.6 26.25 5.9
    endloop
  endfacet
  facet normal 0 0 1
    outer loop
      vertex -25.6 34.75 5.9
      vertex -19.4221 37.6384 5.9
      vertex -21.1963 38.4776 5.9
    endloop
  endfacet
  facet normal 0 0 1
    outer loop
      vertex -25.6624 25.616 5.9
      vertex -18.9 37.3255 5.9
      vertex -25.6157 25.9314 5.9
    endloop
  endfacet
  facet normal 0 0 1
    outer loop
      vertex -25.7399 35.6934 5.9
      vertex -21.1963 38.4776 5.9
      vertex -23.0443 39.1388 5.9
    endloop
  endfacet
  facet normal -0 0 1
    outer loop
      vertex -25.6 -34.75 5.9
      vertex -18.9 -37.3255 5.9
      vertex -25.6 -26.25 5.9
    endloop
  endfacet
  facet normal 0 0 1
    outer loop
      vertex -26.1477 36.5556 5.9
      vertex -23.0443 39.1388 5.9
      vertex -24.9482 39.6157 5.9
    endloop
  endfacet
  facet normal 0 0 1
    outer loop
      vertex -18.9 -37.3255 5.9
      vertex -25.6 -34.75 5.9
      vertex -19.4221 -37.6384 5.9
    endloop
  endfacet
  facet normal 0 0 1
    outer loop
      vertex -18.9 37.3255 5.9
      vertex -25.6 34.75 5.9
      vertex -25.6 26.25 5.9
    endloop
  endfacet
  facet normal 0 0 1
    outer loop
      vertex -21.1963 38.4776 5.9
      vertex -25.6157 35.0686 5.9
      vertex -25.6 34.75 5.9
    endloop
  endfacet
  facet normal 0 0 1
    outer loop
      vertex -21.1963 38.4776 5.9
      vertex -25.6624 35.384 5.9
      vertex -25.6157 35.0686 5.9
    endloop
  endfacet
  facet normal 0 0 1
    outer loop
      vertex -21.1963 38.4776 5.9
      vertex -25.7399 35.6934 5.9
      vertex -25.6624 35.384 5.9
    endloop
  endfacet
  facet normal 0 0 1
    outer loop
      vertex -23.0443 39.1388 5.9
      vertex -25.8474 35.9937 5.9
      vertex -25.7399 35.6934 5.9
    endloop
  endfacet
  facet normal 0 0 1
    outer loop
      vertex -23.0443 39.1388 5.9
      vertex -25.9838 36.282 5.9
      vertex -25.8474 35.9937 5.9
    endloop
  endfacet
  facet normal 0 0 1
    outer loop
      vertex -23.0443 39.1388 5.9
      vertex -26.1477 36.5556 5.9
      vertex -25.9838 36.282 5.9
    endloop
  endfacet
  facet normal 0 0 1
    outer loop
      vertex -24.9482 39.6157 5.9
      vertex -26.3377 36.8118 5.9
      vertex -26.1477 36.5556 5.9
    endloop
  endfacet
  facet normal 0 0 1
    outer loop
      vertex -24.9482 39.6157 5.9
      vertex -26.5519 37.0481 5.9
      vertex -26.3377 36.8118 5.9
    endloop
  endfacet
  facet normal 0 0 1
    outer loop
      vertex -24.9482 39.6157 5.9
      vertex -26.7882 37.2623 5.9
      vertex -26.5519 37.0481 5.9
    endloop
  endfacet
  facet normal 0 0 1
    outer loop
      vertex -27.0444 37.4523 5.9
      vertex -24.9482 39.6157 5.9
      vertex -26.8897 39.9037 5.9
    endloop
  endfacet
  facet normal 0 0 1
    outer loop
      vertex -24.9482 39.6157 5.9
      vertex -27.0444 37.4523 5.9
      vertex -26.7882 37.2623 5.9
    endloop
  endfacet
  facet normal 0 0 1
    outer loop
      vertex -26.8897 39.9037 5.9
      vertex -27.318 37.6162 5.9
      vertex -27.0444 37.4523 5.9
    endloop
  endfacet
  facet normal 0 0 1
    outer loop
      vertex -26.8897 39.9037 5.9
      vertex -27.6063 37.7526 5.9
      vertex -27.318 37.6162 5.9
    endloop
  endfacet
  facet normal 0 0 1
    outer loop
      vertex -26.8897 39.9037 5.9
      vertex -27.9066 37.8601 5.9
      vertex -27.6063 37.7526 5.9
    endloop
  endfacet
  facet normal 0 0 1
    outer loop
      vertex -26.8897 39.9037 5.9
      vertex -28.216 37.9376 5.9
      vertex -27.9066 37.8601 5.9
    endloop
  endfacet
  facet normal 0 0 1
    outer loop
      vertex -28.8 39.9975 5.9
      vertex -28.216 37.9376 5.9
      vertex -26.8897 39.9037 5.9
    endloop
  endfacet
  facet normal 0 0 1
    outer loop
      vertex -28.216 37.9376 5.9
      vertex -28.8 39.9975 5.9
      vertex -28.5314 37.9844 5.9
    endloop
  endfacet
  facet normal 0 0 1
    outer loop
      vertex -28.8 39.9975 5.9
      vertex -28.85 38 5.9
      vertex -28.5314 37.9844 5.9
    endloop
  endfacet
  facet normal 0 0 1
    outer loop
      vertex -28.8 39.9975 5.9
      vertex -29.1686 37.9844 5.9
      vertex -28.85 38 5.9
    endloop
  endfacet
  facet normal 0 0 1
    outer loop
      vertex -28.8 39.9975 5.9
      vertex -29.484 37.9376 5.9
      vertex -29.1686 37.9844 5.9
    endloop
  endfacet
  facet normal -0 0 1
    outer loop
      vertex -30.7103 39.9037 5.9
      vertex -29.484 37.9376 5.9
      vertex -28.8 39.9975 5.9
    endloop
  endfacet
  facet normal 0 0 1
    outer loop
      vertex -29.484 37.9376 5.9
      vertex -30.7103 39.9037 5.9
      vertex -29.7934 37.8601 5.9
    endloop
  endfacet
  facet normal 0 0 1
    outer loop
      vertex -29.7934 37.8601 5.9
      vertex -30.7103 39.9037 5.9
      vertex -30.0937 37.7526 5.9
    endloop
  endfacet
  facet normal 0 0 1
    outer loop
      vertex -30.0937 37.7526 5.9
      vertex -30.7103 39.9037 5.9
      vertex -30.382 37.6162 5.9
    endloop
  endfacet
  facet normal 0 0 1
    outer loop
      vertex -30.382 37.6162 5.9
      vertex -30.7103 39.9037 5.9
      vertex -30.6556 37.4523 5.9
    endloop
  endfacet
  facet normal -0 0 1
    outer loop
      vertex -32.6518 39.6157 5.9
      vertex -30.6556 37.4523 5.9
      vertex -30.7103 39.9037 5.9
    endloop
  endfacet
  facet normal 0 0 1
    outer loop
      vertex -30.6556 37.4523 5.9
      vertex -32.6518 39.6157 5.9
      vertex -30.9118 37.2623 5.9
    endloop
  endfacet
  facet normal 0 0 1
    outer loop
      vertex -30.9118 37.2623 5.9
      vertex -32.6518 39.6157 5.9
      vertex -31.1481 37.0481 5.9
    endloop
  endfacet
  facet normal 0 0 1
    outer loop
      vertex -31.1481 37.0481 5.9
      vertex -32.6518 39.6157 5.9
      vertex -31.3623 36.8118 5.9
    endloop
  endfacet
  facet normal 0 0 1
    outer loop
      vertex -31.3623 36.8118 5.9
      vertex -32.6518 39.6157 5.9
      vertex -31.5523 36.5556 5.9
    endloop
  endfacet
  facet normal -0 0 1
    outer loop
      vertex -34.5557 39.1388 5.9
      vertex -31.5523 36.5556 5.9
      vertex -32.6518 39.6157 5.9
    endloop
  endfacet
  facet normal 0 0 1
    outer loop
      vertex -31.5523 36.5556 5.9
      vertex -34.5557 39.1388 5.9
      vertex -31.7162 36.282 5.9
    endloop
  endfacet
  facet normal 0 0 1
    outer loop
      vertex -38.75 37.2955 5.9
      vertex -32.1 26.25 5.9
      vertex -32.1 34.75 5.9
    endloop
  endfacet
  facet normal 0 0 1
    outer loop
      vertex -32.1 26.25 5.9
      vertex -38.75 37.2955 5.9
      vertex -32.1 -26.25 5.9
    endloop
  endfacet
  facet normal 0 0 1
    outer loop
      vertex -32.0376 35.384 5.9
      vertex -36.4037 38.4776 5.9
      vertex -32.0844 35.0686 5.9
    endloop
  endfacet
  facet normal 0 0 1
    outer loop
      vertex -31.9601 35.6934 5.9
      vertex -36.4037 38.4776 5.9
      vertex -32.0376 35.384 5.9
    endloop
  endfacet
  facet normal -0 0 1
    outer loop
      vertex -36.4037 38.4776 5.9
      vertex -31.9601 35.6934 5.9
      vertex -34.5557 39.1388 5.9
    endloop
  endfacet
  facet normal 0 0 1
    outer loop
      vertex -31.8526 35.9937 5.9
      vertex -34.5557 39.1388 5.9
      vertex -31.9601 35.6934 5.9
    endloop
  endfacet
  facet normal 0 0 1
    outer loop
      vertex -31.7162 36.282 5.9
      vertex -34.5557 39.1388 5.9
      vertex -31.8526 35.9937 5.9
    endloop
  endfacet
  facet normal 0 0 1
    outer loop
      vertex -19.4221 -37.6384 5.9
      vertex -25.6 -34.75 5.9
      vertex -21.1963 -38.4776 5.9
    endloop
  endfacet
  facet normal -0 0 1
    outer loop
      vertex -25.6157 -35.0686 5.9
      vertex -21.1963 -38.4776 5.9
      vertex -25.6 -34.75 5.9
    endloop
  endfacet
  facet normal -0 0 1
    outer loop
      vertex -25.6624 -35.384 5.9
      vertex -21.1963 -38.4776 5.9
      vertex -25.6157 -35.0686 5.9
    endloop
  endfacet
  facet normal -0 0 1
    outer loop
      vertex -25.7399 -35.6934 5.9
      vertex -21.1963 -38.4776 5.9
      vertex -25.6624 -35.384 5.9
    endloop
  endfacet
  facet normal 0 0 1
    outer loop
      vertex -21.1963 -38.4776 5.9
      vertex -25.7399 -35.6934 5.9
      vertex -23.0443 -39.1388 5.9
    endloop
  endfacet
  facet normal -0 0 1
    outer loop
      vertex -25.8474 -35.9937 5.9
      vertex -23.0443 -39.1388 5.9
      vertex -25.7399 -35.6934 5.9
    endloop
  endfacet
  facet normal -0 0 1
    outer loop
      vertex -25.9838 -36.282 5.9
      vertex -23.0443 -39.1388 5.9
      vertex -25.8474 -35.9937 5.9
    endloop
  endfacet
  facet normal -0 0 1
    outer loop
      vertex -26.1477 -36.5556 5.9
      vertex -23.0443 -39.1388 5.9
      vertex -25.9838 -36.282 5.9
    endloop
  endfacet
  facet normal 0 0 1
    outer loop
      vertex -23.0443 -39.1388 5.9
      vertex -26.1477 -36.5556 5.9
      vertex -24.9482 -39.6157 5.9
    endloop
  endfacet
  facet normal -0 0 1
    outer loop
      vertex -26.3377 -36.8118 5.9
      vertex -24.9482 -39.6157 5.9
      vertex -26.1477 -36.5556 5.9
    endloop
  endfacet
  facet normal -0 0 1
    outer loop
      vertex -26.5519 -37.0481 5.9
      vertex -24.9482 -39.6157 5.9
      vertex -26.3377 -36.8118 5.9
    endloop
  endfacet
  facet normal -0 0 1
    outer loop
      vertex -26.7882 -37.2623 5.9
      vertex -24.9482 -39.6157 5.9
      vertex -26.5519 -37.0481 5.9
    endloop
  endfacet
  facet normal -0 0 1
    outer loop
      vertex -27.0444 -37.4523 5.9
      vertex -24.9482 -39.6157 5.9
      vertex -26.7882 -37.2623 5.9
    endloop
  endfacet
  facet normal 0 0 1
    outer loop
      vertex -24.9482 -39.6157 5.9
      vertex -27.0444 -37.4523 5.9
      vertex -26.8897 -39.9037 5.9
    endloop
  endfacet
  facet normal -0 0 1
    outer loop
      vertex -27.318 -37.6162 5.9
      vertex -26.8897 -39.9037 5.9
      vertex -27.0444 -37.4523 5.9
    endloop
  endfacet
  facet normal -0 0 1
    outer loop
      vertex -27.6063 -37.7526 5.9
      vertex -26.8897 -39.9037 5.9
      vertex -27.318 -37.6162 5.9
    endloop
  endfacet
  facet normal -0 0 1
    outer loop
      vertex -27.9066 -37.8601 5.9
      vertex -26.8897 -39.9037 5.9
      vertex -27.6063 -37.7526 5.9
    endloop
  endfacet
  facet normal -0 0 1
    outer loop
      vertex -28.216 -37.9376 5.9
      vertex -26.8897 -39.9037 5.9
      vertex -27.9066 -37.8601 5.9
    endloop
  endfacet
  facet normal 0 0 1
    outer loop
      vertex -28.8 -39.9975 5.9
      vertex -28.216 -37.9376 5.9
      vertex -28.5314 -37.9844 5.9
    endloop
  endfacet
  facet normal 0 0 1
    outer loop
      vertex -28.216 -37.9376 5.9
      vertex -28.8 -39.9975 5.9
      vertex -26.8897 -39.9037 5.9
    endloop
  endfacet
  facet normal -0 0 1
    outer loop
      vertex -28.85 -38 5.9
      vertex -28.8 -39.9975 5.9
      vertex -28.5314 -37.9844 5.9
    endloop
  endfacet
  facet normal 0 0 1
    outer loop
      vertex -29.1686 -37.9844 5.9
      vertex -28.8 -39.9975 5.9
      vertex -28.85 -38 5.9
    endloop
  endfacet
  facet normal 0 0 1
    outer loop
      vertex -29.484 -37.9376 5.9
      vertex -28.8 -39.9975 5.9
      vertex -29.1686 -37.9844 5.9
    endloop
  endfacet
  facet normal 0 0 1
    outer loop
      vertex -30.7103 -39.9037 5.9
      vertex -29.484 -37.9376 5.9
      vertex -29.7934 -37.8601 5.9
    endloop
  endfacet
  facet normal 0 0 1
    outer loop
      vertex -30.7103 -39.9037 5.9
      vertex -29.7934 -37.8601 5.9
      vertex -30.0937 -37.7526 5.9
    endloop
  endfacet
  facet normal 0 0 1
    outer loop
      vertex -30.7103 -39.9037 5.9
      vertex -30.0937 -37.7526 5.9
      vertex -30.382 -37.6162 5.9
    endloop
  endfacet
  facet normal 0 0 1
    outer loop
      vertex -30.7103 -39.9037 5.9
      vertex -30.382 -37.6162 5.9
      vertex -30.6556 -37.4523 5.9
    endloop
  endfacet
  facet normal 0 0 1
    outer loop
      vertex -29.484 -37.9376 5.9
      vertex -30.7103 -39.9037 5.9
      vertex -28.8 -39.9975 5.9
    endloop
  endfacet
  facet normal 0 0 1
    outer loop
      vertex -32.6518 -39.6157 5.9
      vertex -30.6556 -37.4523 5.9
      vertex -30.9118 -37.2623 5.9
    endloop
  endfacet
  facet normal 0 0 1
    outer loop
      vertex -32.6518 -39.6157 5.9
      vertex -30.9118 -37.2623 5.9
      vertex -31.1481 -37.0481 5.9
    endloop
  endfacet
  facet normal 0 0 1
    outer loop
      vertex -32.6518 -39.6157 5.9
      vertex -31.1481 -37.0481 5.9
      vertex -31.3623 -36.8118 5.9
    endloop
  endfacet
  facet normal 0 0 1
    outer loop
      vertex -32.6518 -39.6157 5.9
      vertex -31.3623 -36.8118 5.9
      vertex -31.5523 -36.5556 5.9
    endloop
  endfacet
  facet normal 0 0 1
    outer loop
      vertex -34.5557 -39.1388 5.9
      vertex -31.5523 -36.5556 5.9
      vertex -31.7162 -36.282 5.9
    endloop
  endfacet
  facet normal 0 0 1
    outer loop
      vertex -34.5557 -39.1388 5.9
      vertex -31.7162 -36.282 5.9
      vertex -31.8526 -35.9937 5.9
    endloop
  endfacet
  facet normal 0 0 1
    outer loop
      vertex -34.5557 -39.1388 5.9
      vertex -31.8526 -35.9937 5.9
      vertex -31.9601 -35.6934 5.9
    endloop
  endfacet
  facet normal 0 0 1
    outer loop
      vertex -30.6556 -37.4523 5.9
      vertex -32.6518 -39.6157 5.9
      vertex -30.7103 -39.9037 5.9
    endloop
  endfacet
  facet normal 0 0 1
    outer loop
      vertex -36.4037 -38.4776 5.9
      vertex -31.9601 -35.6934 5.9
      vertex -32.0376 -35.384 5.9
    endloop
  endfacet
  facet normal 0 0 1
    outer loop
      vertex -36.4037 -38.4776 5.9
      vertex -32.0376 -35.384 5.9
      vertex -32.0844 -35.0686 5.9
    endloop
  endfacet
  facet normal 0 0 1
    outer loop
      vertex -36.4037 -38.4776 5.9
      vertex -32.0844 -35.0686 5.9
      vertex -32.1 -34.75 5.9
    endloop
  endfacet
  facet normal 0 0 1
    outer loop
      vertex -38.75 -37.2955 5.9
      vertex -32.1 -26.25 5.9
      vertex -38.75 37.2955 5.9
    endloop
  endfacet
  facet normal 0 0 1
    outer loop
      vertex -32.0844 35.0686 5.9
      vertex -36.4037 38.4776 5.9
      vertex -32.1 34.75 5.9
    endloop
  endfacet
  facet normal 0 0 1
    outer loop
      vertex -32.1 -26.25 5.9
      vertex -38.75 -37.2955 5.9
      vertex -32.1 -34.75 5.9
    endloop
  endfacet
  facet normal -0 0 1
    outer loop
      vertex -38.1779 37.6384 5.9
      vertex -32.1 34.75 5.9
      vertex -36.4037 38.4776 5.9
    endloop
  endfacet
  facet normal 0 -0 1
    outer loop
      vertex -38.1779 -37.6384 5.9
      vertex -32.1 -34.75 5.9
      vertex -38.75 -37.2955 5.9
    endloop
  endfacet
  facet normal 0 0 1
    outer loop
      vertex -32.1 34.75 5.9
      vertex -38.1779 37.6384 5.9
      vertex -38.75 37.2955 5.9
    endloop
  endfacet
  facet normal 0 0 1
    outer loop
      vertex -31.5523 -36.5556 5.9
      vertex -34.5557 -39.1388 5.9
      vertex -32.6518 -39.6157 5.9
    endloop
  endfacet
  facet normal 0 0 1
    outer loop
      vertex -31.9601 -35.6934 5.9
      vertex -36.4037 -38.4776 5.9
      vertex -34.5557 -39.1388 5.9
    endloop
  endfacet
  facet normal 0 0 1
    outer loop
      vertex -32.1 -34.75 5.9
      vertex -38.1779 -37.6384 5.9
      vertex -36.4037 -38.4776 5.9
    endloop
  endfacet
  facet normal -0 0 1
    outer loop
      vertex -27.4389 -0.754234 5.9
      vertex -26.1477 -24.4444 5.9
      vertex -27.3718 -0.612293 5.9
    endloop
  endfacet
  facet normal 0 0 1
    outer loop
      vertex -26.1477 -24.4444 5.9
      vertex -27.4389 -0.754234 5.9
      vertex -26.3377 -24.1882 5.9
    endloop
  endfacet
  facet normal -0 0 1
    outer loop
      vertex -27.5196 -0.888912 5.9
      vertex -26.3377 -24.1882 5.9
      vertex -27.4389 -0.754234 5.9
    endloop
  endfacet
  facet normal 0 0 1
    outer loop
      vertex -26.3377 -24.1882 5.9
      vertex -27.5196 -0.888912 5.9
      vertex -26.5519 -23.9519 5.9
    endloop
  endfacet
  facet normal -0 0 1
    outer loop
      vertex -27.6132 -1.01503 5.9
      vertex -26.5519 -23.9519 5.9
      vertex -27.5196 -0.888912 5.9
    endloop
  endfacet
  facet normal -0 0 1
    outer loop
      vertex -27.7186 -1.13137 5.9
      vertex -26.5519 -23.9519 5.9
      vertex -27.6132 -1.01503 5.9
    endloop
  endfacet
  facet normal 0 0 1
    outer loop
      vertex -26.5519 -23.9519 5.9
      vertex -27.7186 -1.13137 5.9
      vertex -26.7882 -23.7377 5.9
    endloop
  endfacet
  facet normal -0 0 1
    outer loop
      vertex -27.835 -1.23682 5.9
      vertex -26.7882 -23.7377 5.9
      vertex -27.7186 -1.13137 5.9
    endloop
  endfacet
  facet normal 0 0 1
    outer loop
      vertex -26.7882 -23.7377 5.9
      vertex -27.835 -1.23682 5.9
      vertex -27.0444 -23.5477 5.9
    endloop
  endfacet
  facet normal -0 0 1
    outer loop
      vertex -27.9611 -1.33035 5.9
      vertex -27.0444 -23.5477 5.9
      vertex -27.835 -1.23682 5.9
    endloop
  endfacet
  facet normal 0 0 1
    outer loop
      vertex -27.0444 -23.5477 5.9
      vertex -27.9611 -1.33035 5.9
      vertex -27.318 -23.3838 5.9
    endloop
  endfacet
  facet normal -0 0 1
    outer loop
      vertex -28.0958 -1.41107 5.9
      vertex -27.318 -23.3838 5.9
      vertex -27.9611 -1.33035 5.9
    endloop
  endfacet
  facet normal 0 0 1
    outer loop
      vertex -27.318 -23.3838 5.9
      vertex -28.0958 -1.41107 5.9
      vertex -27.6063 -23.2474 5.9
    endloop
  endfacet
  facet normal -0 0 1
    outer loop
      vertex -28.2377 -1.47821 5.9
      vertex -27.6063 -23.2474 5.9
      vertex -28.0958 -1.41107 5.9
    endloop
  endfacet
  facet normal 0 0 1
    outer loop
      vertex -27.6063 -23.2474 5.9
      vertex -28.2377 -1.47821 5.9
      vertex -27.9066 -23.1399 5.9
    endloop
  endfacet
  facet normal -0 0 1
    outer loop
      vertex -28.3855 -1.5311 5.9
      vertex -27.9066 -23.1399 5.9
      vertex -28.2377 -1.47821 5.9
    endloop
  endfacet
  facet normal 0 0 1
    outer loop
      vertex -27.9066 -23.1399 5.9
      vertex -28.3855 -1.5311 5.9
      vertex -28.216 -23.0624 5.9
    endloop
  endfacet
  facet normal -0 0 1
    outer loop
      vertex -28.5379 -1.56926 5.9
      vertex -28.216 -23.0624 5.9
      vertex -28.3855 -1.5311 5.9
    endloop
  endfacet
  facet normal 0 0 1
    outer loop
      vertex -28.216 -23.0624 5.9
      vertex -28.5379 -1.56926 5.9
      vertex -28.5314 -23.0156 5.9
    endloop
  endfacet
  facet normal -0 0 1
    outer loop
      vertex -28.6932 -1.59229 5.9
      vertex -28.5314 -23.0156 5.9
      vertex -28.5379 -1.56926 5.9
    endloop
  endfacet
  facet normal -0 0 1
    outer loop
      vertex -28.85 -1.6 5.9
      vertex -28.5314 -23.0156 5.9
      vertex -28.6932 -1.59229 5.9
    endloop
  endfacet
  facet normal 0 0 1
    outer loop
      vertex -28.85 -1.6 5.9
      vertex -28.85 -23 5.9
      vertex -28.5314 -23.0156 5.9
    endloop
  endfacet
  facet normal 0 0 1
    outer loop
      vertex -29.0068 -1.59229 5.9
      vertex -28.85 -23 5.9
      vertex -28.85 -1.6 5.9
    endloop
  endfacet
  facet normal 0 0 1
    outer loop
      vertex -29.1686 -23.0156 5.9
      vertex -29.0068 -1.59229 5.9
      vertex -29.1621 -1.56926 5.9
    endloop
  endfacet
  facet normal 0 0 1
    outer loop
      vertex -29.0068 -1.59229 5.9
      vertex -29.1686 -23.0156 5.9
      vertex -28.85 -23 5.9
    endloop
  endfacet
  facet normal 0 0 1
    outer loop
      vertex -29.484 -23.0624 5.9
      vertex -29.1621 -1.56926 5.9
      vertex -29.3145 -1.5311 5.9
    endloop
  endfacet
  facet normal 0 0 1
    outer loop
      vertex -29.7934 -23.1399 5.9
      vertex -29.3145 -1.5311 5.9
      vertex -29.4623 -1.47821 5.9
    endloop
  endfacet
  facet normal 0 0 1
    outer loop
      vertex -29.1621 -1.56926 5.9
      vertex -29.484 -23.0624 5.9
      vertex -29.1686 -23.0156 5.9
    endloop
  endfacet
  facet normal 0 0 1
    outer loop
      vertex -30.0937 -23.2474 5.9
      vertex -29.4623 -1.47821 5.9
      vertex -29.6042 -1.41107 5.9
    endloop
  endfacet
  facet normal 0 0 1
    outer loop
      vertex -30.382 -23.3838 5.9
      vertex -29.6042 -1.41107 5.9
      vertex -29.7389 -1.33035 5.9
    endloop
  endfacet
  facet normal 0 0 1
    outer loop
      vertex -29.3145 -1.5311 5.9
      vertex -29.7934 -23.1399 5.9
      vertex -29.484 -23.0624 5.9
    endloop
  endfacet
  facet normal 0 0 1
    outer loop
      vertex -30.6556 -23.5477 5.9
      vertex -29.7389 -1.33035 5.9
      vertex -29.865 -1.23682 5.9
    endloop
  endfacet
  facet normal 0 0 1
    outer loop
      vertex -30.9118 -23.7377 5.9
      vertex -29.865 -1.23682 5.9
      vertex -29.9814 -1.13137 5.9
    endloop
  endfacet
  facet normal 0 0 1
    outer loop
      vertex -31.1481 -23.9519 5.9
      vertex -29.9814 -1.13137 5.9
      vertex -30.0868 -1.01503 5.9
    endloop
  endfacet
  facet normal 0 0 1
    outer loop
      vertex -29.4623 -1.47821 5.9
      vertex -30.0937 -23.2474 5.9
      vertex -29.7934 -23.1399 5.9
    endloop
  endfacet
  facet normal 0 0 1
    outer loop
      vertex -31.1481 -23.9519 5.9
      vertex -30.0868 -1.01503 5.9
      vertex -30.1804 -0.888912 5.9
    endloop
  endfacet
  facet normal 0 0 1
    outer loop
      vertex -31.3623 -24.1882 5.9
      vertex -30.1804 -0.888912 5.9
      vertex -30.2611 -0.754234 5.9
    endloop
  endfacet
  facet normal 0 0 1
    outer loop
      vertex -31.5523 -24.4444 5.9
      vertex -30.2611 -0.754234 5.9
      vertex -30.3282 -0.612293 5.9
    endloop
  endfacet
  facet normal 0 0 1
    outer loop
      vertex -31.7162 -24.718 5.9
      vertex -30.3282 -0.612293 5.9
      vertex -30.3811 -0.464455 5.9
    endloop
  endfacet
  facet normal 0 0 1
    outer loop
      vertex -29.6042 -1.41107 5.9
      vertex -30.382 -23.3838 5.9
      vertex -30.0937 -23.2474 5.9
    endloop
  endfacet
  facet normal 0 0 1
    outer loop
      vertex -31.8526 -25.0063 5.9
      vertex -30.3811 -0.464455 5.9
      vertex -30.4193 -0.312144 5.9
    endloop
  endfacet
  facet normal 0 0 1
    outer loop
      vertex -31.9601 -25.3066 5.9
      vertex -30.4193 -0.312144 5.9
      vertex -30.4423 -0.156827 5.9
    endloop
  endfacet
  facet normal 0 0 1
    outer loop
      vertex -32.0376 -25.616 5.9
      vertex -30.4423 -0.156827 5.9
      vertex -30.45 0 5.9
    endloop
  endfacet
  facet normal 0 0 1
    outer loop
      vertex -31.7162 24.718 5.9
      vertex -30.3282 0.612293 5.9
      vertex -31.5523 24.4444 5.9
    endloop
  endfacet
  facet normal 0 0 1
    outer loop
      vertex -29.7389 -1.33035 5.9
      vertex -30.6556 -23.5477 5.9
      vertex -30.382 -23.3838 5.9
    endloop
  endfacet
  facet normal 0 0 1
    outer loop
      vertex -30.3282 0.612293 5.9
      vertex -31.7162 24.718 5.9
      vertex -30.3811 0.464455 5.9
    endloop
  endfacet
  facet normal 0 0 1
    outer loop
      vertex -29.865 -1.23682 5.9
      vertex -30.9118 -23.7377 5.9
      vertex -30.6556 -23.5477 5.9
    endloop
  endfacet
  facet normal 0 0 1
    outer loop
      vertex -31.8526 25.0063 5.9
      vertex -30.3811 0.464455 5.9
      vertex -31.7162 24.718 5.9
    endloop
  endfacet
  facet normal 0 0 1
    outer loop
      vertex -29.9814 -1.13137 5.9
      vertex -31.1481 -23.9519 5.9
      vertex -30.9118 -23.7377 5.9
    endloop
  endfacet
  facet normal 0 0 1
    outer loop
      vertex -30.3811 0.464455 5.9
      vertex -31.8526 25.0063 5.9
      vertex -30.4193 0.312144 5.9
    endloop
  endfacet
  facet normal 0 0 1
    outer loop
      vertex -30.1804 -0.888912 5.9
      vertex -31.3623 -24.1882 5.9
      vertex -31.1481 -23.9519 5.9
    endloop
  endfacet
  facet normal 0 0 1
    outer loop
      vertex -31.9601 25.3066 5.9
      vertex -30.4193 0.312144 5.9
      vertex -31.8526 25.0063 5.9
    endloop
  endfacet
  facet normal 0 0 1
    outer loop
      vertex -30.2611 -0.754234 5.9
      vertex -31.5523 -24.4444 5.9
      vertex -31.3623 -24.1882 5.9
    endloop
  endfacet
  facet normal 0 0 1
    outer loop
      vertex -30.4193 0.312144 5.9
      vertex -31.9601 25.3066 5.9
      vertex -30.4423 0.156827 5.9
    endloop
  endfacet
  facet normal 0 0 1
    outer loop
      vertex -30.3282 -0.612293 5.9
      vertex -31.7162 -24.718 5.9
      vertex -31.5523 -24.4444 5.9
    endloop
  endfacet
  facet normal 0 0 1
    outer loop
      vertex -32.0376 25.616 5.9
      vertex -30.4423 0.156827 5.9
      vertex -31.9601 25.3066 5.9
    endloop
  endfacet
  facet normal 0 0 1
    outer loop
      vertex -30.3811 -0.464455 5.9
      vertex -31.8526 -25.0063 5.9
      vertex -31.7162 -24.718 5.9
    endloop
  endfacet
  facet normal 0 0 1
    outer loop
      vertex -30.4423 0.156827 5.9
      vertex -32.0376 25.616 5.9
      vertex -30.45 0 5.9
    endloop
  endfacet
  facet normal 0 0 1
    outer loop
      vertex -30.4193 -0.312144 5.9
      vertex -31.9601 -25.3066 5.9
      vertex -31.8526 -25.0063 5.9
    endloop
  endfacet
  facet normal 0 0 1
    outer loop
      vertex -32.0844 25.9314 5.9
      vertex -30.45 0 5.9
      vertex -32.0376 25.616 5.9
    endloop
  endfacet
  facet normal 0 0 1
    outer loop
      vertex -30.4423 -0.156827 5.9
      vertex -32.0376 -25.616 5.9
      vertex -31.9601 -25.3066 5.9
    endloop
  endfacet
  facet normal 0 0 1
    outer loop
      vertex -32.0844 -25.9314 5.9
      vertex -30.45 0 5.9
      vertex -32.0844 25.9314 5.9
    endloop
  endfacet
  facet normal 0 0 1
    outer loop
      vertex -30.45 0 5.9
      vertex -32.0844 -25.9314 5.9
      vertex -32.0376 -25.616 5.9
    endloop
  endfacet
  facet normal 0 0 1
    outer loop
      vertex -32.1 26.25 5.9
      vertex -32.0844 -25.9314 5.9
      vertex -32.0844 25.9314 5.9
    endloop
  endfacet
  facet normal 0 0 1
    outer loop
      vertex -32.0844 -25.9314 5.9
      vertex -32.1 26.25 5.9
      vertex -32.1 -26.25 5.9
    endloop
  endfacet
  facet normal -1 0 0
    outer loop
      vertex -18.9 -37.3255 5.9
      vertex -18.9 37.3255 8
      vertex -18.9 37.3255 5.9
    endloop
  endfacet
  facet normal -1 -0 0
    outer loop
      vertex -18.9 37.3255 8
      vertex -18.9 -37.3255 5.9
      vertex -18.9 -37.3255 8
    endloop
  endfacet
  facet normal -0.336879 -0.941548 0
    outer loop
      vertex -23.0443 39.1388 5.9
      vertex -21.1963 38.4776 8
      vertex -23.0443 39.1388 8
    endloop
  endfacet
  facet normal -0.336879 -0.941548 -0
    outer loop
      vertex -21.1963 38.4776 8
      vertex -23.0443 39.1388 5.9
      vertex -21.1963 38.4776 5.9
    endloop
  endfacet
  facet normal -0.514061 -0.857754 0
    outer loop
      vertex -19.4221 37.6384 5.9
      vertex -18.9 37.3255 8
      vertex -19.4221 37.6384 8
    endloop
  endfacet
  facet normal -0.514061 -0.857754 -0
    outer loop
      vertex -18.9 37.3255 8
      vertex -19.4221 37.6384 5.9
      vertex -18.9 37.3255 5.9
    endloop
  endfacet
  facet normal -0.427583 -0.903976 0
    outer loop
      vertex -21.1963 38.4776 5.9
      vertex -19.4221 37.6384 8
      vertex -21.1963 38.4776 8
    endloop
  endfacet
  facet normal -0.427583 -0.903976 -0
    outer loop
      vertex -19.4221 37.6384 8
      vertex -21.1963 38.4776 5.9
      vertex -19.4221 37.6384 5.9
    endloop
  endfacet
  facet normal -0.0490431 0.998797 0
    outer loop
      vertex -26.8897 -39.9037 5.9
      vertex -28.8 -39.9975 8
      vertex -26.8897 -39.9037 8
    endloop
  endfacet
  facet normal -0.0490431 0.998797 0
    outer loop
      vertex -28.8 -39.9975 8
      vertex -26.8897 -39.9037 5.9
      vertex -28.8 -39.9975 5.9
    endloop
  endfacet
  facet normal -0.242979 0.970032 0
    outer loop
      vertex -23.0443 -39.1388 5.9
      vertex -24.9482 -39.6157 8
      vertex -23.0443 -39.1388 8
    endloop
  endfacet
  facet normal -0.242979 0.970032 0
    outer loop
      vertex -24.9482 -39.6157 8
      vertex -23.0443 -39.1388 5.9
      vertex -24.9482 -39.6157 5.9
    endloop
  endfacet
  facet normal -0.336879 0.941548 0
    outer loop
      vertex -21.1963 -38.4776 5.9
      vertex -23.0443 -39.1388 8
      vertex -21.1963 -38.4776 8
    endloop
  endfacet
  facet normal -0.336879 0.941548 0
    outer loop
      vertex -23.0443 -39.1388 8
      vertex -21.1963 -38.4776 5.9
      vertex -23.0443 -39.1388 5.9
    endloop
  endfacet
  facet normal -0.514061 0.857754 0
    outer loop
      vertex -18.9 -37.3255 5.9
      vertex -19.4221 -37.6384 8
      vertex -18.9 -37.3255 8
    endloop
  endfacet
  facet normal -0.514061 0.857754 0
    outer loop
      vertex -19.4221 -37.6384 8
      vertex -18.9 -37.3255 5.9
      vertex -19.4221 -37.6384 5.9
    endloop
  endfacet
  facet normal -0.427583 0.903976 0
    outer loop
      vertex -19.4221 -37.6384 5.9
      vertex -21.1963 -38.4776 8
      vertex -19.4221 -37.6384 8
    endloop
  endfacet
  facet normal -0.427583 0.903976 0
    outer loop
      vertex -21.1963 -38.4776 8
      vertex -19.4221 -37.6384 5.9
      vertex -21.1963 -38.4776 5.9
    endloop
  endfacet
  facet normal -0.146733 0.989176 0
    outer loop
      vertex -24.9482 -39.6157 5.9
      vertex -26.8897 -39.9037 8
      vertex -24.9482 -39.6157 8
    endloop
  endfacet
  facet normal -0.146733 0.989176 0
    outer loop
      vertex -26.8897 -39.9037 8
      vertex -24.9482 -39.6157 5.9
      vertex -26.8897 -39.9037 5.9
    endloop
  endfacet
  facet normal -0.242979 -0.970032 0
    outer loop
      vertex -24.9482 39.6157 5.9
      vertex -23.0443 39.1388 8
      vertex -24.9482 39.6157 8
    endloop
  endfacet
  facet normal -0.242979 -0.970032 -0
    outer loop
      vertex -23.0443 39.1388 8
      vertex -24.9482 39.6157 5.9
      vertex -23.0443 39.1388 5.9
    endloop
  endfacet
  facet normal -0.146733 -0.989176 0
    outer loop
      vertex -26.8897 39.9037 5.9
      vertex -24.9482 39.6157 8
      vertex -26.8897 39.9037 8
    endloop
  endfacet
  facet normal -0.146733 -0.989176 -0
    outer loop
      vertex -24.9482 39.6157 8
      vertex -26.8897 39.9037 5.9
      vertex -24.9482 39.6157 5.9
    endloop
  endfacet
  facet normal -0.305383 -0.853387 -0.42246
    outer loop
      vertex -28.0469 2.64753 0
      vertex -28.2377 1.47821 2.5
      vertex -28.3855 1.5311 2.5
    endloop
  endfacet
  facet normal -0.304488 -0.853674 -0.422526
    outer loop
      vertex -28.2377 1.47821 2.5
      vertex -28.0469 2.64753 0
      vertex -28.0222 2.63872 0
    endloop
  endfacet
  facet normal -0.539856 0.728058 -0.422477
    outer loop
      vertex -27.0948 -2.13866 0
      vertex -27.2919 -2.28481 0
      vertex -27.835 -1.23682 2.5
    endloop
  endfacet
  facet normal 0.905273 -0.0447015 -0.422473
    outer loop
      vertex -31.6046 0.245043 0
      vertex -30.45 0 2.5
      vertex -31.6167 0 0
    endloop
  endfacet
  facet normal -0.896574 0.132999 -0.422453
    outer loop
      vertex -26.0967 -0.27118 0
      vertex -26.1327 -0.513864 0
      vertex -27.2577 -0.156827 2.5
    endloop
  endfacet
  facet normal -0.90526 -0.0450243 -0.422467
    outer loop
      vertex -27.25 0 2.5
      vertex -26.0846 0.0261378 0
      vertex -26.0833 0 0
    endloop
  endfacet
  facet normal -0.905285 -0.0444483 -0.422472
    outer loop
      vertex -26.0846 0.0261378 0
      vertex -27.25 0 2.5
      vertex -27.2577 0.156827 2.5
    endloop
  endfacet
  facet normal -0.90528 -0.0447021 -0.422457
    outer loop
      vertex -26.0967 0.27118 0
      vertex -26.0846 0.0261378 0
      vertex -27.2577 0.156827 2.5
    endloop
  endfacet
  facet normal 0.728088 -0.539831 -0.422458
    outer loop
      vertex -31.0043 1.73413 0
      vertex -30.1804 0.888912 2.5
      vertex -31.1504 1.53708 0
    endloop
  endfacet
  facet normal -0.777486 0.465875 -0.422465
    outer loop
      vertex -26.5361 -1.51463 0
      vertex -27.5196 -0.888912 2.5
      vertex -27.4389 -0.754234 2.5
    endloop
  endfacet
  facet normal -0.77675 0.467088 -0.422479
    outer loop
      vertex -27.5196 -0.888912 2.5
      vertex -26.5361 -1.51463 0
      vertex -26.5496 -1.53708 0
    endloop
  endfacet
  facet normal -0.853454 -0.305174 -0.422475
    outer loop
      vertex -26.2939 1.05876 0
      vertex -26.2113 0.82776 0
      vertex -27.3718 0.612293 2.5
    endloop
  endfacet
  facet normal -0.539957 -0.727986 -0.422473
    outer loop
      vertex -27.3129 2.3004 0
      vertex -27.835 1.23682 2.5
      vertex -27.9611 1.33035 2.5
    endloop
  endfacet
  facet normal -0.540278 -0.727764 -0.422445
    outer loop
      vertex -27.835 1.23682 2.5
      vertex -27.3129 2.3004 0
      vertex -27.2919 2.28481 0
    endloop
  endfacet
  facet normal -0.671514 0.608755 -0.422476
    outer loop
      vertex -26.7113 -1.75515 0
      vertex -26.8761 -1.93694 0
      vertex -27.6132 -1.01503 2.5
    endloop
  endfacet
  facet normal -0.0445136 -0.905283 -0.422469
    outer loop
      vertex -28.605 2.75463 0
      vertex -28.6932 1.59229 2.5
      vertex -28.85 1.6 2.5
    endloop
  endfacet
  facet normal -0.044573 -0.90528 -0.42247
    outer loop
      vertex -28.6932 1.59229 2.5
      vertex -28.605 2.75463 0
      vertex -28.5788 2.75334 0
    endloop
  endfacet
  facet normal -0.853454 0.305174 -0.422475
    outer loop
      vertex -26.2113 -0.82776 0
      vertex -26.2939 -1.05876 0
      vertex -27.3718 -0.612293 2.5
    endloop
  endfacet
  facet normal -0.608839 -0.671438 -0.422477
    outer loop
      vertex -27.0948 2.13866 0
      vertex -26.9131 1.9739 0
      vertex -27.835 1.23682 2.5
    endloop
  endfacet
  facet normal 0.671514 -0.608755 -0.422476
    outer loop
      vertex -30.0868 1.01503 2.5
      vertex -30.9887 1.75515 0
      vertex -30.8239 1.93694 0
    endloop
  endfacet
  facet normal -0.387515 0.819359 -0.422472
    outer loop
      vertex -27.5458 -2.43998 0
      vertex -27.7676 -2.54488 0
      vertex -28.0958 -1.41107 2.5
    endloop
  endfacet
  facet normal -0.388331 0.819001 -0.422417
    outer loop
      vertex -27.7912 -2.55607 0
      vertex -28.0958 -1.41107 2.5
      vertex -27.7676 -2.54488 0
    endloop
  endfacet
  facet normal -0.38765 0.819297 -0.422469
    outer loop
      vertex -28.0958 -1.41107 2.5
      vertex -27.7912 -2.55607 0
      vertex -28.2377 -1.47821 2.5
    endloop
  endfacet
  facet normal -0.387515 -0.819359 -0.422472
    outer loop
      vertex -27.7676 2.54488 0
      vertex -27.5458 2.43998 0
      vertex -28.0958 1.41107 2.5
    endloop
  endfacet
  facet normal -0.819343 -0.387542 -0.422478
    outer loop
      vertex -26.3988 1.28054 0
      vertex -26.2939 1.05876 0
      vertex -27.3718 0.612293 2.5
    endloop
  endfacet
  facet normal -0.879232 0.220191 -0.422454
    outer loop
      vertex -26.1365 -0.53975 0
      vertex -26.1961 -0.777735 0
      vertex -27.2807 -0.312144 2.5
    endloop
  endfacet
  facet normal 0.0444467 0.905289 -0.422465
    outer loop
      vertex -28.85 -1.6 2.5
      vertex -29.095 -2.75463 0
      vertex -28.9441 -1.59538 2.5
    endloop
  endfacet
  facet normal 0.0446142 0.905278 -0.42247
    outer loop
      vertex -28.9441 -1.59538 2.5
      vertex -29.095 -2.75463 0
      vertex -29.0068 -1.59229 2.5
    endloop
  endfacet
  facet normal 0.044573 0.90528 -0.42247
    outer loop
      vertex -29.0068 -1.59229 2.5
      vertex -29.095 -2.75463 0
      vertex -29.1212 -2.75334 0
    endloop
  endfacet
  facet normal 0.879159 0.220495 -0.422448
    outer loop
      vertex -30.3811 -0.464455 2.5
      vertex -31.5635 -0.53975 0
      vertex -30.4193 -0.312144 2.5
    endloop
  endfacet
  facet normal 0.878921 0.221591 -0.422368
    outer loop
      vertex -31.5635 -0.53975 0
      vertex -30.3811 -0.464455 2.5
      vertex -31.5571 -0.565135 0
    endloop
  endfacet
  facet normal 0.305339 0.853397 -0.422471
    outer loop
      vertex -29.4623 -1.47821 2.5
      vertex -29.6778 -2.63872 0
      vertex -29.9088 -2.55607 0
    endloop
  endfacet
  facet normal -0.77747 0.465898 -0.422467
    outer loop
      vertex -26.41 -1.3042 0
      vertex -26.5361 -1.51463 0
      vertex -27.4389 -0.754234 2.5
    endloop
  endfacet
  facet normal -0.671514 -0.608755 -0.422476
    outer loop
      vertex -26.8761 1.93694 0
      vertex -26.7113 1.75515 0
      vertex -27.6132 1.01503 2.5
    endloop
  endfacet
  facet normal 0.387395 0.819415 -0.422474
    outer loop
      vertex -29.9088 -2.55607 0
      vertex -29.5475 -1.43793 2.5
      vertex -29.4623 -1.47821 2.5
    endloop
  endfacet
  facet normal 0.388039 0.819128 -0.422439
    outer loop
      vertex -29.5475 -1.43793 2.5
      vertex -29.9088 -2.55607 0
      vertex -29.6042 -1.41107 2.5
    endloop
  endfacet
  facet normal 0.388331 0.819001 -0.422417
    outer loop
      vertex -29.6042 -1.41107 2.5
      vertex -29.9088 -2.55607 0
      vertex -29.9324 -2.54488 0
    endloop
  endfacet
  facet normal 0.896574 -0.132999 -0.422453
    outer loop
      vertex -31.5635 0.53975 0
      vertex -30.4193 0.312144 2.5
      vertex -31.5995 0.297067 0
    endloop
  endfacet
  facet normal -0.0444883 0.905285 -0.422468
    outer loop
      vertex -28.85 -1.6 2.5
      vertex -28.605 -2.75463 0
      vertex -28.85 -2.76667 0
    endloop
  endfacet
  facet normal 0.387515 0.819359 -0.422472
    outer loop
      vertex -29.6042 -1.41107 2.5
      vertex -29.9324 -2.54488 0
      vertex -30.1542 -2.43998 0
    endloop
  endfacet
  facet normal -0.727825 0.540164 -0.422485
    outer loop
      vertex -26.6957 -1.73413 0
      vertex -27.6132 -1.01503 2.5
      vertex -27.5196 -0.888912 2.5
    endloop
  endfacet
  facet normal -0.727829 0.540159 -0.422485
    outer loop
      vertex -27.6132 -1.01503 2.5
      vertex -26.6957 -1.73413 0
      vertex -26.7113 -1.75515 0
    endloop
  endfacet
  facet normal -0.465059 0.77798 -0.422453
    outer loop
      vertex -27.3354 -2.31385 0
      vertex -27.9611 -1.33035 2.5
      vertex -27.3129 -2.3004 0
    endloop
  endfacet
  facet normal -0.465904 0.777469 -0.422463
    outer loop
      vertex -27.9611 -1.33035 2.5
      vertex -27.3354 -2.31385 0
      vertex -28.0958 -1.41107 2.5
    endloop
  endfacet
  facet normal 0.87923 -0.220191 -0.422457
    outer loop
      vertex -31.4975 0.80312 0
      vertex -30.3811 0.464455 2.5
      vertex -31.5571 0.565135 0
    endloop
  endfacet
  facet normal -0.81943 0.387371 -0.422466
    outer loop
      vertex -26.3988 -1.28054 0
      vertex -27.4389 -0.754234 2.5
      vertex -27.3718 -0.612293 2.5
    endloop
  endfacet
  facet normal -0.819225 0.387799 -0.422471
    outer loop
      vertex -27.4389 -0.754234 2.5
      vertex -26.3988 -1.28054 0
      vertex -26.41 -1.3042 0
    endloop
  endfacet
  facet normal 0.466028 -0.77739 -0.422472
    outer loop
      vertex -30.1542 2.43998 0
      vertex -29.6042 1.41107 2.5
      vertex -30.3646 2.31385 0
    endloop
  endfacet
  facet normal -0.853394 0.305365 -0.422458
    outer loop
      vertex -26.2025 -0.80312 0
      vertex -27.3718 -0.612293 2.5
      vertex -27.3189 -0.464455 2.5
    endloop
  endfacet
  facet normal -0.853561 0.304843 -0.422497
    outer loop
      vertex -27.3718 -0.612293 2.5
      vertex -26.2025 -0.80312 0
      vertex -26.2113 -0.82776 0
    endloop
  endfacet
  facet normal -0.879232 -0.220191 -0.422454
    outer loop
      vertex -26.1961 0.777735 0
      vertex -26.1365 0.53975 0
      vertex -27.2807 0.312144 2.5
    endloop
  endfacet
  facet normal -0.305339 0.853397 -0.422471
    outer loop
      vertex -27.7912 -2.55607 0
      vertex -28.0222 -2.63872 0
      vertex -28.2377 -1.47821 2.5
    endloop
  endfacet
  facet normal -0.819343 0.387542 -0.422478
    outer loop
      vertex -26.2939 -1.05876 0
      vertex -26.3988 -1.28054 0
      vertex -27.3718 -0.612293 2.5
    endloop
  endfacet
  facet normal 0.220281 0.879202 -0.422469
    outer loop
      vertex -29.6277 -2.65389 0
      vertex -29.2535 -1.54636 2.5
      vertex -29.1621 -1.56926 2.5
    endloop
  endfacet
  facet normal 0.219966 0.879286 -0.422459
    outer loop
      vertex -29.2535 -1.54636 2.5
      vertex -29.6277 -2.65389 0
      vertex -29.3145 -1.5311 2.5
    endloop
  endfacet
  facet normal 0.220156 0.879237 -0.422461
    outer loop
      vertex -29.3145 -1.5311 2.5
      vertex -29.6277 -2.65389 0
      vertex -29.6531 -2.64753 0
    endloop
  endfacet
  facet normal -0.77747 -0.465898 -0.422467
    outer loop
      vertex -26.5361 1.51463 0
      vertex -26.41 1.3042 0
      vertex -27.4389 0.754234 2.5
    endloop
  endfacet
  facet normal -0.896574 -0.132999 -0.422453
    outer loop
      vertex -26.1327 0.513864 0
      vertex -26.0967 0.27118 0
      vertex -27.2577 0.156827 2.5
    endloop
  endfacet
  facet normal -0.90528 0.0447021 -0.422457
    outer loop
      vertex -26.0846 -0.0261378 0
      vertex -26.0967 -0.27118 0
      vertex -27.2577 -0.156827 2.5
    endloop
  endfacet
  facet normal -0.90526 0.0450243 -0.422467
    outer loop
      vertex -26.0846 -0.0261378 0
      vertex -27.25 0 2.5
      vertex -26.0833 0 0
    endloop
  endfacet
  facet normal -0.905285 0.0444483 -0.422472
    outer loop
      vertex -27.25 0 2.5
      vertex -26.0846 -0.0261378 0
      vertex -27.2577 -0.156827 2.5
    endloop
  endfacet
  facet normal 0.777486 -0.465885 -0.422453
    outer loop
      vertex -31.1504 1.53708 0
      vertex -30.1804 0.888912 2.5
      vertex -31.2765 1.32664 0
    endloop
  endfacet
  facet normal -0.304488 0.853674 -0.422526
    outer loop
      vertex -28.0469 -2.64753 0
      vertex -28.2377 -1.47821 2.5
      vertex -28.0222 -2.63872 0
    endloop
  endfacet
  facet normal -0.305383 0.853387 -0.42246
    outer loop
      vertex -28.2377 -1.47821 2.5
      vertex -28.0469 -2.64753 0
      vertex -28.3855 -1.5311 2.5
    endloop
  endfacet
  facet normal -0.896786 -0.131646 -0.422426
    outer loop
      vertex -26.1327 0.513864 0
      vertex -27.2807 0.312144 2.5
      vertex -26.1365 0.53975 0
    endloop
  endfacet
  facet normal -0.896614 -0.132774 -0.422438
    outer loop
      vertex -27.2807 0.312144 2.5
      vertex -26.1327 0.513864 0
      vertex -27.2577 0.156827 2.5
    endloop
  endfacet
  facet normal -0.466028 -0.77739 -0.422472
    outer loop
      vertex -27.5458 2.43998 0
      vertex -27.3354 2.31385 0
      vertex -28.0958 1.41107 2.5
    endloop
  endfacet
  facet normal 0.728088 0.539831 -0.422458
    outer loop
      vertex -30.1804 -0.888912 2.5
      vertex -31.0043 -1.73413 0
      vertex -31.1504 -1.53708 0
    endloop
  endfacet
  facet normal -0.220333 -0.879188 -0.422472
    outer loop
      vertex -28.3102 2.71351 0
      vertex -28.0723 2.65389 0
      vertex -28.5379 1.56926 2.5
    endloop
  endfacet
  facet normal 0.0444883 0.905285 -0.422468
    outer loop
      vertex -28.85 -1.6 2.5
      vertex -28.85 -2.76667 0
      vertex -29.095 -2.75463 0
    endloop
  endfacet
  facet normal -0.132929 0.896575 -0.422472
    outer loop
      vertex -28.5788 -2.75334 0
      vertex -28.5379 -1.56926 2.5
      vertex -28.5529 -2.7495 0
    endloop
  endfacet
  facet normal -0.132956 0.896572 -0.42247
    outer loop
      vertex -28.5379 -1.56926 2.5
      vertex -28.5788 -2.75334 0
      vertex -28.6932 -1.59229 2.5
    endloop
  endfacet
  facet normal -0.0444883 -0.905285 -0.422468
    outer loop
      vertex -28.85 2.76667 0
      vertex -28.605 2.75463 0
      vertex -28.85 1.6 2.5
    endloop
  endfacet
  facet normal -0.671713 0.608548 -0.422458
    outer loop
      vertex -26.8761 -1.93694 0
      vertex -27.7186 -1.13137 2.5
      vertex -27.6132 -1.01503 2.5
    endloop
  endfacet
  facet normal -0.671135 0.609179 -0.422467
    outer loop
      vertex -27.7186 -1.13137 2.5
      vertex -26.8761 -1.93694 0
      vertex -26.8937 -1.95633 0
    endloop
  endfacet
  facet normal 0.388039 -0.819128 -0.422439
    outer loop
      vertex -29.9088 2.55607 0
      vertex -29.5475 1.43793 2.5
      vertex -29.6042 1.41107 2.5
    endloop
  endfacet
  facet normal 0.388331 -0.819001 -0.422417
    outer loop
      vertex -29.9088 2.55607 0
      vertex -29.6042 1.41107 2.5
      vertex -29.9324 2.54488 0
    endloop
  endfacet
  facet normal 0.387395 -0.819415 -0.422474
    outer loop
      vertex -29.5475 1.43793 2.5
      vertex -29.9088 2.55607 0
      vertex -29.4623 1.47821 2.5
    endloop
  endfacet
  facet normal -0.77675 -0.467088 -0.422479
    outer loop
      vertex -26.5361 1.51463 0
      vertex -27.5196 0.888912 2.5
      vertex -26.5496 1.53708 0
    endloop
  endfacet
  facet normal -0.777486 -0.465875 -0.422465
    outer loop
      vertex -27.5196 0.888912 2.5
      vertex -26.5361 1.51463 0
      vertex -27.4389 0.754234 2.5
    endloop
  endfacet
  facet normal 0.608537 0.671728 -0.422451
    outer loop
      vertex -30.7869 -1.9739 0
      vertex -29.9814 -1.13137 2.5
      vertex -29.865 -1.23682 2.5
    endloop
  endfacet
  facet normal 0.608442 0.671814 -0.42245
    outer loop
      vertex -29.9814 -1.13137 2.5
      vertex -30.7869 -1.9739 0
      vertex -30.8063 -1.95633 0
    endloop
  endfacet
  facet normal -0.608839 0.671438 -0.422477
    outer loop
      vertex -26.9131 -1.9739 0
      vertex -27.0948 -2.13866 0
      vertex -27.835 -1.23682 2.5
    endloop
  endfacet
  facet normal 0.727829 -0.540159 -0.422485
    outer loop
      vertex -30.0868 1.01503 2.5
      vertex -31.0043 1.73413 0
      vertex -30.9887 1.75515 0
    endloop
  endfacet
  facet normal 0.728104 -0.539792 -0.42248
    outer loop
      vertex -30.1429 0.939359 2.5
      vertex -31.0043 1.73413 0
      vertex -30.0868 1.01503 2.5
    endloop
  endfacet
  facet normal 0.727394 -0.540711 -0.422527
    outer loop
      vertex -31.0043 1.73413 0
      vertex -30.1429 0.939359 2.5
      vertex -30.1804 0.888912 2.5
    endloop
  endfacet
  facet normal -0.608442 0.671814 -0.42245
    outer loop
      vertex -26.9131 -1.9739 0
      vertex -27.7186 -1.13137 2.5
      vertex -26.8937 -1.95633 0
    endloop
  endfacet
  facet normal -0.608537 0.671728 -0.422451
    outer loop
      vertex -27.7186 -1.13137 2.5
      vertex -26.9131 -1.9739 0
      vertex -27.835 -1.23682 2.5
    endloop
  endfacet
  facet normal -0.466028 0.77739 -0.422472
    outer loop
      vertex -27.3354 -2.31385 0
      vertex -27.5458 -2.43998 0
      vertex -28.0958 -1.41107 2.5
    endloop
  endfacet
  facet normal -0.728088 0.539831 -0.422458
    outer loop
      vertex -26.5496 -1.53708 0
      vertex -26.6957 -1.73413 0
      vertex -27.5196 -0.888912 2.5
    endloop
  endfacet
  facet normal -0.38765 -0.819297 -0.422469
    outer loop
      vertex -27.7912 2.55607 0
      vertex -28.0958 1.41107 2.5
      vertex -28.2377 1.47821 2.5
    endloop
  endfacet
  facet normal -0.388331 -0.819001 -0.422417
    outer loop
      vertex -28.0958 1.41107 2.5
      vertex -27.7912 2.55607 0
      vertex -27.7676 2.54488 0
    endloop
  endfacet
  facet normal -0.220156 -0.879237 -0.422461
    outer loop
      vertex -28.0723 2.65389 0
      vertex -28.3855 1.5311 2.5
      vertex -28.5379 1.56926 2.5
    endloop
  endfacet
  facet normal -0.220156 -0.879237 -0.422461
    outer loop
      vertex -28.3855 1.5311 2.5
      vertex -28.0723 2.65389 0
      vertex -28.0469 2.64753 0
    endloop
  endfacet
  facet normal 0.85346 0.305176 -0.422462
    outer loop
      vertex -30.3811 -0.464455 2.5
      vertex -31.4149 -1.03412 0
      vertex -31.4975 -0.80312 0
    endloop
  endfacet
  facet normal 0.133087 -0.896557 -0.422461
    outer loop
      vertex -29.1212 2.75334 0
      vertex -29.069 1.58308 2.5
      vertex -29.1621 1.56926 2.5
    endloop
  endfacet
  facet normal 0.132929 -0.896575 -0.422472
    outer loop
      vertex -29.1212 2.75334 0
      vertex -29.1621 1.56926 2.5
      vertex -29.1471 2.7495 0
    endloop
  endfacet
  facet normal 0.13276 -0.896599 -0.422474
    outer loop
      vertex -29.069 1.58308 2.5
      vertex -29.1212 2.75334 0
      vertex -29.0068 1.59229 2.5
    endloop
  endfacet
  facet normal 0.671514 0.608755 -0.422476
    outer loop
      vertex -30.9887 -1.75515 0
      vertex -30.0868 -1.01503 2.5
      vertex -30.8239 -1.93694 0
    endloop
  endfacet
  facet normal 0.671713 0.608548 -0.422458
    outer loop
      vertex -29.9814 -1.13137 2.5
      vertex -30.8239 -1.93694 0
      vertex -30.0868 -1.01503 2.5
    endloop
  endfacet
  facet normal 0.671135 0.609179 -0.422467
    outer loop
      vertex -29.9814 -1.13137 2.5
      vertex -30.8063 -1.95633 0
      vertex -30.8239 -1.93694 0
    endloop
  endfacet
  facet normal -0.539856 -0.728058 -0.422477
    outer loop
      vertex -27.2919 2.28481 0
      vertex -27.0948 2.13866 0
      vertex -27.835 1.23682 2.5
    endloop
  endfacet
  facet normal -0.044573 0.90528 -0.42247
    outer loop
      vertex -28.605 -2.75463 0
      vertex -28.6932 -1.59229 2.5
      vertex -28.5788 -2.75334 0
    endloop
  endfacet
  facet normal -0.0445136 0.905283 -0.422469
    outer loop
      vertex -28.6932 -1.59229 2.5
      vertex -28.605 -2.75463 0
      vertex -28.85 -1.6 2.5
    endloop
  endfacet
  facet normal 0.539856 0.728058 -0.422477
    outer loop
      vertex -29.865 -1.23682 2.5
      vertex -30.4081 -2.28481 0
      vertex -30.6052 -2.13866 0
    endloop
  endfacet
  facet normal -0.879147 0.220492 -0.422473
    outer loop
      vertex -26.1961 -0.777735 0
      vertex -27.3189 -0.464455 2.5
      vertex -27.2807 -0.312144 2.5
    endloop
  endfacet
  facet normal -0.878869 0.221578 -0.422484
    outer loop
      vertex -27.3189 -0.464455 2.5
      vertex -26.1961 -0.777735 0
      vertex -26.2025 -0.80312 0
    endloop
  endfacet
  facet normal 0.728104 0.539792 -0.42248
    outer loop
      vertex -31.0043 -1.73413 0
      vertex -30.1429 -0.939359 2.5
      vertex -30.0868 -1.01503 2.5
    endloop
  endfacet
  facet normal 0.727394 0.540711 -0.422527
    outer loop
      vertex -30.1429 -0.939359 2.5
      vertex -31.0043 -1.73413 0
      vertex -30.1804 -0.888912 2.5
    endloop
  endfacet
  facet normal 0.727829 0.540159 -0.422485
    outer loop
      vertex -31.0043 -1.73413 0
      vertex -30.0868 -1.01503 2.5
      vertex -30.9887 -1.75515 0
    endloop
  endfacet
  facet normal -0.896614 0.132774 -0.422438
    outer loop
      vertex -26.1327 -0.513864 0
      vertex -27.2807 -0.312144 2.5
      vertex -27.2577 -0.156827 2.5
    endloop
  endfacet
  facet normal -0.896786 0.131646 -0.422426
    outer loop
      vertex -27.2807 -0.312144 2.5
      vertex -26.1327 -0.513864 0
      vertex -26.1365 -0.53975 0
    endloop
  endfacet
  facet normal -0.540278 0.727764 -0.422445
    outer loop
      vertex -27.3129 -2.3004 0
      vertex -27.835 -1.23682 2.5
      vertex -27.2919 -2.28481 0
    endloop
  endfacet
  facet normal -0.539957 0.727986 -0.422473
    outer loop
      vertex -27.835 -1.23682 2.5
      vertex -27.3129 -2.3004 0
      vertex -27.9611 -1.33035 2.5
    endloop
  endfacet
  facet normal -0.465904 -0.777469 -0.422463
    outer loop
      vertex -27.3354 2.31385 0
      vertex -27.9611 1.33035 2.5
      vertex -28.0958 1.41107 2.5
    endloop
  endfacet
  facet normal -0.465059 -0.77798 -0.422453
    outer loop
      vertex -27.9611 1.33035 2.5
      vertex -27.3354 2.31385 0
      vertex -27.3129 2.3004 0
    endloop
  endfacet
  facet normal 0.387515 -0.819359 -0.422472
    outer loop
      vertex -29.9324 2.54488 0
      vertex -29.6042 1.41107 2.5
      vertex -30.1542 2.43998 0
    endloop
  endfacet
  facet normal -0.132956 -0.896572 -0.42247
    outer loop
      vertex -28.5788 2.75334 0
      vertex -28.5379 1.56926 2.5
      vertex -28.6932 1.59229 2.5
    endloop
  endfacet
  facet normal -0.132929 -0.896575 -0.422472
    outer loop
      vertex -28.5379 1.56926 2.5
      vertex -28.5788 2.75334 0
      vertex -28.5529 2.7495 0
    endloop
  endfacet
  facet normal -0.727829 -0.540159 -0.422485
    outer loop
      vertex -26.6957 1.73413 0
      vertex -27.6132 1.01503 2.5
      vertex -26.7113 1.75515 0
    endloop
  endfacet
  facet normal -0.727825 -0.540164 -0.422485
    outer loop
      vertex -27.6132 1.01503 2.5
      vertex -26.6957 1.73413 0
      vertex -27.5196 0.888912 2.5
    endloop
  endfacet
  facet normal 0.878921 -0.221591 -0.422368
    outer loop
      vertex -30.3811 0.464455 2.5
      vertex -31.5635 0.53975 0
      vertex -31.5571 0.565135 0
    endloop
  endfacet
  facet normal 0.879159 -0.220495 -0.422448
    outer loop
      vertex -31.5635 0.53975 0
      vertex -30.3811 0.464455 2.5
      vertex -30.4193 0.312144 2.5
    endloop
  endfacet
  facet normal -0.305339 -0.853397 -0.422471
    outer loop
      vertex -28.0222 2.63872 0
      vertex -27.7912 2.55607 0
      vertex -28.2377 1.47821 2.5
    endloop
  endfacet
  facet normal -0.853561 -0.304843 -0.422497
    outer loop
      vertex -26.2025 0.80312 0
      vertex -27.3718 0.612293 2.5
      vertex -26.2113 0.82776 0
    endloop
  endfacet
  facet normal -0.853394 -0.305365 -0.422458
    outer loop
      vertex -27.3718 0.612293 2.5
      vertex -26.2025 0.80312 0
      vertex -27.3189 0.464455 2.5
    endloop
  endfacet
  facet normal 0.219966 -0.879286 -0.422459
    outer loop
      vertex -29.6277 2.65389 0
      vertex -29.2535 1.54636 2.5
      vertex -29.3145 1.5311 2.5
    endloop
  endfacet
  facet normal 0.220156 -0.879237 -0.422461
    outer loop
      vertex -29.6277 2.65389 0
      vertex -29.3145 1.5311 2.5
      vertex -29.6531 2.64753 0
    endloop
  endfacet
  facet normal 0.220281 -0.879202 -0.422469
    outer loop
      vertex -29.2535 1.54636 2.5
      vertex -29.6277 2.65389 0
      vertex -29.1621 1.56926 2.5
    endloop
  endfacet
  facet normal -0.220156 0.879237 -0.422461
    outer loop
      vertex -28.0723 -2.65389 0
      vertex -28.3855 -1.5311 2.5
      vertex -28.0469 -2.64753 0
    endloop
  endfacet
  facet normal -0.220156 0.879237 -0.422461
    outer loop
      vertex -28.3855 -1.5311 2.5
      vertex -28.0723 -2.65389 0
      vertex -28.5379 -1.56926 2.5
    endloop
  endfacet
  facet normal -0.819225 -0.387799 -0.422471
    outer loop
      vertex -26.3988 1.28054 0
      vertex -27.4389 0.754234 2.5
      vertex -26.41 1.3042 0
    endloop
  endfacet
  facet normal -0.81943 -0.387371 -0.422466
    outer loop
      vertex -27.4389 0.754234 2.5
      vertex -26.3988 1.28054 0
      vertex -27.3718 0.612293 2.5
    endloop
  endfacet
  facet normal -0.728088 -0.539831 -0.422458
    outer loop
      vertex -26.6957 1.73413 0
      vertex -26.5496 1.53708 0
      vertex -27.5196 0.888912 2.5
    endloop
  endfacet
  facet normal 0.905261 -0.0450258 -0.422463
    outer loop
      vertex -30.4423 0.156827 2.5
      vertex -31.6046 0.245043 0
      vertex -31.6033 0.27118 0
    endloop
  endfacet
  facet normal 0.905292 -0.0444487 -0.422457
    outer loop
      vertex -31.6046 0.245043 0
      vertex -30.4423 0.156827 2.5
      vertex -30.45 0 2.5
    endloop
  endfacet
  facet normal 0.853574 -0.304848 -0.422469
    outer loop
      vertex -30.3282 0.612293 2.5
      vertex -31.4149 1.03412 0
      vertex -31.4061 1.05876 0
    endloop
  endfacet
  facet normal 0.853387 -0.305362 -0.422474
    outer loop
      vertex -31.4149 1.03412 0
      vertex -30.3282 0.612293 2.5
      vertex -30.3811 0.464455 2.5
    endloop
  endfacet
  facet normal 0.133007 0.896566 -0.422467
    outer loop
      vertex -29.1621 -1.56926 2.5
      vertex -29.1471 -2.7495 0
      vertex -29.3897 -2.71351 0
    endloop
  endfacet
  facet normal 0.13276 0.896599 -0.422474
    outer loop
      vertex -29.1212 -2.75334 0
      vertex -29.069 -1.58308 2.5
      vertex -29.0068 -1.59229 2.5
    endloop
  endfacet
  facet normal 0.133087 0.896557 -0.422461
    outer loop
      vertex -29.069 -1.58308 2.5
      vertex -29.1212 -2.75334 0
      vertex -29.1621 -1.56926 2.5
    endloop
  endfacet
  facet normal 0.132929 0.896575 -0.422472
    outer loop
      vertex -29.1621 -1.56926 2.5
      vertex -29.1212 -2.75334 0
      vertex -29.1471 -2.7495 0
    endloop
  endfacet
  facet normal 0.85346 -0.305176 -0.422462
    outer loop
      vertex -31.4149 1.03412 0
      vertex -30.3811 0.464455 2.5
      vertex -31.4975 0.80312 0
    endloop
  endfacet
  facet normal 0.0444883 -0.905285 -0.422468
    outer loop
      vertex -28.85 2.76667 0
      vertex -28.85 1.6 2.5
      vertex -29.095 2.75463 0
    endloop
  endfacet
  facet normal 0.4658 0.777536 -0.422455
    outer loop
      vertex -30.3646 -2.31385 0
      vertex -29.6581 -1.37878 2.5
      vertex -29.6042 -1.41107 2.5
    endloop
  endfacet
  facet normal 0.465975 0.777426 -0.422464
    outer loop
      vertex -29.6581 -1.37878 2.5
      vertex -30.3646 -2.31385 0
      vertex -29.7389 -1.33035 2.5
    endloop
  endfacet
  facet normal 0.465059 0.77798 -0.422453
    outer loop
      vertex -29.7389 -1.33035 2.5
      vertex -30.3646 -2.31385 0
      vertex -30.3871 -2.3004 0
    endloop
  endfacet
  facet normal 0.220246 -0.879212 -0.422467
    outer loop
      vertex -29.3897 2.71351 0
      vertex -29.1621 1.56926 2.5
      vertex -29.6277 2.65389 0
    endloop
  endfacet
  facet normal -0.608537 -0.671728 -0.422451
    outer loop
      vertex -26.9131 1.9739 0
      vertex -27.7186 1.13137 2.5
      vertex -27.835 1.23682 2.5
    endloop
  endfacet
  facet normal -0.608442 -0.671814 -0.42245
    outer loop
      vertex -27.7186 1.13137 2.5
      vertex -26.9131 1.9739 0
      vertex -26.8937 1.95633 0
    endloop
  endfacet
  facet normal 0.608839 0.671438 -0.422477
    outer loop
      vertex -29.865 -1.23682 2.5
      vertex -30.6052 -2.13866 0
      vertex -30.7869 -1.9739 0
    endloop
  endfacet
  facet normal 0.896736 -0.131633 -0.422537
    outer loop
      vertex -30.4193 0.312144 2.5
      vertex -31.6033 0.27118 0
      vertex -31.5995 0.297067 0
    endloop
  endfacet
  facet normal 0.896606 -0.132773 -0.422457
    outer loop
      vertex -31.6033 0.27118 0
      vertex -30.4193 0.312144 2.5
      vertex -30.4423 0.156827 2.5
    endloop
  endfacet
  facet normal 0.305398 0.853382 -0.422459
    outer loop
      vertex -29.6531 -2.64753 0
      vertex -29.3736 -1.50995 2.5
      vertex -29.3145 -1.5311 2.5
    endloop
  endfacet
  facet normal 0.305373 0.85339 -0.42246
    outer loop
      vertex -29.3736 -1.50995 2.5
      vertex -29.6531 -2.64753 0
      vertex -29.4623 -1.47821 2.5
    endloop
  endfacet
  facet normal 0.304488 0.853674 -0.422526
    outer loop
      vertex -29.4623 -1.47821 2.5
      vertex -29.6531 -2.64753 0
      vertex -29.6778 -2.63872 0
    endloop
  endfacet
  facet normal 0.896606 0.132773 -0.422457
    outer loop
      vertex -30.4193 -0.312144 2.5
      vertex -31.6033 -0.27118 0
      vertex -30.4423 -0.156827 2.5
    endloop
  endfacet
  facet normal 0.896736 0.131633 -0.422537
    outer loop
      vertex -31.6033 -0.27118 0
      vertex -30.4193 -0.312144 2.5
      vertex -31.5995 -0.297067 0
    endloop
  endfacet
  facet normal 0.220246 0.879212 -0.422467
    outer loop
      vertex -29.1621 -1.56926 2.5
      vertex -29.3897 -2.71351 0
      vertex -29.6277 -2.65389 0
    endloop
  endfacet
  facet normal 0.465975 -0.777426 -0.422464
    outer loop
      vertex -30.3646 2.31385 0
      vertex -29.6581 1.37878 2.5
      vertex -29.7389 1.33035 2.5
    endloop
  endfacet
  facet normal 0.465059 -0.77798 -0.422453
    outer loop
      vertex -30.3646 2.31385 0
      vertex -29.7389 1.33035 2.5
      vertex -30.3871 2.3004 0
    endloop
  endfacet
  facet normal 0.4658 -0.777536 -0.422455
    outer loop
      vertex -29.6581 1.37878 2.5
      vertex -30.3646 2.31385 0
      vertex -29.6042 1.41107 2.5
    endloop
  endfacet
  facet normal 0.819343 -0.387542 -0.422478
    outer loop
      vertex -31.3012 1.28054 0
      vertex -30.3282 0.612293 2.5
      vertex -31.4061 1.05876 0
    endloop
  endfacet
  facet normal 0.0446142 -0.905278 -0.42247
    outer loop
      vertex -29.095 2.75463 0
      vertex -28.9441 1.59538 2.5
      vertex -29.0068 1.59229 2.5
    endloop
  endfacet
  facet normal 0.0444467 -0.905289 -0.422465
    outer loop
      vertex -28.9441 1.59538 2.5
      vertex -29.095 2.75463 0
      vertex -28.85 1.6 2.5
    endloop
  endfacet
  facet normal 0.044573 -0.90528 -0.42247
    outer loop
      vertex -29.095 2.75463 0
      vertex -29.0068 1.59229 2.5
      vertex -29.1212 2.75334 0
    endloop
  endfacet
  facet normal 0.905273 0.0447015 -0.422473
    outer loop
      vertex -30.45 0 2.5
      vertex -31.6046 -0.245043 0
      vertex -31.6167 0 0
    endloop
  endfacet
  facet normal -0.878869 -0.221578 -0.422484
    outer loop
      vertex -26.1961 0.777735 0
      vertex -27.3189 0.464455 2.5
      vertex -26.2025 0.80312 0
    endloop
  endfacet
  facet normal -0.879147 -0.220492 -0.422473
    outer loop
      vertex -27.3189 0.464455 2.5
      vertex -26.1961 0.777735 0
      vertex -27.2807 0.312144 2.5
    endloop
  endfacet
  facet normal -0.132953 -0.896572 -0.422471
    outer loop
      vertex -28.3102 2.71351 0
      vertex -28.5379 1.56926 2.5
      vertex -28.5529 2.7495 0
    endloop
  endfacet
  facet normal 0.466028 0.77739 -0.422472
    outer loop
      vertex -29.6042 -1.41107 2.5
      vertex -30.1542 -2.43998 0
      vertex -30.3646 -2.31385 0
    endloop
  endfacet
  facet normal 0.539957 0.727986 -0.422473
    outer loop
      vertex -30.3871 -2.3004 0
      vertex -29.865 -1.23682 2.5
      vertex -29.7389 -1.33035 2.5
    endloop
  endfacet
  facet normal 0.540278 0.727764 -0.422445
    outer loop
      vertex -29.865 -1.23682 2.5
      vertex -30.3871 -2.3004 0
      vertex -30.4081 -2.28481 0
    endloop
  endfacet
  facet normal 0.819343 0.387542 -0.422478
    outer loop
      vertex -30.3282 -0.612293 2.5
      vertex -31.3012 -1.28054 0
      vertex -31.4061 -1.05876 0
    endloop
  endfacet
  facet normal 0.671135 -0.609179 -0.422467
    outer loop
      vertex -30.8063 1.95633 0
      vertex -29.9814 1.13137 2.5
      vertex -30.8239 1.93694 0
    endloop
  endfacet
  facet normal 0.671713 -0.608548 -0.422458
    outer loop
      vertex -30.8239 1.93694 0
      vertex -29.9814 1.13137 2.5
      vertex -30.0868 1.01503 2.5
    endloop
  endfacet
  facet normal 0.133007 -0.896566 -0.422467
    outer loop
      vertex -29.1471 2.7495 0
      vertex -29.1621 1.56926 2.5
      vertex -29.3897 2.71351 0
    endloop
  endfacet
  facet normal -0.671135 -0.609179 -0.422467
    outer loop
      vertex -26.8761 1.93694 0
      vertex -27.7186 1.13137 2.5
      vertex -26.8937 1.95633 0
    endloop
  endfacet
  facet normal -0.671713 -0.608548 -0.422458
    outer loop
      vertex -27.7186 1.13137 2.5
      vertex -26.8761 1.93694 0
      vertex -27.6132 1.01503 2.5
    endloop
  endfacet
  facet normal 0.305339 -0.853397 -0.422471
    outer loop
      vertex -29.4623 1.47821 2.5
      vertex -29.9088 2.55607 0
      vertex -29.6778 2.63872 0
    endloop
  endfacet
  facet normal 0.539856 -0.728058 -0.422477
    outer loop
      vertex -29.865 1.23682 2.5
      vertex -30.6052 2.13866 0
      vertex -30.4081 2.28481 0
    endloop
  endfacet
  facet normal 0.540278 -0.727764 -0.422445
    outer loop
      vertex -30.3871 2.3004 0
      vertex -29.865 1.23682 2.5
      vertex -30.4081 2.28481 0
    endloop
  endfacet
  facet normal 0.539957 -0.727986 -0.422473
    outer loop
      vertex -29.865 1.23682 2.5
      vertex -30.3871 2.3004 0
      vertex -29.7389 1.33035 2.5
    endloop
  endfacet
  facet normal 0.896574 0.132999 -0.422453
    outer loop
      vertex -30.4193 -0.312144 2.5
      vertex -31.5635 -0.53975 0
      vertex -31.5995 -0.297067 0
    endloop
  endfacet
  facet normal 0.87923 0.220191 -0.422457
    outer loop
      vertex -30.3811 -0.464455 2.5
      vertex -31.4975 -0.80312 0
      vertex -31.5571 -0.565135 0
    endloop
  endfacet
  facet normal 0.776708 -0.467271 -0.422355
    outer loop
      vertex -30.1804 0.888912 2.5
      vertex -31.29 1.3042 0
      vertex -31.2765 1.32664 0
    endloop
  endfacet
  facet normal 0.777965 -0.465009 -0.422537
    outer loop
      vertex -30.2126 0.835041 2.5
      vertex -31.29 1.3042 0
      vertex -30.1804 0.888912 2.5
    endloop
  endfacet
  facet normal 0.777148 -0.466447 -0.422455
    outer loop
      vertex -31.29 1.3042 0
      vertex -30.2126 0.835041 2.5
      vertex -30.2611 0.754235 2.5
    endloop
  endfacet
  facet normal 0.924745 0 -0.380588
    outer loop
      vertex -30.2611 0.754234 2.5
      vertex -31.29 1.3042 0
      vertex -30.2611 0.754235 2.5
    endloop
  endfacet
  facet normal 0.819225 -0.387799 -0.422471
    outer loop
      vertex -31.29 1.3042 0
      vertex -30.2611 0.754234 2.5
      vertex -31.3012 1.28054 0
    endloop
  endfacet
  facet normal 0.819279 -0.387687 -0.42247
    outer loop
      vertex -30.3014 0.66907 2.5
      vertex -31.3012 1.28054 0
      vertex -30.2611 0.754234 2.5
    endloop
  endfacet
  facet normal 0.819669 -0.386902 -0.422433
    outer loop
      vertex -31.3012 1.28054 0
      vertex -30.3014 0.66907 2.5
      vertex -30.3282 0.612293 2.5
    endloop
  endfacet
  facet normal 0.608442 -0.671814 -0.42245
    outer loop
      vertex -30.7869 1.9739 0
      vertex -29.9814 1.13137 2.5
      vertex -30.8063 1.95633 0
    endloop
  endfacet
  facet normal 0.608537 -0.671728 -0.422451
    outer loop
      vertex -29.9814 1.13137 2.5
      vertex -30.7869 1.9739 0
      vertex -29.865 1.23682 2.5
    endloop
  endfacet
  facet normal 0.608839 -0.671438 -0.422477
    outer loop
      vertex -30.6052 2.13866 0
      vertex -29.865 1.23682 2.5
      vertex -30.7869 1.9739 0
    endloop
  endfacet
  facet normal 0.819279 0.387687 -0.42247
    outer loop
      vertex -31.3012 -1.28054 0
      vertex -30.3014 -0.66907 2.5
      vertex -30.2611 -0.754234 2.5
    endloop
  endfacet
  facet normal 0.819669 0.386902 -0.422433
    outer loop
      vertex -30.3014 -0.66907 2.5
      vertex -31.3012 -1.28054 0
      vertex -30.3282 -0.612293 2.5
    endloop
  endfacet
  facet normal 0.924745 0 -0.380588
    outer loop
      vertex -31.29 -1.3042 0
      vertex -30.2611 -0.754234 2.5
      vertex -30.2611 -0.754235 2.5
    endloop
  endfacet
  facet normal 0.819225 0.387799 -0.422471
    outer loop
      vertex -30.2611 -0.754234 2.5
      vertex -31.29 -1.3042 0
      vertex -31.3012 -1.28054 0
    endloop
  endfacet
  facet normal 0.853387 0.305362 -0.422474
    outer loop
      vertex -30.3282 -0.612293 2.5
      vertex -31.4149 -1.03412 0
      vertex -30.3811 -0.464455 2.5
    endloop
  endfacet
  facet normal 0.853574 0.304848 -0.422469
    outer loop
      vertex -31.4149 -1.03412 0
      vertex -30.3282 -0.612293 2.5
      vertex -31.4061 -1.05876 0
    endloop
  endfacet
  facet normal 0.905292 0.0444487 -0.422457
    outer loop
      vertex -30.4423 -0.156827 2.5
      vertex -31.6046 -0.245043 0
      vertex -30.45 0 2.5
    endloop
  endfacet
  facet normal 0.905261 0.0450258 -0.422463
    outer loop
      vertex -31.6046 -0.245043 0
      vertex -30.4423 -0.156827 2.5
      vertex -31.6033 -0.27118 0
    endloop
  endfacet
  facet normal 0.777965 0.465009 -0.422537
    outer loop
      vertex -31.29 -1.3042 0
      vertex -30.2126 -0.835041 2.5
      vertex -30.1804 -0.888912 2.5
    endloop
  endfacet
  facet normal 0.777148 0.466447 -0.422455
    outer loop
      vertex -30.2126 -0.835041 2.5
      vertex -31.29 -1.3042 0
      vertex -30.2611 -0.754235 2.5
    endloop
  endfacet
  facet normal 0.776708 0.467271 -0.422355
    outer loop
      vertex -31.29 -1.3042 0
      vertex -30.1804 -0.888912 2.5
      vertex -31.2765 -1.32664 0
    endloop
  endfacet
  facet normal 0.777486 0.465885 -0.422453
    outer loop
      vertex -30.1804 -0.888912 2.5
      vertex -31.1504 -1.53708 0
      vertex -31.2765 -1.32664 0
    endloop
  endfacet
  facet normal -0.132953 0.896572 -0.422471
    outer loop
      vertex -28.5379 -1.56926 2.5
      vertex -28.3102 -2.71351 0
      vertex -28.5529 -2.7495 0
    endloop
  endfacet
  facet normal -0.220333 0.879188 -0.422472
    outer loop
      vertex -28.0723 -2.65389 0
      vertex -28.3102 -2.71351 0
      vertex -28.5379 -1.56926 2.5
    endloop
  endfacet
  facet normal 0.305373 -0.85339 -0.42246
    outer loop
      vertex -29.6531 2.64753 0
      vertex -29.3736 1.50995 2.5
      vertex -29.4623 1.47821 2.5
    endloop
  endfacet
  facet normal 0.304488 -0.853674 -0.422526
    outer loop
      vertex -29.6531 2.64753 0
      vertex -29.4623 1.47821 2.5
      vertex -29.6778 2.63872 0
    endloop
  endfacet
  facet normal 0.305398 -0.853382 -0.422459
    outer loop
      vertex -29.3736 1.50995 2.5
      vertex -29.6531 2.64753 0
      vertex -29.3145 1.5311 2.5
    endloop
  endfacet
  facet normal 0.242979 -0.970032 0
    outer loop
      vertex 23.0443 39.1388 5.9
      vertex 24.9482 39.6157 8
      vertex 23.0443 39.1388 8
    endloop
  endfacet
  facet normal 0.242979 -0.970032 0
    outer loop
      vertex 24.9482 39.6157 8
      vertex 23.0443 39.1388 5.9
      vertex 24.9482 39.6157 5.9
    endloop
  endfacet
  facet normal 0.514061 0.857754 -0
    outer loop
      vertex 19.4221 -37.6384 5.9
      vertex 18.9 -37.3255 8
      vertex 19.4221 -37.6384 8
    endloop
  endfacet
  facet normal 0.514061 0.857754 0
    outer loop
      vertex 18.9 -37.3255 8
      vertex 19.4221 -37.6384 5.9
      vertex 18.9 -37.3255 5.9
    endloop
  endfacet
  facet normal 0.336879 -0.941548 0
    outer loop
      vertex 21.1963 38.4776 5.9
      vertex 23.0443 39.1388 8
      vertex 21.1963 38.4776 8
    endloop
  endfacet
  facet normal 0.336879 -0.941548 0
    outer loop
      vertex 23.0443 39.1388 8
      vertex 21.1963 38.4776 5.9
      vertex 23.0443 39.1388 5.9
    endloop
  endfacet
  facet normal 0.0490431 0.998797 -0
    outer loop
      vertex 28.8 -39.9975 5.9
      vertex 26.8897 -39.9037 8
      vertex 28.8 -39.9975 8
    endloop
  endfacet
  facet normal 0.0490431 0.998797 0
    outer loop
      vertex 26.8897 -39.9037 8
      vertex 28.8 -39.9975 5.9
      vertex 26.8897 -39.9037 5.9
    endloop
  endfacet
  facet normal 0 0 1
    outer loop
      vertex 31.9601 25.3066 5.9
      vertex 38.75 37.2955 5.9
      vertex 32.0376 25.616 5.9
    endloop
  endfacet
  facet normal 0 0 1
    outer loop
      vertex 38.75 -37.2955 5.9
      vertex 32.0844 -25.9314 5.9
      vertex 32.1 -26.25 5.9
    endloop
  endfacet
  facet normal 0 0 1
    outer loop
      vertex 38.75 37.2955 5.9
      vertex 30.45 0 5.9
      vertex 38.75 -37.2955 5.9
    endloop
  endfacet
  facet normal -0 0 1
    outer loop
      vertex 30.4423 -0.156827 5.9
      vertex 38.75 -37.2955 5.9
      vertex 30.45 0 5.9
    endloop
  endfacet
  facet normal 0 0 1
    outer loop
      vertex 30.4193 0.312144 5.9
      vertex 38.75 37.2955 5.9
      vertex 31.9601 25.3066 5.9
    endloop
  endfacet
  facet normal 0 0 1
    outer loop
      vertex 38.75 -37.2955 5.9
      vertex 32.0376 -25.616 5.9
      vertex 32.0844 -25.9314 5.9
    endloop
  endfacet
  facet normal 0 0 1
    outer loop
      vertex 30.4193 0.312144 5.9
      vertex 31.9601 25.3066 5.9
      vertex 31.8526 25.0063 5.9
    endloop
  endfacet
  facet normal -0 0 1
    outer loop
      vertex 30.4193 -0.312144 5.9
      vertex 38.75 -37.2955 5.9
      vertex 30.4423 -0.156827 5.9
    endloop
  endfacet
  facet normal 0 0 1
    outer loop
      vertex 30.3811 0.464455 5.9
      vertex 31.8526 25.0063 5.9
      vertex 31.7162 24.718 5.9
    endloop
  endfacet
  facet normal 0 0 1
    outer loop
      vertex 38.75 -37.2955 5.9
      vertex 31.9601 -25.3066 5.9
      vertex 32.0376 -25.616 5.9
    endloop
  endfacet
  facet normal 0 0 1
    outer loop
      vertex 30.3282 0.612293 5.9
      vertex 31.7162 24.718 5.9
      vertex 31.5523 24.4444 5.9
    endloop
  endfacet
  facet normal 0 0 1
    outer loop
      vertex 38.75 -37.2955 5.9
      vertex 30.4193 -0.312144 5.9
      vertex 31.9601 -25.3066 5.9
    endloop
  endfacet
  facet normal 0 0 1
    outer loop
      vertex 30.2611 0.754234 5.9
      vertex 31.5523 24.4444 5.9
      vertex 31.3623 24.1882 5.9
    endloop
  endfacet
  facet normal 0 0 1
    outer loop
      vertex 31.9601 -25.3066 5.9
      vertex 30.4193 -0.312144 5.9
      vertex 31.8526 -25.0063 5.9
    endloop
  endfacet
  facet normal 0 0 1
    outer loop
      vertex 30.1804 0.888912 5.9
      vertex 31.3623 24.1882 5.9
      vertex 31.1481 23.9519 5.9
    endloop
  endfacet
  facet normal -0 0 1
    outer loop
      vertex 30.3811 -0.464455 5.9
      vertex 31.8526 -25.0063 5.9
      vertex 30.4193 -0.312144 5.9
    endloop
  endfacet
  facet normal 0 0 1
    outer loop
      vertex 29.9814 1.13137 5.9
      vertex 31.1481 23.9519 5.9
      vertex 30.9118 23.7377 5.9
    endloop
  endfacet
  facet normal 0 0 1
    outer loop
      vertex 31.8526 -25.0063 5.9
      vertex 30.3811 -0.464455 5.9
      vertex 31.7162 -24.718 5.9
    endloop
  endfacet
  facet normal 0 0 1
    outer loop
      vertex 29.865 1.23682 5.9
      vertex 30.9118 23.7377 5.9
      vertex 30.6556 23.5477 5.9
    endloop
  endfacet
  facet normal -0 0 1
    outer loop
      vertex 30.3282 -0.612293 5.9
      vertex 31.7162 -24.718 5.9
      vertex 30.3811 -0.464455 5.9
    endloop
  endfacet
  facet normal 0 0 1
    outer loop
      vertex 31.7162 -24.718 5.9
      vertex 30.3282 -0.612293 5.9
      vertex 31.5523 -24.4444 5.9
    endloop
  endfacet
  facet normal 0 0 1
    outer loop
      vertex 38.75 37.2955 5.9
      vertex 30.4423 0.156827 5.9
      vertex 30.45 0 5.9
    endloop
  endfacet
  facet normal 0 0 1
    outer loop
      vertex 38.75 37.2955 5.9
      vertex 30.4193 0.312144 5.9
      vertex 30.4423 0.156827 5.9
    endloop
  endfacet
  facet normal 0 0 1
    outer loop
      vertex 29.7389 1.33035 5.9
      vertex 30.6556 23.5477 5.9
      vertex 30.382 23.3838 5.9
    endloop
  endfacet
  facet normal 0 0 1
    outer loop
      vertex 31.8526 25.0063 5.9
      vertex 30.3811 0.464455 5.9
      vertex 30.4193 0.312144 5.9
    endloop
  endfacet
  facet normal 0 0 1
    outer loop
      vertex 31.7162 24.718 5.9
      vertex 30.3282 0.612293 5.9
      vertex 30.3811 0.464455 5.9
    endloop
  endfacet
  facet normal 0 0 1
    outer loop
      vertex 31.5523 24.4444 5.9
      vertex 30.2611 0.754234 5.9
      vertex 30.3282 0.612293 5.9
    endloop
  endfacet
  facet normal 0 0 1
    outer loop
      vertex 31.3623 24.1882 5.9
      vertex 30.1804 0.888912 5.9
      vertex 30.2611 0.754234 5.9
    endloop
  endfacet
  facet normal 0 0 1
    outer loop
      vertex 29.6042 1.41107 5.9
      vertex 30.382 23.3838 5.9
      vertex 30.0937 23.2474 5.9
    endloop
  endfacet
  facet normal 0 0 1
    outer loop
      vertex 31.1481 23.9519 5.9
      vertex 30.0868 1.01503 5.9
      vertex 30.1804 0.888912 5.9
    endloop
  endfacet
  facet normal 0 0 1
    outer loop
      vertex 31.1481 23.9519 5.9
      vertex 29.9814 1.13137 5.9
      vertex 30.0868 1.01503 5.9
    endloop
  endfacet
  facet normal 0 0 1
    outer loop
      vertex 30.9118 23.7377 5.9
      vertex 29.865 1.23682 5.9
      vertex 29.9814 1.13137 5.9
    endloop
  endfacet
  facet normal 0 0 1
    outer loop
      vertex 29.4623 1.47821 5.9
      vertex 30.0937 23.2474 5.9
      vertex 29.7934 23.1399 5.9
    endloop
  endfacet
  facet normal 0 0 1
    outer loop
      vertex 30.6556 23.5477 5.9
      vertex 29.7389 1.33035 5.9
      vertex 29.865 1.23682 5.9
    endloop
  endfacet
  facet normal 0 0 1
    outer loop
      vertex 30.382 23.3838 5.9
      vertex 29.6042 1.41107 5.9
      vertex 29.7389 1.33035 5.9
    endloop
  endfacet
  facet normal 0 0 1
    outer loop
      vertex 29.3145 1.5311 5.9
      vertex 29.7934 23.1399 5.9
      vertex 29.484 23.0624 5.9
    endloop
  endfacet
  facet normal 0 0 1
    outer loop
      vertex 30.0937 23.2474 5.9
      vertex 29.4623 1.47821 5.9
      vertex 29.6042 1.41107 5.9
    endloop
  endfacet
  facet normal 0 0 1
    outer loop
      vertex 29.7934 23.1399 5.9
      vertex 29.3145 1.5311 5.9
      vertex 29.4623 1.47821 5.9
    endloop
  endfacet
  facet normal 0 0 1
    outer loop
      vertex 29.1621 1.56926 5.9
      vertex 29.484 23.0624 5.9
      vertex 29.1686 23.0156 5.9
    endloop
  endfacet
  facet normal 0 0 1
    outer loop
      vertex 29.484 23.0624 5.9
      vertex 29.1621 1.56926 5.9
      vertex 29.3145 1.5311 5.9
    endloop
  endfacet
  facet normal 0 0 1
    outer loop
      vertex 29.1686 23.0156 5.9
      vertex 29.0068 1.59229 5.9
      vertex 29.1621 1.56926 5.9
    endloop
  endfacet
  facet normal -0 0 1
    outer loop
      vertex 28.85 23 5.9
      vertex 29.0068 1.59229 5.9
      vertex 29.1686 23.0156 5.9
    endloop
  endfacet
  facet normal 0 0 1
    outer loop
      vertex 28.85 23 5.9
      vertex 28.85 1.6 5.9
      vertex 29.0068 1.59229 5.9
    endloop
  endfacet
  facet normal 0 0 1
    outer loop
      vertex 28.85 23 5.9
      vertex 28.6932 1.59229 5.9
      vertex 28.85 1.6 5.9
    endloop
  endfacet
  facet normal 0 0 1
    outer loop
      vertex 28.5314 23.0156 5.9
      vertex 28.6932 1.59229 5.9
      vertex 28.85 23 5.9
    endloop
  endfacet
  facet normal 0 0 1
    outer loop
      vertex 28.6932 1.59229 5.9
      vertex 28.5314 23.0156 5.9
      vertex 28.5379 1.56926 5.9
    endloop
  endfacet
  facet normal 0 0 1
    outer loop
      vertex 28.216 23.0624 5.9
      vertex 28.5379 1.56926 5.9
      vertex 28.5314 23.0156 5.9
    endloop
  endfacet
  facet normal 0 0 1
    outer loop
      vertex 28.5379 1.56926 5.9
      vertex 28.216 23.0624 5.9
      vertex 28.3855 1.5311 5.9
    endloop
  endfacet
  facet normal 0 0 1
    outer loop
      vertex 27.9066 23.1399 5.9
      vertex 28.3855 1.5311 5.9
      vertex 28.216 23.0624 5.9
    endloop
  endfacet
  facet normal 0 0 1
    outer loop
      vertex 28.3855 1.5311 5.9
      vertex 27.9066 23.1399 5.9
      vertex 28.2377 1.47821 5.9
    endloop
  endfacet
  facet normal 0 0 1
    outer loop
      vertex 27.6063 23.2474 5.9
      vertex 28.2377 1.47821 5.9
      vertex 27.9066 23.1399 5.9
    endloop
  endfacet
  facet normal 0 0 1
    outer loop
      vertex 28.2377 1.47821 5.9
      vertex 27.6063 23.2474 5.9
      vertex 28.0958 1.41107 5.9
    endloop
  endfacet
  facet normal 0 0 1
    outer loop
      vertex 27.318 23.3838 5.9
      vertex 28.0958 1.41107 5.9
      vertex 27.6063 23.2474 5.9
    endloop
  endfacet
  facet normal 0 0 1
    outer loop
      vertex 28.0958 1.41107 5.9
      vertex 27.318 23.3838 5.9
      vertex 27.9611 1.33035 5.9
    endloop
  endfacet
  facet normal 0 0 1
    outer loop
      vertex 27.0444 23.5477 5.9
      vertex 27.9611 1.33035 5.9
      vertex 27.318 23.3838 5.9
    endloop
  endfacet
  facet normal 0 0 1
    outer loop
      vertex 27.9611 1.33035 5.9
      vertex 27.0444 23.5477 5.9
      vertex 27.835 1.23682 5.9
    endloop
  endfacet
  facet normal 0 0 1
    outer loop
      vertex 26.7882 23.7377 5.9
      vertex 27.835 1.23682 5.9
      vertex 27.0444 23.5477 5.9
    endloop
  endfacet
  facet normal 0 0 1
    outer loop
      vertex 27.835 1.23682 5.9
      vertex 26.7882 23.7377 5.9
      vertex 27.7186 1.13137 5.9
    endloop
  endfacet
  facet normal 0 0 1
    outer loop
      vertex 26.5519 23.9519 5.9
      vertex 27.7186 1.13137 5.9
      vertex 26.7882 23.7377 5.9
    endloop
  endfacet
  facet normal 0 0 1
    outer loop
      vertex 27.7186 1.13137 5.9
      vertex 26.5519 23.9519 5.9
      vertex 27.6132 1.01503 5.9
    endloop
  endfacet
  facet normal 0 0 1
    outer loop
      vertex 27.6132 1.01503 5.9
      vertex 26.5519 23.9519 5.9
      vertex 27.5196 0.888912 5.9
    endloop
  endfacet
  facet normal 0 0 1
    outer loop
      vertex 26.3377 24.1882 5.9
      vertex 27.5196 0.888912 5.9
      vertex 26.5519 23.9519 5.9
    endloop
  endfacet
  facet normal 0 0 1
    outer loop
      vertex 27.5196 0.888912 5.9
      vertex 26.3377 24.1882 5.9
      vertex 27.4389 0.754234 5.9
    endloop
  endfacet
  facet normal 0 0 1
    outer loop
      vertex 26.1477 24.4444 5.9
      vertex 27.4389 0.754234 5.9
      vertex 26.3377 24.1882 5.9
    endloop
  endfacet
  facet normal 0 0 1
    outer loop
      vertex 27.4389 0.754234 5.9
      vertex 26.1477 24.4444 5.9
      vertex 27.3718 0.612293 5.9
    endloop
  endfacet
  facet normal 0 0 1
    outer loop
      vertex 32.1 34.75 5.9
      vertex 38.75 37.2955 5.9
      vertex 38.1779 37.6384 5.9
    endloop
  endfacet
  facet normal 0 0 1
    outer loop
      vertex 32.0844 25.9314 5.9
      vertex 38.75 37.2955 5.9
      vertex 32.1 26.25 5.9
    endloop
  endfacet
  facet normal 0 0 1
    outer loop
      vertex 32.1 34.75 5.9
      vertex 38.1779 37.6384 5.9
      vertex 36.4037 38.4776 5.9
    endloop
  endfacet
  facet normal 0 0 1
    outer loop
      vertex 32.0376 25.616 5.9
      vertex 38.75 37.2955 5.9
      vertex 32.0844 25.9314 5.9
    endloop
  endfacet
  facet normal 0 0 1
    outer loop
      vertex 31.9601 35.6934 5.9
      vertex 36.4037 38.4776 5.9
      vertex 34.5557 39.1388 5.9
    endloop
  endfacet
  facet normal -0 0 1
    outer loop
      vertex 32.1 -34.75 5.9
      vertex 38.75 -37.2955 5.9
      vertex 32.1 -26.25 5.9
    endloop
  endfacet
  facet normal 0 0 1
    outer loop
      vertex 31.5523 36.5556 5.9
      vertex 34.5557 39.1388 5.9
      vertex 32.6518 39.6157 5.9
    endloop
  endfacet
  facet normal 0 0 1
    outer loop
      vertex 38.75 -37.2955 5.9
      vertex 32.1 -34.75 5.9
      vertex 38.1779 -37.6384 5.9
    endloop
  endfacet
  facet normal 0 0 1
    outer loop
      vertex 38.75 37.2955 5.9
      vertex 32.1 34.75 5.9
      vertex 32.1 26.25 5.9
    endloop
  endfacet
  facet normal 0 0 1
    outer loop
      vertex 36.4037 38.4776 5.9
      vertex 32.0844 35.0686 5.9
      vertex 32.1 34.75 5.9
    endloop
  endfacet
  facet normal 0 0 1
    outer loop
      vertex 36.4037 38.4776 5.9
      vertex 32.0376 35.384 5.9
      vertex 32.0844 35.0686 5.9
    endloop
  endfacet
  facet normal 0 0 1
    outer loop
      vertex 36.4037 38.4776 5.9
      vertex 31.9601 35.6934 5.9
      vertex 32.0376 35.384 5.9
    endloop
  endfacet
  facet normal 0 0 1
    outer loop
      vertex 34.5557 39.1388 5.9
      vertex 31.8526 35.9937 5.9
      vertex 31.9601 35.6934 5.9
    endloop
  endfacet
  facet normal 0 0 1
    outer loop
      vertex 34.5557 39.1388 5.9
      vertex 31.7162 36.282 5.9
      vertex 31.8526 35.9937 5.9
    endloop
  endfacet
  facet normal 0 0 1
    outer loop
      vertex 34.5557 39.1388 5.9
      vertex 31.5523 36.5556 5.9
      vertex 31.7162 36.282 5.9
    endloop
  endfacet
  facet normal 0 0 1
    outer loop
      vertex 32.6518 39.6157 5.9
      vertex 31.3623 36.8118 5.9
      vertex 31.5523 36.5556 5.9
    endloop
  endfacet
  facet normal 0 0 1
    outer loop
      vertex 32.6518 39.6157 5.9
      vertex 31.1481 37.0481 5.9
      vertex 31.3623 36.8118 5.9
    endloop
  endfacet
  facet normal 0 0 1
    outer loop
      vertex 32.6518 39.6157 5.9
      vertex 30.9118 37.2623 5.9
      vertex 31.1481 37.0481 5.9
    endloop
  endfacet
  facet normal 0 0 1
    outer loop
      vertex 30.6556 37.4523 5.9
      vertex 32.6518 39.6157 5.9
      vertex 30.7103 39.9037 5.9
    endloop
  endfacet
  facet normal 0 0 1
    outer loop
      vertex 32.6518 39.6157 5.9
      vertex 30.6556 37.4523 5.9
      vertex 30.9118 37.2623 5.9
    endloop
  endfacet
  facet normal 0 0 1
    outer loop
      vertex 30.7103 39.9037 5.9
      vertex 30.382 37.6162 5.9
      vertex 30.6556 37.4523 5.9
    endloop
  endfacet
  facet normal 0 0 1
    outer loop
      vertex 30.7103 39.9037 5.9
      vertex 30.0937 37.7526 5.9
      vertex 30.382 37.6162 5.9
    endloop
  endfacet
  facet normal 0 0 1
    outer loop
      vertex 30.7103 39.9037 5.9
      vertex 29.7934 37.8601 5.9
      vertex 30.0937 37.7526 5.9
    endloop
  endfacet
  facet normal 0 0 1
    outer loop
      vertex 30.7103 39.9037 5.9
      vertex 29.484 37.9376 5.9
      vertex 29.7934 37.8601 5.9
    endloop
  endfacet
  facet normal 0 0 1
    outer loop
      vertex 28.8 39.9975 5.9
      vertex 29.484 37.9376 5.9
      vertex 30.7103 39.9037 5.9
    endloop
  endfacet
  facet normal 0 0 1
    outer loop
      vertex 29.484 37.9376 5.9
      vertex 28.8 39.9975 5.9
      vertex 29.1686 37.9844 5.9
    endloop
  endfacet
  facet normal 0 0 1
    outer loop
      vertex 29.1686 37.9844 5.9
      vertex 28.8 39.9975 5.9
      vertex 28.85 38 5.9
    endloop
  endfacet
  facet normal 0 0 1
    outer loop
      vertex 28.8 39.9975 5.9
      vertex 28.5314 37.9844 5.9
      vertex 28.85 38 5.9
    endloop
  endfacet
  facet normal 0 0 1
    outer loop
      vertex 28.8 39.9975 5.9
      vertex 28.216 37.9376 5.9
      vertex 28.5314 37.9844 5.9
    endloop
  endfacet
  facet normal -0 0 1
    outer loop
      vertex 26.8897 39.9037 5.9
      vertex 28.216 37.9376 5.9
      vertex 28.8 39.9975 5.9
    endloop
  endfacet
  facet normal 0 0 1
    outer loop
      vertex 28.216 37.9376 5.9
      vertex 26.8897 39.9037 5.9
      vertex 27.9066 37.8601 5.9
    endloop
  endfacet
  facet normal 0 0 1
    outer loop
      vertex 27.9066 37.8601 5.9
      vertex 26.8897 39.9037 5.9
      vertex 27.6063 37.7526 5.9
    endloop
  endfacet
  facet normal 0 0 1
    outer loop
      vertex 27.6063 37.7526 5.9
      vertex 26.8897 39.9037 5.9
      vertex 27.318 37.6162 5.9
    endloop
  endfacet
  facet normal 0 0 1
    outer loop
      vertex 27.318 37.6162 5.9
      vertex 26.8897 39.9037 5.9
      vertex 27.0444 37.4523 5.9
    endloop
  endfacet
  facet normal -0 0 1
    outer loop
      vertex 24.9482 39.6157 5.9
      vertex 27.0444 37.4523 5.9
      vertex 26.8897 39.9037 5.9
    endloop
  endfacet
  facet normal 0 0 1
    outer loop
      vertex 27.0444 37.4523 5.9
      vertex 24.9482 39.6157 5.9
      vertex 26.7882 37.2623 5.9
    endloop
  endfacet
  facet normal 0 0 1
    outer loop
      vertex 26.7882 37.2623 5.9
      vertex 24.9482 39.6157 5.9
      vertex 26.5519 37.0481 5.9
    endloop
  endfacet
  facet normal 0 0 1
    outer loop
      vertex 26.5519 37.0481 5.9
      vertex 24.9482 39.6157 5.9
      vertex 26.3377 36.8118 5.9
    endloop
  endfacet
  facet normal 0 0 1
    outer loop
      vertex 26.3377 36.8118 5.9
      vertex 24.9482 39.6157 5.9
      vertex 26.1477 36.5556 5.9
    endloop
  endfacet
  facet normal -0 0 1
    outer loop
      vertex 23.0443 39.1388 5.9
      vertex 26.1477 36.5556 5.9
      vertex 24.9482 39.6157 5.9
    endloop
  endfacet
  facet normal 0 0 1
    outer loop
      vertex 26.1477 36.5556 5.9
      vertex 23.0443 39.1388 5.9
      vertex 25.9838 36.282 5.9
    endloop
  endfacet
  facet normal 0 0 1
    outer loop
      vertex 18.9 37.3255 5.9
      vertex 25.6 26.25 5.9
      vertex 25.6 34.75 5.9
    endloop
  endfacet
  facet normal 0 0 1
    outer loop
      vertex 25.6 26.25 5.9
      vertex 18.9 37.3255 5.9
      vertex 25.6 -26.25 5.9
    endloop
  endfacet
  facet normal 0 0 1
    outer loop
      vertex 25.6624 35.384 5.9
      vertex 21.1963 38.4776 5.9
      vertex 25.6157 35.0686 5.9
    endloop
  endfacet
  facet normal 0 0 1
    outer loop
      vertex 25.7399 35.6934 5.9
      vertex 21.1963 38.4776 5.9
      vertex 25.6624 35.384 5.9
    endloop
  endfacet
  facet normal -0 0 1
    outer loop
      vertex 21.1963 38.4776 5.9
      vertex 25.7399 35.6934 5.9
      vertex 23.0443 39.1388 5.9
    endloop
  endfacet
  facet normal 0 0 1
    outer loop
      vertex 25.8474 35.9937 5.9
      vertex 23.0443 39.1388 5.9
      vertex 25.7399 35.6934 5.9
    endloop
  endfacet
  facet normal 0 0 1
    outer loop
      vertex 25.9838 36.282 5.9
      vertex 23.0443 39.1388 5.9
      vertex 25.8474 35.9937 5.9
    endloop
  endfacet
  facet normal 0 0 1
    outer loop
      vertex 38.1779 -37.6384 5.9
      vertex 32.1 -34.75 5.9
      vertex 36.4037 -38.4776 5.9
    endloop
  endfacet
  facet normal -0 0 1
    outer loop
      vertex 32.0844 -35.0686 5.9
      vertex 36.4037 -38.4776 5.9
      vertex 32.1 -34.75 5.9
    endloop
  endfacet
  facet normal -0 0 1
    outer loop
      vertex 32.0376 -35.384 5.9
      vertex 36.4037 -38.4776 5.9
      vertex 32.0844 -35.0686 5.9
    endloop
  endfacet
  facet normal -0 0 1
    outer loop
      vertex 31.9601 -35.6934 5.9
      vertex 36.4037 -38.4776 5.9
      vertex 32.0376 -35.384 5.9
    endloop
  endfacet
  facet normal 0 0 1
    outer loop
      vertex 36.4037 -38.4776 5.9
      vertex 31.9601 -35.6934 5.9
      vertex 34.5557 -39.1388 5.9
    endloop
  endfacet
  facet normal -0 0 1
    outer loop
      vertex 31.8526 -35.9937 5.9
      vertex 34.5557 -39.1388 5.9
      vertex 31.9601 -35.6934 5.9
    endloop
  endfacet
  facet normal -0 0 1
    outer loop
      vertex 31.7162 -36.282 5.9
      vertex 34.5557 -39.1388 5.9
      vertex 31.8526 -35.9937 5.9
    endloop
  endfacet
  facet normal -0 0 1
    outer loop
      vertex 31.5523 -36.5556 5.9
      vertex 34.5557 -39.1388 5.9
      vertex 31.7162 -36.282 5.9
    endloop
  endfacet
  facet normal 0 0 1
    outer loop
      vertex 34.5557 -39.1388 5.9
      vertex 31.5523 -36.5556 5.9
      vertex 32.6518 -39.6157 5.9
    endloop
  endfacet
  facet normal -0 0 1
    outer loop
      vertex 31.3623 -36.8118 5.9
      vertex 32.6518 -39.6157 5.9
      vertex 31.5523 -36.5556 5.9
    endloop
  endfacet
  facet normal -0 0 1
    outer loop
      vertex 31.1481 -37.0481 5.9
      vertex 32.6518 -39.6157 5.9
      vertex 31.3623 -36.8118 5.9
    endloop
  endfacet
  facet normal -0 0 1
    outer loop
      vertex 30.9118 -37.2623 5.9
      vertex 32.6518 -39.6157 5.9
      vertex 31.1481 -37.0481 5.9
    endloop
  endfacet
  facet normal -0 0 1
    outer loop
      vertex 30.6556 -37.4523 5.9
      vertex 32.6518 -39.6157 5.9
      vertex 30.9118 -37.2623 5.9
    endloop
  endfacet
  facet normal 0 0 1
    outer loop
      vertex 32.6518 -39.6157 5.9
      vertex 30.6556 -37.4523 5.9
      vertex 30.7103 -39.9037 5.9
    endloop
  endfacet
  facet normal -0 0 1
    outer loop
      vertex 30.382 -37.6162 5.9
      vertex 30.7103 -39.9037 5.9
      vertex 30.6556 -37.4523 5.9
    endloop
  endfacet
  facet normal -0 0 1
    outer loop
      vertex 30.0937 -37.7526 5.9
      vertex 30.7103 -39.9037 5.9
      vertex 30.382 -37.6162 5.9
    endloop
  endfacet
  facet normal -0 0 1
    outer loop
      vertex 29.7934 -37.8601 5.9
      vertex 30.7103 -39.9037 5.9
      vertex 30.0937 -37.7526 5.9
    endloop
  endfacet
  facet normal -0 0 1
    outer loop
      vertex 29.484 -37.9376 5.9
      vertex 30.7103 -39.9037 5.9
      vertex 29.7934 -37.8601 5.9
    endloop
  endfacet
  facet normal 0 0 1
    outer loop
      vertex 28.8 -39.9975 5.9
      vertex 29.484 -37.9376 5.9
      vertex 29.1686 -37.9844 5.9
    endloop
  endfacet
  facet normal 0 0 1
    outer loop
      vertex 28.8 -39.9975 5.9
      vertex 29.1686 -37.9844 5.9
      vertex 28.85 -38 5.9
    endloop
  endfacet
  facet normal 0 0 1
    outer loop
      vertex 29.484 -37.9376 5.9
      vertex 28.8 -39.9975 5.9
      vertex 30.7103 -39.9037 5.9
    endloop
  endfacet
  facet normal 0 0 1
    outer loop
      vertex 28.5314 -37.9844 5.9
      vertex 28.8 -39.9975 5.9
      vertex 28.85 -38 5.9
    endloop
  endfacet
  facet normal 0 0 1
    outer loop
      vertex 28.216 -37.9376 5.9
      vertex 28.8 -39.9975 5.9
      vertex 28.5314 -37.9844 5.9
    endloop
  endfacet
  facet normal 0 0 1
    outer loop
      vertex 26.8897 -39.9037 5.9
      vertex 28.216 -37.9376 5.9
      vertex 27.9066 -37.8601 5.9
    endloop
  endfacet
  facet normal 0 0 1
    outer loop
      vertex 26.8897 -39.9037 5.9
      vertex 27.9066 -37.8601 5.9
      vertex 27.6063 -37.7526 5.9
    endloop
  endfacet
  facet normal 0 0 1
    outer loop
      vertex 26.8897 -39.9037 5.9
      vertex 27.6063 -37.7526 5.9
      vertex 27.318 -37.6162 5.9
    endloop
  endfacet
  facet normal 0 0 1
    outer loop
      vertex 26.8897 -39.9037 5.9
      vertex 27.318 -37.6162 5.9
      vertex 27.0444 -37.4523 5.9
    endloop
  endfacet
  facet normal 0 0 1
    outer loop
      vertex 28.216 -37.9376 5.9
      vertex 26.8897 -39.9037 5.9
      vertex 28.8 -39.9975 5.9
    endloop
  endfacet
  facet normal 0 0 1
    outer loop
      vertex 24.9482 -39.6157 5.9
      vertex 27.0444 -37.4523 5.9
      vertex 26.7882 -37.2623 5.9
    endloop
  endfacet
  facet normal 0 0 1
    outer loop
      vertex 24.9482 -39.6157 5.9
      vertex 26.7882 -37.2623 5.9
      vertex 26.5519 -37.0481 5.9
    endloop
  endfacet
  facet normal 0 0 1
    outer loop
      vertex 24.9482 -39.6157 5.9
      vertex 26.5519 -37.0481 5.9
      vertex 26.3377 -36.8118 5.9
    endloop
  endfacet
  facet normal 0 0 1
    outer loop
      vertex 24.9482 -39.6157 5.9
      vertex 26.3377 -36.8118 5.9
      vertex 26.1477 -36.5556 5.9
    endloop
  endfacet
  facet normal 0 0 1
    outer loop
      vertex 23.0443 -39.1388 5.9
      vertex 26.1477 -36.5556 5.9
      vertex 25.9838 -36.282 5.9
    endloop
  endfacet
  facet normal 0 0 1
    outer loop
      vertex 23.0443 -39.1388 5.9
      vertex 25.9838 -36.282 5.9
      vertex 25.8474 -35.9937 5.9
    endloop
  endfacet
  facet normal 0 0 1
    outer loop
      vertex 23.0443 -39.1388 5.9
      vertex 25.8474 -35.9937 5.9
      vertex 25.7399 -35.6934 5.9
    endloop
  endfacet
  facet normal 0 0 1
    outer loop
      vertex 27.0444 -37.4523 5.9
      vertex 24.9482 -39.6157 5.9
      vertex 26.8897 -39.9037 5.9
    endloop
  endfacet
  facet normal 0 0 1
    outer loop
      vertex 21.1963 -38.4776 5.9
      vertex 25.7399 -35.6934 5.9
      vertex 25.6624 -35.384 5.9
    endloop
  endfacet
  facet normal 0 0 1
    outer loop
      vertex 21.1963 -38.4776 5.9
      vertex 25.6624 -35.384 5.9
      vertex 25.6157 -35.0686 5.9
    endloop
  endfacet
  facet normal 0 0 1
    outer loop
      vertex 21.1963 -38.4776 5.9
      vertex 25.6157 -35.0686 5.9
      vertex 25.6 -34.75 5.9
    endloop
  endfacet
  facet normal 0 0 1
    outer loop
      vertex 18.9 -37.3255 5.9
      vertex 25.6 -26.25 5.9
      vertex 18.9 37.3255 5.9
    endloop
  endfacet
  facet normal 0 0 1
    outer loop
      vertex 25.6157 35.0686 5.9
      vertex 21.1963 38.4776 5.9
      vertex 25.6 34.75 5.9
    endloop
  endfacet
  facet normal 0 0 1
    outer loop
      vertex 25.6 -26.25 5.9
      vertex 18.9 -37.3255 5.9
      vertex 25.6 -34.75 5.9
    endloop
  endfacet
  facet normal -0 0 1
    outer loop
      vertex 19.4221 37.6384 5.9
      vertex 25.6 34.75 5.9
      vertex 21.1963 38.4776 5.9
    endloop
  endfacet
  facet normal 0 -0 1
    outer loop
      vertex 19.4221 -37.6384 5.9
      vertex 25.6 -34.75 5.9
      vertex 18.9 -37.3255 5.9
    endloop
  endfacet
  facet normal 0 0 1
    outer loop
      vertex 25.6 34.75 5.9
      vertex 19.4221 37.6384 5.9
      vertex 18.9 37.3255 5.9
    endloop
  endfacet
  facet normal 0 0 1
    outer loop
      vertex 26.1477 -36.5556 5.9
      vertex 23.0443 -39.1388 5.9
      vertex 24.9482 -39.6157 5.9
    endloop
  endfacet
  facet normal 0 0 1
    outer loop
      vertex 25.7399 -35.6934 5.9
      vertex 21.1963 -38.4776 5.9
      vertex 23.0443 -39.1388 5.9
    endloop
  endfacet
  facet normal 0 0 1
    outer loop
      vertex 25.6 -34.75 5.9
      vertex 19.4221 -37.6384 5.9
      vertex 21.1963 -38.4776 5.9
    endloop
  endfacet
  facet normal -0 0 1
    outer loop
      vertex 30.2611 -0.754234 5.9
      vertex 31.5523 -24.4444 5.9
      vertex 30.3282 -0.612293 5.9
    endloop
  endfacet
  facet normal 0 0 1
    outer loop
      vertex 31.5523 -24.4444 5.9
      vertex 30.2611 -0.754234 5.9
      vertex 31.3623 -24.1882 5.9
    endloop
  endfacet
  facet normal -0 0 1
    outer loop
      vertex 30.1804 -0.888912 5.9
      vertex 31.3623 -24.1882 5.9
      vertex 30.2611 -0.754234 5.9
    endloop
  endfacet
  facet normal 0 0 1
    outer loop
      vertex 31.3623 -24.1882 5.9
      vertex 30.1804 -0.888912 5.9
      vertex 31.1481 -23.9519 5.9
    endloop
  endfacet
  facet normal -0 0 1
    outer loop
      vertex 30.0868 -1.01503 5.9
      vertex 31.1481 -23.9519 5.9
      vertex 30.1804 -0.888912 5.9
    endloop
  endfacet
  facet normal -0 0 1
    outer loop
      vertex 29.9814 -1.13137 5.9
      vertex 31.1481 -23.9519 5.9
      vertex 30.0868 -1.01503 5.9
    endloop
  endfacet
  facet normal 0 0 1
    outer loop
      vertex 31.1481 -23.9519 5.9
      vertex 29.9814 -1.13137 5.9
      vertex 30.9118 -23.7377 5.9
    endloop
  endfacet
  facet normal -0 0 1
    outer loop
      vertex 29.865 -1.23682 5.9
      vertex 30.9118 -23.7377 5.9
      vertex 29.9814 -1.13137 5.9
    endloop
  endfacet
  facet normal 0 0 1
    outer loop
      vertex 30.9118 -23.7377 5.9
      vertex 29.865 -1.23682 5.9
      vertex 30.6556 -23.5477 5.9
    endloop
  endfacet
  facet normal -0 0 1
    outer loop
      vertex 29.7389 -1.33035 5.9
      vertex 30.6556 -23.5477 5.9
      vertex 29.865 -1.23682 5.9
    endloop
  endfacet
  facet normal 0 0 1
    outer loop
      vertex 30.6556 -23.5477 5.9
      vertex 29.7389 -1.33035 5.9
      vertex 30.382 -23.3838 5.9
    endloop
  endfacet
  facet normal -0 0 1
    outer loop
      vertex 29.6042 -1.41107 5.9
      vertex 30.382 -23.3838 5.9
      vertex 29.7389 -1.33035 5.9
    endloop
  endfacet
  facet normal 0 0 1
    outer loop
      vertex 30.382 -23.3838 5.9
      vertex 29.6042 -1.41107 5.9
      vertex 30.0937 -23.2474 5.9
    endloop
  endfacet
  facet normal -0 0 1
    outer loop
      vertex 29.4623 -1.47821 5.9
      vertex 30.0937 -23.2474 5.9
      vertex 29.6042 -1.41107 5.9
    endloop
  endfacet
  facet normal 0 0 1
    outer loop
      vertex 30.0937 -23.2474 5.9
      vertex 29.4623 -1.47821 5.9
      vertex 29.7934 -23.1399 5.9
    endloop
  endfacet
  facet normal -0 0 1
    outer loop
      vertex 29.3145 -1.5311 5.9
      vertex 29.7934 -23.1399 5.9
      vertex 29.4623 -1.47821 5.9
    endloop
  endfacet
  facet normal 0 0 1
    outer loop
      vertex 29.7934 -23.1399 5.9
      vertex 29.3145 -1.5311 5.9
      vertex 29.484 -23.0624 5.9
    endloop
  endfacet
  facet normal -0 0 1
    outer loop
      vertex 29.1621 -1.56926 5.9
      vertex 29.484 -23.0624 5.9
      vertex 29.3145 -1.5311 5.9
    endloop
  endfacet
  facet normal 0 0 1
    outer loop
      vertex 29.484 -23.0624 5.9
      vertex 29.1621 -1.56926 5.9
      vertex 29.1686 -23.0156 5.9
    endloop
  endfacet
  facet normal -0 0 1
    outer loop
      vertex 29.0068 -1.59229 5.9
      vertex 29.1686 -23.0156 5.9
      vertex 29.1621 -1.56926 5.9
    endloop
  endfacet
  facet normal -0 0 1
    outer loop
      vertex 28.85 -1.6 5.9
      vertex 29.1686 -23.0156 5.9
      vertex 29.0068 -1.59229 5.9
    endloop
  endfacet
  facet normal 0 0 1
    outer loop
      vertex 28.85 -1.6 5.9
      vertex 28.85 -23 5.9
      vertex 29.1686 -23.0156 5.9
    endloop
  endfacet
  facet normal 0 0 1
    outer loop
      vertex 28.6932 -1.59229 5.9
      vertex 28.85 -23 5.9
      vertex 28.85 -1.6 5.9
    endloop
  endfacet
  facet normal 0 0 1
    outer loop
      vertex 28.5314 -23.0156 5.9
      vertex 28.6932 -1.59229 5.9
      vertex 28.5379 -1.56926 5.9
    endloop
  endfacet
  facet normal 0 0 1
    outer loop
      vertex 28.6932 -1.59229 5.9
      vertex 28.5314 -23.0156 5.9
      vertex 28.85 -23 5.9
    endloop
  endfacet
  facet normal 0 0 1
    outer loop
      vertex 28.216 -23.0624 5.9
      vertex 28.5379 -1.56926 5.9
      vertex 28.3855 -1.5311 5.9
    endloop
  endfacet
  facet normal 0 0 1
    outer loop
      vertex 27.9066 -23.1399 5.9
      vertex 28.3855 -1.5311 5.9
      vertex 28.2377 -1.47821 5.9
    endloop
  endfacet
  facet normal 0 0 1
    outer loop
      vertex 28.5379 -1.56926 5.9
      vertex 28.216 -23.0624 5.9
      vertex 28.5314 -23.0156 5.9
    endloop
  endfacet
  facet normal 0 0 1
    outer loop
      vertex 27.6063 -23.2474 5.9
      vertex 28.2377 -1.47821 5.9
      vertex 28.0958 -1.41107 5.9
    endloop
  endfacet
  facet normal 0 0 1
    outer loop
      vertex 27.318 -23.3838 5.9
      vertex 28.0958 -1.41107 5.9
      vertex 27.9611 -1.33035 5.9
    endloop
  endfacet
  facet normal 0 0 1
    outer loop
      vertex 28.3855 -1.5311 5.9
      vertex 27.9066 -23.1399 5.9
      vertex 28.216 -23.0624 5.9
    endloop
  endfacet
  facet normal 0 0 1
    outer loop
      vertex 27.0444 -23.5477 5.9
      vertex 27.9611 -1.33035 5.9
      vertex 27.835 -1.23682 5.9
    endloop
  endfacet
  facet normal 0 0 1
    outer loop
      vertex 26.7882 -23.7377 5.9
      vertex 27.835 -1.23682 5.9
      vertex 27.7186 -1.13137 5.9
    endloop
  endfacet
  facet normal 0 0 1
    outer loop
      vertex 26.5519 -23.9519 5.9
      vertex 27.7186 -1.13137 5.9
      vertex 27.6132 -1.01503 5.9
    endloop
  endfacet
  facet normal 0 0 1
    outer loop
      vertex 28.2377 -1.47821 5.9
      vertex 27.6063 -23.2474 5.9
      vertex 27.9066 -23.1399 5.9
    endloop
  endfacet
  facet normal 0 0 1
    outer loop
      vertex 26.5519 -23.9519 5.9
      vertex 27.6132 -1.01503 5.9
      vertex 27.5196 -0.888912 5.9
    endloop
  endfacet
  facet normal 0 0 1
    outer loop
      vertex 26.3377 -24.1882 5.9
      vertex 27.5196 -0.888912 5.9
      vertex 27.4389 -0.754234 5.9
    endloop
  endfacet
  facet normal 0 0 1
    outer loop
      vertex 26.1477 -24.4444 5.9
      vertex 27.4389 -0.754234 5.9
      vertex 27.3718 -0.612293 5.9
    endloop
  endfacet
  facet normal 0 0 1
    outer loop
      vertex 25.9838 -24.718 5.9
      vertex 27.3718 -0.612293 5.9
      vertex 27.3189 -0.464455 5.9
    endloop
  endfacet
  facet normal 0 0 1
    outer loop
      vertex 28.0958 -1.41107 5.9
      vertex 27.318 -23.3838 5.9
      vertex 27.6063 -23.2474 5.9
    endloop
  endfacet
  facet normal 0 0 1
    outer loop
      vertex 25.8474 -25.0063 5.9
      vertex 27.3189 -0.464455 5.9
      vertex 27.2807 -0.312144 5.9
    endloop
  endfacet
  facet normal 0 0 1
    outer loop
      vertex 25.7399 -25.3066 5.9
      vertex 27.2807 -0.312144 5.9
      vertex 27.2577 -0.156827 5.9
    endloop
  endfacet
  facet normal 0 0 1
    outer loop
      vertex 25.6624 -25.616 5.9
      vertex 27.2577 -0.156827 5.9
      vertex 27.25 0 5.9
    endloop
  endfacet
  facet normal 0 0 1
    outer loop
      vertex 25.9838 24.718 5.9
      vertex 27.3718 0.612293 5.9
      vertex 26.1477 24.4444 5.9
    endloop
  endfacet
  facet normal 0 0 1
    outer loop
      vertex 27.9611 -1.33035 5.9
      vertex 27.0444 -23.5477 5.9
      vertex 27.318 -23.3838 5.9
    endloop
  endfacet
  facet normal 0 0 1
    outer loop
      vertex 27.3718 0.612293 5.9
      vertex 25.9838 24.718 5.9
      vertex 27.3189 0.464455 5.9
    endloop
  endfacet
  facet normal 0 0 1
    outer loop
      vertex 27.835 -1.23682 5.9
      vertex 26.7882 -23.7377 5.9
      vertex 27.0444 -23.5477 5.9
    endloop
  endfacet
  facet normal 0 0 1
    outer loop
      vertex 25.8474 25.0063 5.9
      vertex 27.3189 0.464455 5.9
      vertex 25.9838 24.718 5.9
    endloop
  endfacet
  facet normal 0 0 1
    outer loop
      vertex 27.7186 -1.13137 5.9
      vertex 26.5519 -23.9519 5.9
      vertex 26.7882 -23.7377 5.9
    endloop
  endfacet
  facet normal 0 0 1
    outer loop
      vertex 27.3189 0.464455 5.9
      vertex 25.8474 25.0063 5.9
      vertex 27.2807 0.312144 5.9
    endloop
  endfacet
  facet normal 0 0 1
    outer loop
      vertex 27.5196 -0.888912 5.9
      vertex 26.3377 -24.1882 5.9
      vertex 26.5519 -23.9519 5.9
    endloop
  endfacet
  facet normal 0 0 1
    outer loop
      vertex 25.7399 25.3066 5.9
      vertex 27.2807 0.312144 5.9
      vertex 25.8474 25.0063 5.9
    endloop
  endfacet
  facet normal 0 0 1
    outer loop
      vertex 27.4389 -0.754234 5.9
      vertex 26.1477 -24.4444 5.9
      vertex 26.3377 -24.1882 5.9
    endloop
  endfacet
  facet normal 0 0 1
    outer loop
      vertex 27.2807 0.312144 5.9
      vertex 25.7399 25.3066 5.9
      vertex 27.2577 0.156827 5.9
    endloop
  endfacet
  facet normal 0 0 1
    outer loop
      vertex 27.3718 -0.612293 5.9
      vertex 25.9838 -24.718 5.9
      vertex 26.1477 -24.4444 5.9
    endloop
  endfacet
  facet normal 0 0 1
    outer loop
      vertex 25.6624 25.616 5.9
      vertex 27.2577 0.156827 5.9
      vertex 25.7399 25.3066 5.9
    endloop
  endfacet
  facet normal 0 0 1
    outer loop
      vertex 27.3189 -0.464455 5.9
      vertex 25.8474 -25.0063 5.9
      vertex 25.9838 -24.718 5.9
    endloop
  endfacet
  facet normal 0 0 1
    outer loop
      vertex 27.2577 0.156827 5.9
      vertex 25.6624 25.616 5.9
      vertex 27.25 0 5.9
    endloop
  endfacet
  facet normal 0 0 1
    outer loop
      vertex 27.2807 -0.312144 5.9
      vertex 25.7399 -25.3066 5.9
      vertex 25.8474 -25.0063 5.9
    endloop
  endfacet
  facet normal 0 0 1
    outer loop
      vertex 25.6157 25.9314 5.9
      vertex 27.25 0 5.9
      vertex 25.6624 25.616 5.9
    endloop
  endfacet
  facet normal 0 0 1
    outer loop
      vertex 27.2577 -0.156827 5.9
      vertex 25.6624 -25.616 5.9
      vertex 25.7399 -25.3066 5.9
    endloop
  endfacet
  facet normal 0 0 1
    outer loop
      vertex 25.6157 -25.9314 5.9
      vertex 27.25 0 5.9
      vertex 25.6157 25.9314 5.9
    endloop
  endfacet
  facet normal 0 0 1
    outer loop
      vertex 27.25 0 5.9
      vertex 25.6157 -25.9314 5.9
      vertex 25.6624 -25.616 5.9
    endloop
  endfacet
  facet normal 0 0 1
    outer loop
      vertex 25.6 26.25 5.9
      vertex 25.6157 -25.9314 5.9
      vertex 25.6157 25.9314 5.9
    endloop
  endfacet
  facet normal 0 0 1
    outer loop
      vertex 25.6157 -25.9314 5.9
      vertex 25.6 26.25 5.9
      vertex 25.6 -26.25 5.9
    endloop
  endfacet
  facet normal 1 -0 0
    outer loop
      vertex 18.9 -37.3255 8
      vertex 18.9 37.3255 5.9
      vertex 18.9 37.3255 8
    endloop
  endfacet
  facet normal 1 0 0
    outer loop
      vertex 18.9 37.3255 5.9
      vertex 18.9 -37.3255 8
      vertex 18.9 -37.3255 5.9
    endloop
  endfacet
  facet normal 0.0490431 -0.998797 0
    outer loop
      vertex 26.8897 39.9037 5.9
      vertex 28.8 39.9975 8
      vertex 26.8897 39.9037 8
    endloop
  endfacet
  facet normal 0.0490431 -0.998797 0
    outer loop
      vertex 28.8 39.9975 8
      vertex 26.8897 39.9037 5.9
      vertex 28.8 39.9975 5.9
    endloop
  endfacet
  facet normal 0.146733 -0.989176 0
    outer loop
      vertex 24.9482 39.6157 5.9
      vertex 26.8897 39.9037 8
      vertex 24.9482 39.6157 8
    endloop
  endfacet
  facet normal 0.146733 -0.989176 0
    outer loop
      vertex 26.8897 39.9037 8
      vertex 24.9482 39.6157 5.9
      vertex 26.8897 39.9037 5.9
    endloop
  endfacet
  facet normal 0.146733 0.989176 -0
    outer loop
      vertex 26.8897 -39.9037 5.9
      vertex 24.9482 -39.6157 8
      vertex 26.8897 -39.9037 8
    endloop
  endfacet
  facet normal 0.146733 0.989176 0
    outer loop
      vertex 24.9482 -39.6157 8
      vertex 26.8897 -39.9037 5.9
      vertex 24.9482 -39.6157 5.9
    endloop
  endfacet
  facet normal 0.427583 0.903976 -0
    outer loop
      vertex 21.1963 -38.4776 5.9
      vertex 19.4221 -37.6384 8
      vertex 21.1963 -38.4776 8
    endloop
  endfacet
  facet normal 0.427583 0.903976 0
    outer loop
      vertex 19.4221 -37.6384 8
      vertex 21.1963 -38.4776 5.9
      vertex 19.4221 -37.6384 5.9
    endloop
  endfacet
  facet normal 0.336879 0.941548 -0
    outer loop
      vertex 23.0443 -39.1388 5.9
      vertex 21.1963 -38.4776 8
      vertex 23.0443 -39.1388 8
    endloop
  endfacet
  facet normal 0.336879 0.941548 0
    outer loop
      vertex 21.1963 -38.4776 8
      vertex 23.0443 -39.1388 5.9
      vertex 21.1963 -38.4776 5.9
    endloop
  endfacet
  facet normal 0.242979 0.970032 -0
    outer loop
      vertex 24.9482 -39.6157 5.9
      vertex 23.0443 -39.1388 8
      vertex 24.9482 -39.6157 8
    endloop
  endfacet
  facet normal 0.242979 0.970032 0
    outer loop
      vertex 23.0443 -39.1388 8
      vertex 24.9482 -39.6157 5.9
      vertex 23.0443 -39.1388 5.9
    endloop
  endfacet
  facet normal 0.427583 -0.903976 0
    outer loop
      vertex 19.4221 37.6384 5.9
      vertex 21.1963 38.4776 8
      vertex 19.4221 37.6384 8
    endloop
  endfacet
  facet normal 0.427583 -0.903976 0
    outer loop
      vertex 21.1963 38.4776 8
      vertex 19.4221 37.6384 5.9
      vertex 21.1963 38.4776 5.9
    endloop
  endfacet
  facet normal 0.514061 -0.857754 0
    outer loop
      vertex 18.9 37.3255 5.9
      vertex 19.4221 37.6384 8
      vertex 18.9 37.3255 8
    endloop
  endfacet
  facet normal 0.514061 -0.857754 0
    outer loop
      vertex 19.4221 37.6384 8
      vertex 18.9 37.3255 5.9
      vertex 19.4221 37.6384 5.9
    endloop
  endfacet
  facet normal -0.905273 -0.0447015 -0.422473
    outer loop
      vertex 31.6046 0.245043 0
      vertex 31.6167 0 0
      vertex 30.45 0 2.5
    endloop
  endfacet
  facet normal -0.466028 -0.77739 -0.422472
    outer loop
      vertex 30.1542 2.43998 0
      vertex 30.3646 2.31385 0
      vertex 29.6042 1.41107 2.5
    endloop
  endfacet
  facet normal 0.132956 0.896572 -0.42247
    outer loop
      vertex 28.5788 -2.75334 0
      vertex 28.5379 -1.56926 2.5
      vertex 28.6932 -1.59229 2.5
    endloop
  endfacet
  facet normal 0.132929 0.896575 -0.422472
    outer loop
      vertex 28.5379 -1.56926 2.5
      vertex 28.5788 -2.75334 0
      vertex 28.5529 -2.7495 0
    endloop
  endfacet
  facet normal -0.671135 -0.609179 -0.422467
    outer loop
      vertex 29.9814 1.13137 2.5
      vertex 30.8063 1.95633 0
      vertex 30.8239 1.93694 0
    endloop
  endfacet
  facet normal -0.671713 -0.608548 -0.422458
    outer loop
      vertex 29.9814 1.13137 2.5
      vertex 30.8239 1.93694 0
      vertex 30.0868 1.01503 2.5
    endloop
  endfacet
  facet normal -0.777486 -0.465885 -0.422453
    outer loop
      vertex 31.1504 1.53708 0
      vertex 31.2765 1.32664 0
      vertex 30.1804 0.888912 2.5
    endloop
  endfacet
  facet normal 0.0444883 0.905285 -0.422468
    outer loop
      vertex 28.85 -1.6 2.5
      vertex 28.85 -2.76667 0
      vertex 28.605 -2.75463 0
    endloop
  endfacet
  facet normal -0.853387 0.305362 -0.422474
    outer loop
      vertex 31.4149 -1.03412 0
      vertex 30.3282 -0.612293 2.5
      vertex 30.3811 -0.464455 2.5
    endloop
  endfacet
  facet normal -0.853574 0.304848 -0.422469
    outer loop
      vertex 30.3282 -0.612293 2.5
      vertex 31.4149 -1.03412 0
      vertex 31.4061 -1.05876 0
    endloop
  endfacet
  facet normal -0.0444883 -0.905285 -0.422468
    outer loop
      vertex 28.85 2.76667 0
      vertex 29.095 2.75463 0
      vertex 28.85 1.6 2.5
    endloop
  endfacet
  facet normal 0.220156 -0.879237 -0.422461
    outer loop
      vertex 28.0723 2.65389 0
      vertex 28.3855 1.5311 2.5
      vertex 28.0469 2.64753 0
    endloop
  endfacet
  facet normal 0.220156 -0.879237 -0.422461
    outer loop
      vertex 28.3855 1.5311 2.5
      vertex 28.0723 2.65389 0
      vertex 28.5379 1.56926 2.5
    endloop
  endfacet
  facet normal 0.465059 -0.77798 -0.422453
    outer loop
      vertex 27.3354 2.31385 0
      vertex 27.9611 1.33035 2.5
      vertex 27.3129 2.3004 0
    endloop
  endfacet
  facet normal 0.465904 -0.777469 -0.422463
    outer loop
      vertex 27.9611 1.33035 2.5
      vertex 27.3354 2.31385 0
      vertex 28.0958 1.41107 2.5
    endloop
  endfacet
  facet normal 0.387515 0.819359 -0.422472
    outer loop
      vertex 28.0958 -1.41107 2.5
      vertex 27.7676 -2.54488 0
      vertex 27.5458 -2.43998 0
    endloop
  endfacet
  facet normal -0.777486 0.465885 -0.422453
    outer loop
      vertex 31.2765 -1.32664 0
      vertex 31.1504 -1.53708 0
      vertex 30.1804 -0.888912 2.5
    endloop
  endfacet
  facet normal 0.671514 0.608755 -0.422476
    outer loop
      vertex 27.6132 -1.01503 2.5
      vertex 26.8761 -1.93694 0
      vertex 26.7113 -1.75515 0
    endloop
  endfacet
  facet normal -0.671514 0.608755 -0.422476
    outer loop
      vertex 30.0868 -1.01503 2.5
      vertex 30.9887 -1.75515 0
      vertex 30.8239 -1.93694 0
    endloop
  endfacet
  facet normal -0.539856 0.728058 -0.422477
    outer loop
      vertex 29.865 -1.23682 2.5
      vertex 30.6052 -2.13866 0
      vertex 30.4081 -2.28481 0
    endloop
  endfacet
  facet normal 0.879232 0.220191 -0.422454
    outer loop
      vertex 27.2807 -0.312144 2.5
      vertex 26.1961 -0.777735 0
      vertex 26.1365 -0.53975 0
    endloop
  endfacet
  facet normal 0.466028 0.77739 -0.422472
    outer loop
      vertex 28.0958 -1.41107 2.5
      vertex 27.5458 -2.43998 0
      vertex 27.3354 -2.31385 0
    endloop
  endfacet
  facet normal -0.133007 0.896566 -0.422467
    outer loop
      vertex 29.1621 -1.56926 2.5
      vertex 29.3897 -2.71351 0
      vertex 29.1471 -2.7495 0
    endloop
  endfacet
  facet normal -0.853574 -0.304848 -0.422469
    outer loop
      vertex 31.4149 1.03412 0
      vertex 30.3282 0.612293 2.5
      vertex 31.4061 1.05876 0
    endloop
  endfacet
  facet normal -0.853387 -0.305362 -0.422474
    outer loop
      vertex 30.3282 0.612293 2.5
      vertex 31.4149 1.03412 0
      vertex 30.3811 0.464455 2.5
    endloop
  endfacet
  facet normal -0.608537 -0.671728 -0.422451
    outer loop
      vertex 30.7869 1.9739 0
      vertex 29.9814 1.13137 2.5
      vertex 29.865 1.23682 2.5
    endloop
  endfacet
  facet normal -0.608442 -0.671814 -0.42245
    outer loop
      vertex 29.9814 1.13137 2.5
      vertex 30.7869 1.9739 0
      vertex 30.8063 1.95633 0
    endloop
  endfacet
  facet normal -0.220281 -0.879202 -0.422469
    outer loop
      vertex 29.6277 2.65389 0
      vertex 29.2535 1.54636 2.5
      vertex 29.1621 1.56926 2.5
    endloop
  endfacet
  facet normal -0.219966 -0.879286 -0.422459
    outer loop
      vertex 29.2535 1.54636 2.5
      vertex 29.6277 2.65389 0
      vertex 29.3145 1.5311 2.5
    endloop
  endfacet
  facet normal -0.220156 -0.879237 -0.422461
    outer loop
      vertex 29.3145 1.5311 2.5
      vertex 29.6277 2.65389 0
      vertex 29.6531 2.64753 0
    endloop
  endfacet
  facet normal -0.85346 0.305176 -0.422462
    outer loop
      vertex 31.4975 -0.80312 0
      vertex 31.4149 -1.03412 0
      vertex 30.3811 -0.464455 2.5
    endloop
  endfacet
  facet normal -0.466028 0.77739 -0.422472
    outer loop
      vertex 30.3646 -2.31385 0
      vertex 30.1542 -2.43998 0
      vertex 29.6042 -1.41107 2.5
    endloop
  endfacet
  facet normal 0.819225 -0.387799 -0.422471
    outer loop
      vertex 27.4389 0.754234 2.5
      vertex 26.3988 1.28054 0
      vertex 26.41 1.3042 0
    endloop
  endfacet
  facet normal 0.81943 -0.387371 -0.422466
    outer loop
      vertex 26.3988 1.28054 0
      vertex 27.4389 0.754234 2.5
      vertex 27.3718 0.612293 2.5
    endloop
  endfacet
  facet normal -0.819343 0.387542 -0.422478
    outer loop
      vertex 31.4061 -1.05876 0
      vertex 31.3012 -1.28054 0
      vertex 30.3282 -0.612293 2.5
    endloop
  endfacet
  facet normal -0.671713 0.608548 -0.422458
    outer loop
      vertex 30.8239 -1.93694 0
      vertex 29.9814 -1.13137 2.5
      vertex 30.0868 -1.01503 2.5
    endloop
  endfacet
  facet normal -0.671135 0.609179 -0.422467
    outer loop
      vertex 30.8063 -1.95633 0
      vertex 29.9814 -1.13137 2.5
      vertex 30.8239 -1.93694 0
    endloop
  endfacet
  facet normal 0.539957 0.727986 -0.422473
    outer loop
      vertex 27.3129 -2.3004 0
      vertex 27.835 -1.23682 2.5
      vertex 27.9611 -1.33035 2.5
    endloop
  endfacet
  facet normal 0.540278 0.727764 -0.422445
    outer loop
      vertex 27.835 -1.23682 2.5
      vertex 27.3129 -2.3004 0
      vertex 27.2919 -2.28481 0
    endloop
  endfacet
  facet normal -0.87923 0.220191 -0.422457
    outer loop
      vertex 31.5571 -0.565135 0
      vertex 31.4975 -0.80312 0
      vertex 30.3811 -0.464455 2.5
    endloop
  endfacet
  facet normal -0.387395 -0.819415 -0.422474
    outer loop
      vertex 29.9088 2.55607 0
      vertex 29.5475 1.43793 2.5
      vertex 29.4623 1.47821 2.5
    endloop
  endfacet
  facet normal -0.388039 -0.819128 -0.422439
    outer loop
      vertex 29.5475 1.43793 2.5
      vertex 29.9088 2.55607 0
      vertex 29.6042 1.41107 2.5
    endloop
  endfacet
  facet normal -0.388331 -0.819001 -0.422417
    outer loop
      vertex 29.6042 1.41107 2.5
      vertex 29.9088 2.55607 0
      vertex 29.9324 2.54488 0
    endloop
  endfacet
  facet normal -0.819225 -0.387799 -0.422471
    outer loop
      vertex 30.2611 0.754234 2.5
      vertex 31.29 1.3042 0
      vertex 31.3012 1.28054 0
    endloop
  endfacet
  facet normal -0.924745 0 -0.380588
    outer loop
      vertex 31.29 1.3042 0
      vertex 30.2611 0.754234 2.5
      vertex 30.2611 0.754235 2.5
    endloop
  endfacet
  facet normal -0.819279 -0.387687 -0.42247
    outer loop
      vertex 31.3012 1.28054 0
      vertex 30.3014 0.66907 2.5
      vertex 30.2611 0.754234 2.5
    endloop
  endfacet
  facet normal -0.819669 -0.386902 -0.422433
    outer loop
      vertex 30.3014 0.66907 2.5
      vertex 31.3012 1.28054 0
      vertex 30.3282 0.612293 2.5
    endloop
  endfacet
  facet normal -0.777148 0.466447 -0.422455
    outer loop
      vertex 31.29 -1.3042 0
      vertex 30.2126 -0.835041 2.5
      vertex 30.2611 -0.754235 2.5
    endloop
  endfacet
  facet normal -0.777965 0.465009 -0.422537
    outer loop
      vertex 30.2126 -0.835041 2.5
      vertex 31.29 -1.3042 0
      vertex 30.1804 -0.888912 2.5
    endloop
  endfacet
  facet normal -0.776708 0.467271 -0.422355
    outer loop
      vertex 30.1804 -0.888912 2.5
      vertex 31.29 -1.3042 0
      vertex 31.2765 -1.32664 0
    endloop
  endfacet
  facet normal 0.38765 0.819297 -0.422469
    outer loop
      vertex 27.7912 -2.55607 0
      vertex 28.0958 -1.41107 2.5
      vertex 28.2377 -1.47821 2.5
    endloop
  endfacet
  facet normal 0.388331 0.819001 -0.422417
    outer loop
      vertex 28.0958 -1.41107 2.5
      vertex 27.7912 -2.55607 0
      vertex 27.7676 -2.54488 0
    endloop
  endfacet
  facet normal -0.387515 -0.819359 -0.422472
    outer loop
      vertex 29.9324 2.54488 0
      vertex 30.1542 2.43998 0
      vertex 29.6042 1.41107 2.5
    endloop
  endfacet
  facet normal -0.305339 -0.853397 -0.422471
    outer loop
      vertex 29.4623 1.47821 2.5
      vertex 29.6778 2.63872 0
      vertex 29.9088 2.55607 0
    endloop
  endfacet
  facet normal 0.727825 0.540164 -0.422485
    outer loop
      vertex 27.6132 -1.01503 2.5
      vertex 26.6957 -1.73413 0
      vertex 27.5196 -0.888912 2.5
    endloop
  endfacet
  facet normal 0.727829 0.540159 -0.422485
    outer loop
      vertex 26.6957 -1.73413 0
      vertex 27.6132 -1.01503 2.5
      vertex 26.7113 -1.75515 0
    endloop
  endfacet
  facet normal -0.133007 -0.896566 -0.422467
    outer loop
      vertex 29.3897 2.71351 0
      vertex 29.1621 1.56926 2.5
      vertex 29.1471 2.7495 0
    endloop
  endfacet
  facet normal -0.905273 0.0447015 -0.422473
    outer loop
      vertex 31.6167 0 0
      vertex 31.6046 -0.245043 0
      vertex 30.45 0 2.5
    endloop
  endfacet
  facet normal -0.305339 0.853397 -0.422471
    outer loop
      vertex 29.4623 -1.47821 2.5
      vertex 29.9088 -2.55607 0
      vertex 29.6778 -2.63872 0
    endloop
  endfacet
  facet normal 0.132929 -0.896575 -0.422472
    outer loop
      vertex 28.5788 2.75334 0
      vertex 28.5379 1.56926 2.5
      vertex 28.5529 2.7495 0
    endloop
  endfacet
  facet normal 0.132956 -0.896572 -0.42247
    outer loop
      vertex 28.5379 1.56926 2.5
      vertex 28.5788 2.75334 0
      vertex 28.6932 1.59229 2.5
    endloop
  endfacet
  facet normal 0.220333 0.879188 -0.422472
    outer loop
      vertex 28.5379 -1.56926 2.5
      vertex 28.3102 -2.71351 0
      vertex 28.0723 -2.65389 0
    endloop
  endfacet
  facet normal -0.13276 -0.896599 -0.422474
    outer loop
      vertex 29.1212 2.75334 0
      vertex 29.069 1.58308 2.5
      vertex 29.0068 1.59229 2.5
    endloop
  endfacet
  facet normal -0.133087 -0.896557 -0.422461
    outer loop
      vertex 29.069 1.58308 2.5
      vertex 29.1212 2.75334 0
      vertex 29.1621 1.56926 2.5
    endloop
  endfacet
  facet normal -0.132929 -0.896575 -0.422472
    outer loop
      vertex 29.1621 1.56926 2.5
      vertex 29.1212 2.75334 0
      vertex 29.1471 2.7495 0
    endloop
  endfacet
  facet normal -0.305398 -0.853382 -0.422459
    outer loop
      vertex 29.6531 2.64753 0
      vertex 29.3736 1.50995 2.5
      vertex 29.3145 1.5311 2.5
    endloop
  endfacet
  facet normal -0.305373 -0.85339 -0.42246
    outer loop
      vertex 29.3736 1.50995 2.5
      vertex 29.6531 2.64753 0
      vertex 29.4623 1.47821 2.5
    endloop
  endfacet
  facet normal -0.304488 -0.853674 -0.422526
    outer loop
      vertex 29.4623 1.47821 2.5
      vertex 29.6531 2.64753 0
      vertex 29.6778 2.63872 0
    endloop
  endfacet
  facet normal -0.727394 0.540711 -0.422527
    outer loop
      vertex 31.0043 -1.73413 0
      vertex 30.1429 -0.939359 2.5
      vertex 30.1804 -0.888912 2.5
    endloop
  endfacet
  facet normal -0.728104 0.539792 -0.42248
    outer loop
      vertex 30.1429 -0.939359 2.5
      vertex 31.0043 -1.73413 0
      vertex 30.0868 -1.01503 2.5
    endloop
  endfacet
  facet normal -0.727829 0.540159 -0.422485
    outer loop
      vertex 30.0868 -1.01503 2.5
      vertex 31.0043 -1.73413 0
      vertex 30.9887 -1.75515 0
    endloop
  endfacet
  facet normal 0.896574 -0.132999 -0.422453
    outer loop
      vertex 26.1327 0.513864 0
      vertex 27.2577 0.156827 2.5
      vertex 26.0967 0.27118 0
    endloop
  endfacet
  facet normal 0.879147 0.220492 -0.422473
    outer loop
      vertex 27.3189 -0.464455 2.5
      vertex 26.1961 -0.777735 0
      vertex 27.2807 -0.312144 2.5
    endloop
  endfacet
  facet normal 0.878869 0.221578 -0.422484
    outer loop
      vertex 26.1961 -0.777735 0
      vertex 27.3189 -0.464455 2.5
      vertex 26.2025 -0.80312 0
    endloop
  endfacet
  facet normal -0.0444467 -0.905289 -0.422465
    outer loop
      vertex 28.85 1.6 2.5
      vertex 29.095 2.75463 0
      vertex 28.9441 1.59538 2.5
    endloop
  endfacet
  facet normal -0.0446142 -0.905278 -0.42247
    outer loop
      vertex 28.9441 1.59538 2.5
      vertex 29.095 2.75463 0
      vertex 29.0068 1.59229 2.5
    endloop
  endfacet
  facet normal -0.044573 -0.90528 -0.42247
    outer loop
      vertex 29.0068 1.59229 2.5
      vertex 29.095 2.75463 0
      vertex 29.1212 2.75334 0
    endloop
  endfacet
  facet normal 0.819343 -0.387542 -0.422478
    outer loop
      vertex 26.3988 1.28054 0
      vertex 27.3718 0.612293 2.5
      vertex 26.2939 1.05876 0
    endloop
  endfacet
  facet normal 0.77747 -0.465898 -0.422467
    outer loop
      vertex 26.5361 1.51463 0
      vertex 27.4389 0.754234 2.5
      vertex 26.41 1.3042 0
    endloop
  endfacet
  facet normal 0.728088 -0.539831 -0.422458
    outer loop
      vertex 26.6957 1.73413 0
      vertex 27.5196 0.888912 2.5
      vertex 26.5496 1.53708 0
    endloop
  endfacet
  facet normal 0.608442 -0.671814 -0.42245
    outer loop
      vertex 26.9131 1.9739 0
      vertex 27.7186 1.13137 2.5
      vertex 26.8937 1.95633 0
    endloop
  endfacet
  facet normal 0.608537 -0.671728 -0.422451
    outer loop
      vertex 27.7186 1.13137 2.5
      vertex 26.9131 1.9739 0
      vertex 27.835 1.23682 2.5
    endloop
  endfacet
  facet normal -0.0444883 0.905285 -0.422468
    outer loop
      vertex 28.85 -1.6 2.5
      vertex 29.095 -2.75463 0
      vertex 28.85 -2.76667 0
    endloop
  endfacet
  facet normal 0.608537 0.671728 -0.422451
    outer loop
      vertex 26.9131 -1.9739 0
      vertex 27.7186 -1.13137 2.5
      vertex 27.835 -1.23682 2.5
    endloop
  endfacet
  facet normal 0.608442 0.671814 -0.42245
    outer loop
      vertex 27.7186 -1.13137 2.5
      vertex 26.9131 -1.9739 0
      vertex 26.8937 -1.95633 0
    endloop
  endfacet
  facet normal 0.608839 0.671438 -0.422477
    outer loop
      vertex 27.835 -1.23682 2.5
      vertex 27.0948 -2.13866 0
      vertex 26.9131 -1.9739 0
    endloop
  endfacet
  facet normal 0.540278 -0.727764 -0.422445
    outer loop
      vertex 27.3129 2.3004 0
      vertex 27.835 1.23682 2.5
      vertex 27.2919 2.28481 0
    endloop
  endfacet
  facet normal 0.539957 -0.727986 -0.422473
    outer loop
      vertex 27.835 1.23682 2.5
      vertex 27.3129 2.3004 0
      vertex 27.9611 1.33035 2.5
    endloop
  endfacet
  facet normal 0.90528 -0.0447021 -0.422457
    outer loop
      vertex 26.0967 0.27118 0
      vertex 27.2577 0.156827 2.5
      vertex 26.0846 0.0261378 0
    endloop
  endfacet
  facet normal -0.388039 0.819128 -0.422439
    outer loop
      vertex 29.9088 -2.55607 0
      vertex 29.5475 -1.43793 2.5
      vertex 29.6042 -1.41107 2.5
    endloop
  endfacet
  facet normal -0.388331 0.819001 -0.422417
    outer loop
      vertex 29.9088 -2.55607 0
      vertex 29.6042 -1.41107 2.5
      vertex 29.9324 -2.54488 0
    endloop
  endfacet
  facet normal -0.387395 0.819415 -0.422474
    outer loop
      vertex 29.5475 -1.43793 2.5
      vertex 29.9088 -2.55607 0
      vertex 29.4623 -1.47821 2.5
    endloop
  endfacet
  facet normal 0.220333 -0.879188 -0.422472
    outer loop
      vertex 28.3102 2.71351 0
      vertex 28.5379 1.56926 2.5
      vertex 28.0723 2.65389 0
    endloop
  endfacet
  facet normal 0.044573 -0.90528 -0.42247
    outer loop
      vertex 28.605 2.75463 0
      vertex 28.6932 1.59229 2.5
      vertex 28.5788 2.75334 0
    endloop
  endfacet
  facet normal 0.0445136 -0.905283 -0.422469
    outer loop
      vertex 28.6932 1.59229 2.5
      vertex 28.605 2.75463 0
      vertex 28.85 1.6 2.5
    endloop
  endfacet
  facet normal -0.728088 0.539831 -0.422458
    outer loop
      vertex 31.1504 -1.53708 0
      vertex 31.0043 -1.73413 0
      vertex 30.1804 -0.888912 2.5
    endloop
  endfacet
  facet normal -0.728088 -0.539831 -0.422458
    outer loop
      vertex 31.0043 1.73413 0
      vertex 31.1504 1.53708 0
      vertex 30.1804 0.888912 2.5
    endloop
  endfacet
  facet normal 0.132953 0.896572 -0.422471
    outer loop
      vertex 28.5379 -1.56926 2.5
      vertex 28.5529 -2.7495 0
      vertex 28.3102 -2.71351 0
    endloop
  endfacet
  facet normal -0.879159 0.220495 -0.422448
    outer loop
      vertex 31.5635 -0.53975 0
      vertex 30.3811 -0.464455 2.5
      vertex 30.4193 -0.312144 2.5
    endloop
  endfacet
  facet normal -0.878921 0.221591 -0.422368
    outer loop
      vertex 30.3811 -0.464455 2.5
      vertex 31.5635 -0.53975 0
      vertex 31.5571 -0.565135 0
    endloop
  endfacet
  facet normal -0.608442 0.671814 -0.42245
    outer loop
      vertex 30.7869 -1.9739 0
      vertex 29.9814 -1.13137 2.5
      vertex 30.8063 -1.95633 0
    endloop
  endfacet
  facet normal -0.608537 0.671728 -0.422451
    outer loop
      vertex 29.9814 -1.13137 2.5
      vertex 30.7869 -1.9739 0
      vertex 29.865 -1.23682 2.5
    endloop
  endfacet
  facet normal -0.896736 -0.131633 -0.422537
    outer loop
      vertex 31.6033 0.27118 0
      vertex 30.4193 0.312144 2.5
      vertex 31.5995 0.297067 0
    endloop
  endfacet
  facet normal -0.896606 -0.132773 -0.422457
    outer loop
      vertex 30.4193 0.312144 2.5
      vertex 31.6033 0.27118 0
      vertex 30.4423 0.156827 2.5
    endloop
  endfacet
  facet normal 0.305339 -0.853397 -0.422471
    outer loop
      vertex 28.0222 2.63872 0
      vertex 28.2377 1.47821 2.5
      vertex 27.7912 2.55607 0
    endloop
  endfacet
  facet normal -0.776708 -0.467271 -0.422355
    outer loop
      vertex 31.29 1.3042 0
      vertex 30.1804 0.888912 2.5
      vertex 31.2765 1.32664 0
    endloop
  endfacet
  facet normal -0.777965 -0.465009 -0.422537
    outer loop
      vertex 31.29 1.3042 0
      vertex 30.2126 0.835041 2.5
      vertex 30.1804 0.888912 2.5
    endloop
  endfacet
  facet normal -0.777148 -0.466447 -0.422455
    outer loop
      vertex 30.2126 0.835041 2.5
      vertex 31.29 1.3042 0
      vertex 30.2611 0.754235 2.5
    endloop
  endfacet
  facet normal -0.220246 -0.879212 -0.422467
    outer loop
      vertex 29.3897 2.71351 0
      vertex 29.6277 2.65389 0
      vertex 29.1621 1.56926 2.5
    endloop
  endfacet
  facet normal -0.539856 -0.728058 -0.422477
    outer loop
      vertex 29.865 1.23682 2.5
      vertex 30.4081 2.28481 0
      vertex 30.6052 2.13866 0
    endloop
  endfacet
  facet normal 0.305383 0.853387 -0.42246
    outer loop
      vertex 28.0469 -2.64753 0
      vertex 28.2377 -1.47821 2.5
      vertex 28.3855 -1.5311 2.5
    endloop
  endfacet
  facet normal 0.304488 0.853674 -0.422526
    outer loop
      vertex 28.2377 -1.47821 2.5
      vertex 28.0469 -2.64753 0
      vertex 28.0222 -2.63872 0
    endloop
  endfacet
  facet normal -0.387515 0.819359 -0.422472
    outer loop
      vertex 30.1542 -2.43998 0
      vertex 29.9324 -2.54488 0
      vertex 29.6042 -1.41107 2.5
    endloop
  endfacet
  facet normal -0.896574 0.132999 -0.422453
    outer loop
      vertex 31.5995 -0.297067 0
      vertex 31.5635 -0.53975 0
      vertex 30.4193 -0.312144 2.5
    endloop
  endfacet
  facet normal 0.81943 0.387371 -0.422466
    outer loop
      vertex 27.4389 -0.754234 2.5
      vertex 26.3988 -1.28054 0
      vertex 27.3718 -0.612293 2.5
    endloop
  endfacet
  facet normal 0.819225 0.387799 -0.422471
    outer loop
      vertex 26.3988 -1.28054 0
      vertex 27.4389 -0.754234 2.5
      vertex 26.41 -1.3042 0
    endloop
  endfacet
  facet normal -0.608839 -0.671438 -0.422477
    outer loop
      vertex 30.6052 2.13866 0
      vertex 30.7869 1.9739 0
      vertex 29.865 1.23682 2.5
    endloop
  endfacet
  facet normal 0.387515 -0.819359 -0.422472
    outer loop
      vertex 27.7676 2.54488 0
      vertex 28.0958 1.41107 2.5
      vertex 27.5458 2.43998 0
    endloop
  endfacet
  facet normal 0.671135 -0.609179 -0.422467
    outer loop
      vertex 27.7186 1.13137 2.5
      vertex 26.8761 1.93694 0
      vertex 26.8937 1.95633 0
    endloop
  endfacet
  facet normal 0.671713 -0.608548 -0.422458
    outer loop
      vertex 26.8761 1.93694 0
      vertex 27.7186 1.13137 2.5
      vertex 27.6132 1.01503 2.5
    endloop
  endfacet
  facet normal 0.388331 -0.819001 -0.422417
    outer loop
      vertex 27.7912 2.55607 0
      vertex 28.0958 1.41107 2.5
      vertex 27.7676 2.54488 0
    endloop
  endfacet
  facet normal 0.38765 -0.819297 -0.422469
    outer loop
      vertex 28.0958 1.41107 2.5
      vertex 27.7912 2.55607 0
      vertex 28.2377 1.47821 2.5
    endloop
  endfacet
  facet normal 0.671713 0.608548 -0.422458
    outer loop
      vertex 27.7186 -1.13137 2.5
      vertex 26.8761 -1.93694 0
      vertex 27.6132 -1.01503 2.5
    endloop
  endfacet
  facet normal 0.671135 0.609179 -0.422467
    outer loop
      vertex 26.8761 -1.93694 0
      vertex 27.7186 -1.13137 2.5
      vertex 26.8937 -1.95633 0
    endloop
  endfacet
  facet normal 0.671514 -0.608755 -0.422476
    outer loop
      vertex 26.8761 1.93694 0
      vertex 27.6132 1.01503 2.5
      vertex 26.7113 1.75515 0
    endloop
  endfacet
  facet normal 0.539856 -0.728058 -0.422477
    outer loop
      vertex 27.2919 2.28481 0
      vertex 27.835 1.23682 2.5
      vertex 27.0948 2.13866 0
    endloop
  endfacet
  facet normal -0.0446142 0.905278 -0.42247
    outer loop
      vertex 29.095 -2.75463 0
      vertex 28.9441 -1.59538 2.5
      vertex 29.0068 -1.59229 2.5
    endloop
  endfacet
  facet normal -0.0444467 0.905289 -0.422465
    outer loop
      vertex 28.9441 -1.59538 2.5
      vertex 29.095 -2.75463 0
      vertex 28.85 -1.6 2.5
    endloop
  endfacet
  facet normal -0.044573 0.90528 -0.42247
    outer loop
      vertex 29.095 -2.75463 0
      vertex 29.0068 -1.59229 2.5
      vertex 29.1212 -2.75334 0
    endloop
  endfacet
  facet normal 0.77747 0.465898 -0.422467
    outer loop
      vertex 27.4389 -0.754234 2.5
      vertex 26.5361 -1.51463 0
      vertex 26.41 -1.3042 0
    endloop
  endfacet
  facet normal -0.819669 0.386902 -0.422433
    outer loop
      vertex 31.3012 -1.28054 0
      vertex 30.3014 -0.66907 2.5
      vertex 30.3282 -0.612293 2.5
    endloop
  endfacet
  facet normal -0.819279 0.387687 -0.42247
    outer loop
      vertex 30.3014 -0.66907 2.5
      vertex 31.3012 -1.28054 0
      vertex 30.2611 -0.754234 2.5
    endloop
  endfacet
  facet normal -0.819225 0.387799 -0.422471
    outer loop
      vertex 31.29 -1.3042 0
      vertex 30.2611 -0.754234 2.5
      vertex 31.3012 -1.28054 0
    endloop
  endfacet
  facet normal -0.924745 -0 -0.380588
    outer loop
      vertex 30.2611 -0.754234 2.5
      vertex 31.29 -1.3042 0
      vertex 30.2611 -0.754235 2.5
    endloop
  endfacet
  facet normal 0.777486 0.465875 -0.422465
    outer loop
      vertex 27.5196 -0.888912 2.5
      vertex 26.5361 -1.51463 0
      vertex 27.4389 -0.754234 2.5
    endloop
  endfacet
  facet normal 0.77675 0.467088 -0.422479
    outer loop
      vertex 26.5361 -1.51463 0
      vertex 27.5196 -0.888912 2.5
      vertex 26.5496 -1.53708 0
    endloop
  endfacet
  facet normal 0.727829 -0.540159 -0.422485
    outer loop
      vertex 27.6132 1.01503 2.5
      vertex 26.6957 1.73413 0
      vertex 26.7113 1.75515 0
    endloop
  endfacet
  facet normal 0.727825 -0.540164 -0.422485
    outer loop
      vertex 26.6957 1.73413 0
      vertex 27.6132 1.01503 2.5
      vertex 27.5196 0.888912 2.5
    endloop
  endfacet
  facet normal 0.853394 0.305365 -0.422458
    outer loop
      vertex 27.3718 -0.612293 2.5
      vertex 26.2025 -0.80312 0
      vertex 27.3189 -0.464455 2.5
    endloop
  endfacet
  facet normal 0.853561 0.304843 -0.422497
    outer loop
      vertex 26.2025 -0.80312 0
      vertex 27.3718 -0.612293 2.5
      vertex 26.2113 -0.82776 0
    endloop
  endfacet
  facet normal 0.0444883 -0.905285 -0.422468
    outer loop
      vertex 28.85 2.76667 0
      vertex 28.85 1.6 2.5
      vertex 28.605 2.75463 0
    endloop
  endfacet
  facet normal 0.220156 0.879237 -0.422461
    outer loop
      vertex 28.0723 -2.65389 0
      vertex 28.3855 -1.5311 2.5
      vertex 28.5379 -1.56926 2.5
    endloop
  endfacet
  facet normal 0.220156 0.879237 -0.422461
    outer loop
      vertex 28.3855 -1.5311 2.5
      vertex 28.0723 -2.65389 0
      vertex 28.0469 -2.64753 0
    endloop
  endfacet
  facet normal 0.77675 -0.467088 -0.422479
    outer loop
      vertex 27.5196 0.888912 2.5
      vertex 26.5361 1.51463 0
      vertex 26.5496 1.53708 0
    endloop
  endfacet
  facet normal 0.777486 -0.465875 -0.422465
    outer loop
      vertex 26.5361 1.51463 0
      vertex 27.5196 0.888912 2.5
      vertex 27.4389 0.754234 2.5
    endloop
  endfacet
  facet normal -0.540278 0.727764 -0.422445
    outer loop
      vertex 30.3871 -2.3004 0
      vertex 29.865 -1.23682 2.5
      vertex 30.4081 -2.28481 0
    endloop
  endfacet
  facet normal -0.539957 0.727986 -0.422473
    outer loop
      vertex 29.865 -1.23682 2.5
      vertex 30.3871 -2.3004 0
      vertex 29.7389 -1.33035 2.5
    endloop
  endfacet
  facet normal 0.896574 0.132999 -0.422453
    outer loop
      vertex 27.2577 -0.156827 2.5
      vertex 26.1327 -0.513864 0
      vertex 26.0967 -0.27118 0
    endloop
  endfacet
  facet normal -0.87923 -0.220191 -0.422457
    outer loop
      vertex 31.4975 0.80312 0
      vertex 31.5571 0.565135 0
      vertex 30.3811 0.464455 2.5
    endloop
  endfacet
  facet normal -0.819343 -0.387542 -0.422478
    outer loop
      vertex 31.3012 1.28054 0
      vertex 31.4061 1.05876 0
      vertex 30.3282 0.612293 2.5
    endloop
  endfacet
  facet normal 0.465904 0.777469 -0.422463
    outer loop
      vertex 27.3354 -2.31385 0
      vertex 27.9611 -1.33035 2.5
      vertex 28.0958 -1.41107 2.5
    endloop
  endfacet
  facet normal 0.465059 0.77798 -0.422453
    outer loop
      vertex 27.9611 -1.33035 2.5
      vertex 27.3354 -2.31385 0
      vertex 27.3129 -2.3004 0
    endloop
  endfacet
  facet normal -0.465975 0.777426 -0.422464
    outer loop
      vertex 30.3646 -2.31385 0
      vertex 29.6581 -1.37878 2.5
      vertex 29.7389 -1.33035 2.5
    endloop
  endfacet
  facet normal -0.465059 0.77798 -0.422453
    outer loop
      vertex 30.3646 -2.31385 0
      vertex 29.7389 -1.33035 2.5
      vertex 30.3871 -2.3004 0
    endloop
  endfacet
  facet normal -0.4658 0.777536 -0.422455
    outer loop
      vertex 29.6581 -1.37878 2.5
      vertex 30.3646 -2.31385 0
      vertex 29.6042 -1.41107 2.5
    endloop
  endfacet
  facet normal -0.608839 0.671438 -0.422477
    outer loop
      vertex 29.865 -1.23682 2.5
      vertex 30.7869 -1.9739 0
      vertex 30.6052 -2.13866 0
    endloop
  endfacet
  facet normal 0.853454 -0.305174 -0.422475
    outer loop
      vertex 26.2939 1.05876 0
      vertex 27.3718 0.612293 2.5
      vertex 26.2113 0.82776 0
    endloop
  endfacet
  facet normal -0.4658 -0.777536 -0.422455
    outer loop
      vertex 30.3646 2.31385 0
      vertex 29.6581 1.37878 2.5
      vertex 29.6042 1.41107 2.5
    endloop
  endfacet
  facet normal -0.465975 -0.777426 -0.422464
    outer loop
      vertex 29.6581 1.37878 2.5
      vertex 30.3646 2.31385 0
      vertex 29.7389 1.33035 2.5
    endloop
  endfacet
  facet normal -0.465059 -0.77798 -0.422453
    outer loop
      vertex 29.7389 1.33035 2.5
      vertex 30.3646 2.31385 0
      vertex 30.3871 2.3004 0
    endloop
  endfacet
  facet normal -0.671514 -0.608755 -0.422476
    outer loop
      vertex 30.9887 1.75515 0
      vertex 30.0868 1.01503 2.5
      vertex 30.8239 1.93694 0
    endloop
  endfacet
  facet normal -0.85346 -0.305176 -0.422462
    outer loop
      vertex 31.4149 1.03412 0
      vertex 31.4975 0.80312 0
      vertex 30.3811 0.464455 2.5
    endloop
  endfacet
  facet normal -0.878921 -0.221591 -0.422368
    outer loop
      vertex 31.5635 0.53975 0
      vertex 30.3811 0.464455 2.5
      vertex 31.5571 0.565135 0
    endloop
  endfacet
  facet normal -0.879159 -0.220495 -0.422448
    outer loop
      vertex 30.3811 0.464455 2.5
      vertex 31.5635 0.53975 0
      vertex 30.4193 0.312144 2.5
    endloop
  endfacet
  facet normal -0.896574 -0.132999 -0.422453
    outer loop
      vertex 31.5635 0.53975 0
      vertex 31.5995 0.297067 0
      vertex 30.4193 0.312144 2.5
    endloop
  endfacet
  facet normal -0.905261 -0.0450258 -0.422463
    outer loop
      vertex 31.6046 0.245043 0
      vertex 30.4423 0.156827 2.5
      vertex 31.6033 0.27118 0
    endloop
  endfacet
  facet normal -0.905292 -0.0444487 -0.422457
    outer loop
      vertex 30.4423 0.156827 2.5
      vertex 31.6046 0.245043 0
      vertex 30.45 0 2.5
    endloop
  endfacet
  facet normal -0.727829 -0.540159 -0.422485
    outer loop
      vertex 31.0043 1.73413 0
      vertex 30.0868 1.01503 2.5
      vertex 30.9887 1.75515 0
    endloop
  endfacet
  facet normal -0.728104 -0.539792 -0.42248
    outer loop
      vertex 31.0043 1.73413 0
      vertex 30.1429 0.939359 2.5
      vertex 30.0868 1.01503 2.5
    endloop
  endfacet
  facet normal -0.727394 -0.540711 -0.422527
    outer loop
      vertex 30.1429 0.939359 2.5
      vertex 31.0043 1.73413 0
      vertex 30.1804 0.888912 2.5
    endloop
  endfacet
  facet normal -0.539957 -0.727986 -0.422473
    outer loop
      vertex 30.3871 2.3004 0
      vertex 29.865 1.23682 2.5
      vertex 29.7389 1.33035 2.5
    endloop
  endfacet
  facet normal -0.540278 -0.727764 -0.422445
    outer loop
      vertex 29.865 1.23682 2.5
      vertex 30.3871 2.3004 0
      vertex 30.4081 2.28481 0
    endloop
  endfacet
  facet normal -0.305373 0.85339 -0.42246
    outer loop
      vertex 29.6531 -2.64753 0
      vertex 29.3736 -1.50995 2.5
      vertex 29.4623 -1.47821 2.5
    endloop
  endfacet
  facet normal -0.304488 0.853674 -0.422526
    outer loop
      vertex 29.6531 -2.64753 0
      vertex 29.4623 -1.47821 2.5
      vertex 29.6778 -2.63872 0
    endloop
  endfacet
  facet normal -0.305398 0.853382 -0.422459
    outer loop
      vertex 29.3736 -1.50995 2.5
      vertex 29.6531 -2.64753 0
      vertex 29.3145 -1.5311 2.5
    endloop
  endfacet
  facet normal -0.896736 0.131633 -0.422537
    outer loop
      vertex 30.4193 -0.312144 2.5
      vertex 31.6033 -0.27118 0
      vertex 31.5995 -0.297067 0
    endloop
  endfacet
  facet normal -0.896606 0.132773 -0.422457
    outer loop
      vertex 31.6033 -0.27118 0
      vertex 30.4193 -0.312144 2.5
      vertex 30.4423 -0.156827 2.5
    endloop
  endfacet
  facet normal -0.905292 0.0444487 -0.422457
    outer loop
      vertex 31.6046 -0.245043 0
      vertex 30.4423 -0.156827 2.5
      vertex 30.45 0 2.5
    endloop
  endfacet
  facet normal -0.905261 0.0450258 -0.422463
    outer loop
      vertex 30.4423 -0.156827 2.5
      vertex 31.6046 -0.245043 0
      vertex 31.6033 -0.27118 0
    endloop
  endfacet
  facet normal 0.728088 0.539831 -0.422458
    outer loop
      vertex 27.5196 -0.888912 2.5
      vertex 26.6957 -1.73413 0
      vertex 26.5496 -1.53708 0
    endloop
  endfacet
  facet normal 0.132953 -0.896572 -0.422471
    outer loop
      vertex 28.5529 2.7495 0
      vertex 28.5379 1.56926 2.5
      vertex 28.3102 2.71351 0
    endloop
  endfacet
  facet normal 0.896614 0.132774 -0.422438
    outer loop
      vertex 27.2807 -0.312144 2.5
      vertex 26.1327 -0.513864 0
      vertex 27.2577 -0.156827 2.5
    endloop
  endfacet
  facet normal 0.896786 0.131646 -0.422426
    outer loop
      vertex 26.1327 -0.513864 0
      vertex 27.2807 -0.312144 2.5
      vertex 26.1365 -0.53975 0
    endloop
  endfacet
  facet normal -0.220246 0.879212 -0.422467
    outer loop
      vertex 29.1621 -1.56926 2.5
      vertex 29.6277 -2.65389 0
      vertex 29.3897 -2.71351 0
    endloop
  endfacet
  facet normal 0.466028 -0.77739 -0.422472
    outer loop
      vertex 27.5458 2.43998 0
      vertex 28.0958 1.41107 2.5
      vertex 27.3354 2.31385 0
    endloop
  endfacet
  facet normal 0.853561 -0.304843 -0.422497
    outer loop
      vertex 27.3718 0.612293 2.5
      vertex 26.2025 0.80312 0
      vertex 26.2113 0.82776 0
    endloop
  endfacet
  facet normal 0.853394 -0.305365 -0.422458
    outer loop
      vertex 26.2025 0.80312 0
      vertex 27.3718 0.612293 2.5
      vertex 27.3189 0.464455 2.5
    endloop
  endfacet
  facet normal 0.608839 -0.671438 -0.422477
    outer loop
      vertex 27.0948 2.13866 0
      vertex 27.835 1.23682 2.5
      vertex 26.9131 1.9739 0
    endloop
  endfacet
  facet normal 0.905285 -0.0444483 -0.422472
    outer loop
      vertex 27.25 0 2.5
      vertex 26.0846 0.0261378 0
      vertex 27.2577 0.156827 2.5
    endloop
  endfacet
  facet normal 0.90526 -0.0450243 -0.422467
    outer loop
      vertex 26.0846 0.0261378 0
      vertex 27.25 0 2.5
      vertex 26.0833 0 0
    endloop
  endfacet
  facet normal -0.219966 0.879286 -0.422459
    outer loop
      vertex 29.6277 -2.65389 0
      vertex 29.2535 -1.54636 2.5
      vertex 29.3145 -1.5311 2.5
    endloop
  endfacet
  facet normal -0.220156 0.879237 -0.422461
    outer loop
      vertex 29.6277 -2.65389 0
      vertex 29.3145 -1.5311 2.5
      vertex 29.6531 -2.64753 0
    endloop
  endfacet
  facet normal -0.220281 0.879202 -0.422469
    outer loop
      vertex 29.2535 -1.54636 2.5
      vertex 29.6277 -2.65389 0
      vertex 29.1621 -1.56926 2.5
    endloop
  endfacet
  facet normal 0.819343 0.387542 -0.422478
    outer loop
      vertex 27.3718 -0.612293 2.5
      vertex 26.3988 -1.28054 0
      vertex 26.2939 -1.05876 0
    endloop
  endfacet
  facet normal 0.879232 -0.220191 -0.422454
    outer loop
      vertex 26.1961 0.777735 0
      vertex 27.2807 0.312144 2.5
      vertex 26.1365 0.53975 0
    endloop
  endfacet
  facet normal 0.896786 -0.131646 -0.422426
    outer loop
      vertex 27.2807 0.312144 2.5
      vertex 26.1327 0.513864 0
      vertex 26.1365 0.53975 0
    endloop
  endfacet
  facet normal 0.896614 -0.132774 -0.422438
    outer loop
      vertex 26.1327 0.513864 0
      vertex 27.2807 0.312144 2.5
      vertex 27.2577 0.156827 2.5
    endloop
  endfacet
  facet normal 0.878869 -0.221578 -0.422484
    outer loop
      vertex 27.3189 0.464455 2.5
      vertex 26.1961 0.777735 0
      vertex 26.2025 0.80312 0
    endloop
  endfacet
  facet normal 0.879147 -0.220492 -0.422473
    outer loop
      vertex 26.1961 0.777735 0
      vertex 27.3189 0.464455 2.5
      vertex 27.2807 0.312144 2.5
    endloop
  endfacet
  facet normal 0.305339 0.853397 -0.422471
    outer loop
      vertex 28.2377 -1.47821 2.5
      vertex 28.0222 -2.63872 0
      vertex 27.7912 -2.55607 0
    endloop
  endfacet
  facet normal 0.853454 0.305174 -0.422475
    outer loop
      vertex 27.3718 -0.612293 2.5
      vertex 26.2939 -1.05876 0
      vertex 26.2113 -0.82776 0
    endloop
  endfacet
  facet normal 0.539856 0.728058 -0.422477
    outer loop
      vertex 27.835 -1.23682 2.5
      vertex 27.2919 -2.28481 0
      vertex 27.0948 -2.13866 0
    endloop
  endfacet
  facet normal 0.0445136 0.905283 -0.422469
    outer loop
      vertex 28.605 -2.75463 0
      vertex 28.6932 -1.59229 2.5
      vertex 28.85 -1.6 2.5
    endloop
  endfacet
  facet normal 0.044573 0.90528 -0.42247
    outer loop
      vertex 28.6932 -1.59229 2.5
      vertex 28.605 -2.75463 0
      vertex 28.5788 -2.75334 0
    endloop
  endfacet
  facet normal -0.133087 0.896557 -0.422461
    outer loop
      vertex 29.1212 -2.75334 0
      vertex 29.069 -1.58308 2.5
      vertex 29.1621 -1.56926 2.5
    endloop
  endfacet
  facet normal -0.132929 0.896575 -0.422472
    outer loop
      vertex 29.1212 -2.75334 0
      vertex 29.1621 -1.56926 2.5
      vertex 29.1471 -2.7495 0
    endloop
  endfacet
  facet normal -0.13276 0.896599 -0.422474
    outer loop
      vertex 29.069 -1.58308 2.5
      vertex 29.1212 -2.75334 0
      vertex 29.0068 -1.59229 2.5
    endloop
  endfacet
  facet normal 0.304488 -0.853674 -0.422526
    outer loop
      vertex 28.0469 2.64753 0
      vertex 28.2377 1.47821 2.5
      vertex 28.0222 2.63872 0
    endloop
  endfacet
  facet normal 0.305383 -0.853387 -0.42246
    outer loop
      vertex 28.2377 1.47821 2.5
      vertex 28.0469 2.64753 0
      vertex 28.3855 1.5311 2.5
    endloop
  endfacet
  facet normal 0.90526 0.0450243 -0.422467
    outer loop
      vertex 27.25 0 2.5
      vertex 26.0846 -0.0261378 0
      vertex 26.0833 0 0
    endloop
  endfacet
  facet normal 0.905285 0.0444483 -0.422472
    outer loop
      vertex 26.0846 -0.0261378 0
      vertex 27.25 0 2.5
      vertex 27.2577 -0.156827 2.5
    endloop
  endfacet
  facet normal 0.90528 0.0447021 -0.422457
    outer loop
      vertex 27.2577 -0.156827 2.5
      vertex 26.0967 -0.27118 0
      vertex 26.0846 -0.0261378 0
    endloop
  endfacet
  facet normal 0 1 -0
    outer loop
      vertex 28.75 40 0
      vertex -28.75 40 8
      vertex 28.75 40 8
    endloop
  endfacet
  facet normal 0 1 0
    outer loop
      vertex -28.75 40 8
      vertex 28.75 40 0
      vertex -28.75 40 0
    endloop
  endfacet
  facet normal -1 0 0
    outer loop
      vertex -38.75 -37.2955 0
      vertex -38.75 37.2955 5.9
      vertex -38.75 37.2955 0
    endloop
  endfacet
  facet normal -1 -0 0
    outer loop
      vertex -38.75 37.2955 5.9
      vertex -38.75 -37.2955 0
      vertex -38.75 -37.2955 5.9
    endloop
  endfacet
  facet normal -0.427583 0.903976 0
    outer loop
      vertex -36.4037 38.4776 0
      vertex -38.1779 37.6384 5.9
      vertex -36.4037 38.4776 5.9
    endloop
  endfacet
  facet normal -0.427583 0.903976 0
    outer loop
      vertex -38.1779 37.6384 5.9
      vertex -36.4037 38.4776 0
      vertex -38.1779 37.6384 0
    endloop
  endfacet
  facet normal 0.514099 0.857731 -0
    outer loop
      vertex 38.75 37.2955 0
      vertex 38.1779 37.6384 5.9
      vertex 38.75 37.2955 5.9
    endloop
  endfacet
  facet normal 0.514099 0.857731 0
    outer loop
      vertex 38.1779 37.6384 5.9
      vertex 38.75 37.2955 0
      vertex 38.1779 37.6384 0
    endloop
  endfacet
  facet normal 1 -0 0
    outer loop
      vertex 38.75 -37.2955 5.9
      vertex 38.75 37.2955 0
      vertex 38.75 37.2955 5.9
    endloop
  endfacet
  facet normal 1 0 0
    outer loop
      vertex 38.75 37.2955 0
      vertex 38.75 -37.2955 5.9
      vertex 38.75 -37.2955 0
    endloop
  endfacet
  facet normal -0.242979 0.970032 0
    outer loop
      vertex -32.6518 39.6157 0
      vertex -34.5557 39.1388 5.9
      vertex -32.6518 39.6157 5.9
    endloop
  endfacet
  facet normal -0.242979 0.970032 0
    outer loop
      vertex -34.5557 39.1388 5.9
      vertex -32.6518 39.6157 0
      vertex -34.5557 39.1388 0
    endloop
  endfacet
  facet normal 0.0490431 0.998797 0
    outer loop
      vertex 30.7103 39.9037 5.9
      vertex 30.7103 39.9037 0
      vertex 28.8 39.9975 5.9
    endloop
  endfacet
  facet normal 0.0499376 0.998752 -0
    outer loop
      vertex 28.8 39.9975 5.9
      vertex 28.75 40 8
      vertex 28.8 39.9975 8
    endloop
  endfacet
  facet normal 0.0499376 0.998752 -9.20422e-21
    outer loop
      vertex 28.8 39.9975 5.9
      vertex 28.75 40 0
      vertex 28.75 40 8
    endloop
  endfacet
  facet normal 0.049066 0.998796 7.40519e-06
    outer loop
      vertex 28.75 40 0
      vertex 28.8 39.9975 5.9
      vertex 30.7103 39.9037 0
    endloop
  endfacet
  facet normal -0.0499376 0.998752 3.50637e-20
    outer loop
      vertex -28.75 40 8
      vertex -28.8 39.9975 5.9
      vertex -28.8 39.9975 8
    endloop
  endfacet
  facet normal -0.0499376 0.998752 0
    outer loop
      vertex -28.75 40 0
      vertex -28.8 39.9975 5.9
      vertex -28.75 40 8
    endloop
  endfacet
  facet normal -0.0490431 0.998797 7.59902e-06
    outer loop
      vertex -28.75 40 0
      vertex -30.7103 39.9037 5.9
      vertex -28.8 39.9975 5.9
    endloop
  endfacet
  facet normal -0.049066 0.998796 0
    outer loop
      vertex -30.7103 39.9037 5.9
      vertex -28.75 40 0
      vertex -30.7103 39.9037 0
    endloop
  endfacet
  facet normal -0.336879 0.941548 0
    outer loop
      vertex -34.5557 39.1388 0
      vertex -36.4037 38.4776 5.9
      vertex -34.5557 39.1388 5.9
    endloop
  endfacet
  facet normal -0.336879 0.941548 0
    outer loop
      vertex -36.4037 38.4776 5.9
      vertex -34.5557 39.1388 0
      vertex -36.4037 38.4776 0
    endloop
  endfacet
  facet normal -0.514099 0.857731 0
    outer loop
      vertex -38.1779 37.6384 0
      vertex -38.75 37.2955 5.9
      vertex -38.1779 37.6384 5.9
    endloop
  endfacet
  facet normal -0.514099 0.857731 0
    outer loop
      vertex -38.75 37.2955 5.9
      vertex -38.1779 37.6384 0
      vertex -38.75 37.2955 0
    endloop
  endfacet
  facet normal -0.146733 0.989176 0
    outer loop
      vertex -30.7103 39.9037 0
      vertex -32.6518 39.6157 5.9
      vertex -30.7103 39.9037 5.9
    endloop
  endfacet
  facet normal -0.146733 0.989176 0
    outer loop
      vertex -32.6518 39.6157 5.9
      vertex -30.7103 39.9037 0
      vertex -32.6518 39.6157 0
    endloop
  endfacet
  facet normal 0.336879 -0.941548 0
    outer loop
      vertex 34.5557 -39.1388 0
      vertex 36.4037 -38.4776 5.9
      vertex 34.5557 -39.1388 5.9
    endloop
  endfacet
  facet normal 0.336879 -0.941548 0
    outer loop
      vertex 36.4037 -38.4776 5.9
      vertex 34.5557 -39.1388 0
      vertex 36.4037 -38.4776 0
    endloop
  endfacet
  facet normal -0.427583 -0.903976 0
    outer loop
      vertex -38.1779 -37.6384 0
      vertex -36.4037 -38.4776 5.9
      vertex -38.1779 -37.6384 5.9
    endloop
  endfacet
  facet normal -0.427583 -0.903976 -0
    outer loop
      vertex -36.4037 -38.4776 5.9
      vertex -38.1779 -37.6384 0
      vertex -36.4037 -38.4776 0
    endloop
  endfacet
  facet normal 0.514099 -0.857731 0
    outer loop
      vertex 38.1779 -37.6384 0
      vertex 38.75 -37.2955 5.9
      vertex 38.1779 -37.6384 5.9
    endloop
  endfacet
  facet normal 0.514099 -0.857731 0
    outer loop
      vertex 38.75 -37.2955 5.9
      vertex 38.1779 -37.6384 0
      vertex 38.75 -37.2955 0
    endloop
  endfacet
  facet normal 0.242979 -0.970032 0
    outer loop
      vertex 32.6518 -39.6157 0
      vertex 34.5557 -39.1388 5.9
      vertex 32.6518 -39.6157 5.9
    endloop
  endfacet
  facet normal 0.242979 -0.970032 0
    outer loop
      vertex 34.5557 -39.1388 5.9
      vertex 32.6518 -39.6157 0
      vertex 34.5557 -39.1388 0
    endloop
  endfacet
  facet normal 0.242979 0.970032 -0
    outer loop
      vertex 34.5557 39.1388 0
      vertex 32.6518 39.6157 5.9
      vertex 34.5557 39.1388 5.9
    endloop
  endfacet
  facet normal 0.242979 0.970032 0
    outer loop
      vertex 32.6518 39.6157 5.9
      vertex 34.5557 39.1388 0
      vertex 32.6518 39.6157 0
    endloop
  endfacet
  facet normal -0.514099 -0.857731 0
    outer loop
      vertex -38.75 -37.2955 0
      vertex -38.1779 -37.6384 5.9
      vertex -38.75 -37.2955 5.9
    endloop
  endfacet
  facet normal -0.514099 -0.857731 -0
    outer loop
      vertex -38.1779 -37.6384 5.9
      vertex -38.75 -37.2955 0
      vertex -38.1779 -37.6384 0
    endloop
  endfacet
  facet normal 0.146733 0.989176 -0
    outer loop
      vertex 32.6518 39.6157 0
      vertex 30.7103 39.9037 5.9
      vertex 32.6518 39.6157 5.9
    endloop
  endfacet
  facet normal 0.146733 0.989176 0
    outer loop
      vertex 30.7103 39.9037 5.9
      vertex 32.6518 39.6157 0
      vertex 30.7103 39.9037 0
    endloop
  endfacet
  facet normal 0.427583 -0.903976 0
    outer loop
      vertex 36.4037 -38.4776 0
      vertex 38.1779 -37.6384 5.9
      vertex 36.4037 -38.4776 5.9
    endloop
  endfacet
  facet normal 0.427583 -0.903976 0
    outer loop
      vertex 38.1779 -37.6384 5.9
      vertex 36.4037 -38.4776 0
      vertex 38.1779 -37.6384 0
    endloop
  endfacet
  facet normal 0.336879 0.941548 -0
    outer loop
      vertex 36.4037 38.4776 0
      vertex 34.5557 39.1388 5.9
      vertex 36.4037 38.4776 5.9
    endloop
  endfacet
  facet normal 0.336879 0.941548 0
    outer loop
      vertex 34.5557 39.1388 5.9
      vertex 36.4037 38.4776 0
      vertex 34.5557 39.1388 0
    endloop
  endfacet
  facet normal 0 -1 0
    outer loop
      vertex -28.75 -40 0
      vertex 28.75 -40 8
      vertex -28.75 -40 8
    endloop
  endfacet
  facet normal 0 -1 -0
    outer loop
      vertex 28.75 -40 8
      vertex -28.75 -40 0
      vertex 28.75 -40 0
    endloop
  endfacet
  facet normal 0.427583 0.903976 -0
    outer loop
      vertex 38.1779 37.6384 0
      vertex 36.4037 38.4776 5.9
      vertex 38.1779 37.6384 5.9
    endloop
  endfacet
  facet normal 0.427583 0.903976 0
    outer loop
      vertex 36.4037 38.4776 5.9
      vertex 38.1779 37.6384 0
      vertex 36.4037 38.4776 0
    endloop
  endfacet
  facet normal 0.0499376 -0.998752 3.50637e-20
    outer loop
      vertex 28.75 -40 8
      vertex 28.8 -39.9975 5.9
      vertex 28.8 -39.9975 8
    endloop
  endfacet
  facet normal 0.0499376 -0.998752 0
    outer loop
      vertex 28.75 -40 0
      vertex 28.8 -39.9975 5.9
      vertex 28.75 -40 8
    endloop
  endfacet
  facet normal 0.0490431 -0.998797 7.59902e-06
    outer loop
      vertex 28.75 -40 0
      vertex 30.7103 -39.9037 5.9
      vertex 28.8 -39.9975 5.9
    endloop
  endfacet
  facet normal 0.049066 -0.998796 0
    outer loop
      vertex 30.7103 -39.9037 5.9
      vertex 28.75 -40 0
      vertex 30.7103 -39.9037 0
    endloop
  endfacet
  facet normal 0 0 1
    outer loop
      vertex 28.75 40 8
      vertex 26.8897 39.9037 8
      vertex 28.8 39.9975 8
    endloop
  endfacet
  facet normal 0 0 1
    outer loop
      vertex 18.9 37.3255 8
      vertex 5 0 8
      vertex 18.9 -37.3255 8
    endloop
  endfacet
  facet normal 0 0 1
    outer loop
      vertex 18.9 37.3255 8
      vertex 4.97592 0.490086 8
      vertex 5 0 8
    endloop
  endfacet
  facet normal 0 0 1
    outer loop
      vertex 18.9 37.3255 8
      vertex 4.90393 0.975451 8
      vertex 4.97592 0.490086 8
    endloop
  endfacet
  facet normal 0 0 1
    outer loop
      vertex 18.9 37.3255 8
      vertex 4.7847 1.45142 8
      vertex 4.90393 0.975451 8
    endloop
  endfacet
  facet normal 0 0 1
    outer loop
      vertex 18.9 37.3255 8
      vertex 4.6194 1.91342 8
      vertex 4.7847 1.45142 8
    endloop
  endfacet
  facet normal 0 0 1
    outer loop
      vertex 18.9 37.3255 8
      vertex 4.40961 2.35698 8
      vertex 4.6194 1.91342 8
    endloop
  endfacet
  facet normal 0 0 1
    outer loop
      vertex 18.9 37.3255 8
      vertex 4.15735 2.77785 8
      vertex 4.40961 2.35698 8
    endloop
  endfacet
  facet normal 0 0 1
    outer loop
      vertex 18.9 37.3255 8
      vertex 3.86505 3.17197 8
      vertex 4.15735 2.77785 8
    endloop
  endfacet
  facet normal 0 0 1
    outer loop
      vertex 18.9 37.3255 8
      vertex 3.53553 3.53553 8
      vertex 3.86505 3.17197 8
    endloop
  endfacet
  facet normal 0 0 1
    outer loop
      vertex 18.9 37.3255 8
      vertex 3.17197 3.86505 8
      vertex 3.53553 3.53553 8
    endloop
  endfacet
  facet normal 0 0 1
    outer loop
      vertex 18.9 37.3255 8
      vertex 2.77785 4.15735 8
      vertex 3.17197 3.86505 8
    endloop
  endfacet
  facet normal 0 0 1
    outer loop
      vertex 18.9 37.3255 8
      vertex 2.35698 4.40961 8
      vertex 2.77785 4.15735 8
    endloop
  endfacet
  facet normal 0 0 1
    outer loop
      vertex 18.9 37.3255 8
      vertex 1.91342 4.6194 8
      vertex 2.35698 4.40961 8
    endloop
  endfacet
  facet normal 0 0 1
    outer loop
      vertex 18.9 37.3255 8
      vertex 1.45142 4.7847 8
      vertex 1.91342 4.6194 8
    endloop
  endfacet
  facet normal 0 0 1
    outer loop
      vertex 18.9 37.3255 8
      vertex 0.975451 4.90393 8
      vertex 1.45142 4.7847 8
    endloop
  endfacet
  facet normal 0 0 1
    outer loop
      vertex 18.9 37.3255 8
      vertex 0.490086 4.97592 8
      vertex 0.975451 4.90393 8
    endloop
  endfacet
  facet normal 0 0 1
    outer loop
      vertex 18.9 37.3255 8
      vertex 0 5 8
      vertex 0.490086 4.97592 8
    endloop
  endfacet
  facet normal -0 0 1
    outer loop
      vertex -18.9 37.3255 8
      vertex 0 5 8
      vertex 18.9 37.3255 8
    endloop
  endfacet
  facet normal 0 0 1
    outer loop
      vertex 0 5 8
      vertex -18.9 37.3255 8
      vertex -0.490086 4.97592 8
    endloop
  endfacet
  facet normal 0 0 1
    outer loop
      vertex -0.490086 4.97592 8
      vertex -18.9 37.3255 8
      vertex -0.975451 4.90393 8
    endloop
  endfacet
  facet normal 0 0 1
    outer loop
      vertex -0.975451 4.90393 8
      vertex -18.9 37.3255 8
      vertex -1.45142 4.7847 8
    endloop
  endfacet
  facet normal 0 0 1
    outer loop
      vertex -1.45142 4.7847 8
      vertex -18.9 37.3255 8
      vertex -1.91342 4.6194 8
    endloop
  endfacet
  facet normal 0 0 1
    outer loop
      vertex -1.91342 4.6194 8
      vertex -18.9 37.3255 8
      vertex -2.35698 4.40961 8
    endloop
  endfacet
  facet normal 0 0 1
    outer loop
      vertex -2.35698 4.40961 8
      vertex -18.9 37.3255 8
      vertex -2.77785 4.15735 8
    endloop
  endfacet
  facet normal 0 0 1
    outer loop
      vertex -2.77785 4.15735 8
      vertex -18.9 37.3255 8
      vertex -3.17197 3.86505 8
    endloop
  endfacet
  facet normal 0 0 1
    outer loop
      vertex -3.17197 3.86505 8
      vertex -18.9 37.3255 8
      vertex -3.53553 3.53553 8
    endloop
  endfacet
  facet normal 0 0 1
    outer loop
      vertex -3.53553 3.53553 8
      vertex -18.9 37.3255 8
      vertex -3.86505 3.17197 8
    endloop
  endfacet
  facet normal 0 0 1
    outer loop
      vertex -4.97592 0.490086 8
      vertex -18.9 37.3255 8
      vertex -5 0 8
    endloop
  endfacet
  facet normal 0 0 1
    outer loop
      vertex -4.90393 0.975451 8
      vertex -18.9 37.3255 8
      vertex -4.97592 0.490086 8
    endloop
  endfacet
  facet normal 0 0 1
    outer loop
      vertex -4.7847 1.45142 8
      vertex -18.9 37.3255 8
      vertex -4.90393 0.975451 8
    endloop
  endfacet
  facet normal 0 0 1
    outer loop
      vertex -4.6194 1.91342 8
      vertex -18.9 37.3255 8
      vertex -4.7847 1.45142 8
    endloop
  endfacet
  facet normal 0 0 1
    outer loop
      vertex -4.40961 2.35698 8
      vertex -18.9 37.3255 8
      vertex -4.6194 1.91342 8
    endloop
  endfacet
  facet normal 0 0 1
    outer loop
      vertex -4.15735 2.77785 8
      vertex -18.9 37.3255 8
      vertex -4.40961 2.35698 8
    endloop
  endfacet
  facet normal 0 0 1
    outer loop
      vertex -3.86505 3.17197 8
      vertex -18.9 37.3255 8
      vertex -4.15735 2.77785 8
    endloop
  endfacet
  facet normal 0 0 1
    outer loop
      vertex 19.4221 37.6384 8
      vertex -18.9 37.3255 8
      vertex 18.9 37.3255 8
    endloop
  endfacet
  facet normal 0 0 1
    outer loop
      vertex -19.4221 37.6384 8
      vertex 19.4221 37.6384 8
      vertex 21.1963 38.4776 8
    endloop
  endfacet
  facet normal 0 0 1
    outer loop
      vertex -21.1963 38.4776 8
      vertex 21.1963 38.4776 8
      vertex 23.0443 39.1388 8
    endloop
  endfacet
  facet normal 0 0 1
    outer loop
      vertex -23.0443 39.1388 8
      vertex 23.0443 39.1388 8
      vertex 24.9482 39.6157 8
    endloop
  endfacet
  facet normal 0 0 1
    outer loop
      vertex -24.9482 39.6157 8
      vertex 24.9482 39.6157 8
      vertex 26.8897 39.9037 8
    endloop
  endfacet
  facet normal 0 0 1
    outer loop
      vertex 19.4221 37.6384 8
      vertex -19.4221 37.6384 8
      vertex -18.9 37.3255 8
    endloop
  endfacet
  facet normal 0 0 1
    outer loop
      vertex -26.8897 39.9037 8
      vertex 26.8897 39.9037 8
      vertex 28.75 40 8
    endloop
  endfacet
  facet normal 0 0 1
    outer loop
      vertex 21.1963 38.4776 8
      vertex -21.1963 38.4776 8
      vertex -19.4221 37.6384 8
    endloop
  endfacet
  facet normal 0 0 1
    outer loop
      vertex 23.0443 39.1388 8
      vertex -23.0443 39.1388 8
      vertex -21.1963 38.4776 8
    endloop
  endfacet
  facet normal 0 0 1
    outer loop
      vertex 24.9482 39.6157 8
      vertex -24.9482 39.6157 8
      vertex -23.0443 39.1388 8
    endloop
  endfacet
  facet normal 0 0 1
    outer loop
      vertex 26.8897 39.9037 8
      vertex -26.8897 39.9037 8
      vertex -24.9482 39.6157 8
    endloop
  endfacet
  facet normal -0 0 1
    outer loop
      vertex -28.75 40 8
      vertex -26.8897 39.9037 8
      vertex 28.75 40 8
    endloop
  endfacet
  facet normal 0 0 1
    outer loop
      vertex -26.8897 39.9037 8
      vertex -28.75 40 8
      vertex -28.8 39.9975 8
    endloop
  endfacet
  facet normal 0 0 1
    outer loop
      vertex 26.8897 -39.9037 8
      vertex 28.75 -40 8
      vertex 28.8 -39.9975 8
    endloop
  endfacet
  facet normal -0 0 1
    outer loop
      vertex 4.97592 -0.490086 8
      vertex 18.9 -37.3255 8
      vertex 5 0 8
    endloop
  endfacet
  facet normal -0 0 1
    outer loop
      vertex 4.90393 -0.975451 8
      vertex 18.9 -37.3255 8
      vertex 4.97592 -0.490086 8
    endloop
  endfacet
  facet normal -0 0 1
    outer loop
      vertex 4.7847 -1.45142 8
      vertex 18.9 -37.3255 8
      vertex 4.90393 -0.975451 8
    endloop
  endfacet
  facet normal -0 0 1
    outer loop
      vertex 4.6194 -1.91342 8
      vertex 18.9 -37.3255 8
      vertex 4.7847 -1.45142 8
    endloop
  endfacet
  facet normal -0 0 1
    outer loop
      vertex 4.40961 -2.35698 8
      vertex 18.9 -37.3255 8
      vertex 4.6194 -1.91342 8
    endloop
  endfacet
  facet normal -0 0 1
    outer loop
      vertex 4.15735 -2.77785 8
      vertex 18.9 -37.3255 8
      vertex 4.40961 -2.35698 8
    endloop
  endfacet
  facet normal -0 0 1
    outer loop
      vertex 3.86505 -3.17197 8
      vertex 18.9 -37.3255 8
      vertex 4.15735 -2.77785 8
    endloop
  endfacet
  facet normal -0 0 1
    outer loop
      vertex 3.53553 -3.53553 8
      vertex 18.9 -37.3255 8
      vertex 3.86505 -3.17197 8
    endloop
  endfacet
  facet normal -0 0 1
    outer loop
      vertex 3.17197 -3.86505 8
      vertex 18.9 -37.3255 8
      vertex 3.53553 -3.53553 8
    endloop
  endfacet
  facet normal -0 0 1
    outer loop
      vertex 2.77785 -4.15735 8
      vertex 18.9 -37.3255 8
      vertex 3.17197 -3.86505 8
    endloop
  endfacet
  facet normal -0 0 1
    outer loop
      vertex 2.35698 -4.40961 8
      vertex 18.9 -37.3255 8
      vertex 2.77785 -4.15735 8
    endloop
  endfacet
  facet normal -0 0 1
    outer loop
      vertex 1.91342 -4.6194 8
      vertex 18.9 -37.3255 8
      vertex 2.35698 -4.40961 8
    endloop
  endfacet
  facet normal -0 0 1
    outer loop
      vertex 1.45142 -4.7847 8
      vertex 18.9 -37.3255 8
      vertex 1.91342 -4.6194 8
    endloop
  endfacet
  facet normal -0 0 1
    outer loop
      vertex 0.975451 -4.90393 8
      vertex 18.9 -37.3255 8
      vertex 1.45142 -4.7847 8
    endloop
  endfacet
  facet normal -0 0 1
    outer loop
      vertex 0.490086 -4.97592 8
      vertex 18.9 -37.3255 8
      vertex 0.975451 -4.90393 8
    endloop
  endfacet
  facet normal -0 0 1
    outer loop
      vertex 0 -5 8
      vertex 18.9 -37.3255 8
      vertex 0.490086 -4.97592 8
    endloop
  endfacet
  facet normal 0 0 1
    outer loop
      vertex -18.9 -37.3255 8
      vertex 0 -5 8
      vertex -0.490086 -4.97592 8
    endloop
  endfacet
  facet normal 0 0 1
    outer loop
      vertex -18.9 -37.3255 8
      vertex -0.490086 -4.97592 8
      vertex -0.975451 -4.90393 8
    endloop
  endfacet
  facet normal 0 0 1
    outer loop
      vertex -18.9 -37.3255 8
      vertex -0.975451 -4.90393 8
      vertex -1.45142 -4.7847 8
    endloop
  endfacet
  facet normal 0 0 1
    outer loop
      vertex -18.9 -37.3255 8
      vertex -1.45142 -4.7847 8
      vertex -1.91342 -4.6194 8
    endloop
  endfacet
  facet normal 0 0 1
    outer loop
      vertex -18.9 -37.3255 8
      vertex -1.91342 -4.6194 8
      vertex -2.35698 -4.40961 8
    endloop
  endfacet
  facet normal 0 0 1
    outer loop
      vertex -18.9 -37.3255 8
      vertex -2.35698 -4.40961 8
      vertex -2.77785 -4.15735 8
    endloop
  endfacet
  facet normal 0 0 1
    outer loop
      vertex -18.9 -37.3255 8
      vertex -2.77785 -4.15735 8
      vertex -3.17197 -3.86505 8
    endloop
  endfacet
  facet normal 0 0 1
    outer loop
      vertex -18.9 -37.3255 8
      vertex -3.17197 -3.86505 8
      vertex -3.53553 -3.53553 8
    endloop
  endfacet
  facet normal 0 0 1
    outer loop
      vertex -18.9 -37.3255 8
      vertex -3.53553 -3.53553 8
      vertex -3.86505 -3.17197 8
    endloop
  endfacet
  facet normal 0 0 1
    outer loop
      vertex -18.9 -37.3255 8
      vertex -3.86505 -3.17197 8
      vertex -4.15735 -2.77785 8
    endloop
  endfacet
  facet normal 0 0 1
    outer loop
      vertex -18.9 -37.3255 8
      vertex -5 0 8
      vertex -18.9 37.3255 8
    endloop
  endfacet
  facet normal 0 0 1
    outer loop
      vertex -5 0 8
      vertex -18.9 -37.3255 8
      vertex -4.97592 -0.490086 8
    endloop
  endfacet
  facet normal 0 0 1
    outer loop
      vertex -4.97592 -0.490086 8
      vertex -18.9 -37.3255 8
      vertex -4.90393 -0.975451 8
    endloop
  endfacet
  facet normal 0 0 1
    outer loop
      vertex -4.90393 -0.975451 8
      vertex -18.9 -37.3255 8
      vertex -4.7847 -1.45142 8
    endloop
  endfacet
  facet normal 0 0 1
    outer loop
      vertex -4.7847 -1.45142 8
      vertex -18.9 -37.3255 8
      vertex -4.6194 -1.91342 8
    endloop
  endfacet
  facet normal 0 0 1
    outer loop
      vertex -18.9 -37.3255 8
      vertex -4.40961 -2.35698 8
      vertex -4.6194 -1.91342 8
    endloop
  endfacet
  facet normal 0 0 1
    outer loop
      vertex -18.9 -37.3255 8
      vertex -4.15735 -2.77785 8
      vertex -4.40961 -2.35698 8
    endloop
  endfacet
  facet normal 0 0 1
    outer loop
      vertex 0 -5 8
      vertex -18.9 -37.3255 8
      vertex 18.9 -37.3255 8
    endloop
  endfacet
  facet normal -0 0 1
    outer loop
      vertex -18.9 -37.3255 8
      vertex 19.4221 -37.6384 8
      vertex 18.9 -37.3255 8
    endloop
  endfacet
  facet normal 0 0 1
    outer loop
      vertex -19.4221 -37.6384 8
      vertex 19.4221 -37.6384 8
      vertex -18.9 -37.3255 8
    endloop
  endfacet
  facet normal 0 0 1
    outer loop
      vertex 19.4221 -37.6384 8
      vertex -19.4221 -37.6384 8
      vertex 21.1963 -38.4776 8
    endloop
  endfacet
  facet normal 0 0 1
    outer loop
      vertex -21.1963 -38.4776 8
      vertex 21.1963 -38.4776 8
      vertex -19.4221 -37.6384 8
    endloop
  endfacet
  facet normal 0 0 1
    outer loop
      vertex 21.1963 -38.4776 8
      vertex -21.1963 -38.4776 8
      vertex 23.0443 -39.1388 8
    endloop
  endfacet
  facet normal 0 0 1
    outer loop
      vertex -23.0443 -39.1388 8
      vertex 23.0443 -39.1388 8
      vertex -21.1963 -38.4776 8
    endloop
  endfacet
  facet normal 0 0 1
    outer loop
      vertex 23.0443 -39.1388 8
      vertex -23.0443 -39.1388 8
      vertex 24.9482 -39.6157 8
    endloop
  endfacet
  facet normal 0 0 1
    outer loop
      vertex -24.9482 -39.6157 8
      vertex 24.9482 -39.6157 8
      vertex -23.0443 -39.1388 8
    endloop
  endfacet
  facet normal 0 0 1
    outer loop
      vertex 24.9482 -39.6157 8
      vertex -24.9482 -39.6157 8
      vertex 26.8897 -39.9037 8
    endloop
  endfacet
  facet normal 0 0 1
    outer loop
      vertex -26.8897 -39.9037 8
      vertex 26.8897 -39.9037 8
      vertex -24.9482 -39.6157 8
    endloop
  endfacet
  facet normal 0 0 1
    outer loop
      vertex 26.8897 -39.9037 8
      vertex -26.8897 -39.9037 8
      vertex 28.75 -40 8
    endloop
  endfacet
  facet normal 0 0 1
    outer loop
      vertex -26.8897 -39.9037 8
      vertex -28.75 -40 8
      vertex 28.75 -40 8
    endloop
  endfacet
  facet normal 0 -0 1
    outer loop
      vertex -28.75 -40 8
      vertex -26.8897 -39.9037 8
      vertex -28.8 -39.9975 8
    endloop
  endfacet
  facet normal -0.146733 -0.989176 0
    outer loop
      vertex -32.6518 -39.6157 0
      vertex -30.7103 -39.9037 5.9
      vertex -32.6518 -39.6157 5.9
    endloop
  endfacet
  facet normal -0.146733 -0.989176 -0
    outer loop
      vertex -30.7103 -39.9037 5.9
      vertex -32.6518 -39.6157 0
      vertex -30.7103 -39.9037 0
    endloop
  endfacet
  facet normal 0.146733 -0.989176 0
    outer loop
      vertex 30.7103 -39.9037 0
      vertex 32.6518 -39.6157 5.9
      vertex 30.7103 -39.9037 5.9
    endloop
  endfacet
  facet normal 0.146733 -0.989176 0
    outer loop
      vertex 32.6518 -39.6157 5.9
      vertex 30.7103 -39.9037 0
      vertex 32.6518 -39.6157 0
    endloop
  endfacet
  facet normal -0.0490431 -0.998797 -0
    outer loop
      vertex -30.7103 -39.9037 5.9
      vertex -30.7103 -39.9037 0
      vertex -28.8 -39.9975 5.9
    endloop
  endfacet
  facet normal -0.0499376 -0.998752 0
    outer loop
      vertex -28.8 -39.9975 5.9
      vertex -28.75 -40 8
      vertex -28.8 -39.9975 8
    endloop
  endfacet
  facet normal -0.0499376 -0.998752 -9.20422e-21
    outer loop
      vertex -28.8 -39.9975 5.9
      vertex -28.75 -40 0
      vertex -28.75 -40 8
    endloop
  endfacet
  facet normal -0.049066 -0.998796 7.40519e-06
    outer loop
      vertex -28.75 -40 0
      vertex -28.8 -39.9975 5.9
      vertex -30.7103 -39.9037 0
    endloop
  endfacet
  facet normal -0.242979 -0.970032 0
    outer loop
      vertex -34.5557 -39.1388 0
      vertex -32.6518 -39.6157 5.9
      vertex -34.5557 -39.1388 5.9
    endloop
  endfacet
  facet normal -0.242979 -0.970032 -0
    outer loop
      vertex -32.6518 -39.6157 5.9
      vertex -34.5557 -39.1388 0
      vertex -32.6518 -39.6157 0
    endloop
  endfacet
  facet normal -0.336879 -0.941548 0
    outer loop
      vertex -36.4037 -38.4776 0
      vertex -34.5557 -39.1388 5.9
      vertex -36.4037 -38.4776 5.9
    endloop
  endfacet
  facet normal -0.336879 -0.941548 -0
    outer loop
      vertex -34.5557 -39.1388 5.9
      vertex -36.4037 -38.4776 0
      vertex -34.5557 -39.1388 0
    endloop
  endfacet
  facet normal 0 0 -1
    outer loop
      vertex -26.8937 -1.95633 0
      vertex -3.86505 -3.17197 0
      vertex -26.5519 -23.9519 0
    endloop
  endfacet
  facet normal 0 0 -1
    outer loop
      vertex -26.0846 0.0261378 0
      vertex -5 0 0
      vertex -26.0833 0 0
    endloop
  endfacet
  facet normal 0 0 -1
    outer loop
      vertex -3.86505 -3.17197 0
      vertex -26.8937 -1.95633 0
      vertex -4.15735 -2.77785 0
    endloop
  endfacet
  facet normal 0 0 -1
    outer loop
      vertex -5 0 0
      vertex -25.6157 25.9314 0
      vertex -25.6 26.25 0
    endloop
  endfacet
  facet normal 0 -0 -1
    outer loop
      vertex -26.8761 -1.93694 0
      vertex -4.15735 -2.77785 0
      vertex -26.8937 -1.95633 0
    endloop
  endfacet
  facet normal 0 0 -1
    outer loop
      vertex -26.0967 0.27118 0
      vertex -5 0 0
      vertex -26.0846 0.0261378 0
    endloop
  endfacet
  facet normal 0 -0 -1
    outer loop
      vertex -26.7113 -1.75515 0
      vertex -4.15735 -2.77785 0
      vertex -26.8761 -1.93694 0
    endloop
  endfacet
  facet normal 0 0 -1
    outer loop
      vertex -26.1327 0.513864 0
      vertex -5 0 0
      vertex -26.0967 0.27118 0
    endloop
  endfacet
  facet normal 0 -0 -1
    outer loop
      vertex -26.6957 -1.73413 0
      vertex -4.15735 -2.77785 0
      vertex -26.7113 -1.75515 0
    endloop
  endfacet
  facet normal 0 0 -1
    outer loop
      vertex -5 0 0
      vertex -25.6624 25.616 0
      vertex -25.6157 25.9314 0
    endloop
  endfacet
  facet normal 0 0 -1
    outer loop
      vertex -26.1365 0.53975 0
      vertex -5 0 0
      vertex -26.1327 0.513864 0
    endloop
  endfacet
  facet normal -0 0 -1
    outer loop
      vertex -5 0 0
      vertex -26.0846 -0.0261378 0
      vertex -26.0833 0 0
    endloop
  endfacet
  facet normal 0 0 -1
    outer loop
      vertex -5 0 0
      vertex -26.0967 -0.27118 0
      vertex -26.0846 -0.0261378 0
    endloop
  endfacet
  facet normal 0 0 -1
    outer loop
      vertex -4.97592 -0.490086 0
      vertex -26.0967 -0.27118 0
      vertex -5 0 0
    endloop
  endfacet
  facet normal 0 -0 -1
    outer loop
      vertex -26.0967 -0.27118 0
      vertex -4.97592 -0.490086 0
      vertex -26.1327 -0.513864 0
    endloop
  endfacet
  facet normal 0 -0 -1
    outer loop
      vertex -26.5496 -1.53708 0
      vertex -4.15735 -2.77785 0
      vertex -26.6957 -1.73413 0
    endloop
  endfacet
  facet normal 0 -0 -1
    outer loop
      vertex -26.1327 -0.513864 0
      vertex -4.97592 -0.490086 0
      vertex -26.1365 -0.53975 0
    endloop
  endfacet
  facet normal 0 0 -1
    outer loop
      vertex -4.90393 -0.975451 0
      vertex -26.1365 -0.53975 0
      vertex -4.97592 -0.490086 0
    endloop
  endfacet
  facet normal 0 -0 -1
    outer loop
      vertex -26.1365 -0.53975 0
      vertex -4.90393 -0.975451 0
      vertex -26.1961 -0.777735 0
    endloop
  endfacet
  facet normal 0 -0 -1
    outer loop
      vertex -26.1961 -0.777735 0
      vertex -4.90393 -0.975451 0
      vertex -26.2025 -0.80312 0
    endloop
  endfacet
  facet normal 0 -0 -1
    outer loop
      vertex -26.5361 -1.51463 0
      vertex -4.40961 -2.35698 0
      vertex -26.5496 -1.53708 0
    endloop
  endfacet
  facet normal 0 0 -1
    outer loop
      vertex -4.7847 -1.45142 0
      vertex -26.2025 -0.80312 0
      vertex -4.90393 -0.975451 0
    endloop
  endfacet
  facet normal 0 -0 -1
    outer loop
      vertex -26.2025 -0.80312 0
      vertex -4.7847 -1.45142 0
      vertex -26.2113 -0.82776 0
    endloop
  endfacet
  facet normal 0 -0 -1
    outer loop
      vertex -26.2113 -0.82776 0
      vertex -4.7847 -1.45142 0
      vertex -26.2939 -1.05876 0
    endloop
  endfacet
  facet normal 0 0 -1
    outer loop
      vertex -4.6194 -1.91342 0
      vertex -26.2939 -1.05876 0
      vertex -4.7847 -1.45142 0
    endloop
  endfacet
  facet normal 0 0 -1
    outer loop
      vertex -4.40961 -2.35698 0
      vertex -26.41 -1.3042 0
      vertex -4.6194 -1.91342 0
    endloop
  endfacet
  facet normal 0 -0 -1
    outer loop
      vertex -26.2939 -1.05876 0
      vertex -4.6194 -1.91342 0
      vertex -26.3988 -1.28054 0
    endloop
  endfacet
  facet normal 0 -0 -1
    outer loop
      vertex -26.3988 -1.28054 0
      vertex -4.6194 -1.91342 0
      vertex -26.41 -1.3042 0
    endloop
  endfacet
  facet normal 0 0 -1
    outer loop
      vertex -26.8937 -1.95633 0
      vertex -26.5519 -23.9519 0
      vertex -26.7882 -23.7377 0
    endloop
  endfacet
  facet normal 0 -0 -1
    outer loop
      vertex -26.41 -1.3042 0
      vertex -4.40961 -2.35698 0
      vertex -26.5361 -1.51463 0
    endloop
  endfacet
  facet normal 0 0 -1
    outer loop
      vertex -4.15735 -2.77785 0
      vertex -26.5496 -1.53708 0
      vertex -4.40961 -2.35698 0
    endloop
  endfacet
  facet normal 0 0 -1
    outer loop
      vertex -26.7882 -23.7377 0
      vertex -26.9131 -1.9739 0
      vertex -26.8937 -1.95633 0
    endloop
  endfacet
  facet normal 0 0 -1
    outer loop
      vertex -27.0948 -2.13866 0
      vertex -26.7882 -23.7377 0
      vertex -27.0444 -23.5477 0
    endloop
  endfacet
  facet normal 0 0 -1
    outer loop
      vertex -26.7882 -23.7377 0
      vertex -27.0948 -2.13866 0
      vertex -26.9131 -1.9739 0
    endloop
  endfacet
  facet normal 0 0 -1
    outer loop
      vertex -27.0444 -23.5477 0
      vertex -27.2919 -2.28481 0
      vertex -27.0948 -2.13866 0
    endloop
  endfacet
  facet normal 0 0 -1
    outer loop
      vertex -27.0444 -23.5477 0
      vertex -27.3129 -2.3004 0
      vertex -27.2919 -2.28481 0
    endloop
  endfacet
  facet normal 0 0 -1
    outer loop
      vertex -27.318 -23.3838 0
      vertex -27.3129 -2.3004 0
      vertex -27.0444 -23.5477 0
    endloop
  endfacet
  facet normal 0 0 -1
    outer loop
      vertex -27.318 -23.3838 0
      vertex -27.3354 -2.31385 0
      vertex -27.3129 -2.3004 0
    endloop
  endfacet
  facet normal 0 0 -1
    outer loop
      vertex -27.318 -23.3838 0
      vertex -27.5458 -2.43998 0
      vertex -27.3354 -2.31385 0
    endloop
  endfacet
  facet normal 0 0 -1
    outer loop
      vertex -27.6063 -23.2474 0
      vertex -27.5458 -2.43998 0
      vertex -27.318 -23.3838 0
    endloop
  endfacet
  facet normal 0 0 -1
    outer loop
      vertex -27.6063 -23.2474 0
      vertex -27.7676 -2.54488 0
      vertex -27.5458 -2.43998 0
    endloop
  endfacet
  facet normal 0 0 -1
    outer loop
      vertex -27.6063 -23.2474 0
      vertex -27.7912 -2.55607 0
      vertex -27.7676 -2.54488 0
    endloop
  endfacet
  facet normal 0 0 -1
    outer loop
      vertex -27.9066 -23.1399 0
      vertex -27.7912 -2.55607 0
      vertex -27.6063 -23.2474 0
    endloop
  endfacet
  facet normal 0 0 -1
    outer loop
      vertex -27.9066 -23.1399 0
      vertex -28.0222 -2.63872 0
      vertex -27.7912 -2.55607 0
    endloop
  endfacet
  facet normal 0 0 -1
    outer loop
      vertex -27.9066 -23.1399 0
      vertex -28.0469 -2.64753 0
      vertex -28.0222 -2.63872 0
    endloop
  endfacet
  facet normal 0 0 -1
    outer loop
      vertex -27.9066 -23.1399 0
      vertex -28.0723 -2.65389 0
      vertex -28.0469 -2.64753 0
    endloop
  endfacet
  facet normal 0 0 -1
    outer loop
      vertex -28.216 -23.0624 0
      vertex -28.0723 -2.65389 0
      vertex -27.9066 -23.1399 0
    endloop
  endfacet
  facet normal 0 0 -1
    outer loop
      vertex -28.216 -23.0624 0
      vertex -28.3102 -2.71351 0
      vertex -28.0723 -2.65389 0
    endloop
  endfacet
  facet normal 0 0 -1
    outer loop
      vertex -28.5314 -23.0156 0
      vertex -28.3102 -2.71351 0
      vertex -28.216 -23.0624 0
    endloop
  endfacet
  facet normal 0 0 -1
    outer loop
      vertex -28.5314 -23.0156 0
      vertex -28.5529 -2.7495 0
      vertex -28.3102 -2.71351 0
    endloop
  endfacet
  facet normal 0 0 -1
    outer loop
      vertex -28.5314 -23.0156 0
      vertex -28.5788 -2.75334 0
      vertex -28.5529 -2.7495 0
    endloop
  endfacet
  facet normal 0 0 -1
    outer loop
      vertex -28.5314 -23.0156 0
      vertex -28.605 -2.75463 0
      vertex -28.5788 -2.75334 0
    endloop
  endfacet
  facet normal 0 0 -1
    outer loop
      vertex -28.5314 -23.0156 0
      vertex -28.85 -2.76667 0
      vertex -28.605 -2.75463 0
    endloop
  endfacet
  facet normal 0 0 -1
    outer loop
      vertex -28.85 -23 0
      vertex -28.85 -2.76667 0
      vertex -28.5314 -23.0156 0
    endloop
  endfacet
  facet normal 0 0 -1
    outer loop
      vertex -28.85 -23 0
      vertex -29.095 -2.75463 0
      vertex -28.85 -2.76667 0
    endloop
  endfacet
  facet normal 0 0 -1
    outer loop
      vertex -28.85 -23 0
      vertex -29.1212 -2.75334 0
      vertex -29.095 -2.75463 0
    endloop
  endfacet
  facet normal 0 0 -1
    outer loop
      vertex -29.1686 -23.0156 0
      vertex -29.1212 -2.75334 0
      vertex -28.85 -23 0
    endloop
  endfacet
  facet normal -0 0 -1
    outer loop
      vertex -29.1212 -2.75334 0
      vertex -29.1686 -23.0156 0
      vertex -29.1471 -2.7495 0
    endloop
  endfacet
  facet normal 0 0 -1
    outer loop
      vertex -29.1686 -23.0156 0
      vertex -29.3897 -2.71351 0
      vertex -29.1471 -2.7495 0
    endloop
  endfacet
  facet normal 0 0 -1
    outer loop
      vertex -29.484 -23.0624 0
      vertex -29.3897 -2.71351 0
      vertex -29.1686 -23.0156 0
    endloop
  endfacet
  facet normal 0 0 -1
    outer loop
      vertex -29.484 -23.0624 0
      vertex -29.6277 -2.65389 0
      vertex -29.3897 -2.71351 0
    endloop
  endfacet
  facet normal 0 0 -1
    outer loop
      vertex -29.484 -23.0624 0
      vertex -29.6531 -2.64753 0
      vertex -29.6277 -2.65389 0
    endloop
  endfacet
  facet normal 0 0 -1
    outer loop
      vertex -29.7934 -23.1399 0
      vertex -29.6531 -2.64753 0
      vertex -29.484 -23.0624 0
    endloop
  endfacet
  facet normal -0 0 -1
    outer loop
      vertex -29.6531 -2.64753 0
      vertex -29.7934 -23.1399 0
      vertex -29.6778 -2.63872 0
    endloop
  endfacet
  facet normal 0 0 -1
    outer loop
      vertex -29.7934 -23.1399 0
      vertex -29.9088 -2.55607 0
      vertex -29.6778 -2.63872 0
    endloop
  endfacet
  facet normal 0 0 -1
    outer loop
      vertex -30.0937 -23.2474 0
      vertex -29.9088 -2.55607 0
      vertex -29.7934 -23.1399 0
    endloop
  endfacet
  facet normal -0 0 -1
    outer loop
      vertex -29.9088 -2.55607 0
      vertex -30.0937 -23.2474 0
      vertex -29.9324 -2.54488 0
    endloop
  endfacet
  facet normal 0 0 -1
    outer loop
      vertex -30.0937 -23.2474 0
      vertex -30.1542 -2.43998 0
      vertex -29.9324 -2.54488 0
    endloop
  endfacet
  facet normal 0 0 -1
    outer loop
      vertex -30.382 -23.3838 0
      vertex -30.1542 -2.43998 0
      vertex -30.0937 -23.2474 0
    endloop
  endfacet
  facet normal -0 0 -1
    outer loop
      vertex -30.1542 -2.43998 0
      vertex -30.382 -23.3838 0
      vertex -30.3646 -2.31385 0
    endloop
  endfacet
  facet normal 0 0 -1
    outer loop
      vertex -30.382 -23.3838 0
      vertex -30.3871 -2.3004 0
      vertex -30.3646 -2.31385 0
    endloop
  endfacet
  facet normal 0 0 -1
    outer loop
      vertex -30.6556 -23.5477 0
      vertex -30.3871 -2.3004 0
      vertex -30.382 -23.3838 0
    endloop
  endfacet
  facet normal -0 0 -1
    outer loop
      vertex -30.3871 -2.3004 0
      vertex -30.6556 -23.5477 0
      vertex -30.4081 -2.28481 0
    endloop
  endfacet
  facet normal -0 0 -1
    outer loop
      vertex -30.4081 -2.28481 0
      vertex -30.6556 -23.5477 0
      vertex -30.6052 -2.13866 0
    endloop
  endfacet
  facet normal 0 0 -1
    outer loop
      vertex -30.9118 -23.7377 0
      vertex -30.6052 -2.13866 0
      vertex -30.6556 -23.5477 0
    endloop
  endfacet
  facet normal -0 0 -1
    outer loop
      vertex -30.6052 -2.13866 0
      vertex -30.9118 -23.7377 0
      vertex -30.7869 -1.9739 0
    endloop
  endfacet
  facet normal -0 0 -1
    outer loop
      vertex -30.7869 -1.9739 0
      vertex -30.9118 -23.7377 0
      vertex -30.8063 -1.95633 0
    endloop
  endfacet
  facet normal 0 0 -1
    outer loop
      vertex -31.1481 -23.9519 0
      vertex -30.8063 -1.95633 0
      vertex -30.9118 -23.7377 0
    endloop
  endfacet
  facet normal -0 0 -1
    outer loop
      vertex -30.8063 -1.95633 0
      vertex -31.1481 -23.9519 0
      vertex -30.8239 -1.93694 0
    endloop
  endfacet
  facet normal -0 0 -1
    outer loop
      vertex -30.8239 -1.93694 0
      vertex -31.1481 -23.9519 0
      vertex -30.9887 -1.75515 0
    endloop
  endfacet
  facet normal 0 0 -1
    outer loop
      vertex -31.3623 -24.1882 0
      vertex -30.9887 -1.75515 0
      vertex -31.1481 -23.9519 0
    endloop
  endfacet
  facet normal -0 0 -1
    outer loop
      vertex -30.9887 -1.75515 0
      vertex -31.3623 -24.1882 0
      vertex -31.0043 -1.73413 0
    endloop
  endfacet
  facet normal -0 0 -1
    outer loop
      vertex -31.0043 -1.73413 0
      vertex -31.3623 -24.1882 0
      vertex -31.1504 -1.53708 0
    endloop
  endfacet
  facet normal 0 0 -1
    outer loop
      vertex -31.5523 -24.4444 0
      vertex -31.1504 -1.53708 0
      vertex -31.3623 -24.1882 0
    endloop
  endfacet
  facet normal -0 0 -1
    outer loop
      vertex -31.1504 -1.53708 0
      vertex -31.5523 -24.4444 0
      vertex -31.2765 -1.32664 0
    endloop
  endfacet
  facet normal -0 0 -1
    outer loop
      vertex -31.2765 -1.32664 0
      vertex -31.5523 -24.4444 0
      vertex -31.29 -1.3042 0
    endloop
  endfacet
  facet normal 0 0 -1
    outer loop
      vertex -31.7162 -24.718 0
      vertex -31.29 -1.3042 0
      vertex -31.5523 -24.4444 0
    endloop
  endfacet
  facet normal -0 0 -1
    outer loop
      vertex -31.29 -1.3042 0
      vertex -31.7162 -24.718 0
      vertex -31.3012 -1.28054 0
    endloop
  endfacet
  facet normal -0 0 -1
    outer loop
      vertex -31.3012 -1.28054 0
      vertex -31.7162 -24.718 0
      vertex -31.4061 -1.05876 0
    endloop
  endfacet
  facet normal 0 0 -1
    outer loop
      vertex -31.8526 -25.0063 0
      vertex -31.4061 -1.05876 0
      vertex -31.7162 -24.718 0
    endloop
  endfacet
  facet normal -0 0 -1
    outer loop
      vertex -31.4061 -1.05876 0
      vertex -31.8526 -25.0063 0
      vertex -31.4149 -1.03412 0
    endloop
  endfacet
  facet normal -0 0 -1
    outer loop
      vertex -31.4149 -1.03412 0
      vertex -31.8526 -25.0063 0
      vertex -31.4975 -0.80312 0
    endloop
  endfacet
  facet normal 0 0 -1
    outer loop
      vertex -38.75 -37.2955 0
      vertex -31.4975 -0.80312 0
      vertex -31.8526 -25.0063 0
    endloop
  endfacet
  facet normal -0 0 -1
    outer loop
      vertex -31.4975 -0.80312 0
      vertex -38.75 -37.2955 0
      vertex -31.5571 -0.565135 0
    endloop
  endfacet
  facet normal -0 0 -1
    outer loop
      vertex -31.5571 -0.565135 0
      vertex -38.75 -37.2955 0
      vertex -31.5635 -0.53975 0
    endloop
  endfacet
  facet normal -0 0 -1
    outer loop
      vertex -31.5635 -0.53975 0
      vertex -38.75 -37.2955 0
      vertex -31.5995 -0.297067 0
    endloop
  endfacet
  facet normal -0 0 -1
    outer loop
      vertex -31.5995 -0.297067 0
      vertex -38.75 -37.2955 0
      vertex -31.6033 -0.27118 0
    endloop
  endfacet
  facet normal 0 0 -1
    outer loop
      vertex -26.1961 0.777735 0
      vertex -5 0 0
      vertex -26.1365 0.53975 0
    endloop
  endfacet
  facet normal 0 0 -1
    outer loop
      vertex -5 0 0
      vertex -25.7399 25.3066 0
      vertex -25.6624 25.616 0
    endloop
  endfacet
  facet normal 0 0 -1
    outer loop
      vertex -26.2025 0.80312 0
      vertex -5 0 0
      vertex -26.1961 0.777735 0
    endloop
  endfacet
  facet normal 0 0 -1
    outer loop
      vertex -26.2113 0.82776 0
      vertex -5 0 0
      vertex -26.2025 0.80312 0
    endloop
  endfacet
  facet normal 0 0 -1
    outer loop
      vertex -5 0 0
      vertex -25.8474 25.0063 0
      vertex -25.7399 25.3066 0
    endloop
  endfacet
  facet normal 0 0 -1
    outer loop
      vertex -26.2939 1.05876 0
      vertex -5 0 0
      vertex -26.2113 0.82776 0
    endloop
  endfacet
  facet normal 0 0 -1
    outer loop
      vertex -26.3988 1.28054 0
      vertex -5 0 0
      vertex -26.2939 1.05876 0
    endloop
  endfacet
  facet normal 0 0 -1
    outer loop
      vertex -5 0 0
      vertex -25.9838 24.718 0
      vertex -25.8474 25.0063 0
    endloop
  endfacet
  facet normal 0 0 -1
    outer loop
      vertex -26.41 1.3042 0
      vertex -5 0 0
      vertex -26.3988 1.28054 0
    endloop
  endfacet
  facet normal 0 0 -1
    outer loop
      vertex -26.5361 1.51463 0
      vertex -5 0 0
      vertex -26.41 1.3042 0
    endloop
  endfacet
  facet normal 0 0 -1
    outer loop
      vertex -5 0 0
      vertex -26.1477 24.4444 0
      vertex -25.9838 24.718 0
    endloop
  endfacet
  facet normal 0 0 -1
    outer loop
      vertex -26.5496 1.53708 0
      vertex -5 0 0
      vertex -26.5361 1.51463 0
    endloop
  endfacet
  facet normal 0 0 -1
    outer loop
      vertex -26.6957 1.73413 0
      vertex -5 0 0
      vertex -26.5496 1.53708 0
    endloop
  endfacet
  facet normal 0 0 -1
    outer loop
      vertex -5 0 0
      vertex -26.3377 24.1882 0
      vertex -26.1477 24.4444 0
    endloop
  endfacet
  facet normal 0 0 -1
    outer loop
      vertex -26.7113 1.75515 0
      vertex -5 0 0
      vertex -26.6957 1.73413 0
    endloop
  endfacet
  facet normal 0 -0 -1
    outer loop
      vertex -26.5519 23.9519 0
      vertex -5 0 0
      vertex -26.7113 1.75515 0
    endloop
  endfacet
  facet normal 0 0 -1
    outer loop
      vertex -5 0 0
      vertex -26.5519 23.9519 0
      vertex -26.3377 24.1882 0
    endloop
  endfacet
  facet normal 0 0 -1
    outer loop
      vertex -26.8761 1.93694 0
      vertex -26.5519 23.9519 0
      vertex -26.7113 1.75515 0
    endloop
  endfacet
  facet normal 0 0 -1
    outer loop
      vertex -26.8937 1.95633 0
      vertex -26.5519 23.9519 0
      vertex -26.8761 1.93694 0
    endloop
  endfacet
  facet normal 0 0 -1
    outer loop
      vertex -26.5519 23.9519 0
      vertex -26.8937 1.95633 0
      vertex -26.7882 23.7377 0
    endloop
  endfacet
  facet normal 0 0 -1
    outer loop
      vertex -26.9131 1.9739 0
      vertex -26.7882 23.7377 0
      vertex -26.8937 1.95633 0
    endloop
  endfacet
  facet normal 0 0 -1
    outer loop
      vertex -27.0948 2.13866 0
      vertex -26.7882 23.7377 0
      vertex -26.9131 1.9739 0
    endloop
  endfacet
  facet normal 0 0 -1
    outer loop
      vertex -26.7882 23.7377 0
      vertex -27.0948 2.13866 0
      vertex -27.0444 23.5477 0
    endloop
  endfacet
  facet normal 0 0 -1
    outer loop
      vertex -27.2919 2.28481 0
      vertex -27.0444 23.5477 0
      vertex -27.0948 2.13866 0
    endloop
  endfacet
  facet normal 0 0 -1
    outer loop
      vertex -27.3129 2.3004 0
      vertex -27.0444 23.5477 0
      vertex -27.2919 2.28481 0
    endloop
  endfacet
  facet normal 0 0 -1
    outer loop
      vertex -27.3129 2.3004 0
      vertex -27.318 23.3838 0
      vertex -27.0444 23.5477 0
    endloop
  endfacet
  facet normal 0 0 -1
    outer loop
      vertex -27.3354 2.31385 0
      vertex -27.318 23.3838 0
      vertex -27.3129 2.3004 0
    endloop
  endfacet
  facet normal 0 0 -1
    outer loop
      vertex -27.5458 2.43998 0
      vertex -27.318 23.3838 0
      vertex -27.3354 2.31385 0
    endloop
  endfacet
  facet normal 0 0 -1
    outer loop
      vertex -27.5458 2.43998 0
      vertex -27.6063 23.2474 0
      vertex -27.318 23.3838 0
    endloop
  endfacet
  facet normal 0 0 -1
    outer loop
      vertex -27.7676 2.54488 0
      vertex -27.6063 23.2474 0
      vertex -27.5458 2.43998 0
    endloop
  endfacet
  facet normal 0 0 -1
    outer loop
      vertex -27.7912 2.55607 0
      vertex -27.6063 23.2474 0
      vertex -27.7676 2.54488 0
    endloop
  endfacet
  facet normal 0 0 -1
    outer loop
      vertex -27.7912 2.55607 0
      vertex -27.9066 23.1399 0
      vertex -27.6063 23.2474 0
    endloop
  endfacet
  facet normal 0 0 -1
    outer loop
      vertex -28.0222 2.63872 0
      vertex -27.9066 23.1399 0
      vertex -27.7912 2.55607 0
    endloop
  endfacet
  facet normal 0 0 -1
    outer loop
      vertex -28.0469 2.64753 0
      vertex -27.9066 23.1399 0
      vertex -28.0222 2.63872 0
    endloop
  endfacet
  facet normal 0 0 -1
    outer loop
      vertex -28.0723 2.65389 0
      vertex -27.9066 23.1399 0
      vertex -28.0469 2.64753 0
    endloop
  endfacet
  facet normal 0 0 -1
    outer loop
      vertex -28.0723 2.65389 0
      vertex -28.216 23.0624 0
      vertex -27.9066 23.1399 0
    endloop
  endfacet
  facet normal 0 0 -1
    outer loop
      vertex -28.3102 2.71351 0
      vertex -28.216 23.0624 0
      vertex -28.0723 2.65389 0
    endloop
  endfacet
  facet normal 0 0 -1
    outer loop
      vertex -28.3102 2.71351 0
      vertex -28.5314 23.0156 0
      vertex -28.216 23.0624 0
    endloop
  endfacet
  facet normal 0 0 -1
    outer loop
      vertex -28.5529 2.7495 0
      vertex -28.5314 23.0156 0
      vertex -28.3102 2.71351 0
    endloop
  endfacet
  facet normal 0 0 -1
    outer loop
      vertex -28.5788 2.75334 0
      vertex -28.5314 23.0156 0
      vertex -28.5529 2.7495 0
    endloop
  endfacet
  facet normal 0 0 -1
    outer loop
      vertex -28.605 2.75463 0
      vertex -28.5314 23.0156 0
      vertex -28.5788 2.75334 0
    endloop
  endfacet
  facet normal 0 0 -1
    outer loop
      vertex -28.85 2.76667 0
      vertex -28.5314 23.0156 0
      vertex -28.605 2.75463 0
    endloop
  endfacet
  facet normal 0 0 -1
    outer loop
      vertex -28.85 2.76667 0
      vertex -28.85 23 0
      vertex -28.5314 23.0156 0
    endloop
  endfacet
  facet normal 0 0 -1
    outer loop
      vertex -29.095 2.75463 0
      vertex -28.85 23 0
      vertex -28.85 2.76667 0
    endloop
  endfacet
  facet normal 0 0 -1
    outer loop
      vertex -29.1212 2.75334 0
      vertex -28.85 23 0
      vertex -29.095 2.75463 0
    endloop
  endfacet
  facet normal 0 0 -1
    outer loop
      vertex -29.1686 23.0156 0
      vertex -29.1212 2.75334 0
      vertex -29.1471 2.7495 0
    endloop
  endfacet
  facet normal 0 0 -1
    outer loop
      vertex -29.1212 2.75334 0
      vertex -29.1686 23.0156 0
      vertex -28.85 23 0
    endloop
  endfacet
  facet normal 0 0 -1
    outer loop
      vertex -29.3897 2.71351 0
      vertex -29.1686 23.0156 0
      vertex -29.1471 2.7495 0
    endloop
  endfacet
  facet normal 0 0 -1
    outer loop
      vertex -29.3897 2.71351 0
      vertex -29.484 23.0624 0
      vertex -29.1686 23.0156 0
    endloop
  endfacet
  facet normal 0 0 -1
    outer loop
      vertex -29.6277 2.65389 0
      vertex -29.484 23.0624 0
      vertex -29.3897 2.71351 0
    endloop
  endfacet
  facet normal 0 0 -1
    outer loop
      vertex -29.6531 2.64753 0
      vertex -29.484 23.0624 0
      vertex -29.6277 2.65389 0
    endloop
  endfacet
  facet normal 0 0 -1
    outer loop
      vertex -29.7934 23.1399 0
      vertex -29.6531 2.64753 0
      vertex -29.6778 2.63872 0
    endloop
  endfacet
  facet normal 0 0 -1
    outer loop
      vertex -29.6531 2.64753 0
      vertex -29.7934 23.1399 0
      vertex -29.484 23.0624 0
    endloop
  endfacet
  facet normal 0 0 -1
    outer loop
      vertex -29.9088 2.55607 0
      vertex -29.7934 23.1399 0
      vertex -29.6778 2.63872 0
    endloop
  endfacet
  facet normal 0 0 -1
    outer loop
      vertex -30.0937 23.2474 0
      vertex -29.9088 2.55607 0
      vertex -29.9324 2.54488 0
    endloop
  endfacet
  facet normal 0 0 -1
    outer loop
      vertex -29.9088 2.55607 0
      vertex -30.0937 23.2474 0
      vertex -29.7934 23.1399 0
    endloop
  endfacet
  facet normal 0 0 -1
    outer loop
      vertex -30.1542 2.43998 0
      vertex -30.0937 23.2474 0
      vertex -29.9324 2.54488 0
    endloop
  endfacet
  facet normal 0 0 -1
    outer loop
      vertex -30.382 23.3838 0
      vertex -30.1542 2.43998 0
      vertex -30.3646 2.31385 0
    endloop
  endfacet
  facet normal 0 0 -1
    outer loop
      vertex -30.1542 2.43998 0
      vertex -30.382 23.3838 0
      vertex -30.0937 23.2474 0
    endloop
  endfacet
  facet normal 0 0 -1
    outer loop
      vertex -30.3871 2.3004 0
      vertex -30.382 23.3838 0
      vertex -30.3646 2.31385 0
    endloop
  endfacet
  facet normal 0 0 -1
    outer loop
      vertex -30.6556 23.5477 0
      vertex -30.3871 2.3004 0
      vertex -30.4081 2.28481 0
    endloop
  endfacet
  facet normal 0 0 -1
    outer loop
      vertex -30.6556 23.5477 0
      vertex -30.4081 2.28481 0
      vertex -30.6052 2.13866 0
    endloop
  endfacet
  facet normal 0 0 -1
    outer loop
      vertex -30.3871 2.3004 0
      vertex -30.6556 23.5477 0
      vertex -30.382 23.3838 0
    endloop
  endfacet
  facet normal 0 0 -1
    outer loop
      vertex -30.9118 23.7377 0
      vertex -30.6052 2.13866 0
      vertex -30.7869 1.9739 0
    endloop
  endfacet
  facet normal 0 0 -1
    outer loop
      vertex -30.9118 23.7377 0
      vertex -30.7869 1.9739 0
      vertex -30.8063 1.95633 0
    endloop
  endfacet
  facet normal 0 0 -1
    outer loop
      vertex -31.1481 23.9519 0
      vertex -30.8063 1.95633 0
      vertex -30.8239 1.93694 0
    endloop
  endfacet
  facet normal 0 0 -1
    outer loop
      vertex -30.6052 2.13866 0
      vertex -30.9118 23.7377 0
      vertex -30.6556 23.5477 0
    endloop
  endfacet
  facet normal 0 0 -1
    outer loop
      vertex -31.1481 23.9519 0
      vertex -30.8239 1.93694 0
      vertex -30.9887 1.75515 0
    endloop
  endfacet
  facet normal 0 0 -1
    outer loop
      vertex -31.3623 24.1882 0
      vertex -30.9887 1.75515 0
      vertex -31.0043 1.73413 0
    endloop
  endfacet
  facet normal 0 0 -1
    outer loop
      vertex -30.8063 1.95633 0
      vertex -31.1481 23.9519 0
      vertex -30.9118 23.7377 0
    endloop
  endfacet
  facet normal 0 0 -1
    outer loop
      vertex -31.3623 24.1882 0
      vertex -31.0043 1.73413 0
      vertex -31.1504 1.53708 0
    endloop
  endfacet
  facet normal 0 0 -1
    outer loop
      vertex -31.5523 24.4444 0
      vertex -31.1504 1.53708 0
      vertex -31.2765 1.32664 0
    endloop
  endfacet
  facet normal 0 0 -1
    outer loop
      vertex -31.5523 24.4444 0
      vertex -31.2765 1.32664 0
      vertex -31.29 1.3042 0
    endloop
  endfacet
  facet normal 0 0 -1
    outer loop
      vertex -31.7162 24.718 0
      vertex -31.29 1.3042 0
      vertex -31.3012 1.28054 0
    endloop
  endfacet
  facet normal 0 0 -1
    outer loop
      vertex -30.9887 1.75515 0
      vertex -31.3623 24.1882 0
      vertex -31.1481 23.9519 0
    endloop
  endfacet
  facet normal 0 0 -1
    outer loop
      vertex -31.7162 24.718 0
      vertex -31.3012 1.28054 0
      vertex -31.4061 1.05876 0
    endloop
  endfacet
  facet normal 0 0 -1
    outer loop
      vertex -31.8526 25.0063 0
      vertex -31.4061 1.05876 0
      vertex -31.4149 1.03412 0
    endloop
  endfacet
  facet normal 0 0 -1
    outer loop
      vertex -31.8526 25.0063 0
      vertex -31.4149 1.03412 0
      vertex -31.4975 0.80312 0
    endloop
  endfacet
  facet normal 0 0 -1
    outer loop
      vertex -31.1504 1.53708 0
      vertex -31.5523 24.4444 0
      vertex -31.3623 24.1882 0
    endloop
  endfacet
  facet normal 0 0 -1
    outer loop
      vertex -38.75 37.2955 0
      vertex -31.4975 0.80312 0
      vertex -31.5571 0.565135 0
    endloop
  endfacet
  facet normal 0 0 -1
    outer loop
      vertex -38.75 37.2955 0
      vertex -31.5571 0.565135 0
      vertex -31.5635 0.53975 0
    endloop
  endfacet
  facet normal 0 0 -1
    outer loop
      vertex -38.75 37.2955 0
      vertex -31.5635 0.53975 0
      vertex -31.5995 0.297067 0
    endloop
  endfacet
  facet normal 0 0 -1
    outer loop
      vertex -38.75 37.2955 0
      vertex -31.5995 0.297067 0
      vertex -31.6033 0.27118 0
    endloop
  endfacet
  facet normal 0 0 -1
    outer loop
      vertex -38.75 37.2955 0
      vertex -31.6033 0.27118 0
      vertex -31.6046 0.245043 0
    endloop
  endfacet
  facet normal 0 0 -1
    outer loop
      vertex -38.75 37.2955 0
      vertex -31.6046 0.245043 0
      vertex -31.6167 0 0
    endloop
  endfacet
  facet normal -0 0 -1
    outer loop
      vertex -31.6033 -0.27118 0
      vertex -38.75 -37.2955 0
      vertex -31.6046 -0.245043 0
    endloop
  endfacet
  facet normal 0 0 -1
    outer loop
      vertex -31.29 1.3042 0
      vertex -31.7162 24.718 0
      vertex -31.5523 24.4444 0
    endloop
  endfacet
  facet normal -0 0 -1
    outer loop
      vertex -31.6046 -0.245043 0
      vertex -38.75 -37.2955 0
      vertex -31.6167 0 0
    endloop
  endfacet
  facet normal 0 0 -1
    outer loop
      vertex -31.4061 1.05876 0
      vertex -31.8526 25.0063 0
      vertex -31.7162 24.718 0
    endloop
  endfacet
  facet normal 0 0 -1
    outer loop
      vertex -38.75 -37.2955 0
      vertex -31.8526 -25.0063 0
      vertex -31.9601 -25.3066 0
    endloop
  endfacet
  facet normal 0 0 -1
    outer loop
      vertex -38.75 37.2955 0
      vertex -31.6167 0 0
      vertex -38.75 -37.2955 0
    endloop
  endfacet
  facet normal 0 0 -1
    outer loop
      vertex -38.75 -37.2955 0
      vertex -31.9601 -25.3066 0
      vertex -32.0376 -25.616 0
    endloop
  endfacet
  facet normal 0 0 -1
    outer loop
      vertex -31.4975 0.80312 0
      vertex -38.75 37.2955 0
      vertex -31.8526 25.0063 0
    endloop
  endfacet
  facet normal 0 0 -1
    outer loop
      vertex -38.75 -37.2955 0
      vertex -32.0376 -25.616 0
      vertex -32.0844 -25.9314 0
    endloop
  endfacet
  facet normal 0 0 -1
    outer loop
      vertex -31.8526 25.0063 0
      vertex -38.75 37.2955 0
      vertex -31.9601 25.3066 0
    endloop
  endfacet
  facet normal 0 0 -1
    outer loop
      vertex -38.75 -37.2955 0
      vertex -32.0844 -25.9314 0
      vertex -32.1 -26.25 0
    endloop
  endfacet
  facet normal 0 0 -1
    outer loop
      vertex -31.9601 25.3066 0
      vertex -38.75 37.2955 0
      vertex -32.0376 25.616 0
    endloop
  endfacet
  facet normal 0 -0 -1
    outer loop
      vertex 31.6046 -0.245043 0
      vertex 38.75 -37.2955 0
      vertex 31.6033 -0.27118 0
    endloop
  endfacet
  facet normal 0 0 -1
    outer loop
      vertex 31.6046 0.245043 0
      vertex 38.75 37.2955 0
      vertex 31.6167 0 0
    endloop
  endfacet
  facet normal 0 0 -1
    outer loop
      vertex 31.6033 -0.27118 0
      vertex 32.0844 -25.9314 0
      vertex 32.0376 -25.616 0
    endloop
  endfacet
  facet normal 0 0 -1
    outer loop
      vertex 38.75 37.2955 0
      vertex 32.0844 25.9314 0
      vertex 32.1 26.25 0
    endloop
  endfacet
  facet normal 0 0 -1
    outer loop
      vertex 31.5635 -0.53975 0
      vertex 32.0376 -25.616 0
      vertex 31.9601 -25.3066 0
    endloop
  endfacet
  facet normal 0 0 -1
    outer loop
      vertex 31.6033 0.27118 0
      vertex 38.75 37.2955 0
      vertex 31.6046 0.245043 0
    endloop
  endfacet
  facet normal 0 0 -1
    outer loop
      vertex 31.4975 -0.80312 0
      vertex 31.9601 -25.3066 0
      vertex 31.8526 -25.0063 0
    endloop
  endfacet
  facet normal 0 0 -1
    outer loop
      vertex 31.5995 0.297067 0
      vertex 38.75 37.2955 0
      vertex 31.6033 0.27118 0
    endloop
  endfacet
  facet normal 0 0 -1
    outer loop
      vertex 31.4061 -1.05876 0
      vertex 31.8526 -25.0063 0
      vertex 31.7162 -24.718 0
    endloop
  endfacet
  facet normal 0 0 -1
    outer loop
      vertex 38.75 37.2955 0
      vertex 32.0376 25.616 0
      vertex 32.0844 25.9314 0
    endloop
  endfacet
  facet normal 0 0 -1
    outer loop
      vertex 31.5635 0.53975 0
      vertex 38.75 37.2955 0
      vertex 31.5995 0.297067 0
    endloop
  endfacet
  facet normal 0 0 -1
    outer loop
      vertex 38.75 -37.2955 0
      vertex 31.6167 0 0
      vertex 38.75 37.2955 0
    endloop
  endfacet
  facet normal 0 -0 -1
    outer loop
      vertex 31.6167 0 0
      vertex 38.75 -37.2955 0
      vertex 31.6046 -0.245043 0
    endloop
  endfacet
  facet normal 0 0 -1
    outer loop
      vertex 32.0376 -25.616 0
      vertex 31.5995 -0.297067 0
      vertex 31.6033 -0.27118 0
    endloop
  endfacet
  facet normal 0 0 -1
    outer loop
      vertex 32.0376 -25.616 0
      vertex 31.5635 -0.53975 0
      vertex 31.5995 -0.297067 0
    endloop
  endfacet
  facet normal 0 0 -1
    outer loop
      vertex 31.9601 -25.3066 0
      vertex 31.5571 -0.565135 0
      vertex 31.5635 -0.53975 0
    endloop
  endfacet
  facet normal 0 0 -1
    outer loop
      vertex 31.29 -1.3042 0
      vertex 31.7162 -24.718 0
      vertex 31.5523 -24.4444 0
    endloop
  endfacet
  facet normal 0 0 -1
    outer loop
      vertex 31.9601 -25.3066 0
      vertex 31.4975 -0.80312 0
      vertex 31.5571 -0.565135 0
    endloop
  endfacet
  facet normal 0 0 -1
    outer loop
      vertex 31.8526 -25.0063 0
      vertex 31.4149 -1.03412 0
      vertex 31.4975 -0.80312 0
    endloop
  endfacet
  facet normal 0 0 -1
    outer loop
      vertex 31.8526 -25.0063 0
      vertex 31.4061 -1.05876 0
      vertex 31.4149 -1.03412 0
    endloop
  endfacet
  facet normal 0 0 -1
    outer loop
      vertex 31.1504 -1.53708 0
      vertex 31.5523 -24.4444 0
      vertex 31.3623 -24.1882 0
    endloop
  endfacet
  facet normal 0 0 -1
    outer loop
      vertex 31.7162 -24.718 0
      vertex 31.3012 -1.28054 0
      vertex 31.4061 -1.05876 0
    endloop
  endfacet
  facet normal 0 0 -1
    outer loop
      vertex 31.7162 -24.718 0
      vertex 31.29 -1.3042 0
      vertex 31.3012 -1.28054 0
    endloop
  endfacet
  facet normal 0 0 -1
    outer loop
      vertex 31.5523 -24.4444 0
      vertex 31.2765 -1.32664 0
      vertex 31.29 -1.3042 0
    endloop
  endfacet
  facet normal 0 0 -1
    outer loop
      vertex 31.5523 -24.4444 0
      vertex 31.1504 -1.53708 0
      vertex 31.2765 -1.32664 0
    endloop
  endfacet
  facet normal 0 0 -1
    outer loop
      vertex 30.9887 -1.75515 0
      vertex 31.3623 -24.1882 0
      vertex 31.1481 -23.9519 0
    endloop
  endfacet
  facet normal 0 0 -1
    outer loop
      vertex 31.3623 -24.1882 0
      vertex 31.0043 -1.73413 0
      vertex 31.1504 -1.53708 0
    endloop
  endfacet
  facet normal 0 0 -1
    outer loop
      vertex 31.3623 -24.1882 0
      vertex 30.9887 -1.75515 0
      vertex 31.0043 -1.73413 0
    endloop
  endfacet
  facet normal 0 0 -1
    outer loop
      vertex 30.8063 -1.95633 0
      vertex 31.1481 -23.9519 0
      vertex 30.9118 -23.7377 0
    endloop
  endfacet
  facet normal 0 0 -1
    outer loop
      vertex 31.1481 -23.9519 0
      vertex 30.8239 -1.93694 0
      vertex 30.9887 -1.75515 0
    endloop
  endfacet
  facet normal 0 0 -1
    outer loop
      vertex 31.1481 -23.9519 0
      vertex 30.8063 -1.95633 0
      vertex 30.8239 -1.93694 0
    endloop
  endfacet
  facet normal 0 0 -1
    outer loop
      vertex 30.9118 -23.7377 0
      vertex 30.7869 -1.9739 0
      vertex 30.8063 -1.95633 0
    endloop
  endfacet
  facet normal 0 0 -1
    outer loop
      vertex 30.6052 -2.13866 0
      vertex 30.9118 -23.7377 0
      vertex 30.6556 -23.5477 0
    endloop
  endfacet
  facet normal 0 0 -1
    outer loop
      vertex 30.9118 -23.7377 0
      vertex 30.6052 -2.13866 0
      vertex 30.7869 -1.9739 0
    endloop
  endfacet
  facet normal 0 0 -1
    outer loop
      vertex 30.6556 -23.5477 0
      vertex 30.4081 -2.28481 0
      vertex 30.6052 -2.13866 0
    endloop
  endfacet
  facet normal 0 0 -1
    outer loop
      vertex 30.6556 -23.5477 0
      vertex 30.3871 -2.3004 0
      vertex 30.4081 -2.28481 0
    endloop
  endfacet
  facet normal 0 0 -1
    outer loop
      vertex 30.382 -23.3838 0
      vertex 30.3871 -2.3004 0
      vertex 30.6556 -23.5477 0
    endloop
  endfacet
  facet normal 0 0 -1
    outer loop
      vertex 30.382 -23.3838 0
      vertex 30.3646 -2.31385 0
      vertex 30.3871 -2.3004 0
    endloop
  endfacet
  facet normal 0 0 -1
    outer loop
      vertex 30.382 -23.3838 0
      vertex 30.1542 -2.43998 0
      vertex 30.3646 -2.31385 0
    endloop
  endfacet
  facet normal 0 0 -1
    outer loop
      vertex 30.0937 -23.2474 0
      vertex 30.1542 -2.43998 0
      vertex 30.382 -23.3838 0
    endloop
  endfacet
  facet normal 0 0 -1
    outer loop
      vertex 30.0937 -23.2474 0
      vertex 29.9324 -2.54488 0
      vertex 30.1542 -2.43998 0
    endloop
  endfacet
  facet normal 0 0 -1
    outer loop
      vertex 30.0937 -23.2474 0
      vertex 29.9088 -2.55607 0
      vertex 29.9324 -2.54488 0
    endloop
  endfacet
  facet normal 0 0 -1
    outer loop
      vertex 29.7934 -23.1399 0
      vertex 29.9088 -2.55607 0
      vertex 30.0937 -23.2474 0
    endloop
  endfacet
  facet normal 0 0 -1
    outer loop
      vertex 29.7934 -23.1399 0
      vertex 29.6778 -2.63872 0
      vertex 29.9088 -2.55607 0
    endloop
  endfacet
  facet normal 0 0 -1
    outer loop
      vertex 29.7934 -23.1399 0
      vertex 29.6531 -2.64753 0
      vertex 29.6778 -2.63872 0
    endloop
  endfacet
  facet normal 0 0 -1
    outer loop
      vertex 29.7934 -23.1399 0
      vertex 29.6277 -2.65389 0
      vertex 29.6531 -2.64753 0
    endloop
  endfacet
  facet normal 0 0 -1
    outer loop
      vertex 29.484 -23.0624 0
      vertex 29.6277 -2.65389 0
      vertex 29.7934 -23.1399 0
    endloop
  endfacet
  facet normal 0 0 -1
    outer loop
      vertex 29.484 -23.0624 0
      vertex 29.3897 -2.71351 0
      vertex 29.6277 -2.65389 0
    endloop
  endfacet
  facet normal 0 0 -1
    outer loop
      vertex 29.1686 -23.0156 0
      vertex 29.3897 -2.71351 0
      vertex 29.484 -23.0624 0
    endloop
  endfacet
  facet normal 0 0 -1
    outer loop
      vertex 29.1686 -23.0156 0
      vertex 29.1471 -2.7495 0
      vertex 29.3897 -2.71351 0
    endloop
  endfacet
  facet normal 0 0 -1
    outer loop
      vertex 29.1686 -23.0156 0
      vertex 29.1212 -2.75334 0
      vertex 29.1471 -2.7495 0
    endloop
  endfacet
  facet normal 0 0 -1
    outer loop
      vertex 29.1686 -23.0156 0
      vertex 29.095 -2.75463 0
      vertex 29.1212 -2.75334 0
    endloop
  endfacet
  facet normal 0 0 -1
    outer loop
      vertex 28.85 -23 0
      vertex 29.095 -2.75463 0
      vertex 29.1686 -23.0156 0
    endloop
  endfacet
  facet normal 0 0 -1
    outer loop
      vertex 28.85 -23 0
      vertex 28.85 -2.76667 0
      vertex 29.095 -2.75463 0
    endloop
  endfacet
  facet normal 0 0 -1
    outer loop
      vertex 28.85 -23 0
      vertex 28.605 -2.75463 0
      vertex 28.85 -2.76667 0
    endloop
  endfacet
  facet normal 0 0 -1
    outer loop
      vertex 28.85 -23 0
      vertex 28.5788 -2.75334 0
      vertex 28.605 -2.75463 0
    endloop
  endfacet
  facet normal 0 0 -1
    outer loop
      vertex 28.5314 -23.0156 0
      vertex 28.5788 -2.75334 0
      vertex 28.85 -23 0
    endloop
  endfacet
  facet normal -0 0 -1
    outer loop
      vertex 28.5788 -2.75334 0
      vertex 28.5314 -23.0156 0
      vertex 28.5529 -2.7495 0
    endloop
  endfacet
  facet normal 0 0 -1
    outer loop
      vertex 28.5314 -23.0156 0
      vertex 28.3102 -2.71351 0
      vertex 28.5529 -2.7495 0
    endloop
  endfacet
  facet normal 0 0 -1
    outer loop
      vertex 28.216 -23.0624 0
      vertex 28.3102 -2.71351 0
      vertex 28.5314 -23.0156 0
    endloop
  endfacet
  facet normal 0 0 -1
    outer loop
      vertex 28.216 -23.0624 0
      vertex 28.0723 -2.65389 0
      vertex 28.3102 -2.71351 0
    endloop
  endfacet
  facet normal 0 0 -1
    outer loop
      vertex 28.216 -23.0624 0
      vertex 28.0469 -2.64753 0
      vertex 28.0723 -2.65389 0
    endloop
  endfacet
  facet normal 0 0 -1
    outer loop
      vertex 27.9066 -23.1399 0
      vertex 28.0469 -2.64753 0
      vertex 28.216 -23.0624 0
    endloop
  endfacet
  facet normal -0 0 -1
    outer loop
      vertex 28.0469 -2.64753 0
      vertex 27.9066 -23.1399 0
      vertex 28.0222 -2.63872 0
    endloop
  endfacet
  facet normal 0 0 -1
    outer loop
      vertex 27.9066 -23.1399 0
      vertex 27.7912 -2.55607 0
      vertex 28.0222 -2.63872 0
    endloop
  endfacet
  facet normal 0 0 -1
    outer loop
      vertex 27.6063 -23.2474 0
      vertex 27.7912 -2.55607 0
      vertex 27.9066 -23.1399 0
    endloop
  endfacet
  facet normal -0 0 -1
    outer loop
      vertex 27.7912 -2.55607 0
      vertex 27.6063 -23.2474 0
      vertex 27.7676 -2.54488 0
    endloop
  endfacet
  facet normal 0 0 -1
    outer loop
      vertex 27.6063 -23.2474 0
      vertex 27.5458 -2.43998 0
      vertex 27.7676 -2.54488 0
    endloop
  endfacet
  facet normal 0 0 -1
    outer loop
      vertex 27.318 -23.3838 0
      vertex 27.5458 -2.43998 0
      vertex 27.6063 -23.2474 0
    endloop
  endfacet
  facet normal -0 0 -1
    outer loop
      vertex 27.5458 -2.43998 0
      vertex 27.318 -23.3838 0
      vertex 27.3354 -2.31385 0
    endloop
  endfacet
  facet normal 0 0 -1
    outer loop
      vertex 27.318 -23.3838 0
      vertex 27.3129 -2.3004 0
      vertex 27.3354 -2.31385 0
    endloop
  endfacet
  facet normal 0 0 -1
    outer loop
      vertex 27.0444 -23.5477 0
      vertex 27.3129 -2.3004 0
      vertex 27.318 -23.3838 0
    endloop
  endfacet
  facet normal -0 0 -1
    outer loop
      vertex 27.3129 -2.3004 0
      vertex 27.0444 -23.5477 0
      vertex 27.2919 -2.28481 0
    endloop
  endfacet
  facet normal -0 0 -1
    outer loop
      vertex 27.2919 -2.28481 0
      vertex 27.0444 -23.5477 0
      vertex 27.0948 -2.13866 0
    endloop
  endfacet
  facet normal 0 0 -1
    outer loop
      vertex 26.7882 -23.7377 0
      vertex 27.0948 -2.13866 0
      vertex 27.0444 -23.5477 0
    endloop
  endfacet
  facet normal -0 0 -1
    outer loop
      vertex 27.0948 -2.13866 0
      vertex 26.7882 -23.7377 0
      vertex 26.9131 -1.9739 0
    endloop
  endfacet
  facet normal -0 0 -1
    outer loop
      vertex 26.9131 -1.9739 0
      vertex 26.7882 -23.7377 0
      vertex 26.8937 -1.95633 0
    endloop
  endfacet
  facet normal 0 0 -1
    outer loop
      vertex 26.5519 -23.9519 0
      vertex 26.8937 -1.95633 0
      vertex 26.7882 -23.7377 0
    endloop
  endfacet
  facet normal -0 0 -1
    outer loop
      vertex 26.8937 -1.95633 0
      vertex 26.5519 -23.9519 0
      vertex 26.8761 -1.93694 0
    endloop
  endfacet
  facet normal -0 0 -1
    outer loop
      vertex 26.8761 -1.93694 0
      vertex 26.5519 -23.9519 0
      vertex 26.7113 -1.75515 0
    endloop
  endfacet
  facet normal 0 0 -1
    outer loop
      vertex 26.3377 -24.1882 0
      vertex 26.7113 -1.75515 0
      vertex 26.5519 -23.9519 0
    endloop
  endfacet
  facet normal -0 0 -1
    outer loop
      vertex 26.7113 -1.75515 0
      vertex 26.3377 -24.1882 0
      vertex 26.6957 -1.73413 0
    endloop
  endfacet
  facet normal -0 0 -1
    outer loop
      vertex 26.6957 -1.73413 0
      vertex 26.3377 -24.1882 0
      vertex 26.5496 -1.53708 0
    endloop
  endfacet
  facet normal 0 0 -1
    outer loop
      vertex 26.1477 -24.4444 0
      vertex 26.5496 -1.53708 0
      vertex 26.3377 -24.1882 0
    endloop
  endfacet
  facet normal -0 0 -1
    outer loop
      vertex 26.5496 -1.53708 0
      vertex 26.1477 -24.4444 0
      vertex 26.5361 -1.51463 0
    endloop
  endfacet
  facet normal -0 0 -1
    outer loop
      vertex 26.5361 -1.51463 0
      vertex 26.1477 -24.4444 0
      vertex 26.41 -1.3042 0
    endloop
  endfacet
  facet normal 0 0 -1
    outer loop
      vertex 25.9838 -24.718 0
      vertex 26.41 -1.3042 0
      vertex 26.1477 -24.4444 0
    endloop
  endfacet
  facet normal -0 0 -1
    outer loop
      vertex 26.41 -1.3042 0
      vertex 25.9838 -24.718 0
      vertex 26.3988 -1.28054 0
    endloop
  endfacet
  facet normal -0 0 -1
    outer loop
      vertex 26.3988 -1.28054 0
      vertex 25.9838 -24.718 0
      vertex 26.2939 -1.05876 0
    endloop
  endfacet
  facet normal 0 0 -1
    outer loop
      vertex 25.8474 -25.0063 0
      vertex 26.2939 -1.05876 0
      vertex 25.9838 -24.718 0
    endloop
  endfacet
  facet normal -0 0 -1
    outer loop
      vertex 26.2939 -1.05876 0
      vertex 25.8474 -25.0063 0
      vertex 26.2113 -0.82776 0
    endloop
  endfacet
  facet normal -0 0 -1
    outer loop
      vertex 26.2113 -0.82776 0
      vertex 25.8474 -25.0063 0
      vertex 26.2025 -0.80312 0
    endloop
  endfacet
  facet normal 0 0 -1
    outer loop
      vertex 25.7399 -25.3066 0
      vertex 26.2025 -0.80312 0
      vertex 25.8474 -25.0063 0
    endloop
  endfacet
  facet normal -0 0 -1
    outer loop
      vertex 26.2025 -0.80312 0
      vertex 25.7399 -25.3066 0
      vertex 26.1961 -0.777735 0
    endloop
  endfacet
  facet normal -0 0 -1
    outer loop
      vertex 26.1961 -0.777735 0
      vertex 25.7399 -25.3066 0
      vertex 26.1365 -0.53975 0
    endloop
  endfacet
  facet normal 0 0 -1
    outer loop
      vertex 25.6624 -25.616 0
      vertex 26.1365 -0.53975 0
      vertex 25.7399 -25.3066 0
    endloop
  endfacet
  facet normal -0 0 -1
    outer loop
      vertex 26.1365 -0.53975 0
      vertex 25.6624 -25.616 0
      vertex 26.1327 -0.513864 0
    endloop
  endfacet
  facet normal 0 0 -1
    outer loop
      vertex 32.1 -34.75 0
      vertex 38.75 -37.2955 0
      vertex 38.1779 -37.6384 0
    endloop
  endfacet
  facet normal 0 0 -1
    outer loop
      vertex 32.0844 -25.9314 0
      vertex 38.75 -37.2955 0
      vertex 32.1 -26.25 0
    endloop
  endfacet
  facet normal 0 0 -1
    outer loop
      vertex 32.1 -34.75 0
      vertex 38.1779 -37.6384 0
      vertex 36.4037 -38.4776 0
    endloop
  endfacet
  facet normal 0 0 -1
    outer loop
      vertex 31.6033 -0.27118 0
      vertex 38.75 -37.2955 0
      vertex 32.0844 -25.9314 0
    endloop
  endfacet
  facet normal 0 0 -1
    outer loop
      vertex 31.9601 -35.6934 0
      vertex 36.4037 -38.4776 0
      vertex 34.5557 -39.1388 0
    endloop
  endfacet
  facet normal 0 0 -1
    outer loop
      vertex 32.1 34.75 0
      vertex 38.75 37.2955 0
      vertex 32.1 26.25 0
    endloop
  endfacet
  facet normal 0 0 -1
    outer loop
      vertex 31.5523 -36.5556 0
      vertex 34.5557 -39.1388 0
      vertex 32.6518 -39.6157 0
    endloop
  endfacet
  facet normal -0 0 -1
    outer loop
      vertex 38.75 37.2955 0
      vertex 32.1 34.75 0
      vertex 38.1779 37.6384 0
    endloop
  endfacet
  facet normal 0 0 -1
    outer loop
      vertex 38.75 -37.2955 0
      vertex 32.1 -34.75 0
      vertex 32.1 -26.25 0
    endloop
  endfacet
  facet normal 0 0 -1
    outer loop
      vertex 36.4037 -38.4776 0
      vertex 32.0844 -35.0686 0
      vertex 32.1 -34.75 0
    endloop
  endfacet
  facet normal 0 0 -1
    outer loop
      vertex 36.4037 -38.4776 0
      vertex 32.0376 -35.384 0
      vertex 32.0844 -35.0686 0
    endloop
  endfacet
  facet normal 0 0 -1
    outer loop
      vertex 36.4037 -38.4776 0
      vertex 31.9601 -35.6934 0
      vertex 32.0376 -35.384 0
    endloop
  endfacet
  facet normal 0 0 -1
    outer loop
      vertex 34.5557 -39.1388 0
      vertex 31.8526 -35.9937 0
      vertex 31.9601 -35.6934 0
    endloop
  endfacet
  facet normal 0 0 -1
    outer loop
      vertex 34.5557 -39.1388 0
      vertex 31.7162 -36.282 0
      vertex 31.8526 -35.9937 0
    endloop
  endfacet
  facet normal 0 0 -1
    outer loop
      vertex 34.5557 -39.1388 0
      vertex 31.5523 -36.5556 0
      vertex 31.7162 -36.282 0
    endloop
  endfacet
  facet normal 0 0 -1
    outer loop
      vertex 32.6518 -39.6157 0
      vertex 31.3623 -36.8118 0
      vertex 31.5523 -36.5556 0
    endloop
  endfacet
  facet normal 0 0 -1
    outer loop
      vertex 32.6518 -39.6157 0
      vertex 31.1481 -37.0481 0
      vertex 31.3623 -36.8118 0
    endloop
  endfacet
  facet normal 0 0 -1
    outer loop
      vertex 32.6518 -39.6157 0
      vertex 30.9118 -37.2623 0
      vertex 31.1481 -37.0481 0
    endloop
  endfacet
  facet normal 0 0 -1
    outer loop
      vertex 30.6556 -37.4523 0
      vertex 32.6518 -39.6157 0
      vertex 30.7103 -39.9037 0
    endloop
  endfacet
  facet normal 0 0 -1
    outer loop
      vertex 32.6518 -39.6157 0
      vertex 30.6556 -37.4523 0
      vertex 30.9118 -37.2623 0
    endloop
  endfacet
  facet normal 0 0 -1
    outer loop
      vertex 30.7103 -39.9037 0
      vertex 30.382 -37.6162 0
      vertex 30.6556 -37.4523 0
    endloop
  endfacet
  facet normal 0 0 -1
    outer loop
      vertex 30.7103 -39.9037 0
      vertex 30.0937 -37.7526 0
      vertex 30.382 -37.6162 0
    endloop
  endfacet
  facet normal 0 0 -1
    outer loop
      vertex 30.7103 -39.9037 0
      vertex 29.7934 -37.8601 0
      vertex 30.0937 -37.7526 0
    endloop
  endfacet
  facet normal 0 0 -1
    outer loop
      vertex 30.7103 -39.9037 0
      vertex 29.484 -37.9376 0
      vertex 29.7934 -37.8601 0
    endloop
  endfacet
  facet normal 0 0 -1
    outer loop
      vertex 28.75 -40 0
      vertex 29.484 -37.9376 0
      vertex 30.7103 -39.9037 0
    endloop
  endfacet
  facet normal 0 0 -1
    outer loop
      vertex 29.484 -37.9376 0
      vertex 28.75 -40 0
      vertex 29.1686 -37.9844 0
    endloop
  endfacet
  facet normal 0 0 -1
    outer loop
      vertex 29.1686 -37.9844 0
      vertex 28.75 -40 0
      vertex 28.85 -38 0
    endloop
  endfacet
  facet normal 0 0 -1
    outer loop
      vertex 28.75 -40 0
      vertex 28.5314 -37.9844 0
      vertex 28.85 -38 0
    endloop
  endfacet
  facet normal 0 0 -1
    outer loop
      vertex 28.75 -40 0
      vertex 28.216 -37.9376 0
      vertex 28.5314 -37.9844 0
    endloop
  endfacet
  facet normal 0 0 -1
    outer loop
      vertex 28.75 -40 0
      vertex 27.9066 -37.8601 0
      vertex 28.216 -37.9376 0
    endloop
  endfacet
  facet normal 0 0 -1
    outer loop
      vertex 28.75 -40 0
      vertex 27.6063 -37.7526 0
      vertex 27.9066 -37.8601 0
    endloop
  endfacet
  facet normal 0 0 -1
    outer loop
      vertex 28.75 -40 0
      vertex 27.318 -37.6162 0
      vertex 27.6063 -37.7526 0
    endloop
  endfacet
  facet normal 0 0 -1
    outer loop
      vertex 28.75 -40 0
      vertex 27.0444 -37.4523 0
      vertex 27.318 -37.6162 0
    endloop
  endfacet
  facet normal 0 0 -1
    outer loop
      vertex 28.75 -40 0
      vertex 26.7882 -37.2623 0
      vertex 27.0444 -37.4523 0
    endloop
  endfacet
  facet normal 0 0 -1
    outer loop
      vertex 28.75 -40 0
      vertex 26.5519 -37.0481 0
      vertex 26.7882 -37.2623 0
    endloop
  endfacet
  facet normal 0 0 -1
    outer loop
      vertex 28.75 -40 0
      vertex 26.3377 -36.8118 0
      vertex 26.5519 -37.0481 0
    endloop
  endfacet
  facet normal 0 0 -1
    outer loop
      vertex 0 -5 0
      vertex 25.6 -26.25 0
      vertex 25.6 -34.75 0
    endloop
  endfacet
  facet normal 0 -0 -1
    outer loop
      vertex 5 0 0
      vertex 25.6 -26.25 0
      vertex 4.97592 -0.490086 0
    endloop
  endfacet
  facet normal 0 0 -1
    outer loop
      vertex 4.97592 0.490086 0
      vertex 25.6 26.25 0
      vertex 5 0 0
    endloop
  endfacet
  facet normal 0 0 -1
    outer loop
      vertex -25.6 -34.75 0
      vertex 25.6 -34.75 0
      vertex 25.6157 -35.0686 0
    endloop
  endfacet
  facet normal 0 0 -1
    outer loop
      vertex -25.6157 -35.0686 0
      vertex 25.6157 -35.0686 0
      vertex 25.6624 -35.384 0
    endloop
  endfacet
  facet normal 0 0 -1
    outer loop
      vertex -25.6624 -35.384 0
      vertex 25.6624 -35.384 0
      vertex 25.7399 -35.6934 0
    endloop
  endfacet
  facet normal 0 0 -1
    outer loop
      vertex -25.7399 -35.6934 0
      vertex 25.7399 -35.6934 0
      vertex 25.8474 -35.9937 0
    endloop
  endfacet
  facet normal 0 0 -1
    outer loop
      vertex -25.8474 -35.9937 0
      vertex 25.8474 -35.9937 0
      vertex 25.9838 -36.282 0
    endloop
  endfacet
  facet normal 0 0 -1
    outer loop
      vertex 25.6 -26.25 0
      vertex 5 0 0
      vertex 25.6 26.25 0
    endloop
  endfacet
  facet normal 0 0 -1
    outer loop
      vertex 25.6 -26.25 0
      vertex 4.90393 -0.975451 0
      vertex 4.97592 -0.490086 0
    endloop
  endfacet
  facet normal 0 0 -1
    outer loop
      vertex 25.6 -26.25 0
      vertex 4.7847 -1.45142 0
      vertex 4.90393 -0.975451 0
    endloop
  endfacet
  facet normal 0 0 -1
    outer loop
      vertex -25.9838 -36.282 0
      vertex 25.9838 -36.282 0
      vertex 26.1477 -36.5556 0
    endloop
  endfacet
  facet normal 0 0 -1
    outer loop
      vertex 25.6 -26.25 0
      vertex 4.6194 -1.91342 0
      vertex 4.7847 -1.45142 0
    endloop
  endfacet
  facet normal 0 0 -1
    outer loop
      vertex 25.6 -26.25 0
      vertex 4.40961 -2.35698 0
      vertex 4.6194 -1.91342 0
    endloop
  endfacet
  facet normal 0 0 -1
    outer loop
      vertex 25.6 -26.25 0
      vertex 4.15735 -2.77785 0
      vertex 4.40961 -2.35698 0
    endloop
  endfacet
  facet normal 0 0 -1
    outer loop
      vertex 25.6 -26.25 0
      vertex 3.86505 -3.17197 0
      vertex 4.15735 -2.77785 0
    endloop
  endfacet
  facet normal 0 0 -1
    outer loop
      vertex 25.6 -26.25 0
      vertex 3.53553 -3.53553 0
      vertex 3.86505 -3.17197 0
    endloop
  endfacet
  facet normal 0 0 -1
    outer loop
      vertex 25.6 -26.25 0
      vertex 3.17197 -3.86505 0
      vertex 3.53553 -3.53553 0
    endloop
  endfacet
  facet normal 0 0 -1
    outer loop
      vertex 25.6 -26.25 0
      vertex 2.77785 -4.15735 0
      vertex 3.17197 -3.86505 0
    endloop
  endfacet
  facet normal 0 0 -1
    outer loop
      vertex 25.6 -26.25 0
      vertex 2.35698 -4.40961 0
      vertex 2.77785 -4.15735 0
    endloop
  endfacet
  facet normal 0 0 -1
    outer loop
      vertex 25.6 -26.25 0
      vertex 1.91342 -4.6194 0
      vertex 2.35698 -4.40961 0
    endloop
  endfacet
  facet normal 0 0 -1
    outer loop
      vertex -26.1477 -36.5556 0
      vertex 26.1477 -36.5556 0
      vertex 26.3377 -36.8118 0
    endloop
  endfacet
  facet normal 0 0 -1
    outer loop
      vertex -26.3377 -36.8118 0
      vertex 26.3377 -36.8118 0
      vertex 28.75 -40 0
    endloop
  endfacet
  facet normal 0 0 -1
    outer loop
      vertex 25.6 -26.25 0
      vertex 1.45142 -4.7847 0
      vertex 1.91342 -4.6194 0
    endloop
  endfacet
  facet normal 0 0 -1
    outer loop
      vertex 25.6 -26.25 0
      vertex 0.975451 -4.90393 0
      vertex 1.45142 -4.7847 0
    endloop
  endfacet
  facet normal 0 0 -1
    outer loop
      vertex 25.6 -26.25 0
      vertex 0.490086 -4.97592 0
      vertex 0.975451 -4.90393 0
    endloop
  endfacet
  facet normal 0 0 -1
    outer loop
      vertex 25.6 -34.75 0
      vertex -25.6 -34.75 0
      vertex 0 -5 0
    endloop
  endfacet
  facet normal 0 0 -1
    outer loop
      vertex 25.6 -26.25 0
      vertex 0 -5 0
      vertex 0.490086 -4.97592 0
    endloop
  endfacet
  facet normal 0 0 -1
    outer loop
      vertex -25.6 -26.25 0
      vertex 0 -5 0
      vertex -25.6 -34.75 0
    endloop
  endfacet
  facet normal -0 0 -1
    outer loop
      vertex 0 -5 0
      vertex -25.6 -26.25 0
      vertex -0.490086 -4.97592 0
    endloop
  endfacet
  facet normal -0 0 -1
    outer loop
      vertex -0.490086 -4.97592 0
      vertex -25.6 -26.25 0
      vertex -0.975451 -4.90393 0
    endloop
  endfacet
  facet normal 0 0 -1
    outer loop
      vertex -25.6157 -25.9314 0
      vertex -0.975451 -4.90393 0
      vertex -25.6 -26.25 0
    endloop
  endfacet
  facet normal -0 0 -1
    outer loop
      vertex -0.975451 -4.90393 0
      vertex -25.6157 -25.9314 0
      vertex -1.45142 -4.7847 0
    endloop
  endfacet
  facet normal 0 0 -1
    outer loop
      vertex -25.6624 -25.616 0
      vertex -1.45142 -4.7847 0
      vertex -25.6157 -25.9314 0
    endloop
  endfacet
  facet normal -0 0 -1
    outer loop
      vertex -1.45142 -4.7847 0
      vertex -25.6624 -25.616 0
      vertex -1.91342 -4.6194 0
    endloop
  endfacet
  facet normal 0 0 -1
    outer loop
      vertex -25.7399 -25.3066 0
      vertex -1.91342 -4.6194 0
      vertex -25.6624 -25.616 0
    endloop
  endfacet
  facet normal 0 0 -1
    outer loop
      vertex -26.3377 -24.1882 0
      vertex -3.53553 -3.53553 0
      vertex -26.1477 -24.4444 0
    endloop
  endfacet
  facet normal -0 0 -1
    outer loop
      vertex -3.17197 -3.86505 0
      vertex -26.1477 -24.4444 0
      vertex -3.53553 -3.53553 0
    endloop
  endfacet
  facet normal 0 0 -1
    outer loop
      vertex -26.1477 -24.4444 0
      vertex -3.17197 -3.86505 0
      vertex -25.9838 -24.718 0
    endloop
  endfacet
  facet normal -0 0 -1
    outer loop
      vertex -2.77785 -4.15735 0
      vertex -25.9838 -24.718 0
      vertex -3.17197 -3.86505 0
    endloop
  endfacet
  facet normal 0 0 -1
    outer loop
      vertex -25.9838 -24.718 0
      vertex -2.77785 -4.15735 0
      vertex -25.8474 -25.0063 0
    endloop
  endfacet
  facet normal -0 0 -1
    outer loop
      vertex -2.35698 -4.40961 0
      vertex -25.8474 -25.0063 0
      vertex -2.77785 -4.15735 0
    endloop
  endfacet
  facet normal 0 0 -1
    outer loop
      vertex -25.8474 -25.0063 0
      vertex -2.35698 -4.40961 0
      vertex -25.7399 -25.3066 0
    endloop
  endfacet
  facet normal -0 0 -1
    outer loop
      vertex -1.91342 -4.6194 0
      vertex -25.7399 -25.3066 0
      vertex -2.35698 -4.40961 0
    endloop
  endfacet
  facet normal 0 0 -1
    outer loop
      vertex 25.6157 -35.0686 0
      vertex -25.6157 -35.0686 0
      vertex -25.6 -34.75 0
    endloop
  endfacet
  facet normal 0 0 -1
    outer loop
      vertex 25.6624 -35.384 0
      vertex -25.6624 -35.384 0
      vertex -25.6157 -35.0686 0
    endloop
  endfacet
  facet normal 0 0 -1
    outer loop
      vertex 25.7399 -35.6934 0
      vertex -25.7399 -35.6934 0
      vertex -25.6624 -35.384 0
    endloop
  endfacet
  facet normal 0 0 -1
    outer loop
      vertex 25.8474 -35.9937 0
      vertex -25.8474 -35.9937 0
      vertex -25.7399 -35.6934 0
    endloop
  endfacet
  facet normal 0 0 -1
    outer loop
      vertex 25.9838 -36.282 0
      vertex -25.9838 -36.282 0
      vertex -25.8474 -35.9937 0
    endloop
  endfacet
  facet normal 0 0 -1
    outer loop
      vertex 26.1477 -36.5556 0
      vertex -26.1477 -36.5556 0
      vertex -25.9838 -36.282 0
    endloop
  endfacet
  facet normal 0 0 -1
    outer loop
      vertex 26.3377 -36.8118 0
      vertex -26.3377 -36.8118 0
      vertex -26.1477 -36.5556 0
    endloop
  endfacet
  facet normal 0 0 -1
    outer loop
      vertex -28.75 -40 0
      vertex -26.3377 -36.8118 0
      vertex 28.75 -40 0
    endloop
  endfacet
  facet normal 0 0 -1
    outer loop
      vertex -26.3377 -36.8118 0
      vertex -28.75 -40 0
      vertex -26.5519 -37.0481 0
    endloop
  endfacet
  facet normal 0 0 -1
    outer loop
      vertex -26.5519 -37.0481 0
      vertex -28.75 -40 0
      vertex -26.7882 -37.2623 0
    endloop
  endfacet
  facet normal 0 0 -1
    outer loop
      vertex -26.7882 -37.2623 0
      vertex -28.75 -40 0
      vertex -27.0444 -37.4523 0
    endloop
  endfacet
  facet normal 0 0 -1
    outer loop
      vertex -27.0444 -37.4523 0
      vertex -28.75 -40 0
      vertex -27.318 -37.6162 0
    endloop
  endfacet
  facet normal 0 0 -1
    outer loop
      vertex -27.318 -37.6162 0
      vertex -28.75 -40 0
      vertex -27.6063 -37.7526 0
    endloop
  endfacet
  facet normal 0 0 -1
    outer loop
      vertex -27.6063 -37.7526 0
      vertex -28.75 -40 0
      vertex -27.9066 -37.8601 0
    endloop
  endfacet
  facet normal 0 0 -1
    outer loop
      vertex -27.9066 -37.8601 0
      vertex -28.75 -40 0
      vertex -28.216 -37.9376 0
    endloop
  endfacet
  facet normal 0 0 -1
    outer loop
      vertex -28.216 -37.9376 0
      vertex -28.75 -40 0
      vertex -28.5314 -37.9844 0
    endloop
  endfacet
  facet normal 0 0 -1
    outer loop
      vertex -28.75 -40 0
      vertex -28.85 -38 0
      vertex -28.5314 -37.9844 0
    endloop
  endfacet
  facet normal 0 0 -1
    outer loop
      vertex -28.75 -40 0
      vertex -29.1686 -37.9844 0
      vertex -28.85 -38 0
    endloop
  endfacet
  facet normal 0 0 -1
    outer loop
      vertex -28.75 -40 0
      vertex -29.484 -37.9376 0
      vertex -29.1686 -37.9844 0
    endloop
  endfacet
  facet normal 0 0 -1
    outer loop
      vertex -30.7103 -39.9037 0
      vertex -29.484 -37.9376 0
      vertex -28.75 -40 0
    endloop
  endfacet
  facet normal -0 0 -1
    outer loop
      vertex -29.484 -37.9376 0
      vertex -30.7103 -39.9037 0
      vertex -29.7934 -37.8601 0
    endloop
  endfacet
  facet normal -0 0 -1
    outer loop
      vertex -29.7934 -37.8601 0
      vertex -30.7103 -39.9037 0
      vertex -30.0937 -37.7526 0
    endloop
  endfacet
  facet normal -0 0 -1
    outer loop
      vertex -30.0937 -37.7526 0
      vertex -30.7103 -39.9037 0
      vertex -30.382 -37.6162 0
    endloop
  endfacet
  facet normal -0 0 -1
    outer loop
      vertex -30.382 -37.6162 0
      vertex -30.7103 -39.9037 0
      vertex -30.6556 -37.4523 0
    endloop
  endfacet
  facet normal 0 0 -1
    outer loop
      vertex -32.6518 -39.6157 0
      vertex -30.6556 -37.4523 0
      vertex -30.7103 -39.9037 0
    endloop
  endfacet
  facet normal -0 0 -1
    outer loop
      vertex -30.6556 -37.4523 0
      vertex -32.6518 -39.6157 0
      vertex -30.9118 -37.2623 0
    endloop
  endfacet
  facet normal -0 0 -1
    outer loop
      vertex -30.9118 -37.2623 0
      vertex -32.6518 -39.6157 0
      vertex -31.1481 -37.0481 0
    endloop
  endfacet
  facet normal -0 0 -1
    outer loop
      vertex -31.1481 -37.0481 0
      vertex -32.6518 -39.6157 0
      vertex -31.3623 -36.8118 0
    endloop
  endfacet
  facet normal -0 0 -1
    outer loop
      vertex -31.3623 -36.8118 0
      vertex -32.6518 -39.6157 0
      vertex -31.5523 -36.5556 0
    endloop
  endfacet
  facet normal 0 0 -1
    outer loop
      vertex -34.5557 -39.1388 0
      vertex -31.5523 -36.5556 0
      vertex -32.6518 -39.6157 0
    endloop
  endfacet
  facet normal -0 0 -1
    outer loop
      vertex -31.5523 -36.5556 0
      vertex -34.5557 -39.1388 0
      vertex -31.7162 -36.282 0
    endloop
  endfacet
  facet normal 0 0 -1
    outer loop
      vertex -38.75 -37.2955 0
      vertex -32.1 -26.25 0
      vertex -32.1 -34.75 0
    endloop
  endfacet
  facet normal 0 0 -1
    outer loop
      vertex -32.0376 25.616 0
      vertex -38.75 37.2955 0
      vertex -32.0844 25.9314 0
    endloop
  endfacet
  facet normal -0 0 -1
    outer loop
      vertex -32.0376 -35.384 0
      vertex -36.4037 -38.4776 0
      vertex -32.0844 -35.0686 0
    endloop
  endfacet
  facet normal -0 0 -1
    outer loop
      vertex -31.9601 -35.6934 0
      vertex -36.4037 -38.4776 0
      vertex -32.0376 -35.384 0
    endloop
  endfacet
  facet normal 0 0 -1
    outer loop
      vertex -36.4037 -38.4776 0
      vertex -31.9601 -35.6934 0
      vertex -34.5557 -39.1388 0
    endloop
  endfacet
  facet normal -0 0 -1
    outer loop
      vertex -31.8526 -35.9937 0
      vertex -34.5557 -39.1388 0
      vertex -31.9601 -35.6934 0
    endloop
  endfacet
  facet normal -0 0 -1
    outer loop
      vertex -31.7162 -36.282 0
      vertex -34.5557 -39.1388 0
      vertex -31.8526 -35.9937 0
    endloop
  endfacet
  facet normal -0 0 -1
    outer loop
      vertex 38.1779 37.6384 0
      vertex 32.1 34.75 0
      vertex 36.4037 38.4776 0
    endloop
  endfacet
  facet normal 0 0 -1
    outer loop
      vertex 32.0844 35.0686 0
      vertex 36.4037 38.4776 0
      vertex 32.1 34.75 0
    endloop
  endfacet
  facet normal 0 0 -1
    outer loop
      vertex 32.0376 35.384 0
      vertex 36.4037 38.4776 0
      vertex 32.0844 35.0686 0
    endloop
  endfacet
  facet normal 0 0 -1
    outer loop
      vertex 31.9601 35.6934 0
      vertex 36.4037 38.4776 0
      vertex 32.0376 35.384 0
    endloop
  endfacet
  facet normal -0 0 -1
    outer loop
      vertex 36.4037 38.4776 0
      vertex 31.9601 35.6934 0
      vertex 34.5557 39.1388 0
    endloop
  endfacet
  facet normal 0 0 -1
    outer loop
      vertex 31.8526 35.9937 0
      vertex 34.5557 39.1388 0
      vertex 31.9601 35.6934 0
    endloop
  endfacet
  facet normal 0 0 -1
    outer loop
      vertex 31.7162 36.282 0
      vertex 34.5557 39.1388 0
      vertex 31.8526 35.9937 0
    endloop
  endfacet
  facet normal 0 0 -1
    outer loop
      vertex 31.5523 36.5556 0
      vertex 34.5557 39.1388 0
      vertex 31.7162 36.282 0
    endloop
  endfacet
  facet normal -0 0 -1
    outer loop
      vertex 34.5557 39.1388 0
      vertex 31.5523 36.5556 0
      vertex 32.6518 39.6157 0
    endloop
  endfacet
  facet normal 0 0 -1
    outer loop
      vertex 31.3623 36.8118 0
      vertex 32.6518 39.6157 0
      vertex 31.5523 36.5556 0
    endloop
  endfacet
  facet normal 0 0 -1
    outer loop
      vertex 31.1481 37.0481 0
      vertex 32.6518 39.6157 0
      vertex 31.3623 36.8118 0
    endloop
  endfacet
  facet normal 0 0 -1
    outer loop
      vertex 30.9118 37.2623 0
      vertex 32.6518 39.6157 0
      vertex 31.1481 37.0481 0
    endloop
  endfacet
  facet normal 0 0 -1
    outer loop
      vertex 30.6556 37.4523 0
      vertex 32.6518 39.6157 0
      vertex 30.9118 37.2623 0
    endloop
  endfacet
  facet normal -0 0 -1
    outer loop
      vertex 32.6518 39.6157 0
      vertex 30.6556 37.4523 0
      vertex 30.7103 39.9037 0
    endloop
  endfacet
  facet normal 0 0 -1
    outer loop
      vertex 30.382 37.6162 0
      vertex 30.7103 39.9037 0
      vertex 30.6556 37.4523 0
    endloop
  endfacet
  facet normal 0 0 -1
    outer loop
      vertex 30.0937 37.7526 0
      vertex 30.7103 39.9037 0
      vertex 30.382 37.6162 0
    endloop
  endfacet
  facet normal 0 0 -1
    outer loop
      vertex 29.7934 37.8601 0
      vertex 30.7103 39.9037 0
      vertex 30.0937 37.7526 0
    endloop
  endfacet
  facet normal 0 0 -1
    outer loop
      vertex 29.484 37.9376 0
      vertex 30.7103 39.9037 0
      vertex 29.7934 37.8601 0
    endloop
  endfacet
  facet normal 0 0 -1
    outer loop
      vertex 28.75 40 0
      vertex 29.484 37.9376 0
      vertex 29.1686 37.9844 0
    endloop
  endfacet
  facet normal 0 0 -1
    outer loop
      vertex 28.75 40 0
      vertex 29.1686 37.9844 0
      vertex 28.85 38 0
    endloop
  endfacet
  facet normal 0 0 -1
    outer loop
      vertex 29.484 37.9376 0
      vertex 28.75 40 0
      vertex 30.7103 39.9037 0
    endloop
  endfacet
  facet normal 0 0 -1
    outer loop
      vertex 28.5314 37.9844 0
      vertex 28.75 40 0
      vertex 28.85 38 0
    endloop
  endfacet
  facet normal 0 0 -1
    outer loop
      vertex 28.216 37.9376 0
      vertex 28.75 40 0
      vertex 28.5314 37.9844 0
    endloop
  endfacet
  facet normal 0 0 -1
    outer loop
      vertex 27.9066 37.8601 0
      vertex 28.75 40 0
      vertex 28.216 37.9376 0
    endloop
  endfacet
  facet normal 0 0 -1
    outer loop
      vertex 27.6063 37.7526 0
      vertex 28.75 40 0
      vertex 27.9066 37.8601 0
    endloop
  endfacet
  facet normal 0 0 -1
    outer loop
      vertex 27.318 37.6162 0
      vertex 28.75 40 0
      vertex 27.6063 37.7526 0
    endloop
  endfacet
  facet normal 0 0 -1
    outer loop
      vertex 27.0444 37.4523 0
      vertex 28.75 40 0
      vertex 27.318 37.6162 0
    endloop
  endfacet
  facet normal 0 0 -1
    outer loop
      vertex 26.7882 37.2623 0
      vertex 28.75 40 0
      vertex 27.0444 37.4523 0
    endloop
  endfacet
  facet normal 0 0 -1
    outer loop
      vertex 26.5519 37.0481 0
      vertex 28.75 40 0
      vertex 26.7882 37.2623 0
    endloop
  endfacet
  facet normal 0 0 -1
    outer loop
      vertex 26.3377 36.8118 0
      vertex 28.75 40 0
      vertex 26.5519 37.0481 0
    endloop
  endfacet
  facet normal 0 0 -1
    outer loop
      vertex 4.90393 0.975451 0
      vertex 25.6 26.25 0
      vertex 4.97592 0.490086 0
    endloop
  endfacet
  facet normal 0 0 -1
    outer loop
      vertex 4.7847 1.45142 0
      vertex 25.6 26.25 0
      vertex 4.90393 0.975451 0
    endloop
  endfacet
  facet normal 0 0 -1
    outer loop
      vertex 4.6194 1.91342 0
      vertex 25.6 26.25 0
      vertex 4.7847 1.45142 0
    endloop
  endfacet
  facet normal 0 0 -1
    outer loop
      vertex 4.40961 2.35698 0
      vertex 25.6 26.25 0
      vertex 4.6194 1.91342 0
    endloop
  endfacet
  facet normal 0 0 -1
    outer loop
      vertex 4.15735 2.77785 0
      vertex 25.6 26.25 0
      vertex 4.40961 2.35698 0
    endloop
  endfacet
  facet normal 0 0 -1
    outer loop
      vertex 3.86505 3.17197 0
      vertex 25.6 26.25 0
      vertex 4.15735 2.77785 0
    endloop
  endfacet
  facet normal 0 0 -1
    outer loop
      vertex 3.53553 3.53553 0
      vertex 25.6 26.25 0
      vertex 3.86505 3.17197 0
    endloop
  endfacet
  facet normal 0 0 -1
    outer loop
      vertex 3.17197 3.86505 0
      vertex 25.6 26.25 0
      vertex 3.53553 3.53553 0
    endloop
  endfacet
  facet normal 0 0 -1
    outer loop
      vertex 2.77785 4.15735 0
      vertex 25.6 26.25 0
      vertex 3.17197 3.86505 0
    endloop
  endfacet
  facet normal 0 0 -1
    outer loop
      vertex 2.35698 4.40961 0
      vertex 25.6 26.25 0
      vertex 2.77785 4.15735 0
    endloop
  endfacet
  facet normal 0 0 -1
    outer loop
      vertex 1.91342 4.6194 0
      vertex 25.6 26.25 0
      vertex 2.35698 4.40961 0
    endloop
  endfacet
  facet normal 0 0 -1
    outer loop
      vertex 1.45142 4.7847 0
      vertex 25.6 26.25 0
      vertex 1.91342 4.6194 0
    endloop
  endfacet
  facet normal 0 0 -1
    outer loop
      vertex 0.975451 4.90393 0
      vertex 25.6 26.25 0
      vertex 1.45142 4.7847 0
    endloop
  endfacet
  facet normal 0 0 -1
    outer loop
      vertex 0.490086 4.97592 0
      vertex 25.6 26.25 0
      vertex 0.975451 4.90393 0
    endloop
  endfacet
  facet normal 0 0 -1
    outer loop
      vertex 0 5 0
      vertex 25.6 26.25 0
      vertex 0.490086 4.97592 0
    endloop
  endfacet
  facet normal -0 0 -1
    outer loop
      vertex 25.6 26.25 0
      vertex 0 5 0
      vertex 25.6 34.75 0
    endloop
  endfacet
  facet normal 0 0 -1
    outer loop
      vertex -25.6 34.75 0
      vertex 25.6 34.75 0
      vertex 0 5 0
    endloop
  endfacet
  facet normal 0 0 -1
    outer loop
      vertex 25.6 34.75 0
      vertex -25.6 34.75 0
      vertex 25.6157 35.0686 0
    endloop
  endfacet
  facet normal 0 0 -1
    outer loop
      vertex -25.6157 35.0686 0
      vertex 25.6157 35.0686 0
      vertex -25.6 34.75 0
    endloop
  endfacet
  facet normal 0 0 -1
    outer loop
      vertex 25.6157 35.0686 0
      vertex -25.6157 35.0686 0
      vertex 25.6624 35.384 0
    endloop
  endfacet
  facet normal 0 0 -1
    outer loop
      vertex -25.6624 35.384 0
      vertex 25.6624 35.384 0
      vertex -25.6157 35.0686 0
    endloop
  endfacet
  facet normal 0 0 -1
    outer loop
      vertex 25.6624 35.384 0
      vertex -25.6624 35.384 0
      vertex 25.7399 35.6934 0
    endloop
  endfacet
  facet normal 0 0 -1
    outer loop
      vertex -25.7399 35.6934 0
      vertex 25.7399 35.6934 0
      vertex -25.6624 35.384 0
    endloop
  endfacet
  facet normal 0 0 -1
    outer loop
      vertex 25.7399 35.6934 0
      vertex -25.7399 35.6934 0
      vertex 25.8474 35.9937 0
    endloop
  endfacet
  facet normal 0 0 -1
    outer loop
      vertex -25.6 26.25 0
      vertex 0 5 0
      vertex -0.490086 4.97592 0
    endloop
  endfacet
  facet normal 0 0 -1
    outer loop
      vertex -25.6 26.25 0
      vertex -0.490086 4.97592 0
      vertex -0.975451 4.90393 0
    endloop
  endfacet
  facet normal 0 0 -1
    outer loop
      vertex -25.6 26.25 0
      vertex -0.975451 4.90393 0
      vertex -1.45142 4.7847 0
    endloop
  endfacet
  facet normal 0 0 -1
    outer loop
      vertex -25.6 26.25 0
      vertex -1.45142 4.7847 0
      vertex -1.91342 4.6194 0
    endloop
  endfacet
  facet normal 0 0 -1
    outer loop
      vertex -25.6 26.25 0
      vertex -1.91342 4.6194 0
      vertex -2.35698 4.40961 0
    endloop
  endfacet
  facet normal 0 0 -1
    outer loop
      vertex -25.6 26.25 0
      vertex -2.35698 4.40961 0
      vertex -2.77785 4.15735 0
    endloop
  endfacet
  facet normal 0 0 -1
    outer loop
      vertex -25.6 26.25 0
      vertex -2.77785 4.15735 0
      vertex -3.17197 3.86505 0
    endloop
  endfacet
  facet normal 0 0 -1
    outer loop
      vertex -25.6 26.25 0
      vertex -3.17197 3.86505 0
      vertex -3.53553 3.53553 0
    endloop
  endfacet
  facet normal 0 0 -1
    outer loop
      vertex -25.6 26.25 0
      vertex -3.53553 3.53553 0
      vertex -3.86505 3.17197 0
    endloop
  endfacet
  facet normal -0 0 -1
    outer loop
      vertex -3.53553 -3.53553 0
      vertex -26.3377 -24.1882 0
      vertex -3.86505 -3.17197 0
    endloop
  endfacet
  facet normal 0 0 -1
    outer loop
      vertex -26.5519 -23.9519 0
      vertex -3.86505 -3.17197 0
      vertex -26.3377 -24.1882 0
    endloop
  endfacet
  facet normal 0 0 -1
    outer loop
      vertex -5 0 0
      vertex -25.6 26.25 0
      vertex -4.97592 0.490086 0
    endloop
  endfacet
  facet normal 0 0 -1
    outer loop
      vertex -4.97592 0.490086 0
      vertex -25.6 26.25 0
      vertex -4.90393 0.975451 0
    endloop
  endfacet
  facet normal 0 0 -1
    outer loop
      vertex -4.90393 0.975451 0
      vertex -25.6 26.25 0
      vertex -4.7847 1.45142 0
    endloop
  endfacet
  facet normal 0 0 -1
    outer loop
      vertex -4.7847 1.45142 0
      vertex -25.6 26.25 0
      vertex -4.6194 1.91342 0
    endloop
  endfacet
  facet normal 0 0 -1
    outer loop
      vertex -4.6194 1.91342 0
      vertex -25.6 26.25 0
      vertex -4.40961 2.35698 0
    endloop
  endfacet
  facet normal 0 0 -1
    outer loop
      vertex -4.40961 2.35698 0
      vertex -25.6 26.25 0
      vertex -4.15735 2.77785 0
    endloop
  endfacet
  facet normal 0 0 -1
    outer loop
      vertex -25.6 26.25 0
      vertex -3.86505 3.17197 0
      vertex -4.15735 2.77785 0
    endloop
  endfacet
  facet normal 0 0 -1
    outer loop
      vertex 0 5 0
      vertex -25.6 26.25 0
      vertex -25.6 34.75 0
    endloop
  endfacet
  facet normal 0 0 -1
    outer loop
      vertex -25.8474 35.9937 0
      vertex 25.8474 35.9937 0
      vertex -25.7399 35.6934 0
    endloop
  endfacet
  facet normal 0 0 -1
    outer loop
      vertex 25.8474 35.9937 0
      vertex -25.8474 35.9937 0
      vertex 25.9838 36.282 0
    endloop
  endfacet
  facet normal 0 0 -1
    outer loop
      vertex -25.9838 36.282 0
      vertex 25.9838 36.282 0
      vertex -25.8474 35.9937 0
    endloop
  endfacet
  facet normal 0 0 -1
    outer loop
      vertex 25.9838 36.282 0
      vertex -25.9838 36.282 0
      vertex 26.1477 36.5556 0
    endloop
  endfacet
  facet normal 0 0 -1
    outer loop
      vertex -26.1477 36.5556 0
      vertex 26.1477 36.5556 0
      vertex -25.9838 36.282 0
    endloop
  endfacet
  facet normal 0 0 -1
    outer loop
      vertex 26.1477 36.5556 0
      vertex -26.1477 36.5556 0
      vertex 26.3377 36.8118 0
    endloop
  endfacet
  facet normal 0 0 -1
    outer loop
      vertex -26.3377 36.8118 0
      vertex 26.3377 36.8118 0
      vertex -26.1477 36.5556 0
    endloop
  endfacet
  facet normal 0 0 -1
    outer loop
      vertex 26.3377 36.8118 0
      vertex -26.3377 36.8118 0
      vertex 28.75 40 0
    endloop
  endfacet
  facet normal 0 0 -1
    outer loop
      vertex -28.75 40 0
      vertex -26.3377 36.8118 0
      vertex -26.5519 37.0481 0
    endloop
  endfacet
  facet normal 0 0 -1
    outer loop
      vertex -28.75 40 0
      vertex -26.5519 37.0481 0
      vertex -26.7882 37.2623 0
    endloop
  endfacet
  facet normal 0 0 -1
    outer loop
      vertex -28.75 40 0
      vertex -26.7882 37.2623 0
      vertex -27.0444 37.4523 0
    endloop
  endfacet
  facet normal 0 0 -1
    outer loop
      vertex -28.75 40 0
      vertex -27.0444 37.4523 0
      vertex -27.318 37.6162 0
    endloop
  endfacet
  facet normal 0 0 -1
    outer loop
      vertex -28.75 40 0
      vertex -27.318 37.6162 0
      vertex -27.6063 37.7526 0
    endloop
  endfacet
  facet normal 0 0 -1
    outer loop
      vertex -28.75 40 0
      vertex -27.6063 37.7526 0
      vertex -27.9066 37.8601 0
    endloop
  endfacet
  facet normal 0 0 -1
    outer loop
      vertex -28.75 40 0
      vertex -27.9066 37.8601 0
      vertex -28.216 37.9376 0
    endloop
  endfacet
  facet normal 0 0 -1
    outer loop
      vertex -28.75 40 0
      vertex -28.216 37.9376 0
      vertex -28.5314 37.9844 0
    endloop
  endfacet
  facet normal 0 0 -1
    outer loop
      vertex -26.3377 36.8118 0
      vertex -28.75 40 0
      vertex 28.75 40 0
    endloop
  endfacet
  facet normal 0 0 -1
    outer loop
      vertex -28.85 38 0
      vertex -28.75 40 0
      vertex -28.5314 37.9844 0
    endloop
  endfacet
  facet normal 0 0 -1
    outer loop
      vertex -29.1686 37.9844 0
      vertex -28.75 40 0
      vertex -28.85 38 0
    endloop
  endfacet
  facet normal 0 0 -1
    outer loop
      vertex -29.484 37.9376 0
      vertex -28.75 40 0
      vertex -29.1686 37.9844 0
    endloop
  endfacet
  facet normal 0 0 -1
    outer loop
      vertex -30.7103 39.9037 0
      vertex -29.484 37.9376 0
      vertex -29.7934 37.8601 0
    endloop
  endfacet
  facet normal 0 0 -1
    outer loop
      vertex -30.7103 39.9037 0
      vertex -29.7934 37.8601 0
      vertex -30.0937 37.7526 0
    endloop
  endfacet
  facet normal 0 0 -1
    outer loop
      vertex -30.7103 39.9037 0
      vertex -30.0937 37.7526 0
      vertex -30.382 37.6162 0
    endloop
  endfacet
  facet normal 0 0 -1
    outer loop
      vertex -30.7103 39.9037 0
      vertex -30.382 37.6162 0
      vertex -30.6556 37.4523 0
    endloop
  endfacet
  facet normal 0 0 -1
    outer loop
      vertex -29.484 37.9376 0
      vertex -30.7103 39.9037 0
      vertex -28.75 40 0
    endloop
  endfacet
  facet normal 0 0 -1
    outer loop
      vertex -32.6518 39.6157 0
      vertex -30.6556 37.4523 0
      vertex -30.9118 37.2623 0
    endloop
  endfacet
  facet normal 0 0 -1
    outer loop
      vertex -32.6518 39.6157 0
      vertex -30.9118 37.2623 0
      vertex -31.1481 37.0481 0
    endloop
  endfacet
  facet normal 0 0 -1
    outer loop
      vertex -32.6518 39.6157 0
      vertex -31.1481 37.0481 0
      vertex -31.3623 36.8118 0
    endloop
  endfacet
  facet normal 0 0 -1
    outer loop
      vertex -32.6518 39.6157 0
      vertex -31.3623 36.8118 0
      vertex -31.5523 36.5556 0
    endloop
  endfacet
  facet normal 0 0 -1
    outer loop
      vertex -34.5557 39.1388 0
      vertex -31.5523 36.5556 0
      vertex -31.7162 36.282 0
    endloop
  endfacet
  facet normal 0 0 -1
    outer loop
      vertex -34.5557 39.1388 0
      vertex -31.7162 36.282 0
      vertex -31.8526 35.9937 0
    endloop
  endfacet
  facet normal 0 0 -1
    outer loop
      vertex -34.5557 39.1388 0
      vertex -31.8526 35.9937 0
      vertex -31.9601 35.6934 0
    endloop
  endfacet
  facet normal 0 0 -1
    outer loop
      vertex -30.6556 37.4523 0
      vertex -32.6518 39.6157 0
      vertex -30.7103 39.9037 0
    endloop
  endfacet
  facet normal 0 0 -1
    outer loop
      vertex -36.4037 38.4776 0
      vertex -31.9601 35.6934 0
      vertex -32.0376 35.384 0
    endloop
  endfacet
  facet normal 0 0 -1
    outer loop
      vertex -36.4037 38.4776 0
      vertex -32.0376 35.384 0
      vertex -32.0844 35.0686 0
    endloop
  endfacet
  facet normal 0 0 -1
    outer loop
      vertex -36.4037 38.4776 0
      vertex -32.0844 35.0686 0
      vertex -32.1 34.75 0
    endloop
  endfacet
  facet normal 0 0 -1
    outer loop
      vertex -32.0844 25.9314 0
      vertex -38.75 37.2955 0
      vertex -32.1 26.25 0
    endloop
  endfacet
  facet normal -0 0 -1
    outer loop
      vertex -32.0844 -35.0686 0
      vertex -36.4037 -38.4776 0
      vertex -32.1 -34.75 0
    endloop
  endfacet
  facet normal 0 0 -1
    outer loop
      vertex -32.1 26.25 0
      vertex -38.75 37.2955 0
      vertex -32.1 34.75 0
    endloop
  endfacet
  facet normal 0 0 -1
    outer loop
      vertex -38.1779 -37.6384 0
      vertex -32.1 -34.75 0
      vertex -36.4037 -38.4776 0
    endloop
  endfacet
  facet normal 0 -0 -1
    outer loop
      vertex -38.1779 37.6384 0
      vertex -32.1 34.75 0
      vertex -38.75 37.2955 0
    endloop
  endfacet
  facet normal 0 0 -1
    outer loop
      vertex -32.1 -34.75 0
      vertex -38.1779 -37.6384 0
      vertex -38.75 -37.2955 0
    endloop
  endfacet
  facet normal 0 0 -1
    outer loop
      vertex -31.5523 36.5556 0
      vertex -34.5557 39.1388 0
      vertex -32.6518 39.6157 0
    endloop
  endfacet
  facet normal 0 0 -1
    outer loop
      vertex -31.9601 35.6934 0
      vertex -36.4037 38.4776 0
      vertex -34.5557 39.1388 0
    endloop
  endfacet
  facet normal 0 0 -1
    outer loop
      vertex -32.1 34.75 0
      vertex -38.1779 37.6384 0
      vertex -36.4037 38.4776 0
    endloop
  endfacet
  facet normal 0 0 -1
    outer loop
      vertex 31.5571 0.565135 0
      vertex 38.75 37.2955 0
      vertex 31.5635 0.53975 0
    endloop
  endfacet
  facet normal 0 0 -1
    outer loop
      vertex 38.75 37.2955 0
      vertex 31.9601 25.3066 0
      vertex 32.0376 25.616 0
    endloop
  endfacet
  facet normal 0 0 -1
    outer loop
      vertex 31.4975 0.80312 0
      vertex 38.75 37.2955 0
      vertex 31.5571 0.565135 0
    endloop
  endfacet
  facet normal 0 0 -1
    outer loop
      vertex 38.75 37.2955 0
      vertex 31.4975 0.80312 0
      vertex 31.9601 25.3066 0
    endloop
  endfacet
  facet normal 0 0 -1
    outer loop
      vertex 31.9601 25.3066 0
      vertex 31.4975 0.80312 0
      vertex 31.8526 25.0063 0
    endloop
  endfacet
  facet normal 0 0 -1
    outer loop
      vertex 31.4149 1.03412 0
      vertex 31.8526 25.0063 0
      vertex 31.4975 0.80312 0
    endloop
  endfacet
  facet normal 0 0 -1
    outer loop
      vertex 31.4061 1.05876 0
      vertex 31.8526 25.0063 0
      vertex 31.4149 1.03412 0
    endloop
  endfacet
  facet normal 0 0 -1
    outer loop
      vertex 31.8526 25.0063 0
      vertex 31.4061 1.05876 0
      vertex 31.7162 24.718 0
    endloop
  endfacet
  facet normal 0 0 -1
    outer loop
      vertex 31.3012 1.28054 0
      vertex 31.7162 24.718 0
      vertex 31.4061 1.05876 0
    endloop
  endfacet
  facet normal 0 0 -1
    outer loop
      vertex 31.29 1.3042 0
      vertex 31.7162 24.718 0
      vertex 31.3012 1.28054 0
    endloop
  endfacet
  facet normal 0 0 -1
    outer loop
      vertex 31.7162 24.718 0
      vertex 31.29 1.3042 0
      vertex 31.5523 24.4444 0
    endloop
  endfacet
  facet normal 0 0 -1
    outer loop
      vertex 31.2765 1.32664 0
      vertex 31.5523 24.4444 0
      vertex 31.29 1.3042 0
    endloop
  endfacet
  facet normal 0 0 -1
    outer loop
      vertex 31.1504 1.53708 0
      vertex 31.5523 24.4444 0
      vertex 31.2765 1.32664 0
    endloop
  endfacet
  facet normal 0 0 -1
    outer loop
      vertex 31.5523 24.4444 0
      vertex 31.1504 1.53708 0
      vertex 31.3623 24.1882 0
    endloop
  endfacet
  facet normal 0 0 -1
    outer loop
      vertex 31.0043 1.73413 0
      vertex 31.3623 24.1882 0
      vertex 31.1504 1.53708 0
    endloop
  endfacet
  facet normal 0 0 -1
    outer loop
      vertex 30.9887 1.75515 0
      vertex 31.3623 24.1882 0
      vertex 31.0043 1.73413 0
    endloop
  endfacet
  facet normal 0 0 -1
    outer loop
      vertex 31.3623 24.1882 0
      vertex 30.9887 1.75515 0
      vertex 31.1481 23.9519 0
    endloop
  endfacet
  facet normal 0 0 -1
    outer loop
      vertex 30.8239 1.93694 0
      vertex 31.1481 23.9519 0
      vertex 30.9887 1.75515 0
    endloop
  endfacet
  facet normal 0 0 -1
    outer loop
      vertex 30.8063 1.95633 0
      vertex 31.1481 23.9519 0
      vertex 30.8239 1.93694 0
    endloop
  endfacet
  facet normal 0 0 -1
    outer loop
      vertex 31.1481 23.9519 0
      vertex 30.8063 1.95633 0
      vertex 30.9118 23.7377 0
    endloop
  endfacet
  facet normal 0 0 -1
    outer loop
      vertex 30.7869 1.9739 0
      vertex 30.9118 23.7377 0
      vertex 30.8063 1.95633 0
    endloop
  endfacet
  facet normal 0 0 -1
    outer loop
      vertex 30.6052 2.13866 0
      vertex 30.9118 23.7377 0
      vertex 30.7869 1.9739 0
    endloop
  endfacet
  facet normal 0 0 -1
    outer loop
      vertex 30.9118 23.7377 0
      vertex 30.6052 2.13866 0
      vertex 30.6556 23.5477 0
    endloop
  endfacet
  facet normal 0 0 -1
    outer loop
      vertex 30.4081 2.28481 0
      vertex 30.6556 23.5477 0
      vertex 30.6052 2.13866 0
    endloop
  endfacet
  facet normal 0 0 -1
    outer loop
      vertex 30.3871 2.3004 0
      vertex 30.6556 23.5477 0
      vertex 30.4081 2.28481 0
    endloop
  endfacet
  facet normal 0 0 -1
    outer loop
      vertex 30.3871 2.3004 0
      vertex 30.382 23.3838 0
      vertex 30.6556 23.5477 0
    endloop
  endfacet
  facet normal 0 0 -1
    outer loop
      vertex 30.3646 2.31385 0
      vertex 30.382 23.3838 0
      vertex 30.3871 2.3004 0
    endloop
  endfacet
  facet normal 0 0 -1
    outer loop
      vertex 30.1542 2.43998 0
      vertex 30.382 23.3838 0
      vertex 30.3646 2.31385 0
    endloop
  endfacet
  facet normal 0 0 -1
    outer loop
      vertex 30.1542 2.43998 0
      vertex 30.0937 23.2474 0
      vertex 30.382 23.3838 0
    endloop
  endfacet
  facet normal 0 0 -1
    outer loop
      vertex 29.9324 2.54488 0
      vertex 30.0937 23.2474 0
      vertex 30.1542 2.43998 0
    endloop
  endfacet
  facet normal 0 0 -1
    outer loop
      vertex 29.9088 2.55607 0
      vertex 30.0937 23.2474 0
      vertex 29.9324 2.54488 0
    endloop
  endfacet
  facet normal 0 0 -1
    outer loop
      vertex 29.9088 2.55607 0
      vertex 29.7934 23.1399 0
      vertex 30.0937 23.2474 0
    endloop
  endfacet
  facet normal 0 0 -1
    outer loop
      vertex 29.6778 2.63872 0
      vertex 29.7934 23.1399 0
      vertex 29.9088 2.55607 0
    endloop
  endfacet
  facet normal 0 0 -1
    outer loop
      vertex 29.6531 2.64753 0
      vertex 29.7934 23.1399 0
      vertex 29.6778 2.63872 0
    endloop
  endfacet
  facet normal 0 0 -1
    outer loop
      vertex 29.6277 2.65389 0
      vertex 29.7934 23.1399 0
      vertex 29.6531 2.64753 0
    endloop
  endfacet
  facet normal 0 0 -1
    outer loop
      vertex 29.6277 2.65389 0
      vertex 29.484 23.0624 0
      vertex 29.7934 23.1399 0
    endloop
  endfacet
  facet normal 0 0 -1
    outer loop
      vertex 29.3897 2.71351 0
      vertex 29.484 23.0624 0
      vertex 29.6277 2.65389 0
    endloop
  endfacet
  facet normal 0 0 -1
    outer loop
      vertex 29.3897 2.71351 0
      vertex 29.1686 23.0156 0
      vertex 29.484 23.0624 0
    endloop
  endfacet
  facet normal 0 0 -1
    outer loop
      vertex 29.1471 2.7495 0
      vertex 29.1686 23.0156 0
      vertex 29.3897 2.71351 0
    endloop
  endfacet
  facet normal 0 0 -1
    outer loop
      vertex 29.1212 2.75334 0
      vertex 29.1686 23.0156 0
      vertex 29.1471 2.7495 0
    endloop
  endfacet
  facet normal 0 0 -1
    outer loop
      vertex 29.095 2.75463 0
      vertex 29.1686 23.0156 0
      vertex 29.1212 2.75334 0
    endloop
  endfacet
  facet normal 0 0 -1
    outer loop
      vertex 29.095 2.75463 0
      vertex 28.85 23 0
      vertex 29.1686 23.0156 0
    endloop
  endfacet
  facet normal 0 0 -1
    outer loop
      vertex 28.85 2.76667 0
      vertex 28.85 23 0
      vertex 29.095 2.75463 0
    endloop
  endfacet
  facet normal 0 0 -1
    outer loop
      vertex 28.605 2.75463 0
      vertex 28.85 23 0
      vertex 28.85 2.76667 0
    endloop
  endfacet
  facet normal 0 0 -1
    outer loop
      vertex 28.5788 2.75334 0
      vertex 28.85 23 0
      vertex 28.605 2.75463 0
    endloop
  endfacet
  facet normal 0 0 -1
    outer loop
      vertex 28.5314 23.0156 0
      vertex 28.5788 2.75334 0
      vertex 28.5529 2.7495 0
    endloop
  endfacet
  facet normal 0 0 -1
    outer loop
      vertex 28.5788 2.75334 0
      vertex 28.5314 23.0156 0
      vertex 28.85 23 0
    endloop
  endfacet
  facet normal 0 0 -1
    outer loop
      vertex 28.3102 2.71351 0
      vertex 28.5314 23.0156 0
      vertex 28.5529 2.7495 0
    endloop
  endfacet
  facet normal 0 0 -1
    outer loop
      vertex 28.3102 2.71351 0
      vertex 28.216 23.0624 0
      vertex 28.5314 23.0156 0
    endloop
  endfacet
  facet normal 0 0 -1
    outer loop
      vertex 28.0723 2.65389 0
      vertex 28.216 23.0624 0
      vertex 28.3102 2.71351 0
    endloop
  endfacet
  facet normal 0 0 -1
    outer loop
      vertex 28.0469 2.64753 0
      vertex 28.216 23.0624 0
      vertex 28.0723 2.65389 0
    endloop
  endfacet
  facet normal 0 0 -1
    outer loop
      vertex 27.9066 23.1399 0
      vertex 28.0469 2.64753 0
      vertex 28.0222 2.63872 0
    endloop
  endfacet
  facet normal 0 0 -1
    outer loop
      vertex 28.0469 2.64753 0
      vertex 27.9066 23.1399 0
      vertex 28.216 23.0624 0
    endloop
  endfacet
  facet normal 0 0 -1
    outer loop
      vertex 27.7912 2.55607 0
      vertex 27.9066 23.1399 0
      vertex 28.0222 2.63872 0
    endloop
  endfacet
  facet normal 0 0 -1
    outer loop
      vertex 27.6063 23.2474 0
      vertex 27.7912 2.55607 0
      vertex 27.7676 2.54488 0
    endloop
  endfacet
  facet normal 0 0 -1
    outer loop
      vertex 27.7912 2.55607 0
      vertex 27.6063 23.2474 0
      vertex 27.9066 23.1399 0
    endloop
  endfacet
  facet normal 0 0 -1
    outer loop
      vertex 27.5458 2.43998 0
      vertex 27.6063 23.2474 0
      vertex 27.7676 2.54488 0
    endloop
  endfacet
  facet normal 0 0 -1
    outer loop
      vertex 27.318 23.3838 0
      vertex 27.5458 2.43998 0
      vertex 27.3354 2.31385 0
    endloop
  endfacet
  facet normal 0 0 -1
    outer loop
      vertex 27.5458 2.43998 0
      vertex 27.318 23.3838 0
      vertex 27.6063 23.2474 0
    endloop
  endfacet
  facet normal 0 0 -1
    outer loop
      vertex 27.3129 2.3004 0
      vertex 27.318 23.3838 0
      vertex 27.3354 2.31385 0
    endloop
  endfacet
  facet normal 0 0 -1
    outer loop
      vertex 27.0444 23.5477 0
      vertex 27.3129 2.3004 0
      vertex 27.2919 2.28481 0
    endloop
  endfacet
  facet normal 0 0 -1
    outer loop
      vertex 27.0444 23.5477 0
      vertex 27.2919 2.28481 0
      vertex 27.0948 2.13866 0
    endloop
  endfacet
  facet normal 0 0 -1
    outer loop
      vertex 27.3129 2.3004 0
      vertex 27.0444 23.5477 0
      vertex 27.318 23.3838 0
    endloop
  endfacet
  facet normal 0 0 -1
    outer loop
      vertex 26.7882 23.7377 0
      vertex 27.0948 2.13866 0
      vertex 26.9131 1.9739 0
    endloop
  endfacet
  facet normal 0 0 -1
    outer loop
      vertex 26.7882 23.7377 0
      vertex 26.9131 1.9739 0
      vertex 26.8937 1.95633 0
    endloop
  endfacet
  facet normal 0 0 -1
    outer loop
      vertex 26.5519 23.9519 0
      vertex 26.8937 1.95633 0
      vertex 26.8761 1.93694 0
    endloop
  endfacet
  facet normal 0 0 -1
    outer loop
      vertex 27.0948 2.13866 0
      vertex 26.7882 23.7377 0
      vertex 27.0444 23.5477 0
    endloop
  endfacet
  facet normal 0 0 -1
    outer loop
      vertex 26.5519 23.9519 0
      vertex 26.8761 1.93694 0
      vertex 26.7113 1.75515 0
    endloop
  endfacet
  facet normal 0 0 -1
    outer loop
      vertex 26.3377 24.1882 0
      vertex 26.7113 1.75515 0
      vertex 26.6957 1.73413 0
    endloop
  endfacet
  facet normal 0 0 -1
    outer loop
      vertex 26.8937 1.95633 0
      vertex 26.5519 23.9519 0
      vertex 26.7882 23.7377 0
    endloop
  endfacet
  facet normal 0 0 -1
    outer loop
      vertex 26.3377 24.1882 0
      vertex 26.6957 1.73413 0
      vertex 26.5496 1.53708 0
    endloop
  endfacet
  facet normal 0 0 -1
    outer loop
      vertex 26.1477 24.4444 0
      vertex 26.5496 1.53708 0
      vertex 26.5361 1.51463 0
    endloop
  endfacet
  facet normal 0 0 -1
    outer loop
      vertex 26.1477 24.4444 0
      vertex 26.5361 1.51463 0
      vertex 26.41 1.3042 0
    endloop
  endfacet
  facet normal 0 0 -1
    outer loop
      vertex 25.9838 24.718 0
      vertex 26.41 1.3042 0
      vertex 26.3988 1.28054 0
    endloop
  endfacet
  facet normal 0 0 -1
    outer loop
      vertex 26.7113 1.75515 0
      vertex 26.3377 24.1882 0
      vertex 26.5519 23.9519 0
    endloop
  endfacet
  facet normal 0 0 -1
    outer loop
      vertex 25.9838 24.718 0
      vertex 26.3988 1.28054 0
      vertex 26.2939 1.05876 0
    endloop
  endfacet
  facet normal 0 0 -1
    outer loop
      vertex 25.8474 25.0063 0
      vertex 26.2939 1.05876 0
      vertex 26.2113 0.82776 0
    endloop
  endfacet
  facet normal 0 0 -1
    outer loop
      vertex 25.8474 25.0063 0
      vertex 26.2113 0.82776 0
      vertex 26.2025 0.80312 0
    endloop
  endfacet
  facet normal 0 0 -1
    outer loop
      vertex 25.7399 25.3066 0
      vertex 26.2025 0.80312 0
      vertex 26.1961 0.777735 0
    endloop
  endfacet
  facet normal 0 0 -1
    outer loop
      vertex 26.5496 1.53708 0
      vertex 26.1477 24.4444 0
      vertex 26.3377 24.1882 0
    endloop
  endfacet
  facet normal 0 0 -1
    outer loop
      vertex 25.7399 25.3066 0
      vertex 26.1961 0.777735 0
      vertex 26.1365 0.53975 0
    endloop
  endfacet
  facet normal 0 0 -1
    outer loop
      vertex 25.6624 25.616 0
      vertex 26.1365 0.53975 0
      vertex 26.1327 0.513864 0
    endloop
  endfacet
  facet normal 0 0 -1
    outer loop
      vertex 25.6624 25.616 0
      vertex 26.1327 0.513864 0
      vertex 26.0967 0.27118 0
    endloop
  endfacet
  facet normal 0 0 -1
    outer loop
      vertex 25.6157 25.9314 0
      vertex 26.0967 0.27118 0
      vertex 26.0846 0.0261378 0
    endloop
  endfacet
  facet normal 0 0 -1
    outer loop
      vertex 25.6157 25.9314 0
      vertex 26.0846 0.0261378 0
      vertex 26.0833 0 0
    endloop
  endfacet
  facet normal -0 0 -1
    outer loop
      vertex 26.1327 -0.513864 0
      vertex 25.6624 -25.616 0
      vertex 26.0967 -0.27118 0
    endloop
  endfacet
  facet normal 0 0 -1
    outer loop
      vertex 26.41 1.3042 0
      vertex 25.9838 24.718 0
      vertex 26.1477 24.4444 0
    endloop
  endfacet
  facet normal 0 0 -1
    outer loop
      vertex 25.6157 -25.9314 0
      vertex 26.0967 -0.27118 0
      vertex 25.6624 -25.616 0
    endloop
  endfacet
  facet normal 0 0 -1
    outer loop
      vertex 26.2939 1.05876 0
      vertex 25.8474 25.0063 0
      vertex 25.9838 24.718 0
    endloop
  endfacet
  facet normal -0 0 -1
    outer loop
      vertex 26.0967 -0.27118 0
      vertex 25.6157 -25.9314 0
      vertex 26.0846 -0.0261378 0
    endloop
  endfacet
  facet normal 0 0 -1
    outer loop
      vertex 26.2025 0.80312 0
      vertex 25.7399 25.3066 0
      vertex 25.8474 25.0063 0
    endloop
  endfacet
  facet normal -0 0 -1
    outer loop
      vertex 26.0846 -0.0261378 0
      vertex 25.6157 -25.9314 0
      vertex 26.0833 0 0
    endloop
  endfacet
  facet normal 0 0 -1
    outer loop
      vertex 26.1365 0.53975 0
      vertex 25.6624 25.616 0
      vertex 25.7399 25.3066 0
    endloop
  endfacet
  facet normal 0 0 -1
    outer loop
      vertex 25.6 -26.25 0
      vertex 26.0833 0 0
      vertex 25.6157 -25.9314 0
    endloop
  endfacet
  facet normal 0 0 -1
    outer loop
      vertex 26.0967 0.27118 0
      vertex 25.6157 25.9314 0
      vertex 25.6624 25.616 0
    endloop
  endfacet
  facet normal 0 0 -1
    outer loop
      vertex 25.6 26.25 0
      vertex 26.0833 0 0
      vertex 25.6 -26.25 0
    endloop
  endfacet
  facet normal 0 0 -1
    outer loop
      vertex 26.0833 0 0
      vertex 25.6 26.25 0
      vertex 25.6157 25.9314 0
    endloop
  endfacet
  facet normal -0.146716 -0.989179 0
    outer loop
      vertex 0.490086 4.97592 0
      vertex 0.975451 4.90393 8
      vertex 0.490086 4.97592 8
    endloop
  endfacet
  facet normal -0.146716 -0.989179 -0
    outer loop
      vertex 0.975451 4.90393 8
      vertex 0.490086 4.97592 0
      vertex 0.975451 4.90393 0
    endloop
  endfacet
  facet normal -0.989179 -0.146716 -7.9238e-19
    outer loop
      vertex 4.97592 0.490086 0
      vertex 4.90393 0.975451 8
      vertex 4.90393 0.975451 0
    endloop
  endfacet
  facet normal -0.989179 -0.146716 -7.9238e-19
    outer loop
      vertex 4.90393 0.975451 8
      vertex 4.97592 0.490086 0
      vertex 4.97592 0.490086 8
    endloop
  endfacet
  facet normal -0.998795 -0.049075 1.46825e-21
    outer loop
      vertex 5 0 0
      vertex 4.97592 0.490086 8
      vertex 4.97592 0.490086 0
    endloop
  endfacet
  facet normal -0.998795 -0.049075 1.46825e-21
    outer loop
      vertex 4.97592 0.490086 8
      vertex 5 0 0
      vertex 5 0 8
    endloop
  endfacet
  facet normal -0.970028 -0.242992 2.59848e-19
    outer loop
      vertex 4.90393 0.975451 0
      vertex 4.7847 1.45142 8
      vertex 4.7847 1.45142 0
    endloop
  endfacet
  facet normal -0.970028 -0.242992 2.59848e-19
    outer loop
      vertex 4.7847 1.45142 8
      vertex 4.90393 0.975451 0
      vertex 4.90393 0.975451 8
    endloop
  endfacet
  facet normal -0.336879 0.941548 0
    outer loop
      vertex 1.91342 -4.6194 0
      vertex 1.45142 -4.7847 8
      vertex 1.91342 -4.6194 8
    endloop
  endfacet
  facet normal -0.336879 0.941548 0
    outer loop
      vertex 1.45142 -4.7847 8
      vertex 1.91342 -4.6194 0
      vertex 1.45142 -4.7847 0
    endloop
  endfacet
  facet normal -0.857728 -0.514103 1.23044e-18
    outer loop
      vertex 4.40961 2.35698 0
      vertex 4.15735 2.77785 8
      vertex 4.15735 2.77785 0
    endloop
  endfacet
  facet normal -0.857728 -0.514103 1.23044e-18
    outer loop
      vertex 4.15735 2.77785 8
      vertex 4.40961 2.35698 0
      vertex 4.40961 2.35698 8
    endloop
  endfacet
  facet normal -0.903988 0.427558 1.97056e-19
    outer loop
      vertex 4.40961 -2.35698 0
      vertex 4.6194 -1.91342 8
      vertex 4.6194 -1.91342 0
    endloop
  endfacet
  facet normal -0.903988 0.427558 1.97056e-19
    outer loop
      vertex 4.6194 -1.91342 8
      vertex 4.40961 -2.35698 0
      vertex 4.40961 -2.35698 8
    endloop
  endfacet
  facet normal -0.336879 -0.941548 0
    outer loop
      vertex 1.45142 4.7847 0
      vertex 1.91342 4.6194 8
      vertex 1.45142 4.7847 8
    endloop
  endfacet
  facet normal -0.336879 -0.941548 -0
    outer loop
      vertex 1.91342 4.6194 8
      vertex 1.45142 4.7847 0
      vertex 1.91342 4.6194 0
    endloop
  endfacet
  facet normal 0.336879 0.941548 -0
    outer loop
      vertex -1.45142 -4.7847 0
      vertex -1.91342 -4.6194 8
      vertex -1.45142 -4.7847 8
    endloop
  endfacet
  facet normal 0.336879 0.941548 0
    outer loop
      vertex -1.91342 -4.6194 8
      vertex -1.45142 -4.7847 0
      vertex -1.91342 -4.6194 0
    endloop
  endfacet
  facet normal 0.242992 0.970028 -0
    outer loop
      vertex -0.975451 -4.90393 0
      vertex -1.45142 -4.7847 8
      vertex -0.975451 -4.90393 8
    endloop
  endfacet
  facet normal 0.242992 0.970028 0
    outer loop
      vertex -1.45142 -4.7847 8
      vertex -0.975451 -4.90393 0
      vertex -1.45142 -4.7847 0
    endloop
  endfacet
  facet normal 0.427558 0.903988 -0
    outer loop
      vertex -1.91342 -4.6194 0
      vertex -2.35698 -4.40961 8
      vertex -1.91342 -4.6194 8
    endloop
  endfacet
  facet normal 0.427558 0.903988 0
    outer loop
      vertex -2.35698 -4.40961 8
      vertex -1.91342 -4.6194 0
      vertex -2.35698 -4.40961 0
    endloop
  endfacet
  facet normal -0.049075 0.998795 0
    outer loop
      vertex 0.490086 -4.97592 0
      vertex 0 -5 8
      vertex 0.490086 -4.97592 8
    endloop
  endfacet
  facet normal -0.049075 0.998795 0
    outer loop
      vertex 0 -5 8
      vertex 0.490086 -4.97592 0
      vertex 0 -5 0
    endloop
  endfacet
  facet normal -0.427558 -0.903988 0
    outer loop
      vertex 1.91342 4.6194 0
      vertex 2.35698 4.40961 8
      vertex 1.91342 4.6194 8
    endloop
  endfacet
  facet normal -0.427558 -0.903988 -0
    outer loop
      vertex 2.35698 4.40961 8
      vertex 1.91342 4.6194 0
      vertex 2.35698 4.40961 0
    endloop
  endfacet
  facet normal -0.049075 -0.998795 0
    outer loop
      vertex 0 5 0
      vertex 0.490086 4.97592 8
      vertex 0 5 8
    endloop
  endfacet
  facet normal -0.049075 -0.998795 -0
    outer loop
      vertex 0.490086 4.97592 8
      vertex 0 5 0
      vertex 0.490086 4.97592 0
    endloop
  endfacet
  facet normal -0.857728 0.514103 -1.23044e-18
    outer loop
      vertex 4.15735 -2.77785 0
      vertex 4.40961 -2.35698 8
      vertex 4.40961 -2.35698 0
    endloop
  endfacet
  facet normal -0.857728 0.514103 -1.23044e-18
    outer loop
      vertex 4.40961 -2.35698 8
      vertex 4.15735 -2.77785 0
      vertex 4.15735 -2.77785 8
    endloop
  endfacet
  facet normal -0.671568 -0.740943 0
    outer loop
      vertex 3.17197 3.86505 0
      vertex 3.53553 3.53553 8
      vertex 3.17197 3.86505 8
    endloop
  endfacet
  facet normal -0.671568 -0.740943 -0
    outer loop
      vertex 3.53553 3.53553 8
      vertex 3.17197 3.86505 0
      vertex 3.53553 3.53553 0
    endloop
  endfacet
  facet normal 0.5957 0.803207 -0
    outer loop
      vertex -2.77785 -4.15735 0
      vertex -3.17197 -3.86505 8
      vertex -2.77785 -4.15735 8
    endloop
  endfacet
  facet normal 0.5957 0.803207 0
    outer loop
      vertex -3.17197 -3.86505 8
      vertex -2.77785 -4.15735 0
      vertex -3.17197 -3.86505 0
    endloop
  endfacet
  facet normal 0.857728 -0.514103 -1.23044e-18
    outer loop
      vertex -4.40961 2.35698 8
      vertex -4.15735 2.77785 0
      vertex -4.15735 2.77785 8
    endloop
  endfacet
  facet normal 0.857728 -0.514103 -1.23044e-18
    outer loop
      vertex -4.15735 2.77785 0
      vertex -4.40961 2.35698 8
      vertex -4.40961 2.35698 0
    endloop
  endfacet
  facet normal -0.242992 0.970028 0
    outer loop
      vertex 1.45142 -4.7847 0
      vertex 0.975451 -4.90393 8
      vertex 1.45142 -4.7847 8
    endloop
  endfacet
  facet normal -0.242992 0.970028 0
    outer loop
      vertex 0.975451 -4.90393 8
      vertex 1.45142 -4.7847 0
      vertex 0.975451 -4.90393 0
    endloop
  endfacet
  facet normal -0.989179 0.146716 7.9238e-19
    outer loop
      vertex 4.90393 -0.975451 0
      vertex 4.97592 -0.490086 8
      vertex 4.97592 -0.490086 0
    endloop
  endfacet
  facet normal -0.989179 0.146716 7.9238e-19
    outer loop
      vertex 4.97592 -0.490086 8
      vertex 4.90393 -0.975451 0
      vertex 4.90393 -0.975451 8
    endloop
  endfacet
  facet normal 0.146716 0.989179 -0
    outer loop
      vertex -0.490086 -4.97592 0
      vertex -0.975451 -4.90393 8
      vertex -0.490086 -4.97592 8
    endloop
  endfacet
  facet normal 0.146716 0.989179 0
    outer loop
      vertex -0.975451 -4.90393 8
      vertex -0.490086 -4.97592 0
      vertex -0.975451 -4.90393 0
    endloop
  endfacet
  facet normal 0.5957 -0.803207 0
    outer loop
      vertex -3.17197 3.86505 0
      vertex -2.77785 4.15735 8
      vertex -3.17197 3.86505 8
    endloop
  endfacet
  facet normal 0.5957 -0.803207 0
    outer loop
      vertex -2.77785 4.15735 8
      vertex -3.17197 3.86505 0
      vertex -2.77785 4.15735 0
    endloop
  endfacet
  facet normal 0.998795 0.049075 1.46825e-21
    outer loop
      vertex -4.97592 -0.490086 8
      vertex -5 0 0
      vertex -5 0 8
    endloop
  endfacet
  facet normal 0.998795 0.049075 1.46825e-21
    outer loop
      vertex -5 0 0
      vertex -4.97592 -0.490086 8
      vertex -4.97592 -0.490086 0
    endloop
  endfacet
  facet normal 0.970028 0.242992 2.59848e-19
    outer loop
      vertex -4.7847 -1.45142 8
      vertex -4.90393 -0.975451 0
      vertex -4.90393 -0.975451 8
    endloop
  endfacet
  facet normal 0.970028 0.242992 2.59848e-19
    outer loop
      vertex -4.90393 -0.975451 0
      vertex -4.7847 -1.45142 8
      vertex -4.7847 -1.45142 0
    endloop
  endfacet
  facet normal -0.970028 0.242992 -2.59848e-19
    outer loop
      vertex 4.7847 -1.45142 0
      vertex 4.90393 -0.975451 8
      vertex 4.90393 -0.975451 0
    endloop
  endfacet
  facet normal -0.970028 0.242992 -2.59848e-19
    outer loop
      vertex 4.90393 -0.975451 8
      vertex 4.7847 -1.45142 0
      vertex 4.7847 -1.45142 8
    endloop
  endfacet
  facet normal 0.970028 -0.242992 -2.59848e-19
    outer loop
      vertex -4.90393 0.975451 8
      vertex -4.7847 1.45142 0
      vertex -4.7847 1.45142 8
    endloop
  endfacet
  facet normal 0.970028 -0.242992 -2.59848e-19
    outer loop
      vertex -4.7847 1.45142 0
      vertex -4.90393 0.975451 8
      vertex -4.90393 0.975451 0
    endloop
  endfacet
  facet normal -0.5957 -0.803207 0
    outer loop
      vertex 2.77785 4.15735 0
      vertex 3.17197 3.86505 8
      vertex 2.77785 4.15735 8
    endloop
  endfacet
  facet normal -0.5957 -0.803207 -0
    outer loop
      vertex 3.17197 3.86505 8
      vertex 2.77785 4.15735 0
      vertex 3.17197 3.86505 0
    endloop
  endfacet
  facet normal 0.049075 -0.998795 0
    outer loop
      vertex -0.490086 4.97592 0
      vertex 0 5 8
      vertex -0.490086 4.97592 8
    endloop
  endfacet
  facet normal 0.049075 -0.998795 0
    outer loop
      vertex 0 5 8
      vertex -0.490086 4.97592 0
      vertex 0 5 0
    endloop
  endfacet
  facet normal -0.803207 -0.5957 -1.02197e-18
    outer loop
      vertex 4.15735 2.77785 0
      vertex 3.86505 3.17197 8
      vertex 3.86505 3.17197 0
    endloop
  endfacet
  facet normal -0.803207 -0.5957 -1.02197e-18
    outer loop
      vertex 3.86505 3.17197 8
      vertex 4.15735 2.77785 0
      vertex 4.15735 2.77785 8
    endloop
  endfacet
  facet normal -0.514103 -0.857728 0
    outer loop
      vertex 2.35698 4.40961 0
      vertex 2.77785 4.15735 8
      vertex 2.35698 4.40961 8
    endloop
  endfacet
  facet normal -0.514103 -0.857728 -0
    outer loop
      vertex 2.77785 4.15735 8
      vertex 2.35698 4.40961 0
      vertex 2.77785 4.15735 0
    endloop
  endfacet
  facet normal -0.427558 0.903988 0
    outer loop
      vertex 2.35698 -4.40961 0
      vertex 1.91342 -4.6194 8
      vertex 2.35698 -4.40961 8
    endloop
  endfacet
  facet normal -0.427558 0.903988 0
    outer loop
      vertex 1.91342 -4.6194 8
      vertex 2.35698 -4.40961 0
      vertex 1.91342 -4.6194 0
    endloop
  endfacet
  facet normal 0.941548 0.336879 -1.57673e-18
    outer loop
      vertex -4.6194 -1.91342 8
      vertex -4.7847 -1.45142 0
      vertex -4.7847 -1.45142 8
    endloop
  endfacet
  facet normal 0.941548 0.336879 -1.57673e-18
    outer loop
      vertex -4.7847 -1.45142 0
      vertex -4.6194 -1.91342 8
      vertex -4.6194 -1.91342 0
    endloop
  endfacet
  facet normal -0.242992 -0.970028 0
    outer loop
      vertex 0.975451 4.90393 0
      vertex 1.45142 4.7847 8
      vertex 0.975451 4.90393 8
    endloop
  endfacet
  facet normal -0.242992 -0.970028 -0
    outer loop
      vertex 1.45142 4.7847 8
      vertex 0.975451 4.90393 0
      vertex 1.45142 4.7847 0
    endloop
  endfacet
  facet normal 0.740943 -0.671568 -9.52778e-21
    outer loop
      vertex -3.86505 3.17197 8
      vertex -3.53553 3.53553 0
      vertex -3.53553 3.53553 8
    endloop
  endfacet
  facet normal 0.740943 -0.671568 -9.52778e-21
    outer loop
      vertex -3.53553 3.53553 0
      vertex -3.86505 3.17197 8
      vertex -3.86505 3.17197 0
    endloop
  endfacet
  facet normal -0.998795 0.049075 -1.46825e-21
    outer loop
      vertex 4.97592 -0.490086 0
      vertex 5 0 8
      vertex 5 0 0
    endloop
  endfacet
  facet normal -0.998795 0.049075 -1.46825e-21
    outer loop
      vertex 5 0 8
      vertex 4.97592 -0.490086 0
      vertex 4.97592 -0.490086 8
    endloop
  endfacet
  facet normal 0.146716 -0.989179 0
    outer loop
      vertex -0.975451 4.90393 0
      vertex -0.490086 4.97592 8
      vertex -0.975451 4.90393 8
    endloop
  endfacet
  facet normal 0.146716 -0.989179 0
    outer loop
      vertex -0.490086 4.97592 8
      vertex -0.975451 4.90393 0
      vertex -0.490086 4.97592 0
    endloop
  endfacet
  facet normal 0.427558 -0.903988 0
    outer loop
      vertex -2.35698 4.40961 0
      vertex -1.91342 4.6194 8
      vertex -2.35698 4.40961 8
    endloop
  endfacet
  facet normal 0.427558 -0.903988 0
    outer loop
      vertex -1.91342 4.6194 8
      vertex -2.35698 4.40961 0
      vertex -1.91342 4.6194 0
    endloop
  endfacet
  facet normal 0.989179 -0.146716 7.9238e-19
    outer loop
      vertex -4.97592 0.490086 8
      vertex -4.90393 0.975451 0
      vertex -4.90393 0.975451 8
    endloop
  endfacet
  facet normal 0.989179 -0.146716 7.9238e-19
    outer loop
      vertex -4.90393 0.975451 0
      vertex -4.97592 0.490086 8
      vertex -4.97592 0.490086 0
    endloop
  endfacet
  facet normal -0.146716 0.989179 0
    outer loop
      vertex 0.975451 -4.90393 0
      vertex 0.490086 -4.97592 8
      vertex 0.975451 -4.90393 8
    endloop
  endfacet
  facet normal -0.146716 0.989179 0
    outer loop
      vertex 0.490086 -4.97592 8
      vertex 0.975451 -4.90393 0
      vertex 0.490086 -4.97592 0
    endloop
  endfacet
  facet normal -0.941548 -0.336879 -1.57673e-18
    outer loop
      vertex 4.7847 1.45142 0
      vertex 4.6194 1.91342 8
      vertex 4.6194 1.91342 0
    endloop
  endfacet
  facet normal -0.941548 -0.336879 -1.57673e-18
    outer loop
      vertex 4.6194 1.91342 8
      vertex 4.7847 1.45142 0
      vertex 4.7847 1.45142 8
    endloop
  endfacet
  facet normal -0.740943 0.671568 -9.52778e-21
    outer loop
      vertex 3.53553 -3.53553 0
      vertex 3.86505 -3.17197 8
      vertex 3.86505 -3.17197 0
    endloop
  endfacet
  facet normal -0.740943 0.671568 -9.52778e-21
    outer loop
      vertex 3.86505 -3.17197 8
      vertex 3.53553 -3.53553 0
      vertex 3.53553 -3.53553 8
    endloop
  endfacet
  facet normal -0.803207 0.5957 1.02197e-18
    outer loop
      vertex 3.86505 -3.17197 0
      vertex 4.15735 -2.77785 8
      vertex 4.15735 -2.77785 0
    endloop
  endfacet
  facet normal -0.803207 0.5957 1.02197e-18
    outer loop
      vertex 4.15735 -2.77785 8
      vertex 3.86505 -3.17197 0
      vertex 3.86505 -3.17197 8
    endloop
  endfacet
  facet normal -0.941548 0.336879 1.57673e-18
    outer loop
      vertex 4.6194 -1.91342 0
      vertex 4.7847 -1.45142 8
      vertex 4.7847 -1.45142 0
    endloop
  endfacet
  facet normal -0.941548 0.336879 1.57673e-18
    outer loop
      vertex 4.7847 -1.45142 8
      vertex 4.6194 -1.91342 0
      vertex 4.6194 -1.91342 8
    endloop
  endfacet
  facet normal 0.242992 -0.970028 0
    outer loop
      vertex -1.45142 4.7847 0
      vertex -0.975451 4.90393 8
      vertex -1.45142 4.7847 8
    endloop
  endfacet
  facet normal 0.242992 -0.970028 0
    outer loop
      vertex -0.975451 4.90393 8
      vertex -1.45142 4.7847 0
      vertex -0.975451 4.90393 0
    endloop
  endfacet
  facet normal 0.903988 0.427558 -1.97056e-19
    outer loop
      vertex -4.40961 -2.35698 8
      vertex -4.6194 -1.91342 0
      vertex -4.6194 -1.91342 8
    endloop
  endfacet
  facet normal 0.903988 0.427558 -1.97056e-19
    outer loop
      vertex -4.6194 -1.91342 0
      vertex -4.40961 -2.35698 8
      vertex -4.40961 -2.35698 0
    endloop
  endfacet
  facet normal -0.903988 -0.427558 -1.97056e-19
    outer loop
      vertex 4.6194 1.91342 0
      vertex 4.40961 2.35698 8
      vertex 4.40961 2.35698 0
    endloop
  endfacet
  facet normal -0.903988 -0.427558 -1.97056e-19
    outer loop
      vertex 4.40961 2.35698 8
      vertex 4.6194 1.91342 0
      vertex 4.6194 1.91342 8
    endloop
  endfacet
  facet normal 0.671568 -0.740943 0
    outer loop
      vertex -3.53553 3.53553 0
      vertex -3.17197 3.86505 8
      vertex -3.53553 3.53553 8
    endloop
  endfacet
  facet normal 0.671568 -0.740943 0
    outer loop
      vertex -3.17197 3.86505 8
      vertex -3.53553 3.53553 0
      vertex -3.17197 3.86505 0
    endloop
  endfacet
  facet normal 0.740943 0.671568 9.52778e-21
    outer loop
      vertex -3.53553 -3.53553 8
      vertex -3.86505 -3.17197 0
      vertex -3.86505 -3.17197 8
    endloop
  endfacet
  facet normal 0.740943 0.671568 9.52778e-21
    outer loop
      vertex -3.86505 -3.17197 0
      vertex -3.53553 -3.53553 8
      vertex -3.53553 -3.53553 0
    endloop
  endfacet
  facet normal 0.857728 0.514103 1.23044e-18
    outer loop
      vertex -4.15735 -2.77785 8
      vertex -4.40961 -2.35698 0
      vertex -4.40961 -2.35698 8
    endloop
  endfacet
  facet normal 0.857728 0.514103 1.23044e-18
    outer loop
      vertex -4.40961 -2.35698 0
      vertex -4.15735 -2.77785 8
      vertex -4.15735 -2.77785 0
    endloop
  endfacet
  facet normal 0.336879 -0.941548 0
    outer loop
      vertex -1.91342 4.6194 0
      vertex -1.45142 4.7847 8
      vertex -1.91342 4.6194 8
    endloop
  endfacet
  facet normal 0.336879 -0.941548 0
    outer loop
      vertex -1.45142 4.7847 8
      vertex -1.91342 4.6194 0
      vertex -1.45142 4.7847 0
    endloop
  endfacet
  facet normal 0.514103 0.857728 -0
    outer loop
      vertex -2.35698 -4.40961 0
      vertex -2.77785 -4.15735 8
      vertex -2.35698 -4.40961 8
    endloop
  endfacet
  facet normal 0.514103 0.857728 0
    outer loop
      vertex -2.77785 -4.15735 8
      vertex -2.35698 -4.40961 0
      vertex -2.77785 -4.15735 0
    endloop
  endfacet
  facet normal 0.941548 -0.336879 1.57673e-18
    outer loop
      vertex -4.7847 1.45142 8
      vertex -4.6194 1.91342 0
      vertex -4.6194 1.91342 8
    endloop
  endfacet
  facet normal 0.941548 -0.336879 1.57673e-18
    outer loop
      vertex -4.6194 1.91342 0
      vertex -4.7847 1.45142 8
      vertex -4.7847 1.45142 0
    endloop
  endfacet
  facet normal -0.5957 0.803207 0
    outer loop
      vertex 3.17197 -3.86505 0
      vertex 2.77785 -4.15735 8
      vertex 3.17197 -3.86505 8
    endloop
  endfacet
  facet normal -0.5957 0.803207 0
    outer loop
      vertex 2.77785 -4.15735 8
      vertex 3.17197 -3.86505 0
      vertex 2.77785 -4.15735 0
    endloop
  endfacet
  facet normal -0.740943 -0.671568 9.52778e-21
    outer loop
      vertex 3.86505 3.17197 0
      vertex 3.53553 3.53553 8
      vertex 3.53553 3.53553 0
    endloop
  endfacet
  facet normal -0.740943 -0.671568 9.52778e-21
    outer loop
      vertex 3.53553 3.53553 8
      vertex 3.86505 3.17197 0
      vertex 3.86505 3.17197 8
    endloop
  endfacet
  facet normal 0.803207 0.5957 -1.02197e-18
    outer loop
      vertex -3.86505 -3.17197 8
      vertex -4.15735 -2.77785 0
      vertex -4.15735 -2.77785 8
    endloop
  endfacet
  facet normal 0.803207 0.5957 -1.02197e-18
    outer loop
      vertex -4.15735 -2.77785 0
      vertex -3.86505 -3.17197 8
      vertex -3.86505 -3.17197 0
    endloop
  endfacet
  facet normal 0.514103 -0.857728 0
    outer loop
      vertex -2.77785 4.15735 0
      vertex -2.35698 4.40961 8
      vertex -2.77785 4.15735 8
    endloop
  endfacet
  facet normal 0.514103 -0.857728 0
    outer loop
      vertex -2.35698 4.40961 8
      vertex -2.77785 4.15735 0
      vertex -2.35698 4.40961 0
    endloop
  endfacet
  facet normal 0.989179 0.146716 -7.9238e-19
    outer loop
      vertex -4.90393 -0.975451 8
      vertex -4.97592 -0.490086 0
      vertex -4.97592 -0.490086 8
    endloop
  endfacet
  facet normal 0.989179 0.146716 -7.9238e-19
    outer loop
      vertex -4.97592 -0.490086 0
      vertex -4.90393 -0.975451 8
      vertex -4.90393 -0.975451 0
    endloop
  endfacet
  facet normal 0.903988 -0.427558 1.97056e-19
    outer loop
      vertex -4.6194 1.91342 8
      vertex -4.40961 2.35698 0
      vertex -4.40961 2.35698 8
    endloop
  endfacet
  facet normal 0.903988 -0.427558 1.97056e-19
    outer loop
      vertex -4.40961 2.35698 0
      vertex -4.6194 1.91342 8
      vertex -4.6194 1.91342 0
    endloop
  endfacet
  facet normal -0.514103 0.857728 0
    outer loop
      vertex 2.77785 -4.15735 0
      vertex 2.35698 -4.40961 8
      vertex 2.77785 -4.15735 8
    endloop
  endfacet
  facet normal -0.514103 0.857728 0
    outer loop
      vertex 2.35698 -4.40961 8
      vertex 2.77785 -4.15735 0
      vertex 2.35698 -4.40961 0
    endloop
  endfacet
  facet normal 0.671568 0.740943 -0
    outer loop
      vertex -3.17197 -3.86505 0
      vertex -3.53553 -3.53553 8
      vertex -3.17197 -3.86505 8
    endloop
  endfacet
  facet normal 0.671568 0.740943 0
    outer loop
      vertex -3.53553 -3.53553 8
      vertex -3.17197 -3.86505 0
      vertex -3.53553 -3.53553 0
    endloop
  endfacet
  facet normal 0.803207 -0.5957 1.02197e-18
    outer loop
      vertex -4.15735 2.77785 8
      vertex -3.86505 3.17197 0
      vertex -3.86505 3.17197 8
    endloop
  endfacet
  facet normal 0.803207 -0.5957 1.02197e-18
    outer loop
      vertex -3.86505 3.17197 0
      vertex -4.15735 2.77785 8
      vertex -4.15735 2.77785 0
    endloop
  endfacet
  facet normal 0.049075 0.998795 -0
    outer loop
      vertex 0 -5 0
      vertex -0.490086 -4.97592 8
      vertex 0 -5 8
    endloop
  endfacet
  facet normal 0.049075 0.998795 0
    outer loop
      vertex -0.490086 -4.97592 8
      vertex 0 -5 0
      vertex -0.490086 -4.97592 0
    endloop
  endfacet
  facet normal 0.998795 -0.049075 -1.46825e-21
    outer loop
      vertex -5 0 8
      vertex -4.97592 0.490086 0
      vertex -4.97592 0.490086 8
    endloop
  endfacet
  facet normal 0.998795 -0.049075 -1.46825e-21
    outer loop
      vertex -4.97592 0.490086 0
      vertex -5 0 8
      vertex -5 0 0
    endloop
  endfacet
  facet normal -0.671568 0.740943 0
    outer loop
      vertex 3.53553 -3.53553 0
      vertex 3.17197 -3.86505 8
      vertex 3.53553 -3.53553 8
    endloop
  endfacet
  facet normal -0.671568 0.740943 0
    outer loop
      vertex 3.17197 -3.86505 8
      vertex 3.53553 -3.53553 0
      vertex 3.17197 -3.86505 0
    endloop
  endfacet
endsolid OpenSCAD_Model
