solid OpenSCAD_Model
  facet normal 0.8819212643483529 2.19014869229387e-18 0.47139673682600125
    outer loop
      vertex 17.52179274798194 0.5 12.887706508215857
      vertex 17.66964862031593 0.5 12.611087627168637
      vertex 17.66964862031593 3 12.611087627168637
    endloop
  endfacet
  facet normal 0.7730104533627428 0 0.6343932841636385
    outer loop
      vertex 17.868629150101523 0.5 12.368629150101523
      vertex 17.868629150101523 3 12.368629150101523
      vertex 17.66964862031593 0.5 12.611087627168637
    endloop
  endfacet
  facet normal 0.9569403357322079 0 0.2902846772544656
    outer loop
      vertex 17.52179274798194 0.5 12.887706508215857
      vertex 17.52179274798194 3 12.887706508215857
      vertex 17.43074355135483 0.5 13.187855484774195
    endloop
  endfacet
  facet normal 0.9951847266721969 0 0.09801714032956074
    outer loop
      vertex 17.43074355135483 0.5 13.187855484774195
      vertex 17.43074355135483 3 13.187855484774195
      vertex 17.4 0.5 13.5
    endloop
  endfacet
  facet normal 0.9951847266721969 0 -0.09801714032956074
    outer loop
      vertex 17.4 0.5 13.5
      vertex 17.4 3 13.5
      vertex 17.43074355135483 0.5 13.812144515225805
    endloop
  endfacet
  facet normal 0.8819212643483529 0 0.47139673682600125
    outer loop
      vertex 17.52179274798194 0.5 12.887706508215857
      vertex 17.66964862031593 3 12.611087627168637
      vertex 17.52179274798194 3 12.887706508215857
    endloop
  endfacet
  facet normal 0.6343932841636418 0 0.77301045336274
    outer loop
      vertex 17.868629150101523 0.5 12.368629150101523
      vertex 18.111087627168637 3 12.169648620315927
      vertex 17.868629150101523 3 12.368629150101523
    endloop
  endfacet
  facet normal 0.7730104533627428 0 0.6343932841636385
    outer loop
      vertex 17.66964862031593 0.5 12.611087627168637
      vertex 17.868629150101523 3 12.368629150101523
      vertex 17.66964862031593 3 12.611087627168637
    endloop
  endfacet
  facet normal 0.9569403357322079 0 0.2902846772544656
    outer loop
      vertex 17.43074355135483 0.5 13.187855484774195
      vertex 17.52179274798194 3 12.887706508215857
      vertex 17.43074355135483 3 13.187855484774195
    endloop
  endfacet
  facet normal 0.9951847266721969 0 0.09801714032956074
    outer loop
      vertex 17.4 0.5 13.5
      vertex 17.43074355135483 3 13.187855484774195
      vertex 17.4 3 13.5
    endloop
  endfacet
  facet normal 0.9951847266721969 0 -0.09801714032956074
    outer loop
      vertex 17.43074355135483 0.5 13.812144515225805
      vertex 17.4 3 13.5
      vertex 17.43074355135483 3 13.812144515225805
    endloop
  endfacet
  facet normal 0.6343932841636418 -2.3474033346382727e-18 0.77301045336274
    outer loop
      vertex 17.868629150101523 0.5 12.368629150101523
      vertex 18.111087627168637 0.5 12.169648620315927
      vertex 18.111087627168637 3 12.169648620315927
    endloop
  endfacet
  facet normal 0.4713967368259969 3.8322414905663515e-18 0.8819212643483555
    outer loop
      vertex 18.111087627168637 0.5 12.169648620315927
      vertex 18.387706508215857 0.5 12.02179274798194
      vertex 18.387706508215857 3 12.02179274798194
    endloop
  endfacet
  facet normal 0.29028467725445883 -1.847498864655812e-18 0.9569403357322099
    outer loop
      vertex 18.387706508215857 0.5 12.02179274798194
      vertex 18.687855484774197 0.5 11.930743551354832
      vertex 18.687855484774197 3 11.930743551354832
    endloop
  endfacet
  facet normal 0.4713967368259969 0 0.8819212643483555
    outer loop
      vertex 18.111087627168637 0.5 12.169648620315927
      vertex 18.387706508215857 3 12.02179274798194
      vertex 18.111087627168637 3 12.169648620315927
    endloop
  endfacet
  facet normal 0.29028467725445883 0 0.9569403357322099
    outer loop
      vertex 18.387706508215857 0.5 12.02179274798194
      vertex 18.687855484774197 3 11.930743551354832
      vertex 18.387706508215857 3 12.02179274798194
    endloop
  endfacet
  facet normal 0.9569403357322079 0 -0.2902846772544656
    outer loop
      vertex 17.43074355135483 0.5 13.812144515225805
      vertex 17.43074355135483 3 13.812144515225805
      vertex 17.52179274798194 0.5 14.112293491784143
    endloop
  endfacet
  facet normal 0.8819212643483529 0 -0.47139673682600125
    outer loop
      vertex 17.52179274798194 0.5 14.112293491784143
      vertex 17.52179274798194 3 14.112293491784143
      vertex 17.66964862031593 0.5 14.388912372831363
    endloop
  endfacet
  facet normal 0.7730104533627404 0 -0.6343932841636412
    outer loop
      vertex 17.66964862031593 0.5 14.388912372831363
      vertex 17.66964862031593 3 14.388912372831363
      vertex 17.868629150101523 0.5 14.631370849898476
    endloop
  endfacet
  facet normal 0.6343932841636453 0 -0.7730104533627372
    outer loop
      vertex 17.868629150101523 0.5 14.631370849898476
      vertex 17.868629150101523 3 14.631370849898476
      vertex 18.111087627168637 0.5 14.830351379684073
    endloop
  endfacet
  facet normal 0.9569403357322079 0 -0.2902846772544656
    outer loop
      vertex 17.52179274798194 0.5 14.112293491784143
      vertex 17.43074355135483 3 13.812144515225805
      vertex 17.52179274798194 3 14.112293491784143
    endloop
  endfacet
  facet normal 0.8819212643483529 -2.19014869229387e-18 -0.47139673682600125
    outer loop
      vertex 17.52179274798194 3 14.112293491784143
      vertex 17.66964862031593 3 14.388912372831363
      vertex 17.66964862031593 0.5 14.388912372831363
    endloop
  endfacet
  facet normal 0.7730104533627404 0 -0.6343932841636412
    outer loop
      vertex 17.868629150101523 0.5 14.631370849898476
      vertex 17.66964862031593 3 14.388912372831363
      vertex 17.868629150101523 3 14.631370849898476
    endloop
  endfacet
  facet normal 0.4713967368259969 0 -0.8819212643483555
    outer loop
      vertex 18.111087627168637 0.5 14.830351379684073
      vertex 18.111087627168637 3 14.830351379684073
      vertex 18.387706508215857 0.5 14.97820725201806
    endloop
  endfacet
  facet normal 0.29028467725445883 0 -0.9569403357322099
    outer loop
      vertex 18.387706508215857 0.5 14.97820725201806
      vertex 18.387706508215857 3 14.97820725201806
      vertex 18.687855484774197 0.5 15.069256448645168
    endloop
  endfacet
  facet normal 0.6343932841636453 0 -0.7730104533627372
    outer loop
      vertex 18.111087627168637 0.5 14.830351379684073
      vertex 17.868629150101523 3 14.631370849898476
      vertex 18.111087627168637 3 14.830351379684073
    endloop
  endfacet
  facet normal 0.4713967368259969 0 -0.8819212643483555
    outer loop
      vertex 18.387706508215857 0.5 14.97820725201806
      vertex 18.111087627168637 3 14.830351379684073
      vertex 18.387706508215857 3 14.97820725201806
    endloop
  endfacet
  facet normal 0.29028467725445883 0 -0.9569403357322099
    outer loop
      vertex 18.687855484774197 0.5 15.069256448645168
      vertex 18.387706508215857 3 14.97820725201806
      vertex 18.687855484774197 3 15.069256448645168
    endloop
  endfacet
  facet normal 0.0980171403295613 3.2567606652822275e-19 0.9951847266721969
    outer loop
      vertex 18.687855484774197 0.5 11.930743551354832
      vertex 19 0.5 11.9
      vertex 19 3 11.9
    endloop
  endfacet
  facet normal -0.0980171403295613 -3.2567606652822275e-19 0.9951847266721969
    outer loop
      vertex 19 0.5 11.9
      vertex 19.312144515225803 0.5 11.930743551354832
      vertex 19.312144515225803 3 11.930743551354832
    endloop
  endfacet
  facet normal 0.0980171403295613 0 0.9951847266721969
    outer loop
      vertex 18.687855484774197 0.5 11.930743551354832
      vertex 19 3 11.9
      vertex 18.687855484774197 3 11.930743551354832
    endloop
  endfacet
  facet normal -0.0980171403295613 0 0.9951847266721969
    outer loop
      vertex 19 0.5 11.9
      vertex 19.312144515225803 3 11.930743551354832
      vertex 19 3 11.9
    endloop
  endfacet
  facet normal -0.29028467725445883 1.847498864655812e-18 0.9569403357322099
    outer loop
      vertex 19.312144515225803 0.5 11.930743551354832
      vertex 19.612293491784143 0.5 12.02179274798194
      vertex 19.612293491784143 3 12.02179274798194
    endloop
  endfacet
  facet normal -0.4713967368259969 -3.8322414905663515e-18 0.8819212643483555
    outer loop
      vertex 19.612293491784143 0.5 12.02179274798194
      vertex 19.888912372831363 0.5 12.169648620315927
      vertex 19.888912372831363 3 12.169648620315927
    endloop
  endfacet
  facet normal -0.6343932841636418 2.3474033346382727e-18 0.77301045336274
    outer loop
      vertex 19.888912372831363 0.5 12.169648620315927
      vertex 20.131370849898477 0.5 12.368629150101523
      vertex 20.131370849898477 3 12.368629150101523
    endloop
  endfacet
  facet normal -0.29028467725445883 0 0.9569403357322099
    outer loop
      vertex 19.312144515225803 0.5 11.930743551354832
      vertex 19.612293491784143 3 12.02179274798194
      vertex 19.312144515225803 3 11.930743551354832
    endloop
  endfacet
  facet normal -0.4713967368259969 0 0.8819212643483555
    outer loop
      vertex 19.612293491784143 0.5 12.02179274798194
      vertex 19.888912372831363 3 12.169648620315927
      vertex 19.612293491784143 3 12.02179274798194
    endloop
  endfacet
  facet normal -0.6343932841636418 0 0.77301045336274
    outer loop
      vertex 19.888912372831363 0.5 12.169648620315927
      vertex 20.131370849898477 3 12.368629150101523
      vertex 19.888912372831363 3 12.169648620315927
    endloop
  endfacet
  facet normal 0.0980171403295613 0 -0.9951847266721969
    outer loop
      vertex 18.687855484774197 0.5 15.069256448645168
      vertex 18.687855484774197 3 15.069256448645168
      vertex 19 0.5 15.1
    endloop
  endfacet
  facet normal -0.0980171403295613 0 -0.9951847266721969
    outer loop
      vertex 19 0.5 15.1
      vertex 19 3 15.1
      vertex 19.312144515225803 0.5 15.069256448645168
    endloop
  endfacet
  facet normal 0.0980171403295613 0 -0.9951847266721969
    outer loop
      vertex 19 0.5 15.1
      vertex 18.687855484774197 3 15.069256448645168
      vertex 19 3 15.1
    endloop
  endfacet
  facet normal -0.0980171403295613 0 -0.9951847266721969
    outer loop
      vertex 19.312144515225803 0.5 15.069256448645168
      vertex 19 3 15.1
      vertex 19.312144515225803 3 15.069256448645168
    endloop
  endfacet
  facet normal -0.6343932841636453 0 -0.7730104533627372
    outer loop
      vertex 19.888912372831363 0.5 14.830351379684073
      vertex 19.888912372831363 3 14.830351379684073
      vertex 20.131370849898477 0.5 14.631370849898476
    endloop
  endfacet
  facet normal -0.29028467725445883 0 -0.9569403357322099
    outer loop
      vertex 19.312144515225803 0.5 15.069256448645168
      vertex 19.312144515225803 3 15.069256448645168
      vertex 19.612293491784143 0.5 14.97820725201806
    endloop
  endfacet
  facet normal -0.4713967368259969 0 -0.8819212643483555
    outer loop
      vertex 19.612293491784143 0.5 14.97820725201806
      vertex 19.612293491784143 3 14.97820725201806
      vertex 19.888912372831363 0.5 14.830351379684073
    endloop
  endfacet
  facet normal -0.6343932841636453 -1.7335413548994234e-18 -0.7730104533627372
    outer loop
      vertex 19.888912372831363 3 14.830351379684073
      vertex 20.131370849898477 3 14.631370849898476
      vertex 20.131370849898477 0.5 14.631370849898476
    endloop
  endfacet
  facet normal -0.29028467725445883 0 -0.9569403357322099
    outer loop
      vertex 19.612293491784143 0.5 14.97820725201806
      vertex 19.312144515225803 3 15.069256448645168
      vertex 19.612293491784143 3 14.97820725201806
    endloop
  endfacet
  facet normal -0.4713967368259969 0 -0.8819212643483555
    outer loop
      vertex 19.888912372831363 0.5 14.830351379684073
      vertex 19.612293491784143 3 14.97820725201806
      vertex 19.888912372831363 3 14.830351379684073
    endloop
  endfacet
  facet normal -0.7730104533627372 1.7335413548994234e-18 0.6343932841636453
    outer loop
      vertex 20.131370849898477 0.5 12.368629150101523
      vertex 20.330351379684075 0.5 12.611087627168637
      vertex 20.330351379684075 3 12.611087627168637
    endloop
  endfacet
  facet normal -0.8819212643483578 3.3747479744479347e-18 0.47139673682599254
    outer loop
      vertex 20.330351379684075 0.5 12.611087627168637
      vertex 20.47820725201806 0.5 12.887706508215857
      vertex 20.47820725201806 3 12.887706508215857
    endloop
  endfacet
  facet normal -0.9569403357322079 1.5860645657668404e-18 0.2902846772544656
    outer loop
      vertex 20.47820725201806 0.5 12.887706508215857
      vertex 20.56925644864517 0.5 13.187855484774195
      vertex 20.56925644864517 3 13.187855484774195
    endloop
  endfacet
  facet normal -0.9951847266721969 8.2161499861810975e-19 0.09801714032956074
    outer loop
      vertex 20.56925644864517 0.5 13.187855484774195
      vertex 20.6 0.5 13.5
      vertex 20.6 3 13.5
    endloop
  endfacet
  facet normal -0.9951847266721969 -8.2161499861810975e-19 -0.09801714032956074
    outer loop
      vertex 20.6 0.5 13.5
      vertex 20.56925644864517 0.5 13.812144515225805
      vertex 20.56925644864517 3 13.812144515225805
    endloop
  endfacet
  facet normal -0.7730104533627372 0 0.6343932841636453
    outer loop
      vertex 20.131370849898477 0.5 12.368629150101523
      vertex 20.330351379684075 3 12.611087627168637
      vertex 20.131370849898477 3 12.368629150101523
    endloop
  endfacet
  facet normal -0.8819212643483578 0 0.47139673682599254
    outer loop
      vertex 20.330351379684075 0.5 12.611087627168637
      vertex 20.47820725201806 3 12.887706508215857
      vertex 20.330351379684075 3 12.611087627168637
    endloop
  endfacet
  facet normal -0.9569403357322079 0 0.2902846772544656
    outer loop
      vertex 20.47820725201806 0.5 12.887706508215857
      vertex 20.56925644864517 3 13.187855484774195
      vertex 20.47820725201806 3 12.887706508215857
    endloop
  endfacet
  facet normal -0.9951847266721969 0 0.09801714032956074
    outer loop
      vertex 20.56925644864517 0.5 13.187855484774195
      vertex 20.6 3 13.5
      vertex 20.56925644864517 3 13.187855484774195
    endloop
  endfacet
  facet normal -0.9951847266721969 0 -0.09801714032956074
    outer loop
      vertex 20.6 0.5 13.5
      vertex 20.56925644864517 3 13.812144515225805
      vertex 20.6 3 13.5
    endloop
  endfacet
  facet normal -0.773010453362735 0 -0.634393284163648
    outer loop
      vertex 20.131370849898477 0.5 14.631370849898476
      vertex 20.131370849898477 3 14.631370849898476
      vertex 20.330351379684075 0.5 14.388912372831363
    endloop
  endfacet
  facet normal -0.8819212643483578 -3.3747479744479347e-18 -0.47139673682599254
    outer loop
      vertex 20.47820725201806 0.5 14.112293491784143
      vertex 20.330351379684075 0.5 14.388912372831363
      vertex 20.330351379684075 3 14.388912372831363
    endloop
  endfacet
  facet normal -0.9569403357322079 0 -0.2902846772544656
    outer loop
      vertex 20.47820725201806 0.5 14.112293491784143
      vertex 20.47820725201806 3 14.112293491784143
      vertex 20.56925644864517 0.5 13.812144515225805
    endloop
  endfacet
  facet normal -0.8819212643483578 0 -0.47139673682599254
    outer loop
      vertex 20.47820725201806 0.5 14.112293491784143
      vertex 20.330351379684075 3 14.388912372831363
      vertex 20.47820725201806 3 14.112293491784143
    endloop
  endfacet
  facet normal -0.773010453362735 0 -0.634393284163648
    outer loop
      vertex 20.330351379684075 0.5 14.388912372831363
      vertex 20.131370849898477 3 14.631370849898476
      vertex 20.330351379684075 3 14.388912372831363
    endloop
  endfacet
  facet normal -0.9569403357322079 0 -0.2902846772544656
    outer loop
      vertex 20.56925644864517 0.5 13.812144515225805
      vertex 20.47820725201806 3 14.112293491784143
      vertex 20.56925644864517 3 13.812144515225805
    endloop
  endfacet
  facet normal 0.8819212643483555 3.8322414905663515e-18 0.4713967368259969
    outer loop
      vertex 6.021792747981941 0.5 12.887706508215857
      vertex 6.169648620315927 0.5 12.611087627168637
      vertex 6.169648620315927 3 12.611087627168637
    endloop
  endfacet
  facet normal 0.7730104533627364 0 0.6343932841636464
    outer loop
      vertex 6.3686291501015235 0.5 12.368629150101524
      vertex 6.3686291501015235 3 12.368629150101524
      vertex 6.169648620315927 0.5 12.611087627168637
    endloop
  endfacet
  facet normal 0.9569403357322095 0 0.29028467725446044
    outer loop
      vertex 6.021792747981941 0.5 12.887706508215857
      vertex 6.021792747981941 3 12.887706508215857
      vertex 5.930743551354832 0.5 13.187855484774195
    endloop
  endfacet
  facet normal 0.9951847266721969 0 0.09801714032956074
    outer loop
      vertex 5.930743551354832 0.5 13.187855484774195
      vertex 5.930743551354832 3 13.187855484774195
      vertex 5.9 0.5 13.5
    endloop
  endfacet
  facet normal 0.9951847266721969 0 -0.09801714032956074
    outer loop
      vertex 5.9 0.5 13.5
      vertex 5.9 3 13.5
      vertex 5.930743551354832 0.5 13.812144515225805
    endloop
  endfacet
  facet normal 0.8819212643483555 0 0.4713967368259969
    outer loop
      vertex 6.021792747981941 0.5 12.887706508215857
      vertex 6.169648620315927 3 12.611087627168637
      vertex 6.021792747981941 3 12.887706508215857
    endloop
  endfacet
  facet normal 0.6343932841636466 0 0.7730104533627361
    outer loop
      vertex 6.3686291501015235 0.5 12.368629150101524
      vertex 6.6110876271686365 3 12.169648620315927
      vertex 6.3686291501015235 3 12.368629150101524
    endloop
  endfacet
  facet normal 0.7730104533627364 0 0.6343932841636464
    outer loop
      vertex 6.169648620315927 0.5 12.611087627168637
      vertex 6.3686291501015235 3 12.368629150101524
      vertex 6.169648620315927 3 12.611087627168637
    endloop
  endfacet
  facet normal 0.9569403357322095 0 0.29028467725446044
    outer loop
      vertex 5.930743551354832 0.5 13.187855484774195
      vertex 6.021792747981941 3 12.887706508215857
      vertex 5.930743551354832 3 13.187855484774195
    endloop
  endfacet
  facet normal 0.9951847266721969 0 0.09801714032956074
    outer loop
      vertex 5.9 0.5 13.5
      vertex 5.930743551354832 3 13.187855484774195
      vertex 5.9 3 13.5
    endloop
  endfacet
  facet normal 0.9951847266721969 0 -0.09801714032956074
    outer loop
      vertex 5.930743551354832 0.5 13.812144515225805
      vertex 5.9 3 13.5
      vertex 5.930743551354832 3 13.812144515225805
    endloop
  endfacet
  facet normal 0.6343932841636466 2.960827651819399e-18 0.7730104533627361
    outer loop
      vertex 6.3686291501015235 0.5 12.368629150101524
      vertex 6.6110876271686365 0.5 12.169648620315927
      vertex 6.6110876271686365 3 12.169648620315927
    endloop
  endfacet
  facet normal 0.4713967368259969 3.8322414905663515e-18 0.8819212643483555
    outer loop
      vertex 6.6110876271686365 0.5 12.169648620315927
      vertex 6.887706508215857 0.5 12.02179274798194
      vertex 6.887706508215857 3 12.02179274798194
    endloop
  endfacet
  facet normal 0.29028467725446044 -1.5373440303889732e-19 0.9569403357322095
    outer loop
      vertex 6.887706508215857 0.5 12.02179274798194
      vertex 7.187855484774195 0.5 11.930743551354832
      vertex 7.187855484774195 3 11.930743551354832
    endloop
  endfacet
  facet normal 0.4713967368259969 0 0.8819212643483555
    outer loop
      vertex 6.6110876271686365 0.5 12.169648620315927
      vertex 6.887706508215857 3 12.02179274798194
      vertex 6.6110876271686365 3 12.169648620315927
    endloop
  endfacet
  facet normal 0.29028467725446044 0 0.9569403357322095
    outer loop
      vertex 6.887706508215857 0.5 12.02179274798194
      vertex 7.187855484774195 3 11.930743551354832
      vertex 6.887706508215857 3 12.02179274798194
    endloop
  endfacet
  facet normal 0.9569403357322095 0 -0.29028467725446044
    outer loop
      vertex 5.930743551354832 0.5 13.812144515225805
      vertex 5.930743551354832 3 13.812144515225805
      vertex 6.021792747981941 0.5 14.112293491784143
    endloop
  endfacet
  facet normal 0.8819212643483555 0 -0.4713967368259969
    outer loop
      vertex 6.021792747981941 0.5 14.112293491784143
      vertex 6.021792747981941 3 14.112293491784143
      vertex 6.169648620315927 0.5 14.388912372831363
    endloop
  endfacet
  facet normal 0.7730104533627364 0 -0.6343932841636464
    outer loop
      vertex 6.169648620315927 0.5 14.388912372831363
      vertex 6.169648620315927 3 14.388912372831363
      vertex 6.3686291501015235 0.5 14.631370849898476
    endloop
  endfacet
  facet normal 0.6343932841636466 0 -0.7730104533627361
    outer loop
      vertex 6.3686291501015235 0.5 14.631370849898476
      vertex 6.3686291501015235 3 14.631370849898476
      vertex 6.6110876271686365 0.5 14.830351379684073
    endloop
  endfacet
  facet normal 0.9569403357322095 0 -0.29028467725446044
    outer loop
      vertex 6.021792747981941 0.5 14.112293491784143
      vertex 5.930743551354832 3 13.812144515225805
      vertex 6.021792747981941 3 14.112293491784143
    endloop
  endfacet
  facet normal 0.8819212643483555 -3.8322414905663515e-18 -0.4713967368259969
    outer loop
      vertex 6.021792747981941 3 14.112293491784143
      vertex 6.169648620315927 3 14.388912372831363
      vertex 6.169648620315927 0.5 14.388912372831363
    endloop
  endfacet
  facet normal 0.7730104533627364 0 -0.6343932841636464
    outer loop
      vertex 6.3686291501015235 0.5 14.631370849898476
      vertex 6.169648620315927 3 14.388912372831363
      vertex 6.3686291501015235 3 14.631370849898476
    endloop
  endfacet
  facet normal 0.4713967368259969 0 -0.8819212643483555
    outer loop
      vertex 6.6110876271686365 0.5 14.830351379684073
      vertex 6.6110876271686365 3 14.830351379684073
      vertex 6.887706508215857 0.5 14.97820725201806
    endloop
  endfacet
  facet normal 0.29028467725446044 0 -0.9569403357322095
    outer loop
      vertex 6.887706508215857 0.5 14.97820725201806
      vertex 6.887706508215857 3 14.97820725201806
      vertex 7.187855484774195 0.5 15.069256448645168
    endloop
  endfacet
  facet normal 0.6343932841636466 0 -0.7730104533627361
    outer loop
      vertex 6.6110876271686365 0.5 14.830351379684073
      vertex 6.3686291501015235 3 14.631370849898476
      vertex 6.6110876271686365 3 14.830351379684073
    endloop
  endfacet
  facet normal 0.4713967368259969 0 -0.8819212643483555
    outer loop
      vertex 6.887706508215857 0.5 14.97820725201806
      vertex 6.6110876271686365 3 14.830351379684073
      vertex 6.887706508215857 3 14.97820725201806
    endloop
  endfacet
  facet normal 0.29028467725446044 0 -0.9569403357322095
    outer loop
      vertex 7.187855484774195 0.5 15.069256448645168
      vertex 6.887706508215857 3 14.97820725201806
      vertex 7.187855484774195 3 15.069256448645168
    endloop
  endfacet
  facet normal 0.09801714032956073 -8.216149986181097e-19 0.9951847266721968
    outer loop
      vertex 7.187855484774195 0.5 11.930743551354832
      vertex 7.5 0.5 11.9
      vertex 7.5 3 11.9
    endloop
  endfacet
  facet normal -0.09801714032956073 8.216149986181097e-19 0.9951847266721968
    outer loop
      vertex 7.5 0.5 11.9
      vertex 7.812144515225805 0.5 11.930743551354832
      vertex 7.812144515225805 3 11.930743551354832
    endloop
  endfacet
  facet normal 0.09801714032956073 0 0.9951847266721968
    outer loop
      vertex 7.187855484774195 0.5 11.930743551354832
      vertex 7.5 3 11.9
      vertex 7.187855484774195 3 11.930743551354832
    endloop
  endfacet
  facet normal -0.09801714032956073 0 0.9951847266721968
    outer loop
      vertex 7.5 0.5 11.9
      vertex 7.812144515225805 3 11.930743551354832
      vertex 7.5 3 11.9
    endloop
  endfacet
  facet normal -0.29028467725446044 1.5373440303889732e-19 0.9569403357322095
    outer loop
      vertex 7.812144515225805 0.5 11.930743551354832
      vertex 8.112293491784143 0.5 12.02179274798194
      vertex 8.112293491784143 3 12.02179274798194
    endloop
  endfacet
  facet normal -0.4713967368259969 -3.8322414905663515e-18 0.8819212643483555
    outer loop
      vertex 8.112293491784143 0.5 12.02179274798194
      vertex 8.388912372831363 0.5 12.169648620315927
      vertex 8.388912372831363 3 12.169648620315927
    endloop
  endfacet
  facet normal -0.634393284163648 1.1938856047485028e-18 0.773010453362735
    outer loop
      vertex 8.388912372831363 0.5 12.169648620315927
      vertex 8.631370849898476 0.5 12.368629150101524
      vertex 8.631370849898476 3 12.368629150101524
    endloop
  endfacet
  facet normal -0.29028467725446044 0 0.9569403357322095
    outer loop
      vertex 7.812144515225805 0.5 11.930743551354832
      vertex 8.112293491784143 3 12.02179274798194
      vertex 7.812144515225805 3 11.930743551354832
    endloop
  endfacet
  facet normal -0.4713967368259969 0 0.8819212643483555
    outer loop
      vertex 8.112293491784143 0.5 12.02179274798194
      vertex 8.388912372831363 3 12.169648620315927
      vertex 8.112293491784143 3 12.02179274798194
    endloop
  endfacet
  facet normal -0.634393284163648 0 0.773010453362735
    outer loop
      vertex 8.388912372831363 0.5 12.169648620315927
      vertex 8.631370849898476 3 12.368629150101524
      vertex 8.388912372831363 3 12.169648620315927
    endloop
  endfacet
  facet normal 0.09801714032956073 0 -0.9951847266721968
    outer loop
      vertex 7.187855484774195 0.5 15.069256448645168
      vertex 7.187855484774195 3 15.069256448645168
      vertex 7.5 0.5 15.1
    endloop
  endfacet
  facet normal -0.09801714032956073 0 -0.9951847266721968
    outer loop
      vertex 7.5 0.5 15.1
      vertex 7.5 3 15.1
      vertex 7.812144515225805 0.5 15.069256448645168
    endloop
  endfacet
  facet normal 0.09801714032956073 0 -0.9951847266721968
    outer loop
      vertex 7.5 0.5 15.1
      vertex 7.187855484774195 3 15.069256448645168
      vertex 7.5 3 15.1
    endloop
  endfacet
  facet normal -0.09801714032956073 0 -0.9951847266721968
    outer loop
      vertex 7.812144515225805 0.5 15.069256448645168
      vertex 7.5 3 15.1
      vertex 7.812144515225805 3 15.069256448645168
    endloop
  endfacet
  facet normal -0.634393284163648 0 -0.773010453362735
    outer loop
      vertex 8.388912372831363 0.5 14.830351379684073
      vertex 8.388912372831363 3 14.830351379684073
      vertex 8.631370849898476 0.5 14.631370849898476
    endloop
  endfacet
  facet normal -0.29028467725446044 0 -0.9569403357322095
    outer loop
      vertex 7.812144515225805 0.5 15.069256448645168
      vertex 7.812144515225805 3 15.069256448645168
      vertex 8.112293491784143 0.5 14.97820725201806
    endloop
  endfacet
  facet normal -0.4713967368259969 0 -0.8819212643483555
    outer loop
      vertex 8.112293491784143 0.5 14.97820725201806
      vertex 8.112293491784143 3 14.97820725201806
      vertex 8.388912372831363 0.5 14.830351379684073
    endloop
  endfacet
  facet normal -0.634393284163648 -1.1938856047485028e-18 -0.773010453362735
    outer loop
      vertex 8.388912372831363 3 14.830351379684073
      vertex 8.631370849898476 3 14.631370849898476
      vertex 8.631370849898476 0.5 14.631370849898476
    endloop
  endfacet
  facet normal -0.29028467725446044 0 -0.9569403357322095
    outer loop
      vertex 8.112293491784143 0.5 14.97820725201806
      vertex 7.812144515225805 3 15.069256448645168
      vertex 8.112293491784143 3 14.97820725201806
    endloop
  endfacet
  facet normal -0.4713967368259969 0 -0.8819212643483555
    outer loop
      vertex 8.388912372831363 0.5 14.830351379684073
      vertex 8.112293491784143 3 14.97820725201806
      vertex 8.388912372831363 3 14.830351379684073
    endloop
  endfacet
  facet normal -0.773010453362735 1.1938856047485028e-18 0.634393284163648
    outer loop
      vertex 8.631370849898476 0.5 12.368629150101524
      vertex 8.830351379684073 0.5 12.611087627168637
      vertex 8.830351379684073 3 12.611087627168637
    endloop
  endfacet
  facet normal -0.8819212643483555 -3.8322414905663515e-18 0.4713967368259969
    outer loop
      vertex 8.830351379684073 0.5 12.611087627168637
      vertex 8.97820725201806 0.5 12.887706508215857
      vertex 8.97820725201806 3 12.887706508215857
    endloop
  endfacet
  facet normal -0.9569403357322095 1.5373440303889732e-19 0.29028467725446044
    outer loop
      vertex 8.97820725201806 0.5 12.887706508215857
      vertex 9.069256448645168 0.5 13.187855484774195
      vertex 9.069256448645168 3 13.187855484774195
    endloop
  endfacet
  facet normal -0.9951847266721969 8.2161499861810975e-19 0.09801714032956074
    outer loop
      vertex 9.069256448645168 0.5 13.187855484774195
      vertex 9.1 0.5 13.5
      vertex 9.1 3 13.5
    endloop
  endfacet
  facet normal -0.9951847266721969 -8.2161499861810975e-19 -0.09801714032956074
    outer loop
      vertex 9.1 0.5 13.5
      vertex 9.069256448645168 0.5 13.812144515225805
      vertex 9.069256448645168 3 13.812144515225805
    endloop
  endfacet
  facet normal -0.773010453362735 0 0.634393284163648
    outer loop
      vertex 8.631370849898476 0.5 12.368629150101524
      vertex 8.830351379684073 3 12.611087627168637
      vertex 8.631370849898476 3 12.368629150101524
    endloop
  endfacet
  facet normal -0.8819212643483555 0 0.4713967368259969
    outer loop
      vertex 8.830351379684073 0.5 12.611087627168637
      vertex 8.97820725201806 3 12.887706508215857
      vertex 8.830351379684073 3 12.611087627168637
    endloop
  endfacet
  facet normal -0.9569403357322095 0 0.29028467725446044
    outer loop
      vertex 8.97820725201806 0.5 12.887706508215857
      vertex 9.069256448645168 3 13.187855484774195
      vertex 8.97820725201806 3 12.887706508215857
    endloop
  endfacet
  facet normal -0.9951847266721969 0 0.09801714032956074
    outer loop
      vertex 9.069256448645168 0.5 13.187855484774195
      vertex 9.1 3 13.5
      vertex 9.069256448645168 3 13.187855484774195
    endloop
  endfacet
  facet normal -0.9951847266721969 0 -0.09801714032956074
    outer loop
      vertex 9.1 0.5 13.5
      vertex 9.069256448645168 3 13.812144515225805
      vertex 9.1 3 13.5
    endloop
  endfacet
  facet normal -0.773010453362735 0 -0.634393284163648
    outer loop
      vertex 8.631370849898476 0.5 14.631370849898476
      vertex 8.631370849898476 3 14.631370849898476
      vertex 8.830351379684073 0.5 14.388912372831363
    endloop
  endfacet
  facet normal -0.8819212643483555 3.8322414905663515e-18 -0.4713967368259969
    outer loop
      vertex 8.97820725201806 0.5 14.112293491784143
      vertex 8.830351379684073 0.5 14.388912372831363
      vertex 8.830351379684073 3 14.388912372831363
    endloop
  endfacet
  facet normal -0.9569403357322095 0 -0.29028467725446044
    outer loop
      vertex 8.97820725201806 0.5 14.112293491784143
      vertex 8.97820725201806 3 14.112293491784143
      vertex 9.069256448645168 0.5 13.812144515225805
    endloop
  endfacet
  facet normal -0.8819212643483555 0 -0.4713967368259969
    outer loop
      vertex 8.97820725201806 0.5 14.112293491784143
      vertex 8.830351379684073 3 14.388912372831363
      vertex 8.97820725201806 3 14.112293491784143
    endloop
  endfacet
  facet normal -0.773010453362735 0 -0.634393284163648
    outer loop
      vertex 8.830351379684073 0.5 14.388912372831363
      vertex 8.631370849898476 3 14.631370849898476
      vertex 8.830351379684073 3 14.388912372831363
    endloop
  endfacet
  facet normal -0.9569403357322095 0 -0.29028467725446044
    outer loop
      vertex 9.069256448645168 0.5 13.812144515225805
      vertex 8.97820725201806 3 14.112293491784143
      vertex 9.069256448645168 3 13.812144515225805
    endloop
  endfacet
  facet normal 0.7730104533627404 0 0.6343932841636414
    outer loop
      vertex 16.29772376001673 0 11.694396742686294
      vertex 16.70190296114372 0.5 11.20190296114372
      vertex 16.29772376001673 0.5 11.694396742686294
    endloop
  endfacet
  facet normal 0.7730104533627404 -2.027128348569158e-17 0.6343932841636414
    outer loop
      vertex 16.29772376001673 0 11.694396742686294
      vertex 16.70190296114372 0 11.20190296114372
      vertex 16.70190296114372 0.5 11.20190296114372
    endloop
  endfacet
  facet normal 0.634393284163643 0 0.7730104533627391
    outer loop
      vertex 16.70190296114372 0 11.20190296114372
      vertex 17.194396742686294 0.5 10.797723760016728
      vertex 16.70190296114372 0.5 11.20190296114372
    endloop
  endfacet
  facet normal 0.634393284163643 2.500134182251972e-17 0.7730104533627391
    outer loop
      vertex 16.70190296114372 0 11.20190296114372
      vertex 17.194396742686294 0 10.797723760016728
      vertex 17.194396742686294 0.5 10.797723760016728
    endloop
  endfacet
  facet normal 0.9951847266721968 0 0.09801714032956015
    outer loop
      vertex 15.8124478386895 0 12.865956453447584
      vertex 15.8124478386895 0.5 12.865956453447584
      vertex 15.75 0 13.5
    endloop
  endfacet
  facet normal 0.9951847266721968 0 -0.09801714032956015
    outer loop
      vertex 15.75 0 13.5
      vertex 15.75 0.5 13.5
      vertex 15.8124478386895 0 14.134043546552416
    endloop
  endfacet
  facet normal 0.9951847266721968 -6.1348709856473236e-18 0.09801714032956015
    outer loop
      vertex 15.8124478386895 0.5 12.865956453447584
      vertex 15.75 0.5 13.5
      vertex 15.75 0 13.5
    endloop
  endfacet
  facet normal 0 -1 0
    outer loop
      vertex 15.8124478386895 0.5 12.865956453447584
      vertex 15.8124478386895 0.5 14.134043546552416
      vertex 15.75 0.5 13.5
    endloop
  endfacet
  facet normal 0.9951847266721968 0 -0.09801714032956015
    outer loop
      vertex 15.8124478386895 0 14.134043546552416
      vertex 15.75 0.5 13.5
      vertex 15.8124478386895 0.5 14.134043546552416
    endloop
  endfacet
  facet normal 0.9569403357322087 -3.999775669310578e-18 0.2902846772544632
    outer loop
      vertex 15.8124478386895 0 12.865956453447584
      vertex 15.997391519338318 0 12.256278844813458
      vertex 15.997391519338318 0.5 12.256278844813458
    endloop
  endfacet
  facet normal 0.8819212643483536 0 0.47139673682600025
    outer loop
      vertex 15.997391519338318 0 12.256278844813458
      vertex 16.29772376001673 0.5 11.694396742686294
      vertex 15.997391519338318 0.5 12.256278844813458
    endloop
  endfacet
  facet normal 0.9569403357322087 0 0.2902846772544632
    outer loop
      vertex 15.8124478386895 0 12.865956453447584
      vertex 15.997391519338318 0.5 12.256278844813458
      vertex 15.8124478386895 0.5 12.865956453447584
    endloop
  endfacet
  facet normal 0.8819212643483536 -2.285585125844284e-17 0.47139673682600025
    outer loop
      vertex 15.997391519338318 0 12.256278844813458
      vertex 16.29772376001673 0 11.694396742686294
      vertex 16.29772376001673 0.5 11.694396742686294
    endloop
  endfacet
  facet normal 0 -1 0
    outer loop
      vertex 15.8124478386895 0.5 12.865956453447584
      vertex 15.997391519338318 0.5 12.256278844813458
      vertex 15.997391519338318 0.5 14.743721155186542
    endloop
  endfacet
  facet normal 0 -1 0
    outer loop
      vertex 15.997391519338318 0.5 12.256278844813458
      vertex 16.29772376001673 0.5 11.694396742686294
      vertex 16.29772376001673 0.5 15.305603257313708
    endloop
  endfacet
  facet normal 0 -1 0
    outer loop
      vertex 16.70190296114372 0.5 11.20190296114372
      vertex 17.194396742686294 0.5 10.797723760016728
      vertex 17.194396742686294 0.5 16.20227623998327
    endloop
  endfacet
  facet normal 0 -1 0
    outer loop
      vertex 16.29772376001673 0.5 11.694396742686294
      vertex 16.70190296114372 0.5 11.20190296114372
      vertex 16.70190296114372 0.5 15.79809703885628
    endloop
  endfacet
  facet normal 0.9569403357322087 0 -0.2902846772544632
    outer loop
      vertex 15.8124478386895 0 14.134043546552416
      vertex 15.8124478386895 0.5 14.134043546552416
      vertex 15.997391519338318 0 14.743721155186542
    endloop
  endfacet
  facet normal 0 -1 0
    outer loop
      vertex 15.8124478386895 0.5 12.865956453447584
      vertex 15.997391519338318 0.5 14.743721155186542
      vertex 15.8124478386895 0.5 14.134043546552416
    endloop
  endfacet
  facet normal 0 -1 0
    outer loop
      vertex 15.997391519338318 0.5 12.256278844813458
      vertex 16.29772376001673 0.5 15.305603257313708
      vertex 15.997391519338318 0.5 14.743721155186542
    endloop
  endfacet
  facet normal 0.9569403357322087 3.999775669310578e-18 -0.2902846772544632
    outer loop
      vertex 15.8124478386895 0.5 14.134043546552416
      vertex 15.997391519338318 0.5 14.743721155186542
      vertex 15.997391519338318 0 14.743721155186542
    endloop
  endfacet
  facet normal 0 -1 0
    outer loop
      vertex 16.29772376001673 0.5 11.694396742686294
      vertex 16.70190296114372 0.5 15.79809703885628
      vertex 16.29772376001673 0.5 15.305603257313708
    endloop
  endfacet
  facet normal 0.8819212643483542 0 -0.47139673682599914
    outer loop
      vertex 15.997391519338318 0 14.743721155186542
      vertex 15.997391519338318 0.5 14.743721155186542
      vertex 16.29772376001673 0 15.305603257313708
    endloop
  endfacet
  facet normal 0.7730104533627392 0 -0.6343932841636427
    outer loop
      vertex 16.29772376001673 0 15.305603257313708
      vertex 16.29772376001673 0.5 15.305603257313708
      vertex 16.70190296114372 0 15.79809703885628
    endloop
  endfacet
  facet normal 0.8819212643483542 3.577298065053138e-18 -0.47139673682599914
    outer loop
      vertex 15.997391519338318 0.5 14.743721155186542
      vertex 16.29772376001673 0.5 15.305603257313708
      vertex 16.29772376001673 0 15.305603257313708
    endloop
  endfacet
  facet normal 0 -1 0
    outer loop
      vertex 16.70190296114372 0.5 11.20190296114372
      vertex 17.194396742686294 0.5 16.20227623998327
      vertex 16.70190296114372 0.5 15.79809703885628
    endloop
  endfacet
  facet normal 0.7730104533627392 8.723922471623577e-18 -0.6343932841636427
    outer loop
      vertex 16.29772376001673 0.5 15.305603257313708
      vertex 16.70190296114372 0.5 15.79809703885628
      vertex 16.70190296114372 0 15.79809703885628
    endloop
  endfacet
  facet normal 0.47139673682599814 -1.9410277716533918e-17 0.8819212643483548
    outer loop
      vertex 17.194396742686294 0 10.797723760016728
      vertex 17.75627884481346 0 10.497391519338318
      vertex 17.75627884481346 0.5 10.497391519338318
    endloop
  endfacet
  facet normal 0.47139673682599814 0 0.8819212643483548
    outer loop
      vertex 17.194396742686294 0 10.797723760016728
      vertex 17.75627884481346 0.5 10.497391519338318
      vertex 17.194396742686294 0.5 10.797723760016728
    endloop
  endfacet
  facet normal 0.2902846772544632 0 0.9569403357322087
    outer loop
      vertex 17.75627884481346 0 10.497391519338318
      vertex 18.365956453447584 0.5 10.3124478386895
      vertex 17.75627884481346 0.5 10.497391519338318
    endloop
  endfacet
  facet normal 0 -1 0
    outer loop
      vertex 17.194396742686294 0.5 10.797723760016728
      vertex 17.75627884481346 0.5 10.497391519338318
      vertex 17.66964862031593 0.5 12.611087627168637
    endloop
  endfacet
  facet normal 0 -1 0
    outer loop
      vertex 17.75627884481346 0.5 10.497391519338318
      vertex 18.111087627168637 0.5 12.169648620315927
      vertex 17.868629150101523 0.5 12.368629150101523
    endloop
  endfacet
  facet normal 0.2902846772544632 -3.999775669310578e-18 0.9569403357322087
    outer loop
      vertex 17.75627884481346 0 10.497391519338318
      vertex 18.365956453447584 0 10.3124478386895
      vertex 18.365956453447584 0.5 10.3124478386895
    endloop
  endfacet
  facet normal 0.09801714032956015 0 0.9951847266721968
    outer loop
      vertex 18.365956453447584 0 10.3124478386895
      vertex 19 0.5 10.25
      vertex 18.365956453447584 0.5 10.3124478386895
    endloop
  endfacet
  facet normal 0 -1 0
    outer loop
      vertex 17.75627884481346 0.5 10.497391519338318
      vertex 18.365956453447584 0.5 10.3124478386895
      vertex 18.111087627168637 0.5 12.169648620315927
    endloop
  endfacet
  facet normal 0 -1 0
    outer loop
      vertex 18.365956453447584 0.5 10.3124478386895
      vertex 18.387706508215857 0.5 12.02179274798194
      vertex 18.111087627168637 0.5 12.169648620315927
    endloop
  endfacet
  facet normal 0 -1 0
    outer loop
      vertex 18.365956453447584 0.5 10.3124478386895
      vertex 18.687855484774197 0.5 11.930743551354832
      vertex 18.387706508215857 0.5 12.02179274798194
    endloop
  endfacet
  facet normal 0 -1 0
    outer loop
      vertex 18.365956453447584 0.5 10.3124478386895
      vertex 19 0.5 11.9
      vertex 18.687855484774197 0.5 11.930743551354832
    endloop
  endfacet
  facet normal 0.09801714032956015 -6.1348709856473236e-18 0.9951847266721968
    outer loop
      vertex 18.365956453447584 0 10.3124478386895
      vertex 19 0 10.25
      vertex 19 0.5 10.25
    endloop
  endfacet
  facet normal 0 -1 0
    outer loop
      vertex 18.365956453447584 0.5 10.3124478386895
      vertex 19 0.5 10.25
      vertex 19 0.5 11.9
    endloop
  endfacet
  facet normal -0.09801714032956015 0 0.9951847266721968
    outer loop
      vertex 19 0 10.25
      vertex 19.634043546552416 0.5 10.3124478386895
      vertex 19 0.5 10.25
    endloop
  endfacet
  facet normal 0 -1 0
    outer loop
      vertex 19 0.5 10.25
      vertex 19.634043546552416 0.5 10.3124478386895
      vertex 19 0.5 11.9
    endloop
  endfacet
  facet normal 0 -1 0
    outer loop
      vertex 19.634043546552416 0.5 10.3124478386895
      vertex 19.312144515225803 0.5 11.930743551354832
      vertex 19 0.5 11.9
    endloop
  endfacet
  facet normal -0.09801714032956015 6.1348709856473236e-18 0.9951847266721968
    outer loop
      vertex 19 0 10.25
      vertex 19.634043546552416 0 10.3124478386895
      vertex 19.634043546552416 0.5 10.3124478386895
    endloop
  endfacet
  facet normal -0.2902846772544632 3.999775669310578e-18 0.9569403357322087
    outer loop
      vertex 19.634043546552416 0 10.3124478386895
      vertex 20.24372115518654 0 10.497391519338318
      vertex 20.24372115518654 0.5 10.497391519338318
    endloop
  endfacet
  facet normal -0.2902846772544632 0 0.9569403357322087
    outer loop
      vertex 19.634043546552416 0 10.3124478386895
      vertex 20.24372115518654 0.5 10.497391519338318
      vertex 19.634043546552416 0.5 10.3124478386895
    endloop
  endfacet
  facet normal 0 -1 0
    outer loop
      vertex 19.634043546552416 0.5 10.3124478386895
      vertex 19.612293491784143 0.5 12.02179274798194
      vertex 19.312144515225803 0.5 11.930743551354832
    endloop
  endfacet
  facet normal 0 -1 0
    outer loop
      vertex 19.634043546552416 0.5 10.3124478386895
      vertex 20.24372115518654 0.5 10.497391519338318
      vertex 19.612293491784143 0.5 12.02179274798194
    endloop
  endfacet
  facet normal 0 -1 0
    outer loop
      vertex 19.612293491784143 0.5 12.02179274798194
      vertex 20.24372115518654 0.5 10.497391519338318
      vertex 19.888912372831363 0.5 12.169648620315927
    endloop
  endfacet
  facet normal 0 -1 0
    outer loop
      vertex 19.888912372831363 0.5 12.169648620315927
      vertex 20.24372115518654 0.5 10.497391519338318
      vertex 20.131370849898477 0.5 12.368629150101523
    endloop
  endfacet
  facet normal 0 -1 0
    outer loop
      vertex 17.194396742686294 0.5 10.797723760016728
      vertex 17.52179274798194 0.5 12.887706508215857
      vertex 17.43074355135483 0.5 13.187855484774195
    endloop
  endfacet
  facet normal 0 -1 0
    outer loop
      vertex 17.194396742686294 0.5 10.797723760016728
      vertex 17.66964862031593 0.5 12.611087627168637
      vertex 17.52179274798194 0.5 12.887706508215857
    endloop
  endfacet
  facet normal 0 -1 0
    outer loop
      vertex 17.194396742686294 0.5 10.797723760016728
      vertex 17.43074355135483 0.5 13.187855484774195
      vertex 17.4 0.5 13.5
    endloop
  endfacet
  facet normal 0 -1 0
    outer loop
      vertex 17.75627884481346 0.5 10.497391519338318
      vertex 17.868629150101523 0.5 12.368629150101523
      vertex 17.66964862031593 0.5 12.611087627168637
    endloop
  endfacet
  facet normal 0 -1 0
    outer loop
      vertex 17.194396742686294 0.5 10.797723760016728
      vertex 17.4 0.5 13.5
      vertex 17.194396742686294 0.5 16.20227623998327
    endloop
  endfacet
  facet normal 0 -1 0
    outer loop
      vertex 17.4 0.5 13.5
      vertex 17.43074355135483 0.5 13.812144515225805
      vertex 17.194396742686294 0.5 16.20227623998327
    endloop
  endfacet
  facet normal 0 -1 0
    outer loop
      vertex 17.43074355135483 0.5 13.812144515225805
      vertex 17.52179274798194 0.5 14.112293491784143
      vertex 17.194396742686294 0.5 16.20227623998327
    endloop
  endfacet
  facet normal 0 -1 0
    outer loop
      vertex 17.52179274798194 0.5 14.112293491784143
      vertex 17.75627884481346 0.5 16.50260848066168
      vertex 17.194396742686294 0.5 16.20227623998327
    endloop
  endfacet
  facet normal 0 -1 0
    outer loop
      vertex 17.52179274798194 0.5 14.112293491784143
      vertex 17.66964862031593 0.5 14.388912372831363
      vertex 17.75627884481346 0.5 16.50260848066168
    endloop
  endfacet
  facet normal 0 -1 0
    outer loop
      vertex 17.66964862031593 0.5 14.388912372831363
      vertex 17.868629150101523 0.5 14.631370849898476
      vertex 17.75627884481346 0.5 16.50260848066168
    endloop
  endfacet
  facet normal 0 -1 0
    outer loop
      vertex 17.868629150101523 0.5 14.631370849898476
      vertex 18.111087627168637 0.5 14.830351379684073
      vertex 17.75627884481346 0.5 16.50260848066168
    endloop
  endfacet
  facet normal 0 -1 0
    outer loop
      vertex 18.111087627168637 0.5 14.830351379684073
      vertex 18.387706508215857 0.5 14.97820725201806
      vertex 17.75627884481346 0.5 16.50260848066168
    endloop
  endfacet
  facet normal 0 -1 0
    outer loop
      vertex 18.387706508215857 0.5 14.97820725201806
      vertex 18.687855484774197 0.5 15.069256448645168
      vertex 18.365956453447584 0.5 16.6875521613105
    endloop
  endfacet
  facet normal 0 -1 0
    outer loop
      vertex 18.365956453447584 0.5 16.6875521613105
      vertex 18.687855484774197 0.5 15.069256448645168
      vertex 19 0.5 15.1
    endloop
  endfacet
  facet normal 0 -1 0
    outer loop
      vertex 19 0.5 15.1
      vertex 19.312144515225803 0.5 15.069256448645168
      vertex 19.634043546552416 0.5 16.6875521613105
    endloop
  endfacet
  facet normal 0 -1 0
    outer loop
      vertex 19.312144515225803 0.5 15.069256448645168
      vertex 19.612293491784143 0.5 14.97820725201806
      vertex 19.634043546552416 0.5 16.6875521613105
    endloop
  endfacet
  facet normal 0 -1 0
    outer loop
      vertex 19.612293491784143 0.5 14.97820725201806
      vertex 19.888912372831363 0.5 14.830351379684073
      vertex 19.634043546552416 0.5 16.6875521613105
    endloop
  endfacet
  facet normal 0 -1 0
    outer loop
      vertex 19.888912372831363 0.5 14.830351379684073
      vertex 20.131370849898477 0.5 14.631370849898476
      vertex 20.24372115518654 0.5 16.50260848066168
    endloop
  endfacet
  facet normal -0.47139673682599814 0 0.8819212643483548
    outer loop
      vertex 20.24372115518654 0 10.497391519338318
      vertex 20.805603257313706 0.5 10.797723760016728
      vertex 20.24372115518654 0.5 10.497391519338318
    endloop
  endfacet
  facet normal -0.47139673682599814 1.9410277716533918e-17 0.8819212643483548
    outer loop
      vertex 20.24372115518654 0 10.497391519338318
      vertex 20.805603257313706 0 10.797723760016728
      vertex 20.805603257313706 0.5 10.797723760016728
    endloop
  endfacet
  facet normal 0 -1 0
    outer loop
      vertex 20.24372115518654 0.5 10.497391519338318
      vertex 20.805603257313706 0.5 10.797723760016728
      vertex 20.47820725201806 0.5 12.887706508215857
    endloop
  endfacet
  facet normal -0.634393284163643 -2.500134182251972e-17 0.7730104533627391
    outer loop
      vertex 20.805603257313706 0 10.797723760016728
      vertex 21.29809703885628 0 11.20190296114372
      vertex 21.29809703885628 0.5 11.20190296114372
    endloop
  endfacet
  facet normal -0.634393284163643 0 0.7730104533627391
    outer loop
      vertex 20.805603257313706 0 10.797723760016728
      vertex 21.29809703885628 0.5 11.20190296114372
      vertex 20.805603257313706 0.5 10.797723760016728
    endloop
  endfacet
  facet normal -0.7730104533627404 0 0.6343932841636414
    outer loop
      vertex 21.29809703885628 0 11.20190296114372
      vertex 21.70227623998327 0.5 11.694396742686294
      vertex 21.29809703885628 0.5 11.20190296114372
    endloop
  endfacet
  facet normal -0.7730104533627404 2.027128348569158e-17 0.6343932841636414
    outer loop
      vertex 21.29809703885628 0 11.20190296114372
      vertex 21.70227623998327 0 11.694396742686294
      vertex 21.70227623998327 0.5 11.694396742686294
    endloop
  endfacet
  facet normal 0 -1 0
    outer loop
      vertex 20.24372115518654 0.5 10.497391519338318
      vertex 20.330351379684075 0.5 12.611087627168637
      vertex 20.131370849898477 0.5 12.368629150101523
    endloop
  endfacet
  facet normal 0 -1 0
    outer loop
      vertex 20.24372115518654 0.5 10.497391519338318
      vertex 20.47820725201806 0.5 12.887706508215857
      vertex 20.330351379684075 0.5 12.611087627168637
    endloop
  endfacet
  facet normal 0 -1 0
    outer loop
      vertex 20.805603257313706 0.5 10.797723760016728
      vertex 20.56925644864517 0.5 13.187855484774195
      vertex 20.47820725201806 0.5 12.887706508215857
    endloop
  endfacet
  facet normal 0 -1 0
    outer loop
      vertex 20.805603257313706 0.5 10.797723760016728
      vertex 20.6 0.5 13.5
      vertex 20.56925644864517 0.5 13.187855484774195
    endloop
  endfacet
  facet normal 0 -1 0
    outer loop
      vertex 20.805603257313706 0.5 10.797723760016728
      vertex 20.805603257313706 0.5 16.20227623998327
      vertex 20.6 0.5 13.5
    endloop
  endfacet
  facet normal 0 -1 0
    outer loop
      vertex 20.805603257313706 0.5 10.797723760016728
      vertex 21.29809703885628 0.5 11.20190296114372
      vertex 21.29809703885628 0.5 15.79809703885628
    endloop
  endfacet
  facet normal 0 -1 0
    outer loop
      vertex 20.6 0.5 13.5
      vertex 20.805603257313706 0.5 16.20227623998327
      vertex 20.56925644864517 0.5 13.812144515225805
    endloop
  endfacet
  facet normal 0 -1 0
    outer loop
      vertex 20.47820725201806 0.5 14.112293491784143
      vertex 20.56925644864517 0.5 13.812144515225805
      vertex 20.805603257313706 0.5 16.20227623998327
    endloop
  endfacet
  facet normal 0 -1 0
    outer loop
      vertex 20.131370849898477 0.5 14.631370849898476
      vertex 20.330351379684075 0.5 14.388912372831363
      vertex 20.24372115518654 0.5 16.50260848066168
    endloop
  endfacet
  facet normal 0 -1 0
    outer loop
      vertex 20.330351379684075 0.5 14.388912372831363
      vertex 20.805603257313706 0.5 16.20227623998327
      vertex 20.24372115518654 0.5 16.50260848066168
    endloop
  endfacet
  facet normal 0 -1 0
    outer loop
      vertex 20.47820725201806 0.5 14.112293491784143
      vertex 20.805603257313706 0.5 16.20227623998327
      vertex 20.330351379684075 0.5 14.388912372831363
    endloop
  endfacet
  facet normal 0 -1 0
    outer loop
      vertex 20.805603257313706 0.5 10.797723760016728
      vertex 21.29809703885628 0.5 15.79809703885628
      vertex 20.805603257313706 0.5 16.20227623998327
    endloop
  endfacet
  facet normal 0 -1 0
    outer loop
      vertex 21.29809703885628 0.5 11.20190296114372
      vertex 21.70227623998327 0.5 15.305603257313708
      vertex 21.29809703885628 0.5 15.79809703885628
    endloop
  endfacet
  facet normal -0.7730104533627392 0 -0.6343932841636427
    outer loop
      vertex 21.29809703885628 0 15.79809703885628
      vertex 21.29809703885628 0.5 15.79809703885628
      vertex 21.70227623998327 0 15.305603257313708
    endloop
  endfacet
  facet normal -0.8819212643483536 2.285585125844284e-17 0.47139673682600025
    outer loop
      vertex 21.70227623998327 0 11.694396742686294
      vertex 22.00260848066168 0 12.256278844813458
      vertex 22.00260848066168 0.5 12.256278844813458
    endloop
  endfacet
  facet normal -0.8819212643483536 0 0.47139673682600025
    outer loop
      vertex 21.70227623998327 0 11.694396742686294
      vertex 22.00260848066168 0.5 12.256278844813458
      vertex 21.70227623998327 0.5 11.694396742686294
    endloop
  endfacet
  facet normal 0 -1 0
    outer loop
      vertex 21.29809703885628 0.5 11.20190296114372
      vertex 21.70227623998327 0.5 11.694396742686294
      vertex 21.70227623998327 0.5 15.305603257313708
    endloop
  endfacet
  facet normal -0.9569403357322087 3.999775669310578e-18 0.2902846772544632
    outer loop
      vertex 22.00260848066168 0 12.256278844813458
      vertex 22.1875521613105 0 12.865956453447584
      vertex 22.1875521613105 0.5 12.865956453447584
    endloop
  endfacet
  facet normal -0.9569403357322087 0 0.2902846772544632
    outer loop
      vertex 22.00260848066168 0 12.256278844813458
      vertex 22.1875521613105 0.5 12.865956453447584
      vertex 22.00260848066168 0.5 12.256278844813458
    endloop
  endfacet
  facet normal 0 -1 0
    outer loop
      vertex 21.70227623998327 0.5 11.694396742686294
      vertex 22.00260848066168 0.5 12.256278844813458
      vertex 22.00260848066168 0.5 14.743721155186542
    endloop
  endfacet
  facet normal -0.9951847266721968 6.1348709856473236e-18 0.09801714032956015
    outer loop
      vertex 22.1875521613105 0 12.865956453447584
      vertex 22.25 0 13.5
      vertex 22.25 0.5 13.5
    endloop
  endfacet
  facet normal -0.9951847266721968 0 0.09801714032956015
    outer loop
      vertex 22.1875521613105 0 12.865956453447584
      vertex 22.25 0.5 13.5
      vertex 22.1875521613105 0.5 12.865956453447584
    endloop
  endfacet
  facet normal 0 -1 0
    outer loop
      vertex 22.00260848066168 0.5 12.256278844813458
      vertex 22.1875521613105 0.5 12.865956453447584
      vertex 22.1875521613105 0.5 14.134043546552416
    endloop
  endfacet
  facet normal 0 -1 0
    outer loop
      vertex 22.00260848066168 0.5 12.256278844813458
      vertex 22.1875521613105 0.5 14.134043546552416
      vertex 22.00260848066168 0.5 14.743721155186542
    endloop
  endfacet
  facet normal -0.9951847266721968 0 -0.09801714032956015
    outer loop
      vertex 22.25 0 13.5
      vertex 22.1875521613105 0.5 14.134043546552416
      vertex 22.25 0.5 13.5
    endloop
  endfacet
  facet normal 0 -1 0
    outer loop
      vertex 22.1875521613105 0.5 12.865956453447584
      vertex 22.25 0.5 13.5
      vertex 22.1875521613105 0.5 14.134043546552416
    endloop
  endfacet
  facet normal 0 -1 0
    outer loop
      vertex 21.70227623998327 0.5 11.694396742686294
      vertex 22.00260848066168 0.5 14.743721155186542
      vertex 21.70227623998327 0.5 15.305603257313708
    endloop
  endfacet
  facet normal -0.9951847266721968 -6.1348709856473236e-18 -0.09801714032956015
    outer loop
      vertex 22.25 0 13.5
      vertex 22.1875521613105 0 14.134043546552416
      vertex 22.1875521613105 0.5 14.134043546552416
    endloop
  endfacet
  facet normal -0.9569403357322087 -3.999775669310578e-18 -0.2902846772544632
    outer loop
      vertex 22.1875521613105 0 14.134043546552416
      vertex 22.00260848066168 0 14.743721155186542
      vertex 22.00260848066168 0.5 14.743721155186542
    endloop
  endfacet
  facet normal -0.9569403357322087 0 -0.2902846772544632
    outer loop
      vertex 22.1875521613105 0 14.134043546552416
      vertex 22.00260848066168 0.5 14.743721155186542
      vertex 22.1875521613105 0.5 14.134043546552416
    endloop
  endfacet
  facet normal -0.8819212643483542 -3.577298065053138e-18 -0.47139673682599914
    outer loop
      vertex 22.00260848066168 0 14.743721155186542
      vertex 21.70227623998327 0 15.305603257313708
      vertex 21.70227623998327 0.5 15.305603257313708
    endloop
  endfacet
  facet normal -0.8819212643483542 0 -0.47139673682599914
    outer loop
      vertex 22.00260848066168 0 14.743721155186542
      vertex 21.70227623998327 0.5 15.305603257313708
      vertex 22.00260848066168 0.5 14.743721155186542
    endloop
  endfacet
  facet normal -0.7730104533627392 -8.723922471623577e-18 -0.6343932841636427
    outer loop
      vertex 21.29809703885628 0.5 15.79809703885628
      vertex 21.70227623998327 0.5 15.305603257313708
      vertex 21.70227623998327 0 15.305603257313708
    endloop
  endfacet
  facet normal 0.6343932841636414 0 -0.7730104533627404
    outer loop
      vertex 16.70190296114372 0 15.79809703885628
      vertex 16.70190296114372 0.5 15.79809703885628
      vertex 17.194396742686294 0 16.20227623998327
    endloop
  endfacet
  facet normal 0.6343932841636414 2.027128348569158e-17 -0.7730104533627404
    outer loop
      vertex 16.70190296114372 0.5 15.79809703885628
      vertex 17.194396742686294 0.5 16.20227623998327
      vertex 17.194396742686294 0 16.20227623998327
    endloop
  endfacet
  facet normal 0.47139673682600025 0 -0.8819212643483536
    outer loop
      vertex 17.194396742686294 0 16.20227623998327
      vertex 17.194396742686294 0.5 16.20227623998327
      vertex 17.75627884481346 0 16.50260848066168
    endloop
  endfacet
  facet normal 0.47139673682600025 2.285585125844284e-17 -0.8819212643483536
    outer loop
      vertex 17.194396742686294 0.5 16.20227623998327
      vertex 17.75627884481346 0.5 16.50260848066168
      vertex 17.75627884481346 0 16.50260848066168
    endloop
  endfacet
  facet normal 0.2902846772544632 0 -0.9569403357322087
    outer loop
      vertex 17.75627884481346 0 16.50260848066168
      vertex 17.75627884481346 0.5 16.50260848066168
      vertex 18.365956453447584 0 16.6875521613105
    endloop
  endfacet
  facet normal 0 -1 0
    outer loop
      vertex 18.387706508215857 0.5 14.97820725201806
      vertex 18.365956453447584 0.5 16.6875521613105
      vertex 17.75627884481346 0.5 16.50260848066168
    endloop
  endfacet
  facet normal 0.2902846772544632 3.999775669310578e-18 -0.9569403357322087
    outer loop
      vertex 17.75627884481346 0.5 16.50260848066168
      vertex 18.365956453447584 0.5 16.6875521613105
      vertex 18.365956453447584 0 16.6875521613105
    endloop
  endfacet
  facet normal 0.09801714032956015 0 -0.9951847266721968
    outer loop
      vertex 18.365956453447584 0 16.6875521613105
      vertex 18.365956453447584 0.5 16.6875521613105
      vertex 19 0 16.75
    endloop
  endfacet
  facet normal 0 -1 0
    outer loop
      vertex 18.365956453447584 0.5 16.6875521613105
      vertex 19 0.5 15.1
      vertex 19 0.5 16.75
    endloop
  endfacet
  facet normal 0.09801714032956015 6.1348709856473236e-18 -0.9951847266721968
    outer loop
      vertex 18.365956453447584 0.5 16.6875521613105
      vertex 19 0.5 16.75
      vertex 19 0 16.75
    endloop
  endfacet
  facet normal -0.09801714032956015 0 -0.9951847266721968
    outer loop
      vertex 19 0 16.75
      vertex 19 0.5 16.75
      vertex 19.634043546552416 0 16.6875521613105
    endloop
  endfacet
  facet normal 0 -1 0
    outer loop
      vertex 19 0.5 15.1
      vertex 19.634043546552416 0.5 16.6875521613105
      vertex 19 0.5 16.75
    endloop
  endfacet
  facet normal -0.09801714032956015 -6.1348709856473236e-18 -0.9951847266721968
    outer loop
      vertex 19 0.5 16.75
      vertex 19.634043546552416 0.5 16.6875521613105
      vertex 19.634043546552416 0 16.6875521613105
    endloop
  endfacet
  facet normal -0.2902846772544632 0 -0.9569403357322087
    outer loop
      vertex 19.634043546552416 0 16.6875521613105
      vertex 19.634043546552416 0.5 16.6875521613105
      vertex 20.24372115518654 0 16.50260848066168
    endloop
  endfacet
  facet normal 0 -1 0
    outer loop
      vertex 19.888912372831363 0.5 14.830351379684073
      vertex 20.24372115518654 0.5 16.50260848066168
      vertex 19.634043546552416 0.5 16.6875521613105
    endloop
  endfacet
  facet normal -0.2902846772544632 -3.999775669310578e-18 -0.9569403357322087
    outer loop
      vertex 19.634043546552416 0.5 16.6875521613105
      vertex 20.24372115518654 0.5 16.50260848066168
      vertex 20.24372115518654 0 16.50260848066168
    endloop
  endfacet
  facet normal -0.47139673682600025 0 -0.8819212643483536
    outer loop
      vertex 20.24372115518654 0 16.50260848066168
      vertex 20.24372115518654 0.5 16.50260848066168
      vertex 20.805603257313706 0 16.20227623998327
    endloop
  endfacet
  facet normal -0.47139673682600025 -2.285585125844284e-17 -0.8819212643483536
    outer loop
      vertex 20.24372115518654 0.5 16.50260848066168
      vertex 20.805603257313706 0.5 16.20227623998327
      vertex 20.805603257313706 0 16.20227623998327
    endloop
  endfacet
  facet normal -0.6343932841636414 -2.027128348569158e-17 -0.7730104533627404
    outer loop
      vertex 21.29809703885628 0 15.79809703885628
      vertex 20.805603257313706 0 16.20227623998327
      vertex 20.805603257313706 0.5 16.20227623998327
    endloop
  endfacet
  facet normal -0.6343932841636414 0 -0.7730104533627404
    outer loop
      vertex 21.29809703885628 0 15.79809703885628
      vertex 20.805603257313706 0.5 16.20227623998327
      vertex 21.29809703885628 0.5 15.79809703885628
    endloop
  endfacet
  facet normal 0.7730104533627379 0 0.6343932841636444
    outer loop
      vertex 4.797723760016728 0 11.694396742686292
      vertex 5.20190296114372 0.5 11.20190296114372
      vertex 4.797723760016728 0.5 11.694396742686292
    endloop
  endfacet
  facet normal 0.7730104533627379 3.654870283657789e-17 0.6343932841636444
    outer loop
      vertex 4.797723760016728 0 11.694396742686292
      vertex 5.20190296114372 0 11.20190296114372
      vertex 5.20190296114372 0.5 11.20190296114372
    endloop
  endfacet
  facet normal 0.6343932841636437 0 0.7730104533627384
    outer loop
      vertex 5.20190296114372 0 11.20190296114372
      vertex 5.694396742686293 0.5 10.797723760016728
      vertex 5.20190296114372 0.5 11.20190296114372
    endloop
  endfacet
  facet normal 0.6343932841636437 3.0775022329548803e-17 0.7730104533627384
    outer loop
      vertex 5.20190296114372 0 11.20190296114372
      vertex 5.694396742686293 0 10.797723760016728
      vertex 5.694396742686293 0.5 10.797723760016728
    endloop
  endfacet
  facet normal 0.9951847266721968 0 0.09801714032956015
    outer loop
      vertex 4.312447838689501 0 12.865956453447584
      vertex 4.312447838689501 0.5 12.865956453447584
      vertex 4.25 0 13.5
    endloop
  endfacet
  facet normal 0.9951847266721968 0 -0.09801714032956015
    outer loop
      vertex 4.25 0 13.5
      vertex 4.25 0.5 13.5
      vertex 4.312447838689501 0 14.134043546552416
    endloop
  endfacet
  facet normal 0.9951847266721968 -6.1348709856473236e-18 0.09801714032956015
    outer loop
      vertex 4.312447838689501 0.5 12.865956453447584
      vertex 4.25 0.5 13.5
      vertex 4.25 0 13.5
    endloop
  endfacet
  facet normal 0 -1 0
    outer loop
      vertex 4.312447838689501 0.5 12.865956453447584
      vertex 4.312447838689501 0.5 14.134043546552416
      vertex 4.25 0.5 13.5
    endloop
  endfacet
  facet normal 0.9951847266721968 0 -0.09801714032956015
    outer loop
      vertex 4.312447838689501 0 14.134043546552416
      vertex 4.25 0.5 13.5
      vertex 4.312447838689501 0.5 14.134043546552416
    endloop
  endfacet
  facet normal 0.9569403357322087 -3.999775669310578e-18 0.2902846772544632
    outer loop
      vertex 4.312447838689501 0 12.865956453447584
      vertex 4.4973915193383185 0 12.256278844813458
      vertex 4.4973915193383185 0.5 12.256278844813458
    endloop
  endfacet
  facet normal 0.8819212643483554 0 0.471396736825997
    outer loop
      vertex 4.4973915193383185 0 12.256278844813458
      vertex 4.797723760016728 0.5 11.694396742686292
      vertex 4.4973915193383185 0.5 12.256278844813458
    endloop
  endfacet
  facet normal 0.9569403357322087 0 0.2902846772544632
    outer loop
      vertex 4.312447838689501 0 12.865956453447584
      vertex 4.4973915193383185 0.5 12.256278844813458
      vertex 4.312447838689501 0.5 12.865956453447584
    endloop
  endfacet
  facet normal 0.8819212643483554 -1.317245231541024e-19 0.471396736825997
    outer loop
      vertex 4.4973915193383185 0 12.256278844813458
      vertex 4.797723760016728 0 11.694396742686292
      vertex 4.797723760016728 0.5 11.694396742686292
    endloop
  endfacet
  facet normal 0 -1 0
    outer loop
      vertex 4.312447838689501 0.5 12.865956453447584
      vertex 4.4973915193383185 0.5 12.256278844813458
      vertex 4.4973915193383185 0.5 14.743721155186542
    endloop
  endfacet
  facet normal 0 -1 0
    outer loop
      vertex 4.4973915193383185 0.5 12.256278844813458
      vertex 4.797723760016728 0.5 11.694396742686292
      vertex 4.797723760016728 0.5 15.305603257313708
    endloop
  endfacet
  facet normal 0 -1 0
    outer loop
      vertex 5.20190296114372 0.5 11.20190296114372
      vertex 5.694396742686293 0.5 10.797723760016728
      vertex 5.694396742686293 0.5 16.20227623998327
    endloop
  endfacet
  facet normal 0 -1 0
    outer loop
      vertex 4.797723760016728 0.5 11.694396742686292
      vertex 5.20190296114372 0.5 11.20190296114372
      vertex 5.20190296114372 0.5 15.79809703885628
    endloop
  endfacet
  facet normal 0.9569403357322087 0 -0.2902846772544632
    outer loop
      vertex 4.312447838689501 0 14.134043546552416
      vertex 4.312447838689501 0.5 14.134043546552416
      vertex 4.4973915193383185 0 14.743721155186542
    endloop
  endfacet
  facet normal 0 -1 0
    outer loop
      vertex 4.312447838689501 0.5 12.865956453447584
      vertex 4.4973915193383185 0.5 14.743721155186542
      vertex 4.312447838689501 0.5 14.134043546552416
    endloop
  endfacet
  facet normal 0 -1 0
    outer loop
      vertex 4.4973915193383185 0.5 12.256278844813458
      vertex 4.797723760016728 0.5 15.305603257313708
      vertex 4.4973915193383185 0.5 14.743721155186542
    endloop
  endfacet
  facet normal 0.9569403357322087 3.999775669310578e-18 -0.2902846772544632
    outer loop
      vertex 4.312447838689501 0.5 14.134043546552416
      vertex 4.4973915193383185 0.5 14.743721155186542
      vertex 4.4973915193383185 0 14.743721155186542
    endloop
  endfacet
  facet normal 0 -1 0
    outer loop
      vertex 4.797723760016728 0.5 11.694396742686292
      vertex 5.20190296114372 0.5 15.79809703885628
      vertex 4.797723760016728 0.5 15.305603257313708
    endloop
  endfacet
  facet normal 0.8819212643483554 0 -0.471396736825997
    outer loop
      vertex 4.4973915193383185 0 14.743721155186542
      vertex 4.4973915193383185 0.5 14.743721155186542
      vertex 4.797723760016728 0 15.305603257313708
    endloop
  endfacet
  facet normal 0.7730104533627379 0 -0.6343932841636444
    outer loop
      vertex 4.797723760016728 0 15.305603257313708
      vertex 4.797723760016728 0.5 15.305603257313708
      vertex 5.20190296114372 0 15.79809703885628
    endloop
  endfacet
  facet normal 0.8819212643483554 1.317245231541024e-19 -0.471396736825997
    outer loop
      vertex 4.4973915193383185 0.5 14.743721155186542
      vertex 4.797723760016728 0.5 15.305603257313708
      vertex 4.797723760016728 0 15.305603257313708
    endloop
  endfacet
  facet normal 0 -1 0
    outer loop
      vertex 5.20190296114372 0.5 11.20190296114372
      vertex 5.694396742686293 0.5 16.20227623998327
      vertex 5.20190296114372 0.5 15.79809703885628
    endloop
  endfacet
  facet normal 0.7730104533627379 -3.654870283657789e-17 -0.6343932841636444
    outer loop
      vertex 4.797723760016728 0.5 15.305603257313708
      vertex 5.20190296114372 0.5 15.79809703885628
      vertex 5.20190296114372 0 15.79809703885628
    endloop
  endfacet
  facet normal 0.4713967368259976 3.379371156095236e-17 0.881921264348355
    outer loop
      vertex 5.694396742686293 0 10.797723760016728
      vertex 6.256278844813458 0 10.497391519338318
      vertex 6.256278844813458 0.5 10.497391519338318
    endloop
  endfacet
  facet normal 0.4713967368259976 0 0.881921264348355
    outer loop
      vertex 5.694396742686293 0 10.797723760016728
      vertex 6.256278844813458 0.5 10.497391519338318
      vertex 5.694396742686293 0.5 10.797723760016728
    endloop
  endfacet
  facet normal 0.29028467725446355 0 0.9569403357322085
    outer loop
      vertex 6.256278844813458 0 10.497391519338318
      vertex 6.865956453447583 0.5 10.3124478386895
      vertex 6.256278844813458 0.5 10.497391519338318
    endloop
  endfacet
  facet normal 0 -1 0
    outer loop
      vertex 5.694396742686293 0.5 10.797723760016728
      vertex 6.256278844813458 0.5 10.497391519338318
      vertex 6.169648620315927 0.5 12.611087627168637
    endloop
  endfacet
  facet normal 0 -1 0
    outer loop
      vertex 6.256278844813458 0.5 10.497391519338318
      vertex 6.6110876271686365 0.5 12.169648620315927
      vertex 6.3686291501015235 0.5 12.368629150101524
    endloop
  endfacet
  facet normal 0.29028467725446355 3.1276046861845083e-18 0.9569403357322085
    outer loop
      vertex 6.256278844813458 0 10.497391519338318
      vertex 6.865956453447583 0 10.3124478386895
      vertex 6.865956453447583 0.5 10.3124478386895
    endloop
  endfacet
  facet normal 0.09801714032956003 0 0.995184726672197
    outer loop
      vertex 6.865956453447583 0 10.3124478386895
      vertex 7.5 0.5 10.25
      vertex 6.865956453447583 0.5 10.3124478386895
    endloop
  endfacet
  facet normal 0 -1 0
    outer loop
      vertex 6.256278844813458 0.5 10.497391519338318
      vertex 6.865956453447583 0.5 10.3124478386895
      vertex 6.6110876271686365 0.5 12.169648620315927
    endloop
  endfacet
  facet normal 0 -1 0
    outer loop
      vertex 6.865956453447583 0.5 10.3124478386895
      vertex 6.887706508215857 0.5 12.02179274798194
      vertex 6.6110876271686365 0.5 12.169648620315927
    endloop
  endfacet
  facet normal 0 -1 0
    outer loop
      vertex 6.865956453447583 0.5 10.3124478386895
      vertex 7.187855484774195 0.5 11.930743551354832
      vertex 6.887706508215857 0.5 12.02179274798194
    endloop
  endfacet
  facet normal 0 -1 0
    outer loop
      vertex 6.865956453447583 0.5 10.3124478386895
      vertex 7.5 0.5 11.9
      vertex 7.187855484774195 0.5 11.930743551354832
    endloop
  endfacet
  facet normal 0.09801714032956003 -6.280304105964609e-18 0.995184726672197
    outer loop
      vertex 6.865956453447583 0 10.3124478386895
      vertex 7.5 0 10.25
      vertex 7.5 0.5 10.25
    endloop
  endfacet
  facet normal 0 -1 0
    outer loop
      vertex 6.865956453447583 0.5 10.3124478386895
      vertex 7.5 0.5 10.25
      vertex 7.5 0.5 11.9
    endloop
  endfacet
  facet normal -0.09801714032956015 0 0.9951847266721968
    outer loop
      vertex 7.5 0 10.25
      vertex 8.134043546552416 0.5 10.3124478386895
      vertex 7.5 0.5 10.25
    endloop
  endfacet
  facet normal 0 -1 0
    outer loop
      vertex 7.5 0.5 10.25
      vertex 8.134043546552416 0.5 10.3124478386895
      vertex 7.5 0.5 11.9
    endloop
  endfacet
  facet normal 0 -1 0
    outer loop
      vertex 8.134043546552416 0.5 10.3124478386895
      vertex 7.812144515225805 0.5 11.930743551354832
      vertex 7.5 0.5 11.9
    endloop
  endfacet
  facet normal -0.09801714032956015 6.1348709856473236e-18 0.9951847266721968
    outer loop
      vertex 7.5 0 10.25
      vertex 8.134043546552416 0 10.3124478386895
      vertex 8.134043546552416 0.5 10.3124478386895
    endloop
  endfacet
  facet normal -0.2902846772544632 3.999775669310578e-18 0.9569403357322087
    outer loop
      vertex 8.134043546552416 0 10.3124478386895
      vertex 8.743721155186542 0 10.497391519338318
      vertex 8.743721155186542 0.5 10.497391519338318
    endloop
  endfacet
  facet normal -0.2902846772544632 0 0.9569403357322087
    outer loop
      vertex 8.134043546552416 0 10.3124478386895
      vertex 8.743721155186542 0.5 10.497391519338318
      vertex 8.134043546552416 0.5 10.3124478386895
    endloop
  endfacet
  facet normal 0 -1 0
    outer loop
      vertex 8.134043546552416 0.5 10.3124478386895
      vertex 8.112293491784143 0.5 12.02179274798194
      vertex 7.812144515225805 0.5 11.930743551354832
    endloop
  endfacet
  facet normal 0 -1 0
    outer loop
      vertex 8.134043546552416 0.5 10.3124478386895
      vertex 8.743721155186542 0.5 10.497391519338318
      vertex 8.112293491784143 0.5 12.02179274798194
    endloop
  endfacet
  facet normal 0 -1 0
    outer loop
      vertex 8.112293491784143 0.5 12.02179274798194
      vertex 8.743721155186542 0.5 10.497391519338318
      vertex 8.388912372831363 0.5 12.169648620315927
    endloop
  endfacet
  facet normal 0 -1 0
    outer loop
      vertex 8.388912372831363 0.5 12.169648620315927
      vertex 8.743721155186542 0.5 10.497391519338318
      vertex 8.631370849898476 0.5 12.368629150101524
    endloop
  endfacet
  facet normal 0 -1 0
    outer loop
      vertex 5.694396742686293 0.5 10.797723760016728
      vertex 6.021792747981941 0.5 12.887706508215857
      vertex 5.930743551354832 0.5 13.187855484774195
    endloop
  endfacet
  facet normal 0 -1 0
    outer loop
      vertex 5.694396742686293 0.5 10.797723760016728
      vertex 6.169648620315927 0.5 12.611087627168637
      vertex 6.021792747981941 0.5 12.887706508215857
    endloop
  endfacet
  facet normal 0 -1 0
    outer loop
      vertex 5.694396742686293 0.5 10.797723760016728
      vertex 5.930743551354832 0.5 13.187855484774195
      vertex 5.9 0.5 13.5
    endloop
  endfacet
  facet normal 0 -1 0
    outer loop
      vertex 6.256278844813458 0.5 10.497391519338318
      vertex 6.3686291501015235 0.5 12.368629150101524
      vertex 6.169648620315927 0.5 12.611087627168637
    endloop
  endfacet
  facet normal 0 -1 0
    outer loop
      vertex 5.694396742686293 0.5 10.797723760016728
      vertex 5.9 0.5 13.5
      vertex 5.694396742686293 0.5 16.20227623998327
    endloop
  endfacet
  facet normal 0 -1 0
    outer loop
      vertex 5.9 0.5 13.5
      vertex 5.930743551354832 0.5 13.812144515225805
      vertex 5.694396742686293 0.5 16.20227623998327
    endloop
  endfacet
  facet normal 0 -1 0
    outer loop
      vertex 5.930743551354832 0.5 13.812144515225805
      vertex 6.021792747981941 0.5 14.112293491784143
      vertex 5.694396742686293 0.5 16.20227623998327
    endloop
  endfacet
  facet normal 0 -1 0
    outer loop
      vertex 6.021792747981941 0.5 14.112293491784143
      vertex 6.256278844813458 0.5 16.50260848066168
      vertex 5.694396742686293 0.5 16.20227623998327
    endloop
  endfacet
  facet normal 0 -1 0
    outer loop
      vertex 6.021792747981941 0.5 14.112293491784143
      vertex 6.169648620315927 0.5 14.388912372831363
      vertex 6.256278844813458 0.5 16.50260848066168
    endloop
  endfacet
  facet normal 0 -1 0
    outer loop
      vertex 6.169648620315927 0.5 14.388912372831363
      vertex 6.3686291501015235 0.5 14.631370849898476
      vertex 6.256278844813458 0.5 16.50260848066168
    endloop
  endfacet
  facet normal 0 -1 0
    outer loop
      vertex 6.3686291501015235 0.5 14.631370849898476
      vertex 6.6110876271686365 0.5 14.830351379684073
      vertex 6.256278844813458 0.5 16.50260848066168
    endloop
  endfacet
  facet normal 0 -1 0
    outer loop
      vertex 6.6110876271686365 0.5 14.830351379684073
      vertex 6.887706508215857 0.5 14.97820725201806
      vertex 6.256278844813458 0.5 16.50260848066168
    endloop
  endfacet
  facet normal 0 -1 0
    outer loop
      vertex 6.887706508215857 0.5 14.97820725201806
      vertex 7.187855484774195 0.5 15.069256448645168
      vertex 6.865956453447583 0.5 16.6875521613105
    endloop
  endfacet
  facet normal 0 -1 0
    outer loop
      vertex 6.865956453447583 0.5 16.6875521613105
      vertex 7.187855484774195 0.5 15.069256448645168
      vertex 7.5 0.5 15.1
    endloop
  endfacet
  facet normal 0 -1 0
    outer loop
      vertex 7.5 0.5 15.1
      vertex 7.812144515225805 0.5 15.069256448645168
      vertex 8.134043546552416 0.5 16.6875521613105
    endloop
  endfacet
  facet normal 0 -1 0
    outer loop
      vertex 7.812144515225805 0.5 15.069256448645168
      vertex 8.112293491784143 0.5 14.97820725201806
      vertex 8.134043546552416 0.5 16.6875521613105
    endloop
  endfacet
  facet normal 0 -1 0
    outer loop
      vertex 8.112293491784143 0.5 14.97820725201806
      vertex 8.388912372831363 0.5 14.830351379684073
      vertex 8.134043546552416 0.5 16.6875521613105
    endloop
  endfacet
  facet normal 0 -1 0
    outer loop
      vertex 8.388912372831363 0.5 14.830351379684073
      vertex 8.631370849898476 0.5 14.631370849898476
      vertex 8.743721155186542 0.5 16.50260848066168
    endloop
  endfacet
  facet normal -0.471396736825997 0 0.8819212643483554
    outer loop
      vertex 8.743721155186542 0 10.497391519338318
      vertex 9.305603257313708 0.5 10.797723760016728
      vertex 8.743721155186542 0.5 10.497391519338318
    endloop
  endfacet
  facet normal -0.471396736825997 1.317245231541024e-19 0.8819212643483554
    outer loop
      vertex 8.743721155186542 0 10.497391519338318
      vertex 9.305603257313708 0 10.797723760016728
      vertex 9.305603257313708 0.5 10.797723760016728
    endloop
  endfacet
  facet normal 0 -1 0
    outer loop
      vertex 8.743721155186542 0.5 10.497391519338318
      vertex 9.305603257313708 0.5 10.797723760016728
      vertex 8.97820725201806 0.5 12.887706508215857
    endloop
  endfacet
  facet normal -0.6343932841636444 -3.654870283657789e-17 0.7730104533627379
    outer loop
      vertex 9.305603257313708 0 10.797723760016728
      vertex 9.79809703885628 0 11.20190296114372
      vertex 9.79809703885628 0.5 11.20190296114372
    endloop
  endfacet
  facet normal -0.6343932841636444 0 0.7730104533627379
    outer loop
      vertex 9.305603257313708 0 10.797723760016728
      vertex 9.79809703885628 0.5 11.20190296114372
      vertex 9.305603257313708 0.5 10.797723760016728
    endloop
  endfacet
  facet normal -0.7730104533627379 0 0.6343932841636444
    outer loop
      vertex 9.79809703885628 0 11.20190296114372
      vertex 10.202276239983272 0.5 11.694396742686292
      vertex 9.79809703885628 0.5 11.20190296114372
    endloop
  endfacet
  facet normal -0.7730104533627379 -3.654870283657789e-17 0.6343932841636444
    outer loop
      vertex 9.79809703885628 0 11.20190296114372
      vertex 10.202276239983272 0 11.694396742686292
      vertex 10.202276239983272 0.5 11.694396742686292
    endloop
  endfacet
  facet normal 0 -1 0
    outer loop
      vertex 8.743721155186542 0.5 10.497391519338318
      vertex 8.830351379684073 0.5 12.611087627168637
      vertex 8.631370849898476 0.5 12.368629150101524
    endloop
  endfacet
  facet normal 0 -1 0
    outer loop
      vertex 8.743721155186542 0.5 10.497391519338318
      vertex 8.97820725201806 0.5 12.887706508215857
      vertex 8.830351379684073 0.5 12.611087627168637
    endloop
  endfacet
  facet normal 0 -1 0
    outer loop
      vertex 9.305603257313708 0.5 10.797723760016728
      vertex 9.069256448645168 0.5 13.187855484774195
      vertex 8.97820725201806 0.5 12.887706508215857
    endloop
  endfacet
  facet normal 0 -1 0
    outer loop
      vertex 9.305603257313708 0.5 10.797723760016728
      vertex 9.1 0.5 13.5
      vertex 9.069256448645168 0.5 13.187855484774195
    endloop
  endfacet
  facet normal 0 -1 0
    outer loop
      vertex 9.305603257313708 0.5 10.797723760016728
      vertex 9.305603257313708 0.5 16.20227623998327
      vertex 9.1 0.5 13.5
    endloop
  endfacet
  facet normal 0 -1 0
    outer loop
      vertex 9.305603257313708 0.5 10.797723760016728
      vertex 9.79809703885628 0.5 11.20190296114372
      vertex 9.79809703885628 0.5 15.79809703885628
    endloop
  endfacet
  facet normal 0 -1 0
    outer loop
      vertex 9.1 0.5 13.5
      vertex 9.305603257313708 0.5 16.20227623998327
      vertex 9.069256448645168 0.5 13.812144515225805
    endloop
  endfacet
  facet normal 0 -1 0
    outer loop
      vertex 8.97820725201806 0.5 14.112293491784143
      vertex 9.069256448645168 0.5 13.812144515225805
      vertex 9.305603257313708 0.5 16.20227623998327
    endloop
  endfacet
  facet normal 0 -1 0
    outer loop
      vertex 8.631370849898476 0.5 14.631370849898476
      vertex 8.830351379684073 0.5 14.388912372831363
      vertex 8.743721155186542 0.5 16.50260848066168
    endloop
  endfacet
  facet normal 0 -1 0
    outer loop
      vertex 8.830351379684073 0.5 14.388912372831363
      vertex 9.305603257313708 0.5 16.20227623998327
      vertex 8.743721155186542 0.5 16.50260848066168
    endloop
  endfacet
  facet normal 0 -1 0
    outer loop
      vertex 8.97820725201806 0.5 14.112293491784143
      vertex 9.305603257313708 0.5 16.20227623998327
      vertex 8.830351379684073 0.5 14.388912372831363
    endloop
  endfacet
  facet normal 0 -1 0
    outer loop
      vertex 9.305603257313708 0.5 10.797723760016728
      vertex 9.79809703885628 0.5 15.79809703885628
      vertex 9.305603257313708 0.5 16.20227623998327
    endloop
  endfacet
  facet normal 0 -1 0
    outer loop
      vertex 9.79809703885628 0.5 11.20190296114372
      vertex 10.202276239983272 0.5 15.305603257313708
      vertex 9.79809703885628 0.5 15.79809703885628
    endloop
  endfacet
  facet normal -0.7730104533627379 0 -0.6343932841636444
    outer loop
      vertex 9.79809703885628 0 15.79809703885628
      vertex 9.79809703885628 0.5 15.79809703885628
      vertex 10.202276239983272 0 15.305603257313708
    endloop
  endfacet
  facet normal -0.8819212643483554 1.317245231541024e-19 0.471396736825997
    outer loop
      vertex 10.202276239983272 0 11.694396742686292
      vertex 10.502608480661682 0 12.256278844813458
      vertex 10.502608480661682 0.5 12.256278844813458
    endloop
  endfacet
  facet normal -0.8819212643483554 0 0.471396736825997
    outer loop
      vertex 10.202276239983272 0 11.694396742686292
      vertex 10.502608480661682 0.5 12.256278844813458
      vertex 10.202276239983272 0.5 11.694396742686292
    endloop
  endfacet
  facet normal 0 -1 0
    outer loop
      vertex 9.79809703885628 0.5 11.20190296114372
      vertex 10.202276239983272 0.5 11.694396742686292
      vertex 10.202276239983272 0.5 15.305603257313708
    endloop
  endfacet
  facet normal -0.9569403357322087 3.999775669310578e-18 0.2902846772544632
    outer loop
      vertex 10.502608480661682 0 12.256278844813458
      vertex 10.6875521613105 0 12.865956453447584
      vertex 10.6875521613105 0.5 12.865956453447584
    endloop
  endfacet
  facet normal -0.9569403357322087 0 0.2902846772544632
    outer loop
      vertex 10.502608480661682 0 12.256278844813458
      vertex 10.6875521613105 0.5 12.865956453447584
      vertex 10.502608480661682 0.5 12.256278844813458
    endloop
  endfacet
  facet normal 0 -1 0
    outer loop
      vertex 10.202276239983272 0.5 11.694396742686292
      vertex 10.502608480661682 0.5 12.256278844813458
      vertex 10.502608480661682 0.5 14.743721155186542
    endloop
  endfacet
  facet normal -0.9951847266721968 6.1348709856473236e-18 0.09801714032956015
    outer loop
      vertex 10.6875521613105 0 12.865956453447584
      vertex 10.75 0 13.5
      vertex 10.75 0.5 13.5
    endloop
  endfacet
  facet normal -0.9951847266721968 0 0.09801714032956015
    outer loop
      vertex 10.6875521613105 0 12.865956453447584
      vertex 10.75 0.5 13.5
      vertex 10.6875521613105 0.5 12.865956453447584
    endloop
  endfacet
  facet normal 0 -1 0
    outer loop
      vertex 10.502608480661682 0.5 12.256278844813458
      vertex 10.6875521613105 0.5 12.865956453447584
      vertex 10.6875521613105 0.5 14.134043546552416
    endloop
  endfacet
  facet normal 0 -1 0
    outer loop
      vertex 10.502608480661682 0.5 12.256278844813458
      vertex 10.6875521613105 0.5 14.134043546552416
      vertex 10.502608480661682 0.5 14.743721155186542
    endloop
  endfacet
  facet normal -0.9951847266721968 0 -0.09801714032956015
    outer loop
      vertex 10.75 0 13.5
      vertex 10.6875521613105 0.5 14.134043546552416
      vertex 10.75 0.5 13.5
    endloop
  endfacet
  facet normal 0 -1 0
    outer loop
      vertex 10.6875521613105 0.5 12.865956453447584
      vertex 10.75 0.5 13.5
      vertex 10.6875521613105 0.5 14.134043546552416
    endloop
  endfacet
  facet normal 0 -1 0
    outer loop
      vertex 10.202276239983272 0.5 11.694396742686292
      vertex 10.502608480661682 0.5 14.743721155186542
      vertex 10.202276239983272 0.5 15.305603257313708
    endloop
  endfacet
  facet normal -0.9951847266721968 -6.1348709856473236e-18 -0.09801714032956015
    outer loop
      vertex 10.75 0 13.5
      vertex 10.6875521613105 0 14.134043546552416
      vertex 10.6875521613105 0.5 14.134043546552416
    endloop
  endfacet
  facet normal -0.9569403357322087 -3.999775669310578e-18 -0.2902846772544632
    outer loop
      vertex 10.6875521613105 0 14.134043546552416
      vertex 10.502608480661682 0 14.743721155186542
      vertex 10.502608480661682 0.5 14.743721155186542
    endloop
  endfacet
  facet normal -0.9569403357322087 0 -0.2902846772544632
    outer loop
      vertex 10.6875521613105 0 14.134043546552416
      vertex 10.502608480661682 0.5 14.743721155186542
      vertex 10.6875521613105 0.5 14.134043546552416
    endloop
  endfacet
  facet normal -0.8819212643483554 -1.317245231541024e-19 -0.471396736825997
    outer loop
      vertex 10.502608480661682 0 14.743721155186542
      vertex 10.202276239983272 0 15.305603257313708
      vertex 10.202276239983272 0.5 15.305603257313708
    endloop
  endfacet
  facet normal -0.8819212643483554 0 -0.471396736825997
    outer loop
      vertex 10.502608480661682 0 14.743721155186542
      vertex 10.202276239983272 0.5 15.305603257313708
      vertex 10.502608480661682 0.5 14.743721155186542
    endloop
  endfacet
  facet normal -0.7730104533627379 3.654870283657789e-17 -0.6343932841636444
    outer loop
      vertex 9.79809703885628 0.5 15.79809703885628
      vertex 10.202276239983272 0.5 15.305603257313708
      vertex 10.202276239983272 0 15.305603257313708
    endloop
  endfacet
  facet normal 0.634393284163642 0 -0.7730104533627399
    outer loop
      vertex 5.20190296114372 0 15.79809703885628
      vertex 5.20190296114372 0.5 15.79809703885628
      vertex 5.694396742686293 0 16.20227623998327
    endloop
  endfacet
  facet normal 0.634393284163642 1.4497602978657586e-17 -0.7730104533627399
    outer loop
      vertex 5.20190296114372 0.5 15.79809703885628
      vertex 5.694396742686293 0.5 16.20227623998327
      vertex 5.694396742686293 0 16.20227623998327
    endloop
  endfacet
  facet normal 0.4713967368259997 0 -0.8819212643483538
    outer loop
      vertex 5.694396742686293 0 16.20227623998327
      vertex 5.694396742686293 0.5 16.20227623998327
      vertex 6.256278844813458 0 16.50260848066168
    endloop
  endfacet
  facet normal 0.4713967368259997 -3.034813801904832e-17 -0.8819212643483538
    outer loop
      vertex 5.694396742686293 0.5 16.20227623998327
      vertex 6.256278844813458 0.5 16.50260848066168
      vertex 6.256278844813458 0 16.50260848066168
    endloop
  endfacet
  facet normal 0.29028467725446355 0 -0.9569403357322085
    outer loop
      vertex 6.256278844813458 0 16.50260848066168
      vertex 6.256278844813458 0.5 16.50260848066168
      vertex 6.865956453447583 0 16.6875521613105
    endloop
  endfacet
  facet normal 0 -1 0
    outer loop
      vertex 6.887706508215857 0.5 14.97820725201806
      vertex 6.865956453447583 0.5 16.6875521613105
      vertex 6.256278844813458 0.5 16.50260848066168
    endloop
  endfacet
  facet normal 0.29028467725446355 -3.1276046861845083e-18 -0.9569403357322085
    outer loop
      vertex 6.256278844813458 0.5 16.50260848066168
      vertex 6.865956453447583 0.5 16.6875521613105
      vertex 6.865956453447583 0 16.6875521613105
    endloop
  endfacet
  facet normal 0.09801714032956003 0 -0.995184726672197
    outer loop
      vertex 6.865956453447583 0 16.6875521613105
      vertex 6.865956453447583 0.5 16.6875521613105
      vertex 7.5 0 16.75
    endloop
  endfacet
  facet normal 0 -1 0
    outer loop
      vertex 6.865956453447583 0.5 16.6875521613105
      vertex 7.5 0.5 15.1
      vertex 7.5 0.5 16.75
    endloop
  endfacet
  facet normal 0.09801714032956003 6.280304105964609e-18 -0.995184726672197
    outer loop
      vertex 6.865956453447583 0.5 16.6875521613105
      vertex 7.5 0.5 16.75
      vertex 7.5 0 16.75
    endloop
  endfacet
  facet normal -0.09801714032956015 0 -0.9951847266721968
    outer loop
      vertex 7.5 0 16.75
      vertex 7.5 0.5 16.75
      vertex 8.134043546552416 0 16.6875521613105
    endloop
  endfacet
  facet normal 0 -1 0
    outer loop
      vertex 7.5 0.5 15.1
      vertex 8.134043546552416 0.5 16.6875521613105
      vertex 7.5 0.5 16.75
    endloop
  endfacet
  facet normal -0.09801714032956015 -6.1348709856473236e-18 -0.9951847266721968
    outer loop
      vertex 7.5 0.5 16.75
      vertex 8.134043546552416 0.5 16.6875521613105
      vertex 8.134043546552416 0 16.6875521613105
    endloop
  endfacet
  facet normal -0.2902846772544632 0 -0.9569403357322087
    outer loop
      vertex 8.134043546552416 0 16.6875521613105
      vertex 8.134043546552416 0.5 16.6875521613105
      vertex 8.743721155186542 0 16.50260848066168
    endloop
  endfacet
  facet normal 0 -1 0
    outer loop
      vertex 8.388912372831363 0.5 14.830351379684073
      vertex 8.743721155186542 0.5 16.50260848066168
      vertex 8.134043546552416 0.5 16.6875521613105
    endloop
  endfacet
  facet normal -0.2902846772544632 -3.999775669310578e-18 -0.9569403357322087
    outer loop
      vertex 8.134043546552416 0.5 16.6875521613105
      vertex 8.743721155186542 0.5 16.50260848066168
      vertex 8.743721155186542 0 16.50260848066168
    endloop
  endfacet
  facet normal -0.47139673682599914 0 -0.8819212643483542
    outer loop
      vertex 8.743721155186542 0 16.50260848066168
      vertex 8.743721155186542 0.5 16.50260848066168
      vertex 9.305603257313708 0 16.20227623998327
    endloop
  endfacet
  facet normal -0.47139673682599914 -3.577298065053138e-18 -0.8819212643483542
    outer loop
      vertex 8.743721155186542 0.5 16.50260848066168
      vertex 9.305603257313708 0.5 16.20227623998327
      vertex 9.305603257313708 0 16.20227623998327
    endloop
  endfacet
  facet normal -0.6343932841636427 -8.723922471623577e-18 -0.7730104533627392
    outer loop
      vertex 9.79809703885628 0 15.79809703885628
      vertex 9.305603257313708 0 16.20227623998327
      vertex 9.305603257313708 0.5 16.20227623998327
    endloop
  endfacet
  facet normal -0.6343932841636427 0 -0.7730104533627392
    outer loop
      vertex 9.79809703885628 0 15.79809703885628
      vertex 9.305603257313708 0.5 16.20227623998327
      vertex 9.79809703885628 0.5 15.79809703885628
    endloop
  endfacet
  facet normal 0.8819212643483529 2.19014869229387e-18 0.47139673682600125
    outer loop
      vertex 17.52179274798194 18 12.887706508215857
      vertex 17.66964862031593 18 12.611087627168637
      vertex 17.66964862031593 20.5 12.611087627168637
    endloop
  endfacet
  facet normal 0.7730104533627428 0 0.6343932841636385
    outer loop
      vertex 17.868629150101523 18 12.368629150101523
      vertex 17.868629150101523 20.5 12.368629150101523
      vertex 17.66964862031593 18 12.611087627168637
    endloop
  endfacet
  facet normal 0.9569403357322079 0 0.2902846772544656
    outer loop
      vertex 17.52179274798194 18 12.887706508215857
      vertex 17.52179274798194 20.5 12.887706508215857
      vertex 17.43074355135483 18 13.187855484774195
    endloop
  endfacet
  facet normal 0.9951847266721969 0 0.09801714032956074
    outer loop
      vertex 17.43074355135483 18 13.187855484774195
      vertex 17.43074355135483 20.5 13.187855484774195
      vertex 17.4 18 13.5
    endloop
  endfacet
  facet normal 0.9951847266721969 0 -0.09801714032956074
    outer loop
      vertex 17.4 18 13.5
      vertex 17.4 20.5 13.5
      vertex 17.43074355135483 18 13.812144515225805
    endloop
  endfacet
  facet normal 0.8819212643483529 0 0.47139673682600125
    outer loop
      vertex 17.52179274798194 18 12.887706508215857
      vertex 17.66964862031593 20.5 12.611087627168637
      vertex 17.52179274798194 20.5 12.887706508215857
    endloop
  endfacet
  facet normal 0.6343932841636418 0 0.77301045336274
    outer loop
      vertex 17.868629150101523 18 12.368629150101523
      vertex 18.111087627168637 20.5 12.169648620315927
      vertex 17.868629150101523 20.5 12.368629150101523
    endloop
  endfacet
  facet normal 0.7730104533627428 0 0.6343932841636385
    outer loop
      vertex 17.66964862031593 18 12.611087627168637
      vertex 17.868629150101523 20.5 12.368629150101523
      vertex 17.66964862031593 20.5 12.611087627168637
    endloop
  endfacet
  facet normal 0.9569403357322079 0 0.2902846772544656
    outer loop
      vertex 17.43074355135483 18 13.187855484774195
      vertex 17.52179274798194 20.5 12.887706508215857
      vertex 17.43074355135483 20.5 13.187855484774195
    endloop
  endfacet
  facet normal 0.9951847266721969 0 0.09801714032956074
    outer loop
      vertex 17.4 18 13.5
      vertex 17.43074355135483 20.5 13.187855484774195
      vertex 17.4 20.5 13.5
    endloop
  endfacet
  facet normal 0.9951847266721969 0 -0.09801714032956074
    outer loop
      vertex 17.43074355135483 18 13.812144515225805
      vertex 17.4 20.5 13.5
      vertex 17.43074355135483 20.5 13.812144515225805
    endloop
  endfacet
  facet normal 0.6343932841636418 -2.3474033346382727e-18 0.77301045336274
    outer loop
      vertex 17.868629150101523 18 12.368629150101523
      vertex 18.111087627168637 18 12.169648620315927
      vertex 18.111087627168637 20.5 12.169648620315927
    endloop
  endfacet
  facet normal 0.4713967368259969 3.8322414905663515e-18 0.8819212643483555
    outer loop
      vertex 18.111087627168637 18 12.169648620315927
      vertex 18.387706508215857 18 12.02179274798194
      vertex 18.387706508215857 20.5 12.02179274798194
    endloop
  endfacet
  facet normal 0.29028467725445883 -1.847498864655812e-18 0.9569403357322099
    outer loop
      vertex 18.387706508215857 18 12.02179274798194
      vertex 18.687855484774197 18 11.930743551354832
      vertex 18.687855484774197 20.5 11.930743551354832
    endloop
  endfacet
  facet normal 0.4713967368259969 0 0.8819212643483555
    outer loop
      vertex 18.111087627168637 18 12.169648620315927
      vertex 18.387706508215857 20.5 12.02179274798194
      vertex 18.111087627168637 20.5 12.169648620315927
    endloop
  endfacet
  facet normal 0.29028467725445883 0 0.9569403357322099
    outer loop
      vertex 18.387706508215857 18 12.02179274798194
      vertex 18.687855484774197 20.5 11.930743551354832
      vertex 18.387706508215857 20.5 12.02179274798194
    endloop
  endfacet
  facet normal 0.9569403357322079 0 -0.2902846772544656
    outer loop
      vertex 17.43074355135483 18 13.812144515225805
      vertex 17.43074355135483 20.5 13.812144515225805
      vertex 17.52179274798194 18 14.112293491784143
    endloop
  endfacet
  facet normal 0.8819212643483529 0 -0.47139673682600125
    outer loop
      vertex 17.52179274798194 18 14.112293491784143
      vertex 17.52179274798194 20.5 14.112293491784143
      vertex 17.66964862031593 18 14.388912372831363
    endloop
  endfacet
  facet normal 0.7730104533627404 0 -0.6343932841636412
    outer loop
      vertex 17.66964862031593 18 14.388912372831363
      vertex 17.66964862031593 20.5 14.388912372831363
      vertex 17.868629150101523 18 14.631370849898476
    endloop
  endfacet
  facet normal 0.6343932841636453 0 -0.7730104533627372
    outer loop
      vertex 17.868629150101523 18 14.631370849898476
      vertex 17.868629150101523 20.5 14.631370849898476
      vertex 18.111087627168637 18 14.830351379684073
    endloop
  endfacet
  facet normal 0.9569403357322079 0 -0.2902846772544656
    outer loop
      vertex 17.52179274798194 18 14.112293491784143
      vertex 17.43074355135483 20.5 13.812144515225805
      vertex 17.52179274798194 20.5 14.112293491784143
    endloop
  endfacet
  facet normal 0.8819212643483529 -2.19014869229387e-18 -0.47139673682600125
    outer loop
      vertex 17.52179274798194 20.5 14.112293491784143
      vertex 17.66964862031593 20.5 14.388912372831363
      vertex 17.66964862031593 18 14.388912372831363
    endloop
  endfacet
  facet normal 0.7730104533627404 0 -0.6343932841636412
    outer loop
      vertex 17.868629150101523 18 14.631370849898476
      vertex 17.66964862031593 20.5 14.388912372831363
      vertex 17.868629150101523 20.5 14.631370849898476
    endloop
  endfacet
  facet normal 0.4713967368259969 0 -0.8819212643483555
    outer loop
      vertex 18.111087627168637 18 14.830351379684073
      vertex 18.111087627168637 20.5 14.830351379684073
      vertex 18.387706508215857 18 14.97820725201806
    endloop
  endfacet
  facet normal 0.29028467725445883 0 -0.9569403357322099
    outer loop
      vertex 18.387706508215857 18 14.97820725201806
      vertex 18.387706508215857 20.5 14.97820725201806
      vertex 18.687855484774197 18 15.069256448645168
    endloop
  endfacet
  facet normal 0.6343932841636453 0 -0.7730104533627372
    outer loop
      vertex 18.111087627168637 18 14.830351379684073
      vertex 17.868629150101523 20.5 14.631370849898476
      vertex 18.111087627168637 20.5 14.830351379684073
    endloop
  endfacet
  facet normal 0.4713967368259969 0 -0.8819212643483555
    outer loop
      vertex 18.387706508215857 18 14.97820725201806
      vertex 18.111087627168637 20.5 14.830351379684073
      vertex 18.387706508215857 20.5 14.97820725201806
    endloop
  endfacet
  facet normal 0.29028467725445883 0 -0.9569403357322099
    outer loop
      vertex 18.687855484774197 18 15.069256448645168
      vertex 18.387706508215857 20.5 14.97820725201806
      vertex 18.687855484774197 20.5 15.069256448645168
    endloop
  endfacet
  facet normal 0.0980171403295613 3.2567606652822275e-19 0.9951847266721969
    outer loop
      vertex 18.687855484774197 18 11.930743551354832
      vertex 19 18 11.9
      vertex 19 20.5 11.9
    endloop
  endfacet
  facet normal -0.0980171403295613 -3.2567606652822275e-19 0.9951847266721969
    outer loop
      vertex 19 18 11.9
      vertex 19.312144515225803 18 11.930743551354832
      vertex 19.312144515225803 20.5 11.930743551354832
    endloop
  endfacet
  facet normal 0.0980171403295613 0 0.9951847266721969
    outer loop
      vertex 18.687855484774197 18 11.930743551354832
      vertex 19 20.5 11.9
      vertex 18.687855484774197 20.5 11.930743551354832
    endloop
  endfacet
  facet normal -0.0980171403295613 0 0.9951847266721969
    outer loop
      vertex 19 18 11.9
      vertex 19.312144515225803 20.5 11.930743551354832
      vertex 19 20.5 11.9
    endloop
  endfacet
  facet normal -0.29028467725445883 1.847498864655812e-18 0.9569403357322099
    outer loop
      vertex 19.312144515225803 18 11.930743551354832
      vertex 19.612293491784143 18 12.02179274798194
      vertex 19.612293491784143 20.5 12.02179274798194
    endloop
  endfacet
  facet normal -0.4713967368259969 -3.8322414905663515e-18 0.8819212643483555
    outer loop
      vertex 19.612293491784143 18 12.02179274798194
      vertex 19.888912372831363 18 12.169648620315927
      vertex 19.888912372831363 20.5 12.169648620315927
    endloop
  endfacet
  facet normal -0.6343932841636418 2.3474033346382727e-18 0.77301045336274
    outer loop
      vertex 19.888912372831363 18 12.169648620315927
      vertex 20.131370849898477 18 12.368629150101523
      vertex 20.131370849898477 20.5 12.368629150101523
    endloop
  endfacet
  facet normal -0.29028467725445883 0 0.9569403357322099
    outer loop
      vertex 19.312144515225803 18 11.930743551354832
      vertex 19.612293491784143 20.5 12.02179274798194
      vertex 19.312144515225803 20.5 11.930743551354832
    endloop
  endfacet
  facet normal -0.4713967368259969 0 0.8819212643483555
    outer loop
      vertex 19.612293491784143 18 12.02179274798194
      vertex 19.888912372831363 20.5 12.169648620315927
      vertex 19.612293491784143 20.5 12.02179274798194
    endloop
  endfacet
  facet normal -0.6343932841636418 0 0.77301045336274
    outer loop
      vertex 19.888912372831363 18 12.169648620315927
      vertex 20.131370849898477 20.5 12.368629150101523
      vertex 19.888912372831363 20.5 12.169648620315927
    endloop
  endfacet
  facet normal 0.0980171403295613 0 -0.9951847266721969
    outer loop
      vertex 18.687855484774197 18 15.069256448645168
      vertex 18.687855484774197 20.5 15.069256448645168
      vertex 19 18 15.1
    endloop
  endfacet
  facet normal -0.0980171403295613 0 -0.9951847266721969
    outer loop
      vertex 19 18 15.1
      vertex 19 20.5 15.1
      vertex 19.312144515225803 18 15.069256448645168
    endloop
  endfacet
  facet normal 0.0980171403295613 0 -0.9951847266721969
    outer loop
      vertex 19 18 15.1
      vertex 18.687855484774197 20.5 15.069256448645168
      vertex 19 20.5 15.1
    endloop
  endfacet
  facet normal -0.0980171403295613 0 -0.9951847266721969
    outer loop
      vertex 19.312144515225803 18 15.069256448645168
      vertex 19 20.5 15.1
      vertex 19.312144515225803 20.5 15.069256448645168
    endloop
  endfacet
  facet normal -0.6343932841636453 0 -0.7730104533627372
    outer loop
      vertex 19.888912372831363 18 14.830351379684073
      vertex 19.888912372831363 20.5 14.830351379684073
      vertex 20.131370849898477 18 14.631370849898476
    endloop
  endfacet
  facet normal -0.29028467725445883 0 -0.9569403357322099
    outer loop
      vertex 19.312144515225803 18 15.069256448645168
      vertex 19.312144515225803 20.5 15.069256448645168
      vertex 19.612293491784143 18 14.97820725201806
    endloop
  endfacet
  facet normal -0.4713967368259969 0 -0.8819212643483555
    outer loop
      vertex 19.612293491784143 18 14.97820725201806
      vertex 19.612293491784143 20.5 14.97820725201806
      vertex 19.888912372831363 18 14.830351379684073
    endloop
  endfacet
  facet normal -0.6343932841636453 -1.7335413548994234e-18 -0.7730104533627372
    outer loop
      vertex 19.888912372831363 20.5 14.830351379684073
      vertex 20.131370849898477 20.5 14.631370849898476
      vertex 20.131370849898477 18 14.631370849898476
    endloop
  endfacet
  facet normal -0.29028467725445883 0 -0.9569403357322099
    outer loop
      vertex 19.612293491784143 18 14.97820725201806
      vertex 19.312144515225803 20.5 15.069256448645168
      vertex 19.612293491784143 20.5 14.97820725201806
    endloop
  endfacet
  facet normal -0.4713967368259969 0 -0.8819212643483555
    outer loop
      vertex 19.888912372831363 18 14.830351379684073
      vertex 19.612293491784143 20.5 14.97820725201806
      vertex 19.888912372831363 20.5 14.830351379684073
    endloop
  endfacet
  facet normal -0.7730104533627372 1.7335413548994234e-18 0.6343932841636453
    outer loop
      vertex 20.131370849898477 18 12.368629150101523
      vertex 20.330351379684075 18 12.611087627168637
      vertex 20.330351379684075 20.5 12.611087627168637
    endloop
  endfacet
  facet normal -0.8819212643483578 3.3747479744479347e-18 0.47139673682599254
    outer loop
      vertex 20.330351379684075 18 12.611087627168637
      vertex 20.47820725201806 18 12.887706508215857
      vertex 20.47820725201806 20.5 12.887706508215857
    endloop
  endfacet
  facet normal -0.9569403357322079 1.5860645657668404e-18 0.2902846772544656
    outer loop
      vertex 20.47820725201806 18 12.887706508215857
      vertex 20.56925644864517 18 13.187855484774195
      vertex 20.56925644864517 20.5 13.187855484774195
    endloop
  endfacet
  facet normal -0.9951847266721969 8.2161499861810975e-19 0.09801714032956074
    outer loop
      vertex 20.56925644864517 18 13.187855484774195
      vertex 20.6 18 13.5
      vertex 20.6 20.5 13.5
    endloop
  endfacet
  facet normal -0.9951847266721969 -8.2161499861810975e-19 -0.09801714032956074
    outer loop
      vertex 20.6 18 13.5
      vertex 20.56925644864517 18 13.812144515225805
      vertex 20.56925644864517 20.5 13.812144515225805
    endloop
  endfacet
  facet normal -0.7730104533627372 0 0.6343932841636453
    outer loop
      vertex 20.131370849898477 18 12.368629150101523
      vertex 20.330351379684075 20.5 12.611087627168637
      vertex 20.131370849898477 20.5 12.368629150101523
    endloop
  endfacet
  facet normal -0.8819212643483578 0 0.47139673682599254
    outer loop
      vertex 20.330351379684075 18 12.611087627168637
      vertex 20.47820725201806 20.5 12.887706508215857
      vertex 20.330351379684075 20.5 12.611087627168637
    endloop
  endfacet
  facet normal -0.9569403357322079 0 0.2902846772544656
    outer loop
      vertex 20.47820725201806 18 12.887706508215857
      vertex 20.56925644864517 20.5 13.187855484774195
      vertex 20.47820725201806 20.5 12.887706508215857
    endloop
  endfacet
  facet normal -0.9951847266721969 0 0.09801714032956074
    outer loop
      vertex 20.56925644864517 18 13.187855484774195
      vertex 20.6 20.5 13.5
      vertex 20.56925644864517 20.5 13.187855484774195
    endloop
  endfacet
  facet normal -0.9951847266721969 0 -0.09801714032956074
    outer loop
      vertex 20.6 18 13.5
      vertex 20.56925644864517 20.5 13.812144515225805
      vertex 20.6 20.5 13.5
    endloop
  endfacet
  facet normal -0.773010453362735 0 -0.634393284163648
    outer loop
      vertex 20.131370849898477 18 14.631370849898476
      vertex 20.131370849898477 20.5 14.631370849898476
      vertex 20.330351379684075 18 14.388912372831363
    endloop
  endfacet
  facet normal -0.8819212643483578 -3.3747479744479347e-18 -0.47139673682599254
    outer loop
      vertex 20.47820725201806 18 14.112293491784143
      vertex 20.330351379684075 18 14.388912372831363
      vertex 20.330351379684075 20.5 14.388912372831363
    endloop
  endfacet
  facet normal -0.9569403357322079 0 -0.2902846772544656
    outer loop
      vertex 20.47820725201806 18 14.112293491784143
      vertex 20.47820725201806 20.5 14.112293491784143
      vertex 20.56925644864517 18 13.812144515225805
    endloop
  endfacet
  facet normal -0.8819212643483578 0 -0.47139673682599254
    outer loop
      vertex 20.47820725201806 18 14.112293491784143
      vertex 20.330351379684075 20.5 14.388912372831363
      vertex 20.47820725201806 20.5 14.112293491784143
    endloop
  endfacet
  facet normal -0.773010453362735 0 -0.634393284163648
    outer loop
      vertex 20.330351379684075 18 14.388912372831363
      vertex 20.131370849898477 20.5 14.631370849898476
      vertex 20.330351379684075 20.5 14.388912372831363
    endloop
  endfacet
  facet normal -0.9569403357322079 0 -0.2902846772544656
    outer loop
      vertex 20.56925644864517 18 13.812144515225805
      vertex 20.47820725201806 20.5 14.112293491784143
      vertex 20.56925644864517 20.5 13.812144515225805
    endloop
  endfacet
  facet normal 0.8819212643483555 3.8322414905663515e-18 0.4713967368259969
    outer loop
      vertex 6.021792747981941 18 12.887706508215857
      vertex 6.169648620315927 18 12.611087627168637
      vertex 6.169648620315927 20.5 12.611087627168637
    endloop
  endfacet
  facet normal 0.7730104533627364 0 0.6343932841636464
    outer loop
      vertex 6.3686291501015235 18 12.368629150101524
      vertex 6.3686291501015235 20.5 12.368629150101524
      vertex 6.169648620315927 18 12.611087627168637
    endloop
  endfacet
  facet normal 0.9569403357322095 0 0.29028467725446044
    outer loop
      vertex 6.021792747981941 18 12.887706508215857
      vertex 6.021792747981941 20.5 12.887706508215857
      vertex 5.930743551354832 18 13.187855484774195
    endloop
  endfacet
  facet normal 0.9951847266721969 0 0.09801714032956074
    outer loop
      vertex 5.930743551354832 18 13.187855484774195
      vertex 5.930743551354832 20.5 13.187855484774195
      vertex 5.9 18 13.5
    endloop
  endfacet
  facet normal 0.9951847266721969 0 -0.09801714032956074
    outer loop
      vertex 5.9 18 13.5
      vertex 5.9 20.5 13.5
      vertex 5.930743551354832 18 13.812144515225805
    endloop
  endfacet
  facet normal 0.8819212643483555 0 0.4713967368259969
    outer loop
      vertex 6.021792747981941 18 12.887706508215857
      vertex 6.169648620315927 20.5 12.611087627168637
      vertex 6.021792747981941 20.5 12.887706508215857
    endloop
  endfacet
  facet normal 0.6343932841636466 0 0.7730104533627361
    outer loop
      vertex 6.3686291501015235 18 12.368629150101524
      vertex 6.6110876271686365 20.5 12.169648620315927
      vertex 6.3686291501015235 20.5 12.368629150101524
    endloop
  endfacet
  facet normal 0.7730104533627364 0 0.6343932841636464
    outer loop
      vertex 6.169648620315927 18 12.611087627168637
      vertex 6.3686291501015235 20.5 12.368629150101524
      vertex 6.169648620315927 20.5 12.611087627168637
    endloop
  endfacet
  facet normal 0.9569403357322095 0 0.29028467725446044
    outer loop
      vertex 5.930743551354832 18 13.187855484774195
      vertex 6.021792747981941 20.5 12.887706508215857
      vertex 5.930743551354832 20.5 13.187855484774195
    endloop
  endfacet
  facet normal 0.9951847266721969 0 0.09801714032956074
    outer loop
      vertex 5.9 18 13.5
      vertex 5.930743551354832 20.5 13.187855484774195
      vertex 5.9 20.5 13.5
    endloop
  endfacet
  facet normal 0.9951847266721969 0 -0.09801714032956074
    outer loop
      vertex 5.930743551354832 18 13.812144515225805
      vertex 5.9 20.5 13.5
      vertex 5.930743551354832 20.5 13.812144515225805
    endloop
  endfacet
  facet normal 0.6343932841636466 2.960827651819399e-18 0.7730104533627361
    outer loop
      vertex 6.3686291501015235 18 12.368629150101524
      vertex 6.6110876271686365 18 12.169648620315927
      vertex 6.6110876271686365 20.5 12.169648620315927
    endloop
  endfacet
  facet normal 0.4713967368259969 3.8322414905663515e-18 0.8819212643483555
    outer loop
      vertex 6.6110876271686365 18 12.169648620315927
      vertex 6.887706508215857 18 12.02179274798194
      vertex 6.887706508215857 20.5 12.02179274798194
    endloop
  endfacet
  facet normal 0.29028467725446044 -1.5373440303889732e-19 0.9569403357322095
    outer loop
      vertex 6.887706508215857 18 12.02179274798194
      vertex 7.187855484774195 18 11.930743551354832
      vertex 7.187855484774195 20.5 11.930743551354832
    endloop
  endfacet
  facet normal 0.4713967368259969 0 0.8819212643483555
    outer loop
      vertex 6.6110876271686365 18 12.169648620315927
      vertex 6.887706508215857 20.5 12.02179274798194
      vertex 6.6110876271686365 20.5 12.169648620315927
    endloop
  endfacet
  facet normal 0.29028467725446044 0 0.9569403357322095
    outer loop
      vertex 6.887706508215857 18 12.02179274798194
      vertex 7.187855484774195 20.5 11.930743551354832
      vertex 6.887706508215857 20.5 12.02179274798194
    endloop
  endfacet
  facet normal 0.9569403357322095 0 -0.29028467725446044
    outer loop
      vertex 5.930743551354832 18 13.812144515225805
      vertex 5.930743551354832 20.5 13.812144515225805
      vertex 6.021792747981941 18 14.112293491784143
    endloop
  endfacet
  facet normal 0.8819212643483555 0 -0.4713967368259969
    outer loop
      vertex 6.021792747981941 18 14.112293491784143
      vertex 6.021792747981941 20.5 14.112293491784143
      vertex 6.169648620315927 18 14.388912372831363
    endloop
  endfacet
  facet normal 0.7730104533627364 0 -0.6343932841636464
    outer loop
      vertex 6.169648620315927 18 14.388912372831363
      vertex 6.169648620315927 20.5 14.388912372831363
      vertex 6.3686291501015235 18 14.631370849898476
    endloop
  endfacet
  facet normal 0.6343932841636466 0 -0.7730104533627361
    outer loop
      vertex 6.3686291501015235 18 14.631370849898476
      vertex 6.3686291501015235 20.5 14.631370849898476
      vertex 6.6110876271686365 18 14.830351379684073
    endloop
  endfacet
  facet normal 0.9569403357322095 0 -0.29028467725446044
    outer loop
      vertex 6.021792747981941 18 14.112293491784143
      vertex 5.930743551354832 20.5 13.812144515225805
      vertex 6.021792747981941 20.5 14.112293491784143
    endloop
  endfacet
  facet normal 0.8819212643483555 -3.8322414905663515e-18 -0.4713967368259969
    outer loop
      vertex 6.021792747981941 20.5 14.112293491784143
      vertex 6.169648620315927 20.5 14.388912372831363
      vertex 6.169648620315927 18 14.388912372831363
    endloop
  endfacet
  facet normal 0.7730104533627364 0 -0.6343932841636464
    outer loop
      vertex 6.3686291501015235 18 14.631370849898476
      vertex 6.169648620315927 20.5 14.388912372831363
      vertex 6.3686291501015235 20.5 14.631370849898476
    endloop
  endfacet
  facet normal 0.4713967368259969 0 -0.8819212643483555
    outer loop
      vertex 6.6110876271686365 18 14.830351379684073
      vertex 6.6110876271686365 20.5 14.830351379684073
      vertex 6.887706508215857 18 14.97820725201806
    endloop
  endfacet
  facet normal 0.29028467725446044 0 -0.9569403357322095
    outer loop
      vertex 6.887706508215857 18 14.97820725201806
      vertex 6.887706508215857 20.5 14.97820725201806
      vertex 7.187855484774195 18 15.069256448645168
    endloop
  endfacet
  facet normal 0.6343932841636466 0 -0.7730104533627361
    outer loop
      vertex 6.6110876271686365 18 14.830351379684073
      vertex 6.3686291501015235 20.5 14.631370849898476
      vertex 6.6110876271686365 20.5 14.830351379684073
    endloop
  endfacet
  facet normal 0.4713967368259969 0 -0.8819212643483555
    outer loop
      vertex 6.887706508215857 18 14.97820725201806
      vertex 6.6110876271686365 20.5 14.830351379684073
      vertex 6.887706508215857 20.5 14.97820725201806
    endloop
  endfacet
  facet normal 0.29028467725446044 0 -0.9569403357322095
    outer loop
      vertex 7.187855484774195 18 15.069256448645168
      vertex 6.887706508215857 20.5 14.97820725201806
      vertex 7.187855484774195 20.5 15.069256448645168
    endloop
  endfacet
  facet normal 0.09801714032956073 -8.216149986181097e-19 0.9951847266721968
    outer loop
      vertex 7.187855484774195 18 11.930743551354832
      vertex 7.5 18 11.9
      vertex 7.5 20.5 11.9
    endloop
  endfacet
  facet normal -0.09801714032956073 8.216149986181097e-19 0.9951847266721968
    outer loop
      vertex 7.5 18 11.9
      vertex 7.812144515225805 18 11.930743551354832
      vertex 7.812144515225805 20.5 11.930743551354832
    endloop
  endfacet
  facet normal 0.09801714032956073 0 0.9951847266721968
    outer loop
      vertex 7.187855484774195 18 11.930743551354832
      vertex 7.5 20.5 11.9
      vertex 7.187855484774195 20.5 11.930743551354832
    endloop
  endfacet
  facet normal -0.09801714032956073 0 0.9951847266721968
    outer loop
      vertex 7.5 18 11.9
      vertex 7.812144515225805 20.5 11.930743551354832
      vertex 7.5 20.5 11.9
    endloop
  endfacet
  facet normal -0.29028467725446044 1.5373440303889732e-19 0.9569403357322095
    outer loop
      vertex 7.812144515225805 18 11.930743551354832
      vertex 8.112293491784143 18 12.02179274798194
      vertex 8.112293491784143 20.5 12.02179274798194
    endloop
  endfacet
  facet normal -0.4713967368259969 -3.8322414905663515e-18 0.8819212643483555
    outer loop
      vertex 8.112293491784143 18 12.02179274798194
      vertex 8.388912372831363 18 12.169648620315927
      vertex 8.388912372831363 20.5 12.169648620315927
    endloop
  endfacet
  facet normal -0.634393284163648 1.1938856047485028e-18 0.773010453362735
    outer loop
      vertex 8.388912372831363 18 12.169648620315927
      vertex 8.631370849898476 18 12.368629150101524
      vertex 8.631370849898476 20.5 12.368629150101524
    endloop
  endfacet
  facet normal -0.29028467725446044 0 0.9569403357322095
    outer loop
      vertex 7.812144515225805 18 11.930743551354832
      vertex 8.112293491784143 20.5 12.02179274798194
      vertex 7.812144515225805 20.5 11.930743551354832
    endloop
  endfacet
  facet normal -0.4713967368259969 0 0.8819212643483555
    outer loop
      vertex 8.112293491784143 18 12.02179274798194
      vertex 8.388912372831363 20.5 12.169648620315927
      vertex 8.112293491784143 20.5 12.02179274798194
    endloop
  endfacet
  facet normal -0.634393284163648 0 0.773010453362735
    outer loop
      vertex 8.388912372831363 18 12.169648620315927
      vertex 8.631370849898476 20.5 12.368629150101524
      vertex 8.388912372831363 20.5 12.169648620315927
    endloop
  endfacet
  facet normal 0.09801714032956073 0 -0.9951847266721968
    outer loop
      vertex 7.187855484774195 18 15.069256448645168
      vertex 7.187855484774195 20.5 15.069256448645168
      vertex 7.5 18 15.1
    endloop
  endfacet
  facet normal -0.09801714032956073 0 -0.9951847266721968
    outer loop
      vertex 7.5 18 15.1
      vertex 7.5 20.5 15.1
      vertex 7.812144515225805 18 15.069256448645168
    endloop
  endfacet
  facet normal 0.09801714032956073 0 -0.9951847266721968
    outer loop
      vertex 7.5 18 15.1
      vertex 7.187855484774195 20.5 15.069256448645168
      vertex 7.5 20.5 15.1
    endloop
  endfacet
  facet normal -0.09801714032956073 0 -0.9951847266721968
    outer loop
      vertex 7.812144515225805 18 15.069256448645168
      vertex 7.5 20.5 15.1
      vertex 7.812144515225805 20.5 15.069256448645168
    endloop
  endfacet
  facet normal -0.634393284163648 0 -0.773010453362735
    outer loop
      vertex 8.388912372831363 18 14.830351379684073
      vertex 8.388912372831363 20.5 14.830351379684073
      vertex 8.631370849898476 18 14.631370849898476
    endloop
  endfacet
  facet normal -0.29028467725446044 0 -0.9569403357322095
    outer loop
      vertex 7.812144515225805 18 15.069256448645168
      vertex 7.812144515225805 20.5 15.069256448645168
      vertex 8.112293491784143 18 14.97820725201806
    endloop
  endfacet
  facet normal -0.4713967368259969 0 -0.8819212643483555
    outer loop
      vertex 8.112293491784143 18 14.97820725201806
      vertex 8.112293491784143 20.5 14.97820725201806
      vertex 8.388912372831363 18 14.830351379684073
    endloop
  endfacet
  facet normal -0.634393284163648 -1.1938856047485028e-18 -0.773010453362735
    outer loop
      vertex 8.388912372831363 20.5 14.830351379684073
      vertex 8.631370849898476 20.5 14.631370849898476
      vertex 8.631370849898476 18 14.631370849898476
    endloop
  endfacet
  facet normal -0.29028467725446044 0 -0.9569403357322095
    outer loop
      vertex 8.112293491784143 18 14.97820725201806
      vertex 7.812144515225805 20.5 15.069256448645168
      vertex 8.112293491784143 20.5 14.97820725201806
    endloop
  endfacet
  facet normal -0.4713967368259969 0 -0.8819212643483555
    outer loop
      vertex 8.388912372831363 18 14.830351379684073
      vertex 8.112293491784143 20.5 14.97820725201806
      vertex 8.388912372831363 20.5 14.830351379684073
    endloop
  endfacet
  facet normal -0.773010453362735 1.1938856047485028e-18 0.634393284163648
    outer loop
      vertex 8.631370849898476 18 12.368629150101524
      vertex 8.830351379684073 18 12.611087627168637
      vertex 8.830351379684073 20.5 12.611087627168637
    endloop
  endfacet
  facet normal -0.8819212643483555 -3.8322414905663515e-18 0.4713967368259969
    outer loop
      vertex 8.830351379684073 18 12.611087627168637
      vertex 8.97820725201806 18 12.887706508215857
      vertex 8.97820725201806 20.5 12.887706508215857
    endloop
  endfacet
  facet normal -0.9569403357322095 1.5373440303889732e-19 0.29028467725446044
    outer loop
      vertex 8.97820725201806 18 12.887706508215857
      vertex 9.069256448645168 18 13.187855484774195
      vertex 9.069256448645168 20.5 13.187855484774195
    endloop
  endfacet
  facet normal -0.9951847266721969 8.2161499861810975e-19 0.09801714032956074
    outer loop
      vertex 9.069256448645168 18 13.187855484774195
      vertex 9.1 18 13.5
      vertex 9.1 20.5 13.5
    endloop
  endfacet
  facet normal -0.9951847266721969 -8.2161499861810975e-19 -0.09801714032956074
    outer loop
      vertex 9.1 18 13.5
      vertex 9.069256448645168 18 13.812144515225805
      vertex 9.069256448645168 20.5 13.812144515225805
    endloop
  endfacet
  facet normal -0.773010453362735 0 0.634393284163648
    outer loop
      vertex 8.631370849898476 18 12.368629150101524
      vertex 8.830351379684073 20.5 12.611087627168637
      vertex 8.631370849898476 20.5 12.368629150101524
    endloop
  endfacet
  facet normal -0.8819212643483555 0 0.4713967368259969
    outer loop
      vertex 8.830351379684073 18 12.611087627168637
      vertex 8.97820725201806 20.5 12.887706508215857
      vertex 8.830351379684073 20.5 12.611087627168637
    endloop
  endfacet
  facet normal -0.9569403357322095 0 0.29028467725446044
    outer loop
      vertex 8.97820725201806 18 12.887706508215857
      vertex 9.069256448645168 20.5 13.187855484774195
      vertex 8.97820725201806 20.5 12.887706508215857
    endloop
  endfacet
  facet normal -0.9951847266721969 0 0.09801714032956074
    outer loop
      vertex 9.069256448645168 18 13.187855484774195
      vertex 9.1 20.5 13.5
      vertex 9.069256448645168 20.5 13.187855484774195
    endloop
  endfacet
  facet normal -0.9951847266721969 0 -0.09801714032956074
    outer loop
      vertex 9.1 18 13.5
      vertex 9.069256448645168 20.5 13.812144515225805
      vertex 9.1 20.5 13.5
    endloop
  endfacet
  facet normal -0.773010453362735 0 -0.634393284163648
    outer loop
      vertex 8.631370849898476 18 14.631370849898476
      vertex 8.631370849898476 20.5 14.631370849898476
      vertex 8.830351379684073 18 14.388912372831363
    endloop
  endfacet
  facet normal -0.8819212643483555 3.8322414905663515e-18 -0.4713967368259969
    outer loop
      vertex 8.97820725201806 18 14.112293491784143
      vertex 8.830351379684073 18 14.388912372831363
      vertex 8.830351379684073 20.5 14.388912372831363
    endloop
  endfacet
  facet normal -0.9569403357322095 0 -0.29028467725446044
    outer loop
      vertex 8.97820725201806 18 14.112293491784143
      vertex 8.97820725201806 20.5 14.112293491784143
      vertex 9.069256448645168 18 13.812144515225805
    endloop
  endfacet
  facet normal -0.8819212643483555 0 -0.4713967368259969
    outer loop
      vertex 8.97820725201806 18 14.112293491784143
      vertex 8.830351379684073 20.5 14.388912372831363
      vertex 8.97820725201806 20.5 14.112293491784143
    endloop
  endfacet
  facet normal -0.773010453362735 0 -0.634393284163648
    outer loop
      vertex 8.830351379684073 18 14.388912372831363
      vertex 8.631370849898476 20.5 14.631370849898476
      vertex 8.830351379684073 20.5 14.388912372831363
    endloop
  endfacet
  facet normal -0.9569403357322095 0 -0.29028467725446044
    outer loop
      vertex 9.069256448645168 18 13.812144515225805
      vertex 8.97820725201806 20.5 14.112293491784143
      vertex 9.069256448645168 20.5 13.812144515225805
    endloop
  endfacet
  facet normal 0.7730104533627404 0 0.6343932841636414
    outer loop
      vertex 16.29772376001673 20.5 11.694396742686294
      vertex 16.70190296114372 21 11.20190296114372
      vertex 16.29772376001673 21 11.694396742686294
    endloop
  endfacet
  facet normal 0.7730104533627404 -2.027128348569158e-17 0.6343932841636414
    outer loop
      vertex 16.29772376001673 20.5 11.694396742686294
      vertex 16.70190296114372 20.5 11.20190296114372
      vertex 16.70190296114372 21 11.20190296114372
    endloop
  endfacet
  facet normal 0.634393284163643 0 0.7730104533627391
    outer loop
      vertex 16.70190296114372 20.5 11.20190296114372
      vertex 17.194396742686294 21 10.797723760016728
      vertex 16.70190296114372 21 11.20190296114372
    endloop
  endfacet
  facet normal 0.634393284163643 2.500134182251972e-17 0.7730104533627391
    outer loop
      vertex 16.70190296114372 20.5 11.20190296114372
      vertex 17.194396742686294 20.5 10.797723760016728
      vertex 17.194396742686294 21 10.797723760016728
    endloop
  endfacet
  facet normal 0.9951847266721968 0 0.09801714032956015
    outer loop
      vertex 15.8124478386895 20.5 12.865956453447584
      vertex 15.8124478386895 21 12.865956453447584
      vertex 15.75 20.5 13.5
    endloop
  endfacet
  facet normal 0 1 0
    outer loop
      vertex 15.8124478386895 20.5 12.865956453447584
      vertex 15.75 20.5 13.5
      vertex 15.8124478386895 20.5 14.134043546552416
    endloop
  endfacet
  facet normal 0.9951847266721968 0 -0.09801714032956015
    outer loop
      vertex 15.75 20.5 13.5
      vertex 15.75 21 13.5
      vertex 15.8124478386895 20.5 14.134043546552416
    endloop
  endfacet
  facet normal 0.9951847266721968 -6.1348709856473236e-18 0.09801714032956015
    outer loop
      vertex 15.8124478386895 21 12.865956453447584
      vertex 15.75 21 13.5
      vertex 15.75 20.5 13.5
    endloop
  endfacet
  facet normal 0.9951847266721968 0 -0.09801714032956015
    outer loop
      vertex 15.8124478386895 20.5 14.134043546552416
      vertex 15.75 21 13.5
      vertex 15.8124478386895 21 14.134043546552416
    endloop
  endfacet
  facet normal 0.9569403357322087 -3.999775669310578e-18 0.2902846772544632
    outer loop
      vertex 15.8124478386895 20.5 12.865956453447584
      vertex 15.997391519338318 20.5 12.256278844813458
      vertex 15.997391519338318 21 12.256278844813458
    endloop
  endfacet
  facet normal 0.8819212643483536 0 0.47139673682600025
    outer loop
      vertex 15.997391519338318 20.5 12.256278844813458
      vertex 16.29772376001673 21 11.694396742686294
      vertex 15.997391519338318 21 12.256278844813458
    endloop
  endfacet
  facet normal 0.9569403357322087 0 0.2902846772544632
    outer loop
      vertex 15.8124478386895 20.5 12.865956453447584
      vertex 15.997391519338318 21 12.256278844813458
      vertex 15.8124478386895 21 12.865956453447584
    endloop
  endfacet
  facet normal 0.8819212643483536 -2.285585125844284e-17 0.47139673682600025
    outer loop
      vertex 15.997391519338318 20.5 12.256278844813458
      vertex 16.29772376001673 20.5 11.694396742686294
      vertex 16.29772376001673 21 11.694396742686294
    endloop
  endfacet
  facet normal 0 1 0
    outer loop
      vertex 16.29772376001673 20.5 11.694396742686294
      vertex 16.29772376001673 20.5 15.305603257313708
      vertex 16.70190296114372 20.5 11.20190296114372
    endloop
  endfacet
  facet normal 0 1 0
    outer loop
      vertex 15.8124478386895 20.5 12.865956453447584
      vertex 15.8124478386895 20.5 14.134043546552416
      vertex 15.997391519338318 20.5 12.256278844813458
    endloop
  endfacet
  facet normal 0 1 0
    outer loop
      vertex 15.997391519338318 20.5 12.256278844813458
      vertex 15.997391519338318 20.5 14.743721155186542
      vertex 16.29772376001673 20.5 11.694396742686294
    endloop
  endfacet
  facet normal 0 1 0
    outer loop
      vertex 15.8124478386895 20.5 14.134043546552416
      vertex 15.997391519338318 20.5 14.743721155186542
      vertex 15.997391519338318 20.5 12.256278844813458
    endloop
  endfacet
  facet normal 0 1 0
    outer loop
      vertex 16.70190296114372 20.5 11.20190296114372
      vertex 16.70190296114372 20.5 15.79809703885628
      vertex 17.194396742686294 20.5 10.797723760016728
    endloop
  endfacet
  facet normal 0.9569403357322087 0 -0.2902846772544632
    outer loop
      vertex 15.8124478386895 20.5 14.134043546552416
      vertex 15.8124478386895 21 14.134043546552416
      vertex 15.997391519338318 20.5 14.743721155186542
    endloop
  endfacet
  facet normal 0.9569403357322087 3.999775669310578e-18 -0.2902846772544632
    outer loop
      vertex 15.8124478386895 21 14.134043546552416
      vertex 15.997391519338318 21 14.743721155186542
      vertex 15.997391519338318 20.5 14.743721155186542
    endloop
  endfacet
  facet normal 0 1 0
    outer loop
      vertex 16.29772376001673 20.5 11.694396742686294
      vertex 15.997391519338318 20.5 14.743721155186542
      vertex 16.29772376001673 20.5 15.305603257313708
    endloop
  endfacet
  facet normal 0.8819212643483542 0 -0.47139673682599914
    outer loop
      vertex 15.997391519338318 20.5 14.743721155186542
      vertex 15.997391519338318 21 14.743721155186542
      vertex 16.29772376001673 20.5 15.305603257313708
    endloop
  endfacet
  facet normal 0.7730104533627392 0 -0.6343932841636427
    outer loop
      vertex 16.29772376001673 20.5 15.305603257313708
      vertex 16.29772376001673 21 15.305603257313708
      vertex 16.70190296114372 20.5 15.79809703885628
    endloop
  endfacet
  facet normal 0.8819212643483542 3.577298065053138e-18 -0.47139673682599914
    outer loop
      vertex 15.997391519338318 21 14.743721155186542
      vertex 16.29772376001673 21 15.305603257313708
      vertex 16.29772376001673 20.5 15.305603257313708
    endloop
  endfacet
  facet normal 0 1 0
    outer loop
      vertex 16.70190296114372 20.5 11.20190296114372
      vertex 16.29772376001673 20.5 15.305603257313708
      vertex 16.70190296114372 20.5 15.79809703885628
    endloop
  endfacet
  facet normal 0 1 0
    outer loop
      vertex 17.194396742686294 20.5 10.797723760016728
      vertex 16.70190296114372 20.5 15.79809703885628
      vertex 17.194396742686294 20.5 16.20227623998327
    endloop
  endfacet
  facet normal 0.7730104533627392 8.723922471623577e-18 -0.6343932841636427
    outer loop
      vertex 16.29772376001673 21 15.305603257313708
      vertex 16.70190296114372 21 15.79809703885628
      vertex 16.70190296114372 20.5 15.79809703885628
    endloop
  endfacet
  facet normal 0.47139673682599814 -1.9410277716533918e-17 0.8819212643483548
    outer loop
      vertex 17.194396742686294 20.5 10.797723760016728
      vertex 17.75627884481346 20.5 10.497391519338318
      vertex 17.75627884481346 21 10.497391519338318
    endloop
  endfacet
  facet normal 0.47139673682599814 0 0.8819212643483548
    outer loop
      vertex 17.194396742686294 20.5 10.797723760016728
      vertex 17.75627884481346 21 10.497391519338318
      vertex 17.194396742686294 21 10.797723760016728
    endloop
  endfacet
  facet normal 0.2902846772544632 0 0.9569403357322087
    outer loop
      vertex 17.75627884481346 20.5 10.497391519338318
      vertex 18.365956453447584 21 10.3124478386895
      vertex 17.75627884481346 21 10.497391519338318
    endloop
  endfacet
  facet normal 0 1 0
    outer loop
      vertex 17.194396742686294 20.5 10.797723760016728
      vertex 17.52179274798194 20.5 12.887706508215857
      vertex 17.75627884481346 20.5 10.497391519338318
    endloop
  endfacet
  facet normal 0 1 0
    outer loop
      vertex 17.75627884481346 20.5 10.497391519338318
      vertex 17.868629150101523 20.5 12.368629150101523
      vertex 18.111087627168637 20.5 12.169648620315927
    endloop
  endfacet
  facet normal 0.2902846772544632 -3.999775669310578e-18 0.9569403357322087
    outer loop
      vertex 17.75627884481346 20.5 10.497391519338318
      vertex 18.365956453447584 20.5 10.3124478386895
      vertex 18.365956453447584 21 10.3124478386895
    endloop
  endfacet
  facet normal 0.09801714032956015 0 0.9951847266721968
    outer loop
      vertex 18.365956453447584 20.5 10.3124478386895
      vertex 19 21 10.25
      vertex 18.365956453447584 21 10.3124478386895
    endloop
  endfacet
  facet normal 0 1 0
    outer loop
      vertex 17.75627884481346 20.5 10.497391519338318
      vertex 18.387706508215857 20.5 12.02179274798194
      vertex 18.365956453447584 20.5 10.3124478386895
    endloop
  endfacet
  facet normal 0 1 0
    outer loop
      vertex 17.75627884481346 20.5 10.497391519338318
      vertex 18.111087627168637 20.5 12.169648620315927
      vertex 18.387706508215857 20.5 12.02179274798194
    endloop
  endfacet
  facet normal 0 1 0
    outer loop
      vertex 18.365956453447584 20.5 10.3124478386895
      vertex 18.387706508215857 20.5 12.02179274798194
      vertex 18.687855484774197 20.5 11.930743551354832
    endloop
  endfacet
  facet normal 0 1 0
    outer loop
      vertex 18.365956453447584 20.5 10.3124478386895
      vertex 18.687855484774197 20.5 11.930743551354832
      vertex 19 20.5 11.9
    endloop
  endfacet
  facet normal 0.09801714032956015 -6.1348709856473236e-18 0.9951847266721968
    outer loop
      vertex 18.365956453447584 20.5 10.3124478386895
      vertex 19 20.5 10.25
      vertex 19 21 10.25
    endloop
  endfacet
  facet normal 0 1 0
    outer loop
      vertex 18.365956453447584 20.5 10.3124478386895
      vertex 19 20.5 11.9
      vertex 19 20.5 10.25
    endloop
  endfacet
  facet normal 0 1 0
    outer loop
      vertex 19 20.5 10.25
      vertex 19 20.5 11.9
      vertex 19.634043546552416 20.5 10.3124478386895
    endloop
  endfacet
  facet normal -0.09801714032956015 0 0.9951847266721968
    outer loop
      vertex 19 20.5 10.25
      vertex 19.634043546552416 21 10.3124478386895
      vertex 19 21 10.25
    endloop
  endfacet
  facet normal 0 1 0
    outer loop
      vertex 19.634043546552416 20.5 10.3124478386895
      vertex 19 20.5 11.9
      vertex 19.312144515225803 20.5 11.930743551354832
    endloop
  endfacet
  facet normal -0.09801714032956015 6.1348709856473236e-18 0.9951847266721968
    outer loop
      vertex 19 20.5 10.25
      vertex 19.634043546552416 20.5 10.3124478386895
      vertex 19.634043546552416 21 10.3124478386895
    endloop
  endfacet
  facet normal -0.2902846772544632 3.999775669310578e-18 0.9569403357322087
    outer loop
      vertex 19.634043546552416 20.5 10.3124478386895
      vertex 20.24372115518654 20.5 10.497391519338318
      vertex 20.24372115518654 21 10.497391519338318
    endloop
  endfacet
  facet normal -0.2902846772544632 0 0.9569403357322087
    outer loop
      vertex 19.634043546552416 20.5 10.3124478386895
      vertex 20.24372115518654 21 10.497391519338318
      vertex 19.634043546552416 21 10.3124478386895
    endloop
  endfacet
  facet normal 0 1 0
    outer loop
      vertex 19.634043546552416 20.5 10.3124478386895
      vertex 19.312144515225803 20.5 11.930743551354832
      vertex 19.612293491784143 20.5 12.02179274798194
    endloop
  endfacet
  facet normal 0 1 0
    outer loop
      vertex 19.634043546552416 20.5 10.3124478386895
      vertex 19.612293491784143 20.5 12.02179274798194
      vertex 19.888912372831363 20.5 12.169648620315927
    endloop
  endfacet
  facet normal 0 1 0
    outer loop
      vertex 19.634043546552416 20.5 10.3124478386895
      vertex 19.888912372831363 20.5 12.169648620315927
      vertex 20.24372115518654 20.5 10.497391519338318
    endloop
  endfacet
  facet normal 0 1 0
    outer loop
      vertex 19.888912372831363 20.5 12.169648620315927
      vertex 20.131370849898477 20.5 12.368629150101523
      vertex 20.24372115518654 20.5 10.497391519338318
    endloop
  endfacet
  facet normal 0 1 0
    outer loop
      vertex 17.194396742686294 20.5 10.797723760016728
      vertex 17.43074355135483 20.5 13.187855484774195
      vertex 17.52179274798194 20.5 12.887706508215857
    endloop
  endfacet
  facet normal 0 1 0
    outer loop
      vertex 17.194396742686294 20.5 10.797723760016728
      vertex 17.4 20.5 13.5
      vertex 17.43074355135483 20.5 13.187855484774195
    endloop
  endfacet
  facet normal 0 1 0
    outer loop
      vertex 17.75627884481346 20.5 10.497391519338318
      vertex 17.52179274798194 20.5 12.887706508215857
      vertex 17.66964862031593 20.5 12.611087627168637
    endloop
  endfacet
  facet normal 0 1 0
    outer loop
      vertex 17.75627884481346 20.5 10.497391519338318
      vertex 17.66964862031593 20.5 12.611087627168637
      vertex 17.868629150101523 20.5 12.368629150101523
    endloop
  endfacet
  facet normal 0 1 0
    outer loop
      vertex 17.194396742686294 20.5 10.797723760016728
      vertex 17.194396742686294 20.5 16.20227623998327
      vertex 17.4 20.5 13.5
    endloop
  endfacet
  facet normal 0 1 0
    outer loop
      vertex 17.4 20.5 13.5
      vertex 17.194396742686294 20.5 16.20227623998327
      vertex 17.43074355135483 20.5 13.812144515225805
    endloop
  endfacet
  facet normal 0 1 0
    outer loop
      vertex 17.43074355135483 20.5 13.812144515225805
      vertex 17.194396742686294 20.5 16.20227623998327
      vertex 17.52179274798194 20.5 14.112293491784143
    endloop
  endfacet
  facet normal 0 1 0
    outer loop
      vertex 17.52179274798194 20.5 14.112293491784143
      vertex 17.194396742686294 20.5 16.20227623998327
      vertex 17.66964862031593 20.5 14.388912372831363
    endloop
  endfacet
  facet normal 0 1 0
    outer loop
      vertex 17.194396742686294 20.5 16.20227623998327
      vertex 17.75627884481346 20.5 16.50260848066168
      vertex 17.66964862031593 20.5 14.388912372831363
    endloop
  endfacet
  facet normal 0 1 0
    outer loop
      vertex 17.66964862031593 20.5 14.388912372831363
      vertex 17.75627884481346 20.5 16.50260848066168
      vertex 17.868629150101523 20.5 14.631370849898476
    endloop
  endfacet
  facet normal 0 1 0
    outer loop
      vertex 17.868629150101523 20.5 14.631370849898476
      vertex 17.75627884481346 20.5 16.50260848066168
      vertex 18.111087627168637 20.5 14.830351379684073
    endloop
  endfacet
  facet normal 0 1 0
    outer loop
      vertex 18.111087627168637 20.5 14.830351379684073
      vertex 18.365956453447584 20.5 16.6875521613105
      vertex 18.387706508215857 20.5 14.97820725201806
    endloop
  endfacet
  facet normal 0 1 0
    outer loop
      vertex 18.387706508215857 20.5 14.97820725201806
      vertex 18.365956453447584 20.5 16.6875521613105
      vertex 18.687855484774197 20.5 15.069256448645168
    endloop
  endfacet
  facet normal 0 1 0
    outer loop
      vertex 18.365956453447584 20.5 16.6875521613105
      vertex 19 20.5 15.1
      vertex 18.687855484774197 20.5 15.069256448645168
    endloop
  endfacet
  facet normal 0 1 0
    outer loop
      vertex 19 20.5 15.1
      vertex 19.634043546552416 20.5 16.6875521613105
      vertex 19.312144515225803 20.5 15.069256448645168
    endloop
  endfacet
  facet normal 0 1 0
    outer loop
      vertex 19.312144515225803 20.5 15.069256448645168
      vertex 19.634043546552416 20.5 16.6875521613105
      vertex 19.612293491784143 20.5 14.97820725201806
    endloop
  endfacet
  facet normal 0 1 0
    outer loop
      vertex 19.612293491784143 20.5 14.97820725201806
      vertex 20.24372115518654 20.5 16.50260848066168
      vertex 19.888912372831363 20.5 14.830351379684073
    endloop
  endfacet
  facet normal 0 1 0
    outer loop
      vertex 19.888912372831363 20.5 14.830351379684073
      vertex 20.24372115518654 20.5 16.50260848066168
      vertex 20.131370849898477 20.5 14.631370849898476
    endloop
  endfacet
  facet normal -0.47139673682599814 0 0.8819212643483548
    outer loop
      vertex 20.24372115518654 20.5 10.497391519338318
      vertex 20.805603257313706 21 10.797723760016728
      vertex 20.24372115518654 21 10.497391519338318
    endloop
  endfacet
  facet normal -0.47139673682599814 1.9410277716533918e-17 0.8819212643483548
    outer loop
      vertex 20.24372115518654 20.5 10.497391519338318
      vertex 20.805603257313706 20.5 10.797723760016728
      vertex 20.805603257313706 21 10.797723760016728
    endloop
  endfacet
  facet normal 0 1 0
    outer loop
      vertex 20.24372115518654 20.5 10.497391519338318
      vertex 20.330351379684075 20.5 12.611087627168637
      vertex 20.805603257313706 20.5 10.797723760016728
    endloop
  endfacet
  facet normal -0.634393284163643 -2.500134182251972e-17 0.7730104533627391
    outer loop
      vertex 20.805603257313706 20.5 10.797723760016728
      vertex 21.29809703885628 20.5 11.20190296114372
      vertex 21.29809703885628 21 11.20190296114372
    endloop
  endfacet
  facet normal -0.634393284163643 0 0.7730104533627391
    outer loop
      vertex 20.805603257313706 20.5 10.797723760016728
      vertex 21.29809703885628 21 11.20190296114372
      vertex 20.805603257313706 21 10.797723760016728
    endloop
  endfacet
  facet normal -0.7730104533627404 0 0.6343932841636414
    outer loop
      vertex 21.29809703885628 20.5 11.20190296114372
      vertex 21.70227623998327 21 11.694396742686294
      vertex 21.29809703885628 21 11.20190296114372
    endloop
  endfacet
  facet normal -0.7730104533627404 2.027128348569158e-17 0.6343932841636414
    outer loop
      vertex 21.29809703885628 20.5 11.20190296114372
      vertex 21.70227623998327 20.5 11.694396742686294
      vertex 21.70227623998327 21 11.694396742686294
    endloop
  endfacet
  facet normal 0 1 0
    outer loop
      vertex 20.24372115518654 20.5 10.497391519338318
      vertex 20.131370849898477 20.5 12.368629150101523
      vertex 20.330351379684075 20.5 12.611087627168637
    endloop
  endfacet
  facet normal 0 1 0
    outer loop
      vertex 20.805603257313706 20.5 10.797723760016728
      vertex 20.330351379684075 20.5 12.611087627168637
      vertex 20.47820725201806 20.5 12.887706508215857
    endloop
  endfacet
  facet normal 0 1 0
    outer loop
      vertex 20.805603257313706 20.5 10.797723760016728
      vertex 20.47820725201806 20.5 12.887706508215857
      vertex 20.56925644864517 20.5 13.187855484774195
    endloop
  endfacet
  facet normal 0 1 0
    outer loop
      vertex 20.805603257313706 20.5 10.797723760016728
      vertex 20.56925644864517 20.5 13.187855484774195
      vertex 20.6 20.5 13.5
    endloop
  endfacet
  facet normal 0 1 0
    outer loop
      vertex 20.805603257313706 20.5 10.797723760016728
      vertex 20.6 20.5 13.5
      vertex 20.805603257313706 20.5 16.20227623998327
    endloop
  endfacet
  facet normal 0 1 0
    outer loop
      vertex 20.805603257313706 20.5 10.797723760016728
      vertex 20.805603257313706 20.5 16.20227623998327
      vertex 21.29809703885628 20.5 11.20190296114372
    endloop
  endfacet
  facet normal 0 1 0
    outer loop
      vertex 21.29809703885628 20.5 11.20190296114372
      vertex 21.29809703885628 20.5 15.79809703885628
      vertex 21.70227623998327 20.5 11.694396742686294
    endloop
  endfacet
  facet normal 0 1 0
    outer loop
      vertex 20.6 20.5 13.5
      vertex 20.56925644864517 20.5 13.812144515225805
      vertex 20.805603257313706 20.5 16.20227623998327
    endloop
  endfacet
  facet normal 0 1 0
    outer loop
      vertex 20.47820725201806 20.5 14.112293491784143
      vertex 20.805603257313706 20.5 16.20227623998327
      vertex 20.56925644864517 20.5 13.812144515225805
    endloop
  endfacet
  facet normal 0 1 0
    outer loop
      vertex 20.131370849898477 20.5 14.631370849898476
      vertex 20.24372115518654 20.5 16.50260848066168
      vertex 20.330351379684075 20.5 14.388912372831363
    endloop
  endfacet
  facet normal 0 1 0
    outer loop
      vertex 20.47820725201806 20.5 14.112293491784143
      vertex 20.330351379684075 20.5 14.388912372831363
      vertex 20.24372115518654 20.5 16.50260848066168
    endloop
  endfacet
  facet normal 0 1 0
    outer loop
      vertex 20.47820725201806 20.5 14.112293491784143
      vertex 20.24372115518654 20.5 16.50260848066168
      vertex 20.805603257313706 20.5 16.20227623998327
    endloop
  endfacet
  facet normal 0 1 0
    outer loop
      vertex 21.29809703885628 20.5 11.20190296114372
      vertex 20.805603257313706 20.5 16.20227623998327
      vertex 21.29809703885628 20.5 15.79809703885628
    endloop
  endfacet
  facet normal -0.7730104533627392 0 -0.6343932841636427
    outer loop
      vertex 21.29809703885628 20.5 15.79809703885628
      vertex 21.29809703885628 21 15.79809703885628
      vertex 21.70227623998327 20.5 15.305603257313708
    endloop
  endfacet
  facet normal -0.8819212643483536 2.285585125844284e-17 0.47139673682600025
    outer loop
      vertex 21.70227623998327 20.5 11.694396742686294
      vertex 22.00260848066168 20.5 12.256278844813458
      vertex 22.00260848066168 21 12.256278844813458
    endloop
  endfacet
  facet normal -0.8819212643483536 0 0.47139673682600025
    outer loop
      vertex 21.70227623998327 20.5 11.694396742686294
      vertex 22.00260848066168 21 12.256278844813458
      vertex 21.70227623998327 21 11.694396742686294
    endloop
  endfacet
  facet normal -0.9569403357322087 3.999775669310578e-18 0.2902846772544632
    outer loop
      vertex 22.00260848066168 20.5 12.256278844813458
      vertex 22.1875521613105 20.5 12.865956453447584
      vertex 22.1875521613105 21 12.865956453447584
    endloop
  endfacet
  facet normal -0.9569403357322087 0 0.2902846772544632
    outer loop
      vertex 22.00260848066168 20.5 12.256278844813458
      vertex 22.1875521613105 21 12.865956453447584
      vertex 22.00260848066168 21 12.256278844813458
    endloop
  endfacet
  facet normal 0 1 0
    outer loop
      vertex 21.70227623998327 20.5 11.694396742686294
      vertex 21.70227623998327 20.5 15.305603257313708
      vertex 22.00260848066168 20.5 12.256278844813458
    endloop
  endfacet
  facet normal 0 1 0
    outer loop
      vertex 22.00260848066168 20.5 12.256278844813458
      vertex 22.00260848066168 20.5 14.743721155186542
      vertex 22.1875521613105 20.5 12.865956453447584
    endloop
  endfacet
  facet normal -0.9951847266721968 6.1348709856473236e-18 0.09801714032956015
    outer loop
      vertex 22.1875521613105 20.5 12.865956453447584
      vertex 22.25 20.5 13.5
      vertex 22.25 21 13.5
    endloop
  endfacet
  facet normal 0 1 0
    outer loop
      vertex 22.1875521613105 20.5 12.865956453447584
      vertex 22.1875521613105 20.5 14.134043546552416
      vertex 22.25 20.5 13.5
    endloop
  endfacet
  facet normal -0.9951847266721968 0 0.09801714032956015
    outer loop
      vertex 22.1875521613105 20.5 12.865956453447584
      vertex 22.25 21 13.5
      vertex 22.1875521613105 21 12.865956453447584
    endloop
  endfacet
  facet normal -0.9951847266721968 0 -0.09801714032956015
    outer loop
      vertex 22.25 20.5 13.5
      vertex 22.1875521613105 21 14.134043546552416
      vertex 22.25 21 13.5
    endloop
  endfacet
  facet normal 0 1 0
    outer loop
      vertex 21.70227623998327 20.5 11.694396742686294
      vertex 21.29809703885628 20.5 15.79809703885628
      vertex 21.70227623998327 20.5 15.305603257313708
    endloop
  endfacet
  facet normal 0 1 0
    outer loop
      vertex 22.00260848066168 20.5 12.256278844813458
      vertex 21.70227623998327 20.5 15.305603257313708
      vertex 22.00260848066168 20.5 14.743721155186542
    endloop
  endfacet
  facet normal 0 1 0
    outer loop
      vertex 22.1875521613105 20.5 12.865956453447584
      vertex 22.00260848066168 20.5 14.743721155186542
      vertex 22.1875521613105 20.5 14.134043546552416
    endloop
  endfacet
  facet normal -0.9951847266721968 -6.1348709856473236e-18 -0.09801714032956015
    outer loop
      vertex 22.25 20.5 13.5
      vertex 22.1875521613105 20.5 14.134043546552416
      vertex 22.1875521613105 21 14.134043546552416
    endloop
  endfacet
  facet normal -0.9569403357322087 -3.999775669310578e-18 -0.2902846772544632
    outer loop
      vertex 22.1875521613105 20.5 14.134043546552416
      vertex 22.00260848066168 20.5 14.743721155186542
      vertex 22.00260848066168 21 14.743721155186542
    endloop
  endfacet
  facet normal -0.9569403357322087 0 -0.2902846772544632
    outer loop
      vertex 22.1875521613105 20.5 14.134043546552416
      vertex 22.00260848066168 21 14.743721155186542
      vertex 22.1875521613105 21 14.134043546552416
    endloop
  endfacet
  facet normal -0.8819212643483542 -3.577298065053138e-18 -0.47139673682599914
    outer loop
      vertex 22.00260848066168 20.5 14.743721155186542
      vertex 21.70227623998327 20.5 15.305603257313708
      vertex 21.70227623998327 21 15.305603257313708
    endloop
  endfacet
  facet normal -0.8819212643483542 0 -0.47139673682599914
    outer loop
      vertex 22.00260848066168 20.5 14.743721155186542
      vertex 21.70227623998327 21 15.305603257313708
      vertex 22.00260848066168 21 14.743721155186542
    endloop
  endfacet
  facet normal -0.7730104533627392 -8.723922471623577e-18 -0.6343932841636427
    outer loop
      vertex 21.29809703885628 21 15.79809703885628
      vertex 21.70227623998327 21 15.305603257313708
      vertex 21.70227623998327 20.5 15.305603257313708
    endloop
  endfacet
  facet normal 0.6343932841636414 0 -0.7730104533627404
    outer loop
      vertex 16.70190296114372 20.5 15.79809703885628
      vertex 16.70190296114372 21 15.79809703885628
      vertex 17.194396742686294 20.5 16.20227623998327
    endloop
  endfacet
  facet normal 0.6343932841636414 2.027128348569158e-17 -0.7730104533627404
    outer loop
      vertex 16.70190296114372 21 15.79809703885628
      vertex 17.194396742686294 21 16.20227623998327
      vertex 17.194396742686294 20.5 16.20227623998327
    endloop
  endfacet
  facet normal 0.47139673682600025 0 -0.8819212643483536
    outer loop
      vertex 17.194396742686294 20.5 16.20227623998327
      vertex 17.194396742686294 21 16.20227623998327
      vertex 17.75627884481346 20.5 16.50260848066168
    endloop
  endfacet
  facet normal 0.47139673682600025 2.285585125844284e-17 -0.8819212643483536
    outer loop
      vertex 17.194396742686294 21 16.20227623998327
      vertex 17.75627884481346 21 16.50260848066168
      vertex 17.75627884481346 20.5 16.50260848066168
    endloop
  endfacet
  facet normal 0.2902846772544632 0 -0.9569403357322087
    outer loop
      vertex 17.75627884481346 20.5 16.50260848066168
      vertex 17.75627884481346 21 16.50260848066168
      vertex 18.365956453447584 20.5 16.6875521613105
    endloop
  endfacet
  facet normal 0 1 0
    outer loop
      vertex 18.111087627168637 20.5 14.830351379684073
      vertex 17.75627884481346 20.5 16.50260848066168
      vertex 18.365956453447584 20.5 16.6875521613105
    endloop
  endfacet
  facet normal 0.2902846772544632 3.999775669310578e-18 -0.9569403357322087
    outer loop
      vertex 17.75627884481346 21 16.50260848066168
      vertex 18.365956453447584 21 16.6875521613105
      vertex 18.365956453447584 20.5 16.6875521613105
    endloop
  endfacet
  facet normal 0.09801714032956015 0 -0.9951847266721968
    outer loop
      vertex 18.365956453447584 20.5 16.6875521613105
      vertex 18.365956453447584 21 16.6875521613105
      vertex 19 20.5 16.75
    endloop
  endfacet
  facet normal 0 1 0
    outer loop
      vertex 18.365956453447584 20.5 16.6875521613105
      vertex 19 20.5 16.75
      vertex 19 20.5 15.1
    endloop
  endfacet
  facet normal 0.09801714032956015 6.1348709856473236e-18 -0.9951847266721968
    outer loop
      vertex 18.365956453447584 21 16.6875521613105
      vertex 19 21 16.75
      vertex 19 20.5 16.75
    endloop
  endfacet
  facet normal 0 1 0
    outer loop
      vertex 19 20.5 15.1
      vertex 19 20.5 16.75
      vertex 19.634043546552416 20.5 16.6875521613105
    endloop
  endfacet
  facet normal -0.09801714032956015 0 -0.9951847266721968
    outer loop
      vertex 19 20.5 16.75
      vertex 19 21 16.75
      vertex 19.634043546552416 20.5 16.6875521613105
    endloop
  endfacet
  facet normal -0.09801714032956015 -6.1348709856473236e-18 -0.9951847266721968
    outer loop
      vertex 19 21 16.75
      vertex 19.634043546552416 21 16.6875521613105
      vertex 19.634043546552416 20.5 16.6875521613105
    endloop
  endfacet
  facet normal 0 1 0
    outer loop
      vertex 19.612293491784143 20.5 14.97820725201806
      vertex 19.634043546552416 20.5 16.6875521613105
      vertex 20.24372115518654 20.5 16.50260848066168
    endloop
  endfacet
  facet normal -0.2902846772544632 0 -0.9569403357322087
    outer loop
      vertex 19.634043546552416 20.5 16.6875521613105
      vertex 19.634043546552416 21 16.6875521613105
      vertex 20.24372115518654 20.5 16.50260848066168
    endloop
  endfacet
  facet normal -0.2902846772544632 -3.999775669310578e-18 -0.9569403357322087
    outer loop
      vertex 19.634043546552416 21 16.6875521613105
      vertex 20.24372115518654 21 16.50260848066168
      vertex 20.24372115518654 20.5 16.50260848066168
    endloop
  endfacet
  facet normal -0.47139673682600025 0 -0.8819212643483536
    outer loop
      vertex 20.24372115518654 20.5 16.50260848066168
      vertex 20.24372115518654 21 16.50260848066168
      vertex 20.805603257313706 20.5 16.20227623998327
    endloop
  endfacet
  facet normal -0.47139673682600025 -2.285585125844284e-17 -0.8819212643483536
    outer loop
      vertex 20.24372115518654 21 16.50260848066168
      vertex 20.805603257313706 21 16.20227623998327
      vertex 20.805603257313706 20.5 16.20227623998327
    endloop
  endfacet
  facet normal -0.6343932841636414 -2.027128348569158e-17 -0.7730104533627404
    outer loop
      vertex 21.29809703885628 20.5 15.79809703885628
      vertex 20.805603257313706 20.5 16.20227623998327
      vertex 20.805603257313706 21 16.20227623998327
    endloop
  endfacet
  facet normal -0.6343932841636414 0 -0.7730104533627404
    outer loop
      vertex 21.29809703885628 20.5 15.79809703885628
      vertex 20.805603257313706 21 16.20227623998327
      vertex 21.29809703885628 21 15.79809703885628
    endloop
  endfacet
  facet normal 0.7730104533627379 0 0.6343932841636444
    outer loop
      vertex 4.797723760016728 20.5 11.694396742686292
      vertex 5.20190296114372 21 11.20190296114372
      vertex 4.797723760016728 21 11.694396742686292
    endloop
  endfacet
  facet normal 0.7730104533627379 3.654870283657789e-17 0.6343932841636444
    outer loop
      vertex 4.797723760016728 20.5 11.694396742686292
      vertex 5.20190296114372 20.5 11.20190296114372
      vertex 5.20190296114372 21 11.20190296114372
    endloop
  endfacet
  facet normal 0.6343932841636437 0 0.7730104533627384
    outer loop
      vertex 5.20190296114372 20.5 11.20190296114372
      vertex 5.694396742686293 21 10.797723760016728
      vertex 5.20190296114372 21 11.20190296114372
    endloop
  endfacet
  facet normal 0.6343932841636437 3.0775022329548803e-17 0.7730104533627384
    outer loop
      vertex 5.20190296114372 20.5 11.20190296114372
      vertex 5.694396742686293 20.5 10.797723760016728
      vertex 5.694396742686293 21 10.797723760016728
    endloop
  endfacet
  facet normal 0.9951847266721968 0 0.09801714032956015
    outer loop
      vertex 4.312447838689501 20.5 12.865956453447584
      vertex 4.312447838689501 21 12.865956453447584
      vertex 4.25 20.5 13.5
    endloop
  endfacet
  facet normal 0 1 0
    outer loop
      vertex 4.312447838689501 20.5 12.865956453447584
      vertex 4.25 20.5 13.5
      vertex 4.312447838689501 20.5 14.134043546552416
    endloop
  endfacet
  facet normal 0.9951847266721968 0 -0.09801714032956015
    outer loop
      vertex 4.25 20.5 13.5
      vertex 4.25 21 13.5
      vertex 4.312447838689501 20.5 14.134043546552416
    endloop
  endfacet
  facet normal 0.9951847266721968 -6.1348709856473236e-18 0.09801714032956015
    outer loop
      vertex 4.312447838689501 21 12.865956453447584
      vertex 4.25 21 13.5
      vertex 4.25 20.5 13.5
    endloop
  endfacet
  facet normal 0.9951847266721968 0 -0.09801714032956015
    outer loop
      vertex 4.312447838689501 20.5 14.134043546552416
      vertex 4.25 21 13.5
      vertex 4.312447838689501 21 14.134043546552416
    endloop
  endfacet
  facet normal 0.9569403357322087 -3.999775669310578e-18 0.2902846772544632
    outer loop
      vertex 4.312447838689501 20.5 12.865956453447584
      vertex 4.4973915193383185 20.5 12.256278844813458
      vertex 4.4973915193383185 21 12.256278844813458
    endloop
  endfacet
  facet normal 0.8819212643483554 0 0.471396736825997
    outer loop
      vertex 4.4973915193383185 20.5 12.256278844813458
      vertex 4.797723760016728 21 11.694396742686292
      vertex 4.4973915193383185 21 12.256278844813458
    endloop
  endfacet
  facet normal 0.9569403357322087 0 0.2902846772544632
    outer loop
      vertex 4.312447838689501 20.5 12.865956453447584
      vertex 4.4973915193383185 21 12.256278844813458
      vertex 4.312447838689501 21 12.865956453447584
    endloop
  endfacet
  facet normal 0.8819212643483554 -1.317245231541024e-19 0.471396736825997
    outer loop
      vertex 4.4973915193383185 20.5 12.256278844813458
      vertex 4.797723760016728 20.5 11.694396742686292
      vertex 4.797723760016728 21 11.694396742686292
    endloop
  endfacet
  facet normal 0 1 0
    outer loop
      vertex 4.797723760016728 20.5 11.694396742686292
      vertex 4.797723760016728 20.5 15.305603257313708
      vertex 5.20190296114372 20.5 11.20190296114372
    endloop
  endfacet
  facet normal 0 1 0
    outer loop
      vertex 4.312447838689501 20.5 12.865956453447584
      vertex 4.312447838689501 20.5 14.134043546552416
      vertex 4.4973915193383185 20.5 12.256278844813458
    endloop
  endfacet
  facet normal 0 1 0
    outer loop
      vertex 4.4973915193383185 20.5 12.256278844813458
      vertex 4.4973915193383185 20.5 14.743721155186542
      vertex 4.797723760016728 20.5 11.694396742686292
    endloop
  endfacet
  facet normal 0 1 0
    outer loop
      vertex 4.312447838689501 20.5 14.134043546552416
      vertex 4.4973915193383185 20.5 14.743721155186542
      vertex 4.4973915193383185 20.5 12.256278844813458
    endloop
  endfacet
  facet normal 0 1 0
    outer loop
      vertex 5.20190296114372 20.5 11.20190296114372
      vertex 5.20190296114372 20.5 15.79809703885628
      vertex 5.694396742686293 20.5 10.797723760016728
    endloop
  endfacet
  facet normal 0.9569403357322087 0 -0.2902846772544632
    outer loop
      vertex 4.312447838689501 20.5 14.134043546552416
      vertex 4.312447838689501 21 14.134043546552416
      vertex 4.4973915193383185 20.5 14.743721155186542
    endloop
  endfacet
  facet normal 0.9569403357322087 3.999775669310578e-18 -0.2902846772544632
    outer loop
      vertex 4.312447838689501 21 14.134043546552416
      vertex 4.4973915193383185 21 14.743721155186542
      vertex 4.4973915193383185 20.5 14.743721155186542
    endloop
  endfacet
  facet normal 0 1 0
    outer loop
      vertex 4.797723760016728 20.5 11.694396742686292
      vertex 4.4973915193383185 20.5 14.743721155186542
      vertex 4.797723760016728 20.5 15.305603257313708
    endloop
  endfacet
  facet normal 0.8819212643483554 0 -0.471396736825997
    outer loop
      vertex 4.4973915193383185 20.5 14.743721155186542
      vertex 4.4973915193383185 21 14.743721155186542
      vertex 4.797723760016728 20.5 15.305603257313708
    endloop
  endfacet
  facet normal 0.7730104533627379 0 -0.6343932841636444
    outer loop
      vertex 4.797723760016728 20.5 15.305603257313708
      vertex 4.797723760016728 21 15.305603257313708
      vertex 5.20190296114372 20.5 15.79809703885628
    endloop
  endfacet
  facet normal 0.8819212643483554 1.317245231541024e-19 -0.471396736825997
    outer loop
      vertex 4.4973915193383185 21 14.743721155186542
      vertex 4.797723760016728 21 15.305603257313708
      vertex 4.797723760016728 20.5 15.305603257313708
    endloop
  endfacet
  facet normal 0 1 0
    outer loop
      vertex 5.20190296114372 20.5 11.20190296114372
      vertex 4.797723760016728 20.5 15.305603257313708
      vertex 5.20190296114372 20.5 15.79809703885628
    endloop
  endfacet
  facet normal 0 1 0
    outer loop
      vertex 5.694396742686293 20.5 10.797723760016728
      vertex 5.20190296114372 20.5 15.79809703885628
      vertex 5.694396742686293 20.5 16.20227623998327
    endloop
  endfacet
  facet normal 0.7730104533627379 -3.654870283657789e-17 -0.6343932841636444
    outer loop
      vertex 4.797723760016728 21 15.305603257313708
      vertex 5.20190296114372 21 15.79809703885628
      vertex 5.20190296114372 20.5 15.79809703885628
    endloop
  endfacet
  facet normal 0.4713967368259976 3.379371156095236e-17 0.881921264348355
    outer loop
      vertex 5.694396742686293 20.5 10.797723760016728
      vertex 6.256278844813458 20.5 10.497391519338318
      vertex 6.256278844813458 21 10.497391519338318
    endloop
  endfacet
  facet normal 0.4713967368259976 0 0.881921264348355
    outer loop
      vertex 5.694396742686293 20.5 10.797723760016728
      vertex 6.256278844813458 21 10.497391519338318
      vertex 5.694396742686293 21 10.797723760016728
    endloop
  endfacet
  facet normal 0.29028467725446355 0 0.9569403357322085
    outer loop
      vertex 6.256278844813458 20.5 10.497391519338318
      vertex 6.865956453447583 21 10.3124478386895
      vertex 6.256278844813458 21 10.497391519338318
    endloop
  endfacet
  facet normal 0 1 0
    outer loop
      vertex 5.694396742686293 20.5 10.797723760016728
      vertex 6.021792747981941 20.5 12.887706508215857
      vertex 6.256278844813458 20.5 10.497391519338318
    endloop
  endfacet
  facet normal 0 1 0
    outer loop
      vertex 6.256278844813458 20.5 10.497391519338318
      vertex 6.3686291501015235 20.5 12.368629150101524
      vertex 6.6110876271686365 20.5 12.169648620315927
    endloop
  endfacet
  facet normal 0.29028467725446355 3.1276046861845083e-18 0.9569403357322085
    outer loop
      vertex 6.256278844813458 20.5 10.497391519338318
      vertex 6.865956453447583 20.5 10.3124478386895
      vertex 6.865956453447583 21 10.3124478386895
    endloop
  endfacet
  facet normal 0.09801714032956003 0 0.995184726672197
    outer loop
      vertex 6.865956453447583 20.5 10.3124478386895
      vertex 7.5 21 10.25
      vertex 6.865956453447583 21 10.3124478386895
    endloop
  endfacet
  facet normal 0 1 0
    outer loop
      vertex 6.256278844813458 20.5 10.497391519338318
      vertex 6.887706508215857 20.5 12.02179274798194
      vertex 6.865956453447583 20.5 10.3124478386895
    endloop
  endfacet
  facet normal 0 1 0
    outer loop
      vertex 6.256278844813458 20.5 10.497391519338318
      vertex 6.6110876271686365 20.5 12.169648620315927
      vertex 6.887706508215857 20.5 12.02179274798194
    endloop
  endfacet
  facet normal 0 1 0
    outer loop
      vertex 6.865956453447583 20.5 10.3124478386895
      vertex 6.887706508215857 20.5 12.02179274798194
      vertex 7.187855484774195 20.5 11.930743551354832
    endloop
  endfacet
  facet normal 0 1 0
    outer loop
      vertex 6.865956453447583 20.5 10.3124478386895
      vertex 7.187855484774195 20.5 11.930743551354832
      vertex 7.5 20.5 11.9
    endloop
  endfacet
  facet normal 0.09801714032956003 -6.280304105964609e-18 0.995184726672197
    outer loop
      vertex 6.865956453447583 20.5 10.3124478386895
      vertex 7.5 20.5 10.25
      vertex 7.5 21 10.25
    endloop
  endfacet
  facet normal 0 1 0
    outer loop
      vertex 6.865956453447583 20.5 10.3124478386895
      vertex 7.5 20.5 11.9
      vertex 7.5 20.5 10.25
    endloop
  endfacet
  facet normal 0 1 0
    outer loop
      vertex 7.5 20.5 10.25
      vertex 7.5 20.5 11.9
      vertex 8.134043546552416 20.5 10.3124478386895
    endloop
  endfacet
  facet normal -0.09801714032956015 0 0.9951847266721968
    outer loop
      vertex 7.5 20.5 10.25
      vertex 8.134043546552416 21 10.3124478386895
      vertex 7.5 21 10.25
    endloop
  endfacet
  facet normal 0 1 0
    outer loop
      vertex 8.134043546552416 20.5 10.3124478386895
      vertex 7.5 20.5 11.9
      vertex 7.812144515225805 20.5 11.930743551354832
    endloop
  endfacet
  facet normal -0.09801714032956015 6.1348709856473236e-18 0.9951847266721968
    outer loop
      vertex 7.5 20.5 10.25
      vertex 8.134043546552416 20.5 10.3124478386895
      vertex 8.134043546552416 21 10.3124478386895
    endloop
  endfacet
  facet normal -0.2902846772544632 3.999775669310578e-18 0.9569403357322087
    outer loop
      vertex 8.134043546552416 20.5 10.3124478386895
      vertex 8.743721155186542 20.5 10.497391519338318
      vertex 8.743721155186542 21 10.497391519338318
    endloop
  endfacet
  facet normal -0.2902846772544632 0 0.9569403357322087
    outer loop
      vertex 8.134043546552416 20.5 10.3124478386895
      vertex 8.743721155186542 21 10.497391519338318
      vertex 8.134043546552416 21 10.3124478386895
    endloop
  endfacet
  facet normal 0 1 0
    outer loop
      vertex 8.134043546552416 20.5 10.3124478386895
      vertex 7.812144515225805 20.5 11.930743551354832
      vertex 8.112293491784143 20.5 12.02179274798194
    endloop
  endfacet
  facet normal 0 1 0
    outer loop
      vertex 8.134043546552416 20.5 10.3124478386895
      vertex 8.112293491784143 20.5 12.02179274798194
      vertex 8.388912372831363 20.5 12.169648620315927
    endloop
  endfacet
  facet normal 0 1 0
    outer loop
      vertex 8.134043546552416 20.5 10.3124478386895
      vertex 8.388912372831363 20.5 12.169648620315927
      vertex 8.743721155186542 20.5 10.497391519338318
    endloop
  endfacet
  facet normal 0 1 0
    outer loop
      vertex 8.388912372831363 20.5 12.169648620315927
      vertex 8.631370849898476 20.5 12.368629150101524
      vertex 8.743721155186542 20.5 10.497391519338318
    endloop
  endfacet
  facet normal 0 1 0
    outer loop
      vertex 5.694396742686293 20.5 10.797723760016728
      vertex 5.930743551354832 20.5 13.187855484774195
      vertex 6.021792747981941 20.5 12.887706508215857
    endloop
  endfacet
  facet normal 0 1 0
    outer loop
      vertex 5.694396742686293 20.5 10.797723760016728
      vertex 5.9 20.5 13.5
      vertex 5.930743551354832 20.5 13.187855484774195
    endloop
  endfacet
  facet normal 0 1 0
    outer loop
      vertex 6.256278844813458 20.5 10.497391519338318
      vertex 6.021792747981941 20.5 12.887706508215857
      vertex 6.169648620315927 20.5 12.611087627168637
    endloop
  endfacet
  facet normal 0 1 0
    outer loop
      vertex 6.256278844813458 20.5 10.497391519338318
      vertex 6.169648620315927 20.5 12.611087627168637
      vertex 6.3686291501015235 20.5 12.368629150101524
    endloop
  endfacet
  facet normal 0 1 0
    outer loop
      vertex 5.694396742686293 20.5 10.797723760016728
      vertex 5.694396742686293 20.5 16.20227623998327
      vertex 5.9 20.5 13.5
    endloop
  endfacet
  facet normal 0 1 0
    outer loop
      vertex 5.9 20.5 13.5
      vertex 5.694396742686293 20.5 16.20227623998327
      vertex 5.930743551354832 20.5 13.812144515225805
    endloop
  endfacet
  facet normal 0 1 0
    outer loop
      vertex 5.930743551354832 20.5 13.812144515225805
      vertex 5.694396742686293 20.5 16.20227623998327
      vertex 6.021792747981941 20.5 14.112293491784143
    endloop
  endfacet
  facet normal 0 1 0
    outer loop
      vertex 6.021792747981941 20.5 14.112293491784143
      vertex 5.694396742686293 20.5 16.20227623998327
      vertex 6.169648620315927 20.5 14.388912372831363
    endloop
  endfacet
  facet normal 0 1 0
    outer loop
      vertex 5.694396742686293 20.5 16.20227623998327
      vertex 6.256278844813458 20.5 16.50260848066168
      vertex 6.169648620315927 20.5 14.388912372831363
    endloop
  endfacet
  facet normal 0 1 0
    outer loop
      vertex 6.169648620315927 20.5 14.388912372831363
      vertex 6.256278844813458 20.5 16.50260848066168
      vertex 6.3686291501015235 20.5 14.631370849898476
    endloop
  endfacet
  facet normal 0 1 0
    outer loop
      vertex 6.3686291501015235 20.5 14.631370849898476
      vertex 6.256278844813458 20.5 16.50260848066168
      vertex 6.6110876271686365 20.5 14.830351379684073
    endloop
  endfacet
  facet normal 0 1 0
    outer loop
      vertex 6.6110876271686365 20.5 14.830351379684073
      vertex 6.865956453447583 20.5 16.6875521613105
      vertex 6.887706508215857 20.5 14.97820725201806
    endloop
  endfacet
  facet normal 0 1 0
    outer loop
      vertex 6.887706508215857 20.5 14.97820725201806
      vertex 6.865956453447583 20.5 16.6875521613105
      vertex 7.187855484774195 20.5 15.069256448645168
    endloop
  endfacet
  facet normal 0 1 0
    outer loop
      vertex 6.865956453447583 20.5 16.6875521613105
      vertex 7.5 20.5 15.1
      vertex 7.187855484774195 20.5 15.069256448645168
    endloop
  endfacet
  facet normal 0 1 0
    outer loop
      vertex 7.5 20.5 15.1
      vertex 8.134043546552416 20.5 16.6875521613105
      vertex 7.812144515225805 20.5 15.069256448645168
    endloop
  endfacet
  facet normal 0 1 0
    outer loop
      vertex 7.812144515225805 20.5 15.069256448645168
      vertex 8.134043546552416 20.5 16.6875521613105
      vertex 8.112293491784143 20.5 14.97820725201806
    endloop
  endfacet
  facet normal 0 1 0
    outer loop
      vertex 8.112293491784143 20.5 14.97820725201806
      vertex 8.743721155186542 20.5 16.50260848066168
      vertex 8.388912372831363 20.5 14.830351379684073
    endloop
  endfacet
  facet normal 0 1 0
    outer loop
      vertex 8.388912372831363 20.5 14.830351379684073
      vertex 8.743721155186542 20.5 16.50260848066168
      vertex 8.631370849898476 20.5 14.631370849898476
    endloop
  endfacet
  facet normal -0.471396736825997 0 0.8819212643483554
    outer loop
      vertex 8.743721155186542 20.5 10.497391519338318
      vertex 9.305603257313708 21 10.797723760016728
      vertex 8.743721155186542 21 10.497391519338318
    endloop
  endfacet
  facet normal -0.471396736825997 1.317245231541024e-19 0.8819212643483554
    outer loop
      vertex 8.743721155186542 20.5 10.497391519338318
      vertex 9.305603257313708 20.5 10.797723760016728
      vertex 9.305603257313708 21 10.797723760016728
    endloop
  endfacet
  facet normal 0 1 0
    outer loop
      vertex 8.743721155186542 20.5 10.497391519338318
      vertex 8.830351379684073 20.5 12.611087627168637
      vertex 9.305603257313708 20.5 10.797723760016728
    endloop
  endfacet
  facet normal -0.6343932841636444 -3.654870283657789e-17 0.7730104533627379
    outer loop
      vertex 9.305603257313708 20.5 10.797723760016728
      vertex 9.79809703885628 20.5 11.20190296114372
      vertex 9.79809703885628 21 11.20190296114372
    endloop
  endfacet
  facet normal -0.6343932841636444 0 0.7730104533627379
    outer loop
      vertex 9.305603257313708 20.5 10.797723760016728
      vertex 9.79809703885628 21 11.20190296114372
      vertex 9.305603257313708 21 10.797723760016728
    endloop
  endfacet
  facet normal -0.7730104533627379 0 0.6343932841636444
    outer loop
      vertex 9.79809703885628 20.5 11.20190296114372
      vertex 10.202276239983272 21 11.694396742686292
      vertex 9.79809703885628 21 11.20190296114372
    endloop
  endfacet
  facet normal -0.7730104533627379 -3.654870283657789e-17 0.6343932841636444
    outer loop
      vertex 9.79809703885628 20.5 11.20190296114372
      vertex 10.202276239983272 20.5 11.694396742686292
      vertex 10.202276239983272 21 11.694396742686292
    endloop
  endfacet
  facet normal 0 1 0
    outer loop
      vertex 8.743721155186542 20.5 10.497391519338318
      vertex 8.631370849898476 20.5 12.368629150101524
      vertex 8.830351379684073 20.5 12.611087627168637
    endloop
  endfacet
  facet normal 0 1 0
    outer loop
      vertex 9.305603257313708 20.5 10.797723760016728
      vertex 8.830351379684073 20.5 12.611087627168637
      vertex 8.97820725201806 20.5 12.887706508215857
    endloop
  endfacet
  facet normal 0 1 0
    outer loop
      vertex 9.305603257313708 20.5 10.797723760016728
      vertex 8.97820725201806 20.5 12.887706508215857
      vertex 9.069256448645168 20.5 13.187855484774195
    endloop
  endfacet
  facet normal 0 1 0
    outer loop
      vertex 9.305603257313708 20.5 10.797723760016728
      vertex 9.069256448645168 20.5 13.187855484774195
      vertex 9.1 20.5 13.5
    endloop
  endfacet
  facet normal 0 1 0
    outer loop
      vertex 9.305603257313708 20.5 10.797723760016728
      vertex 9.1 20.5 13.5
      vertex 9.305603257313708 20.5 16.20227623998327
    endloop
  endfacet
  facet normal 0 1 0
    outer loop
      vertex 9.305603257313708 20.5 10.797723760016728
      vertex 9.305603257313708 20.5 16.20227623998327
      vertex 9.79809703885628 20.5 11.20190296114372
    endloop
  endfacet
  facet normal 0 1 0
    outer loop
      vertex 9.79809703885628 20.5 11.20190296114372
      vertex 9.79809703885628 20.5 15.79809703885628
      vertex 10.202276239983272 20.5 11.694396742686292
    endloop
  endfacet
  facet normal 0 1 0
    outer loop
      vertex 9.1 20.5 13.5
      vertex 9.069256448645168 20.5 13.812144515225805
      vertex 9.305603257313708 20.5 16.20227623998327
    endloop
  endfacet
  facet normal 0 1 0
    outer loop
      vertex 8.97820725201806 20.5 14.112293491784143
      vertex 9.305603257313708 20.5 16.20227623998327
      vertex 9.069256448645168 20.5 13.812144515225805
    endloop
  endfacet
  facet normal 0 1 0
    outer loop
      vertex 8.631370849898476 20.5 14.631370849898476
      vertex 8.743721155186542 20.5 16.50260848066168
      vertex 8.830351379684073 20.5 14.388912372831363
    endloop
  endfacet
  facet normal 0 1 0
    outer loop
      vertex 8.97820725201806 20.5 14.112293491784143
      vertex 8.830351379684073 20.5 14.388912372831363
      vertex 8.743721155186542 20.5 16.50260848066168
    endloop
  endfacet
  facet normal 0 1 0
    outer loop
      vertex 8.97820725201806 20.5 14.112293491784143
      vertex 8.743721155186542 20.5 16.50260848066168
      vertex 9.305603257313708 20.5 16.20227623998327
    endloop
  endfacet
  facet normal 0 1 0
    outer loop
      vertex 9.79809703885628 20.5 11.20190296114372
      vertex 9.305603257313708 20.5 16.20227623998327
      vertex 9.79809703885628 20.5 15.79809703885628
    endloop
  endfacet
  facet normal -0.7730104533627379 0 -0.6343932841636444
    outer loop
      vertex 9.79809703885628 20.5 15.79809703885628
      vertex 9.79809703885628 21 15.79809703885628
      vertex 10.202276239983272 20.5 15.305603257313708
    endloop
  endfacet
  facet normal -0.8819212643483554 1.317245231541024e-19 0.471396736825997
    outer loop
      vertex 10.202276239983272 20.5 11.694396742686292
      vertex 10.502608480661682 20.5 12.256278844813458
      vertex 10.502608480661682 21 12.256278844813458
    endloop
  endfacet
  facet normal -0.8819212643483554 0 0.471396736825997
    outer loop
      vertex 10.202276239983272 20.5 11.694396742686292
      vertex 10.502608480661682 21 12.256278844813458
      vertex 10.202276239983272 21 11.694396742686292
    endloop
  endfacet
  facet normal -0.9569403357322087 3.999775669310578e-18 0.2902846772544632
    outer loop
      vertex 10.502608480661682 20.5 12.256278844813458
      vertex 10.6875521613105 20.5 12.865956453447584
      vertex 10.6875521613105 21 12.865956453447584
    endloop
  endfacet
  facet normal -0.9569403357322087 0 0.2902846772544632
    outer loop
      vertex 10.502608480661682 20.5 12.256278844813458
      vertex 10.6875521613105 21 12.865956453447584
      vertex 10.502608480661682 21 12.256278844813458
    endloop
  endfacet
  facet normal 0 1 0
    outer loop
      vertex 10.202276239983272 20.5 11.694396742686292
      vertex 10.202276239983272 20.5 15.305603257313708
      vertex 10.502608480661682 20.5 12.256278844813458
    endloop
  endfacet
  facet normal 0 1 0
    outer loop
      vertex 10.502608480661682 20.5 12.256278844813458
      vertex 10.502608480661682 20.5 14.743721155186542
      vertex 10.6875521613105 20.5 12.865956453447584
    endloop
  endfacet
  facet normal -0.9951847266721968 6.1348709856473236e-18 0.09801714032956015
    outer loop
      vertex 10.6875521613105 20.5 12.865956453447584
      vertex 10.75 20.5 13.5
      vertex 10.75 21 13.5
    endloop
  endfacet
  facet normal 0 1 0
    outer loop
      vertex 10.6875521613105 20.5 12.865956453447584
      vertex 10.6875521613105 20.5 14.134043546552416
      vertex 10.75 20.5 13.5
    endloop
  endfacet
  facet normal -0.9951847266721968 0 0.09801714032956015
    outer loop
      vertex 10.6875521613105 20.5 12.865956453447584
      vertex 10.75 21 13.5
      vertex 10.6875521613105 21 12.865956453447584
    endloop
  endfacet
  facet normal -0.9951847266721968 0 -0.09801714032956015
    outer loop
      vertex 10.75 20.5 13.5
      vertex 10.6875521613105 21 14.134043546552416
      vertex 10.75 21 13.5
    endloop
  endfacet
  facet normal 0 1 0
    outer loop
      vertex 10.202276239983272 20.5 11.694396742686292
      vertex 9.79809703885628 20.5 15.79809703885628
      vertex 10.202276239983272 20.5 15.305603257313708
    endloop
  endfacet
  facet normal 0 1 0
    outer loop
      vertex 10.502608480661682 20.5 12.256278844813458
      vertex 10.202276239983272 20.5 15.305603257313708
      vertex 10.502608480661682 20.5 14.743721155186542
    endloop
  endfacet
  facet normal 0 1 0
    outer loop
      vertex 10.6875521613105 20.5 12.865956453447584
      vertex 10.502608480661682 20.5 14.743721155186542
      vertex 10.6875521613105 20.5 14.134043546552416
    endloop
  endfacet
  facet normal -0.9951847266721968 -6.1348709856473236e-18 -0.09801714032956015
    outer loop
      vertex 10.75 20.5 13.5
      vertex 10.6875521613105 20.5 14.134043546552416
      vertex 10.6875521613105 21 14.134043546552416
    endloop
  endfacet
  facet normal -0.9569403357322087 -3.999775669310578e-18 -0.2902846772544632
    outer loop
      vertex 10.6875521613105 20.5 14.134043546552416
      vertex 10.502608480661682 20.5 14.743721155186542
      vertex 10.502608480661682 21 14.743721155186542
    endloop
  endfacet
  facet normal -0.9569403357322087 0 -0.2902846772544632
    outer loop
      vertex 10.6875521613105 20.5 14.134043546552416
      vertex 10.502608480661682 21 14.743721155186542
      vertex 10.6875521613105 21 14.134043546552416
    endloop
  endfacet
  facet normal -0.8819212643483554 -1.317245231541024e-19 -0.471396736825997
    outer loop
      vertex 10.502608480661682 20.5 14.743721155186542
      vertex 10.202276239983272 20.5 15.305603257313708
      vertex 10.202276239983272 21 15.305603257313708
    endloop
  endfacet
  facet normal -0.8819212643483554 0 -0.471396736825997
    outer loop
      vertex 10.502608480661682 20.5 14.743721155186542
      vertex 10.202276239983272 21 15.305603257313708
      vertex 10.502608480661682 21 14.743721155186542
    endloop
  endfacet
  facet normal -0.7730104533627379 3.654870283657789e-17 -0.6343932841636444
    outer loop
      vertex 9.79809703885628 21 15.79809703885628
      vertex 10.202276239983272 21 15.305603257313708
      vertex 10.202276239983272 20.5 15.305603257313708
    endloop
  endfacet
  facet normal 0.634393284163642 0 -0.7730104533627399
    outer loop
      vertex 5.20190296114372 20.5 15.79809703885628
      vertex 5.20190296114372 21 15.79809703885628
      vertex 5.694396742686293 20.5 16.20227623998327
    endloop
  endfacet
  facet normal 0.634393284163642 1.4497602978657586e-17 -0.7730104533627399
    outer loop
      vertex 5.20190296114372 21 15.79809703885628
      vertex 5.694396742686293 21 16.20227623998327
      vertex 5.694396742686293 20.5 16.20227623998327
    endloop
  endfacet
  facet normal 0.4713967368259997 0 -0.8819212643483538
    outer loop
      vertex 5.694396742686293 20.5 16.20227623998327
      vertex 5.694396742686293 21 16.20227623998327
      vertex 6.256278844813458 20.5 16.50260848066168
    endloop
  endfacet
  facet normal 0.4713967368259997 -3.034813801904832e-17 -0.8819212643483538
    outer loop
      vertex 5.694396742686293 21 16.20227623998327
      vertex 6.256278844813458 21 16.50260848066168
      vertex 6.256278844813458 20.5 16.50260848066168
    endloop
  endfacet
  facet normal 0.29028467725446355 0 -0.9569403357322085
    outer loop
      vertex 6.256278844813458 20.5 16.50260848066168
      vertex 6.256278844813458 21 16.50260848066168
      vertex 6.865956453447583 20.5 16.6875521613105
    endloop
  endfacet
  facet normal 0 1 0
    outer loop
      vertex 6.6110876271686365 20.5 14.830351379684073
      vertex 6.256278844813458 20.5 16.50260848066168
      vertex 6.865956453447583 20.5 16.6875521613105
    endloop
  endfacet
  facet normal 0.29028467725446355 -3.1276046861845083e-18 -0.9569403357322085
    outer loop
      vertex 6.256278844813458 21 16.50260848066168
      vertex 6.865956453447583 21 16.6875521613105
      vertex 6.865956453447583 20.5 16.6875521613105
    endloop
  endfacet
  facet normal 0.09801714032956003 0 -0.995184726672197
    outer loop
      vertex 6.865956453447583 20.5 16.6875521613105
      vertex 6.865956453447583 21 16.6875521613105
      vertex 7.5 20.5 16.75
    endloop
  endfacet
  facet normal 0 1 0
    outer loop
      vertex 6.865956453447583 20.5 16.6875521613105
      vertex 7.5 20.5 16.75
      vertex 7.5 20.5 15.1
    endloop
  endfacet
  facet normal 0.09801714032956003 6.280304105964609e-18 -0.995184726672197
    outer loop
      vertex 6.865956453447583 21 16.6875521613105
      vertex 7.5 21 16.75
      vertex 7.5 20.5 16.75
    endloop
  endfacet
  facet normal 0 1 0
    outer loop
      vertex 7.5 20.5 15.1
      vertex 7.5 20.5 16.75
      vertex 8.134043546552416 20.5 16.6875521613105
    endloop
  endfacet
  facet normal -0.09801714032956015 0 -0.9951847266721968
    outer loop
      vertex 7.5 20.5 16.75
      vertex 7.5 21 16.75
      vertex 8.134043546552416 20.5 16.6875521613105
    endloop
  endfacet
  facet normal -0.09801714032956015 -6.1348709856473236e-18 -0.9951847266721968
    outer loop
      vertex 7.5 21 16.75
      vertex 8.134043546552416 21 16.6875521613105
      vertex 8.134043546552416 20.5 16.6875521613105
    endloop
  endfacet
  facet normal 0 1 0
    outer loop
      vertex 8.112293491784143 20.5 14.97820725201806
      vertex 8.134043546552416 20.5 16.6875521613105
      vertex 8.743721155186542 20.5 16.50260848066168
    endloop
  endfacet
  facet normal -0.2902846772544632 0 -0.9569403357322087
    outer loop
      vertex 8.134043546552416 20.5 16.6875521613105
      vertex 8.134043546552416 21 16.6875521613105
      vertex 8.743721155186542 20.5 16.50260848066168
    endloop
  endfacet
  facet normal -0.2902846772544632 -3.999775669310578e-18 -0.9569403357322087
    outer loop
      vertex 8.134043546552416 21 16.6875521613105
      vertex 8.743721155186542 21 16.50260848066168
      vertex 8.743721155186542 20.5 16.50260848066168
    endloop
  endfacet
  facet normal -0.47139673682599914 0 -0.8819212643483542
    outer loop
      vertex 8.743721155186542 20.5 16.50260848066168
      vertex 8.743721155186542 21 16.50260848066168
      vertex 9.305603257313708 20.5 16.20227623998327
    endloop
  endfacet
  facet normal -0.47139673682599914 -3.577298065053138e-18 -0.8819212643483542
    outer loop
      vertex 8.743721155186542 21 16.50260848066168
      vertex 9.305603257313708 21 16.20227623998327
      vertex 9.305603257313708 20.5 16.20227623998327
    endloop
  endfacet
  facet normal -0.6343932841636427 -8.723922471623577e-18 -0.7730104533627392
    outer loop
      vertex 9.79809703885628 20.5 15.79809703885628
      vertex 9.305603257313708 20.5 16.20227623998327
      vertex 9.305603257313708 21 16.20227623998327
    endloop
  endfacet
  facet normal -0.6343932841636427 0 -0.7730104533627392
    outer loop
      vertex 9.79809703885628 20.5 15.79809703885628
      vertex 9.305603257313708 21 16.20227623998327
      vertex 9.79809703885628 21 15.79809703885628
    endloop
  endfacet
  facet normal 0 -1 0
    outer loop
      vertex 0 0 2.99
      vertex 0.000984914034454787 0 2.99
      vertex 0 0 3
    endloop
  endfacet
  facet normal 0 -1 0
    outer loop
      vertex 4.312447838689501 0 14.134043546552416
      vertex 0 0 3
      vertex 3 0 3
    endloop
  endfacet
  facet normal 0 -1 0
    outer loop
      vertex 2.99 0 0
      vertex 3 0 0
      vertex 2.99 0 0.000984914034454787
    endloop
  endfacet
  facet normal 0 0 -1
    outer loop
      vertex 2.99 0 0
      vertex 2.99 3 0
      vertex 3 0 0
    endloop
  endfacet
  facet normal -1 0 0
    outer loop
      vertex 0 0 2.99
      vertex 0 0 3
      vertex 0 3 27.01
    endloop
  endfacet
  facet normal -1 0 0
    outer loop
      vertex 0 0 2.99
      vertex 0 3 23.99
      vertex 0 3 2.99
    endloop
  endfacet
  facet normal 0 -1 0
    outer loop
      vertex 4.4973915193383185 0 14.743721155186542
      vertex 0 0 28.5
      vertex 0 0 3
    endloop
  endfacet
  facet normal 0 -1 0
    outer loop
      vertex 4.312447838689501 0 12.865956453447584
      vertex 3 0 3
      vertex 4.4973915193383185 0 12.256278844813458
    endloop
  endfacet
  facet normal 0 -1 0
    outer loop
      vertex 4.312447838689501 0 12.865956453447584
      vertex 4.25 0 13.5
      vertex 3 0 3
    endloop
  endfacet
  facet normal 0 -1 0
    outer loop
      vertex 4.4973915193383185 0 12.256278844813458
      vertex 3 0 3
      vertex 4.797723760016728 0 11.694396742686292
    endloop
  endfacet
  facet normal 0 -1 0
    outer loop
      vertex 4.312447838689501 0 14.134043546552416
      vertex 4.4973915193383185 0 14.743721155186542
      vertex 0 0 3
    endloop
  endfacet
  facet normal 0 -1 0
    outer loop
      vertex 4.25 0 13.5
      vertex 4.312447838689501 0 14.134043546552416
      vertex 3 0 3
    endloop
  endfacet
  facet normal 0 -1 0
    outer loop
      vertex 5.20190296114372 0 11.20190296114372
      vertex 3 0 3
      vertex 5.694396742686293 0 10.797723760016728
    endloop
  endfacet
  facet normal 0 -1 0
    outer loop
      vertex 4.797723760016728 0 11.694396742686292
      vertex 3 0 3
      vertex 5.20190296114372 0 11.20190296114372
    endloop
  endfacet
  facet normal 0 -1 0
    outer loop
      vertex 5.694396742686293 0 10.797723760016728
      vertex 3 0 3
      vertex 6.256278844813458 0 10.497391519338318
    endloop
  endfacet
  facet normal 0 -1 0
    outer loop
      vertex 6.256278844813458 0 10.497391519338318
      vertex 3 0 3
      vertex 6.865956453447583 0 10.3124478386895
    endloop
  endfacet
  facet normal 0 0 -1
    outer loop
      vertex 2.99 3 0
      vertex 12.01 0 0
      vertex 3 0 0
    endloop
  endfacet
  facet normal 0 -1 0
    outer loop
      vertex 12.01 0 2.99
      vertex 3 0 3
      vertex 3 0 0
    endloop
  endfacet
  facet normal 0 0 -1
    outer loop
      vertex 2.99 3 0
      vertex 3 3 0
      vertex 12.01 0 0
    endloop
  endfacet
  facet normal 0 -1 0
    outer loop
      vertex 6.865956453447583 0 10.3124478386895
      vertex 3 0 3
      vertex 12.01 0 2.99
    endloop
  endfacet
  facet normal 0 -1 0
    outer loop
      vertex 12.01 0 0
      vertex 12.01 0 0.000984914034454787
      vertex 3 0 0
    endloop
  endfacet
  facet normal 0 -1 0
    outer loop
      vertex 12.01 0 0.000984914034454787
      vertex 12.01 0 2.99
      vertex 3 0 0
    endloop
  endfacet
  facet normal 0 0 -1
    outer loop
      vertex 3 3 0
      vertex 12.01 3 0
      vertex 12.01 0 0
    endloop
  endfacet
  facet normal 0 -1 0
    outer loop
      vertex 6.865956453447583 0 10.3124478386895
      vertex 12.01 0 2.99
      vertex 7.5 0 10.25
    endloop
  endfacet
  facet normal 0 -1 0
    outer loop
      vertex 7.5 0 10.25
      vertex 12.01 0 2.99
      vertex 8.134043546552416 0 10.3124478386895
    endloop
  endfacet
  facet normal 0 -1 0
    outer loop
      vertex 8.134043546552416 0 10.3124478386895
      vertex 12.01 0 2.99
      vertex 8.743721155186542 0 10.497391519338318
    endloop
  endfacet
  facet normal 0 -1 0
    outer loop
      vertex 8.743721155186542 0 10.497391519338318
      vertex 12.01 0 2.99
      vertex 9.305603257313708 0 10.797723760016728
    endloop
  endfacet
  facet normal 0 -1 0
    outer loop
      vertex 9.305603257313708 0 10.797723760016728
      vertex 15 0 2.99
      vertex 9.79809703885628 0 11.20190296114372
    endloop
  endfacet
  facet normal -1 0 0
    outer loop
      vertex 0 3 27.01
      vertex 0 0 3
      vertex 0 0 28.5
    endloop
  endfacet
  facet normal -1 0 0
    outer loop
      vertex 0 0 2.99
      vertex 0 3 27.01
      vertex 0 3 23.99
    endloop
  endfacet
  facet normal 0 -1 0
    outer loop
      vertex 4.4973915193383185 0 14.743721155186542
      vertex 4.797723760016728 0 15.305603257313708
      vertex 0 0 28.5
    endloop
  endfacet
  facet normal 0 -1 0
    outer loop
      vertex 4.797723760016728 0 15.305603257313708
      vertex 5.20190296114372 0 15.79809703885628
      vertex 0 0 28.5
    endloop
  endfacet
  facet normal 0 -1 0
    outer loop
      vertex 5.20190296114372 0 15.79809703885628
      vertex 5.694396742686293 0 16.20227623998327
      vertex 0 0 28.5
    endloop
  endfacet
  facet normal 0 -1 0
    outer loop
      vertex 5.694396742686293 0 16.20227623998327
      vertex 6.256278844813458 0 16.50260848066168
      vertex 0 0 28.5
    endloop
  endfacet
  facet normal 0 -1 0
    outer loop
      vertex 6.256278844813458 0 16.50260848066168
      vertex 6.865956453447583 0 16.6875521613105
      vertex 0 0 28.5
    endloop
  endfacet
  facet normal 0 -1 0
    outer loop
      vertex 6.865956453447583 0 16.6875521613105
      vertex 7.5 0 16.75
      vertex 0 0 28.5
    endloop
  endfacet
  facet normal 0 -1 0
    outer loop
      vertex 7.5 0 16.75
      vertex 8.134043546552416 0 16.6875521613105
      vertex 0 0 28.5
    endloop
  endfacet
  facet normal 0 -1 0
    outer loop
      vertex 8.134043546552416 0 16.6875521613105
      vertex 8.743721155186542 0 16.50260848066168
      vertex 0 0 28.5
    endloop
  endfacet
  facet normal -1 0 0
    outer loop
      vertex 0 3 27.01
      vertex 0 0 28.5
      vertex 0 3 28.5
    endloop
  endfacet
  facet normal -1 0 0
    outer loop
      vertex 0 3 23.99
      vertex 0 3 27.01
      vertex 0 18 27.01
    endloop
  endfacet
  facet normal 0 -1 0
    outer loop
      vertex 8.743721155186542 0 16.50260848066168
      vertex 9.305603257313708 0 16.20227623998327
      vertex 15 0 28.5
    endloop
  endfacet
  facet normal 0 -1 0
    outer loop
      vertex 9.79809703885628 0 15.79809703885628
      vertex 15 0 28.5
      vertex 9.305603257313708 0 16.20227623998327
    endloop
  endfacet
  facet normal 0 -1 0
    outer loop
      vertex 8.743721155186542 0 16.50260848066168
      vertex 15 0 28.5
      vertex 0 0 28.5
    endloop
  endfacet
  facet normal 0 1 0
    outer loop
      vertex 0 21 2.99
      vertex 0 21 3
      vertex 0.000984914034454787 21 2.99
    endloop
  endfacet
  facet normal 0 0 -1
    outer loop
      vertex 2.99 18 0
      vertex 2.99 21 0
      vertex 3 18 0
    endloop
  endfacet
  facet normal 0 1 0
    outer loop
      vertex 2.99 21 0
      vertex 2.99 21 0.000984914034454787
      vertex 3 21 0
    endloop
  endfacet
  facet normal 0 1 0
    outer loop
      vertex 8.134043546552416 21 10.3124478386895
      vertex 3 21 3
      vertex 0 21 3
    endloop
  endfacet
  facet normal 0 1 0
    outer loop
      vertex 6.865956453447583 21 10.3124478386895
      vertex 7.5 21 10.25
      vertex 0 21 3
    endloop
  endfacet
  facet normal 0 1 0
    outer loop
      vertex 7.5 21 10.25
      vertex 8.134043546552416 21 10.3124478386895
      vertex 0 21 3
    endloop
  endfacet
  facet normal -1 0 0
    outer loop
      vertex 0 18 2.99
      vertex 0 18 23.99
      vertex 0 21 2.99
    endloop
  endfacet
  facet normal -1 0 0
    outer loop
      vertex 0 21 2.99
      vertex 0 18 23.99
      vertex 0 21 3
    endloop
  endfacet
  facet normal 0 1 0
    outer loop
      vertex 4.312447838689501 21 12.865956453447584
      vertex 0 21 3
      vertex 4.25 21 13.5
    endloop
  endfacet
  facet normal 0 1 0
    outer loop
      vertex 4.25 21 13.5
      vertex 0 21 3
      vertex 4.312447838689501 21 14.134043546552416
    endloop
  endfacet
  facet normal 0 1 0
    outer loop
      vertex 4.4973915193383185 21 14.743721155186542
      vertex 0 21 3
      vertex 0 21 28.5
    endloop
  endfacet
  facet normal 0 1 0
    outer loop
      vertex 4.797723760016728 21 11.694396742686292
      vertex 5.20190296114372 21 11.20190296114372
      vertex 0 21 3
    endloop
  endfacet
  facet normal 0 1 0
    outer loop
      vertex 4.4973915193383185 21 12.256278844813458
      vertex 4.797723760016728 21 11.694396742686292
      vertex 0 21 3
    endloop
  endfacet
  facet normal 0 1 0
    outer loop
      vertex 4.312447838689501 21 12.865956453447584
      vertex 4.4973915193383185 21 12.256278844813458
      vertex 0 21 3
    endloop
  endfacet
  facet normal 0 1 0
    outer loop
      vertex 5.20190296114372 21 11.20190296114372
      vertex 5.694396742686293 21 10.797723760016728
      vertex 0 21 3
    endloop
  endfacet
  facet normal 0 1 0
    outer loop
      vertex 5.694396742686293 21 10.797723760016728
      vertex 6.256278844813458 21 10.497391519338318
      vertex 0 21 3
    endloop
  endfacet
  facet normal 0 1 0
    outer loop
      vertex 4.312447838689501 21 14.134043546552416
      vertex 0 21 3
      vertex 4.4973915193383185 21 14.743721155186542
    endloop
  endfacet
  facet normal 0 1 0
    outer loop
      vertex 6.256278844813458 21 10.497391519338318
      vertex 6.865956453447583 21 10.3124478386895
      vertex 0 21 3
    endloop
  endfacet
  facet normal 0 0 -1
    outer loop
      vertex 2.99 21 0
      vertex 12.01 18 0
      vertex 3 18 0
    endloop
  endfacet
  facet normal 0 0 -1
    outer loop
      vertex 2.99 21 0
      vertex 3 21 0
      vertex 12.01 18 0
    endloop
  endfacet
  facet normal 0 1 0
    outer loop
      vertex 12.01 21 0
      vertex 3 21 0
      vertex 3 21 3
    endloop
  endfacet
  facet normal 0 1 0
    outer loop
      vertex 8.134043546552416 21 10.3124478386895
      vertex 12.01 21 2.99
      vertex 3 21 3
    endloop
  endfacet
  facet normal 0 0 -1
    outer loop
      vertex 3 21 0
      vertex 12.01 21 0
      vertex 12.01 18 0
    endloop
  endfacet
  facet normal 0 1 0
    outer loop
      vertex 12.01 21 0
      vertex 3 21 3
      vertex 12.01 21 0.000984914034454787
    endloop
  endfacet
  facet normal 0 1 0
    outer loop
      vertex 12.01 21 0.000984914034454787
      vertex 3 21 3
      vertex 12.01 21 2.99
    endloop
  endfacet
  facet normal 0 1 0
    outer loop
      vertex 8.134043546552416 21 10.3124478386895
      vertex 8.743721155186542 21 10.497391519338318
      vertex 12.01 21 2.99
    endloop
  endfacet
  facet normal 0 1 0
    outer loop
      vertex 8.743721155186542 21 10.497391519338318
      vertex 9.305603257313708 21 10.797723760016728
      vertex 12.01 21 2.99
    endloop
  endfacet
  facet normal 0 1 0
    outer loop
      vertex 9.305603257313708 21 10.797723760016728
      vertex 9.79809703885628 21 11.20190296114372
      vertex 12.01 21 2.99
    endloop
  endfacet
  facet normal -1 0 0
    outer loop
      vertex 0 3 23.99
      vertex 0 18 27.01
      vertex 0 18 23.99
    endloop
  endfacet
  facet normal -1 0 0
    outer loop
      vertex 0 18 23.99
      vertex 0 21 28.5
      vertex 0 21 3
    endloop
  endfacet
  facet normal 0 1 0
    outer loop
      vertex 4.4973915193383185 21 14.743721155186542
      vertex 0 21 28.5
      vertex 4.797723760016728 21 15.305603257313708
    endloop
  endfacet
  facet normal 0 1 0
    outer loop
      vertex 4.797723760016728 21 15.305603257313708
      vertex 0 21 28.5
      vertex 5.20190296114372 21 15.79809703885628
    endloop
  endfacet
  facet normal 0 1 0
    outer loop
      vertex 5.20190296114372 21 15.79809703885628
      vertex 0 21 28.5
      vertex 5.694396742686293 21 16.20227623998327
    endloop
  endfacet
  facet normal 0 1 0
    outer loop
      vertex 5.694396742686293 21 16.20227623998327
      vertex 0 21 28.5
      vertex 6.256278844813458 21 16.50260848066168
    endloop
  endfacet
  facet normal -1 0 0
    outer loop
      vertex 0 18 23.99
      vertex 0 18 27.01
      vertex 0 21 28.5
    endloop
  endfacet
  facet normal -1 0 0
    outer loop
      vertex 0 18 27.01
      vertex 0 18 28.5
      vertex 0 21 28.5
    endloop
  endfacet
  facet normal 0 1 0
    outer loop
      vertex 6.256278844813458 21 16.50260848066168
      vertex 15 21 28.5
      vertex 6.865956453447583 21 16.6875521613105
    endloop
  endfacet
  facet normal 0 1 0
    outer loop
      vertex 6.865956453447583 21 16.6875521613105
      vertex 15 21 28.5
      vertex 7.5 21 16.75
    endloop
  endfacet
  facet normal 0 1 0
    outer loop
      vertex 7.5 21 16.75
      vertex 15 21 28.5
      vertex 8.134043546552416 21 16.6875521613105
    endloop
  endfacet
  facet normal 0 1 0
    outer loop
      vertex 8.134043546552416 21 16.6875521613105
      vertex 15 21 28.5
      vertex 8.743721155186542 21 16.50260848066168
    endloop
  endfacet
  facet normal 0 1 0
    outer loop
      vertex 8.743721155186542 21 16.50260848066168
      vertex 15 21 28.5
      vertex 9.305603257313708 21 16.20227623998327
    endloop
  endfacet
  facet normal 0 1 0
    outer loop
      vertex 9.79809703885628 21 15.79809703885628
      vertex 9.305603257313708 21 16.20227623998327
      vertex 15 21 28.5
    endloop
  endfacet
  facet normal 0 1 0
    outer loop
      vertex 6.256278844813458 21 16.50260848066168
      vertex 0 21 28.5
      vertex 15 21 28.5
    endloop
  endfacet
  facet normal 0 -1 0
    outer loop
      vertex 9.305603257313708 0 10.797723760016728
      vertex 12.01 0 2.99
      vertex 14.999015085965546 0 2.99
    endloop
  endfacet
  facet normal 0 -1 0
    outer loop
      vertex 9.305603257313708 0 10.797723760016728
      vertex 14.999015085965546 0 2.99
      vertex 15 0 2.99
    endloop
  endfacet
  facet normal 0 -1 0
    outer loop
      vertex 10.502608480661682 0 14.743721155186542
      vertex 15 0 2.99
      vertex 15 0 3
    endloop
  endfacet
  facet normal 1 0 0
    outer loop
      vertex 15 0 2.99
      vertex 15 3 2.99
      vertex 15 0 3
    endloop
  endfacet
  facet normal 1 0 0
    outer loop
      vertex 15 3 2.99
      vertex 15 3 3
      vertex 15 0 3
    endloop
  endfacet
  facet normal 0 -1 0
    outer loop
      vertex 9.79809703885628 0 11.20190296114372
      vertex 15 0 2.99
      vertex 10.202276239983272 0 11.694396742686292
    endloop
  endfacet
  facet normal 0 -1 0
    outer loop
      vertex 10.202276239983272 0 11.694396742686292
      vertex 15 0 2.99
      vertex 10.502608480661682 0 12.256278844813458
    endloop
  endfacet
  facet normal 0 -1 0
    outer loop
      vertex 10.502608480661682 0 12.256278844813458
      vertex 15 0 2.99
      vertex 10.6875521613105 0 12.865956453447584
    endloop
  endfacet
  facet normal 0 -1 0
    outer loop
      vertex 10.6875521613105 0 12.865956453447584
      vertex 15 0 2.99
      vertex 10.75 0 13.5
    endloop
  endfacet
  facet normal 0 -1 0
    outer loop
      vertex 10.75 0 13.5
      vertex 15 0 2.99
      vertex 10.6875521613105 0 14.134043546552416
    endloop
  endfacet
  facet normal 0 -1 0
    outer loop
      vertex 10.6875521613105 0 14.134043546552416
      vertex 15 0 2.99
      vertex 10.502608480661682 0 14.743721155186542
    endloop
  endfacet
  facet normal 0 -1 0
    outer loop
      vertex 10.502608480661682 0 14.743721155186542
      vertex 15 0 3
      vertex 15 0 6
    endloop
  endfacet
  facet normal 0 -1 0
    outer loop
      vertex 10.502608480661682 0 14.743721155186542
      vertex 15 0 6
      vertex 15 0 21
    endloop
  endfacet
  facet normal 0 -1 0
    outer loop
      vertex 10.502608480661682 0 14.743721155186542
      vertex 15 0 28.5
      vertex 10.202276239983272 0 15.305603257313708
    endloop
  endfacet
  facet normal 0 -1 0
    outer loop
      vertex 9.79809703885628 0 15.79809703885628
      vertex 10.202276239983272 0 15.305603257313708
      vertex 15 0 28.5
    endloop
  endfacet
  facet normal 0 -1 0
    outer loop
      vertex 10.502608480661682 0 14.743721155186542
      vertex 15 0 21
      vertex 15 0 24
    endloop
  endfacet
  facet normal 0 -1 0
    outer loop
      vertex 10.502608480661682 0 14.743721155186542
      vertex 15 0 24
      vertex 15 0 28.5
    endloop
  endfacet
  facet normal 1 0 0
    outer loop
      vertex 15 0 24
      vertex 15 3 24
      vertex 15 0 28.5
    endloop
  endfacet
  facet normal 1 0 0
    outer loop
      vertex 15 3 27.01
      vertex 15 0 28.5
      vertex 15 3 24
    endloop
  endfacet
  facet normal 1 0 0
    outer loop
      vertex 15 3 27.01
      vertex 15 3 28.5
      vertex 15 0 28.5
    endloop
  endfacet
  facet normal 1 0 0
    outer loop
      vertex 15 3 23.99
      vertex 15 18 23.99
      vertex 15 3 24
    endloop
  endfacet
  facet normal 1 0 0
    outer loop
      vertex 15 3 27.01
      vertex 15 3 24
      vertex 15 18 23.99
    endloop
  endfacet
  facet normal 0 1 0
    outer loop
      vertex 9.79809703885628 21 11.20190296114372
      vertex 14.990005993770147 21 2.99
      vertex 12.01 21 2.99
    endloop
  endfacet
  facet normal 0 1 0
    outer loop
      vertex 9.79809703885628 21 11.20190296114372
      vertex 15 21 2.99
      vertex 14.999015085965546 21 2.99
    endloop
  endfacet
  facet normal 0 1 0
    outer loop
      vertex 9.79809703885628 21 11.20190296114372
      vertex 14.999015085965546 21 2.99
      vertex 14.990005993770147 21 2.99
    endloop
  endfacet
  facet normal 0 1 0
    outer loop
      vertex 10.502608480661682 21 14.743721155186542
      vertex 15 21 3
      vertex 15 21 2.99
    endloop
  endfacet
  facet normal 1 0 0
    outer loop
      vertex 15 18 2.99
      vertex 15 21 2.99
      vertex 15 18 3
    endloop
  endfacet
  facet normal 1 0 0
    outer loop
      vertex 15 21 2.99
      vertex 15 21 3
      vertex 15 18 3
    endloop
  endfacet
  facet normal 0 1 0
    outer loop
      vertex 9.79809703885628 21 11.20190296114372
      vertex 10.202276239983272 21 11.694396742686292
      vertex 15 21 2.99
    endloop
  endfacet
  facet normal 0 1 0
    outer loop
      vertex 10.202276239983272 21 11.694396742686292
      vertex 10.502608480661682 21 12.256278844813458
      vertex 15 21 2.99
    endloop
  endfacet
  facet normal 0 1 0
    outer loop
      vertex 10.502608480661682 21 12.256278844813458
      vertex 10.6875521613105 21 12.865956453447584
      vertex 15 21 2.99
    endloop
  endfacet
  facet normal 0 1 0
    outer loop
      vertex 10.6875521613105 21 12.865956453447584
      vertex 10.75 21 13.5
      vertex 15 21 2.99
    endloop
  endfacet
  facet normal 0 1 0
    outer loop
      vertex 10.75 21 13.5
      vertex 10.6875521613105 21 14.134043546552416
      vertex 15 21 2.99
    endloop
  endfacet
  facet normal 0 1 0
    outer loop
      vertex 10.6875521613105 21 14.134043546552416
      vertex 10.502608480661682 21 14.743721155186542
      vertex 15 21 2.99
    endloop
  endfacet
  facet normal 0 1 0
    outer loop
      vertex 10.502608480661682 21 14.743721155186542
      vertex 15 21 6
      vertex 15 21 3
    endloop
  endfacet
  facet normal 0 1 0
    outer loop
      vertex 10.502608480661682 21 14.743721155186542
      vertex 15 21 21
      vertex 15 21 6
    endloop
  endfacet
  facet normal 1 0 0
    outer loop
      vertex 15 3 27.01
      vertex 15 18 23.99
      vertex 15 18 24
    endloop
  endfacet
  facet normal 1 0 0
    outer loop
      vertex 15 3 27.01
      vertex 15 18 24
      vertex 15 18 27.01
    endloop
  endfacet
  facet normal 0 1 0
    outer loop
      vertex 10.502608480661682 21 14.743721155186542
      vertex 10.202276239983272 21 15.305603257313708
      vertex 15 21 28.5
    endloop
  endfacet
  facet normal 0 1 0
    outer loop
      vertex 9.79809703885628 21 15.79809703885628
      vertex 15 21 28.5
      vertex 10.202276239983272 21 15.305603257313708
    endloop
  endfacet
  facet normal 0 1 0
    outer loop
      vertex 10.502608480661682 21 14.743721155186542
      vertex 15 21 24
      vertex 15 21 21
    endloop
  endfacet
  facet normal 0 1 0
    outer loop
      vertex 10.502608480661682 21 14.743721155186542
      vertex 15 21 28.5
      vertex 15 21 24
    endloop
  endfacet
  facet normal 1 0 0
    outer loop
      vertex 15 18 27.01
      vertex 15 18 24
      vertex 15 21 24
    endloop
  endfacet
  facet normal 1 0 0
    outer loop
      vertex 15 18 27.01
      vertex 15 21 24
      vertex 15 21 28.5
    endloop
  endfacet
  facet normal 1 0 0
    outer loop
      vertex 15 18 27.01
      vertex 15 21 28.5
      vertex 15 18 28.5
    endloop
  endfacet
  facet normal 0 1 0
    outer loop
      vertex 0 3 2.99
      vertex 0.000833281306036511 3 2.9915395529265885
      vertex 0.000984914034454787 3 2.99
    endloop
  endfacet
  facet normal 0 1 0
    outer loop
      vertex 2.99 3 0
      vertex 2.99 3 0.000984914034454787
      vertex 3 3 0
    endloop
  endfacet
  facet normal 0 1 0
    outer loop
      vertex 7.5 3 11.9
      vertex 3 3 3
      vertex 0.005412488857288517 3 3
    endloop
  endfacet
  facet normal 0 1 0
    outer loop
      vertex 0 3 2.99
      vertex 0 3 23.99
      vertex 0.000833281306036511 3 2.9915395529265885
    endloop
  endfacet
  facet normal 0 1 0
    outer loop
      vertex 0 3 23.99
      vertex 0.005412488857288517 3 3
      vertex 0.000833281306036511 3 2.9915395529265885
    endloop
  endfacet
  facet normal 0 1 0
    outer loop
      vertex 0 3 23.99
      vertex 6.169648620315927 3 14.388912372831363
      vertex 0.005412488857288517 3 3
    endloop
  endfacet
  facet normal 0 1 0
    outer loop
      vertex 6.3686291501015235 3 12.368629150101524
      vertex 0.005412488857288517 3 3
      vertex 6.169648620315927 3 12.611087627168637
    endloop
  endfacet
  facet normal 0 1 0
    outer loop
      vertex 6.021792747981941 3 12.887706508215857
      vertex 6.169648620315927 3 12.611087627168637
      vertex 0.005412488857288517 3 3
    endloop
  endfacet
  facet normal 0 1 0
    outer loop
      vertex 6.021792747981941 3 12.887706508215857
      vertex 0.005412488857288517 3 3
      vertex 5.930743551354832 3 13.187855484774195
    endloop
  endfacet
  facet normal 0 1 0
    outer loop
      vertex 5.930743551354832 3 13.187855484774195
      vertex 0.005412488857288517 3 3
      vertex 5.9 3 13.5
    endloop
  endfacet
  facet normal 0 1 0
    outer loop
      vertex 5.9 3 13.5
      vertex 0.005412488857288517 3 3
      vertex 5.930743551354832 3 13.812144515225805
    endloop
  endfacet
  facet normal 0 1 0
    outer loop
      vertex 5.930743551354832 3 13.812144515225805
      vertex 0.005412488857288517 3 3
      vertex 6.021792747981941 3 14.112293491784143
    endloop
  endfacet
  facet normal 0 1 0
    outer loop
      vertex 6.021792747981941 3 14.112293491784143
      vertex 0.005412488857288517 3 3
      vertex 6.169648620315927 3 14.388912372831363
    endloop
  endfacet
  facet normal 0 1 0
    outer loop
      vertex 6.3686291501015235 3 12.368629150101524
      vertex 6.6110876271686365 3 12.169648620315927
      vertex 0.005412488857288517 3 3
    endloop
  endfacet
  facet normal 0 1 0
    outer loop
      vertex 6.6110876271686365 3 12.169648620315927
      vertex 6.887706508215857 3 12.02179274798194
      vertex 0.005412488857288517 3 3
    endloop
  endfacet
  facet normal 0 1 0
    outer loop
      vertex 6.887706508215857 3 12.02179274798194
      vertex 7.187855484774195 3 11.930743551354832
      vertex 0.005412488857288517 3 3
    endloop
  endfacet
  facet normal 0 1 0
    outer loop
      vertex 7.187855484774195 3 11.930743551354832
      vertex 7.5 3 11.9
      vertex 0.005412488857288517 3 3
    endloop
  endfacet
  facet normal 0 1 0
    outer loop
      vertex 12.01 3 0
      vertex 3 3 0
      vertex 3 3 3
    endloop
  endfacet
  facet normal 0 1 0
    outer loop
      vertex 7.5 3 11.9
      vertex 12.01 3 2.99
      vertex 3 3 3
    endloop
  endfacet
  facet normal 0 1 0
    outer loop
      vertex 12.01 3 0
      vertex 3 3 3
      vertex 12.01 3 0.000984914034454787
    endloop
  endfacet
  facet normal 0 1 0
    outer loop
      vertex 12.01 3 0.000984914034454787
      vertex 3 3 3
      vertex 12.01 3 2.99
    endloop
  endfacet
  facet normal 0 1 0
    outer loop
      vertex 7.5 3 11.9
      vertex 7.812144515225805 3 11.930743551354832
      vertex 12.01 3 2.99
    endloop
  endfacet
  facet normal 0 1 0
    outer loop
      vertex 7.812144515225805 3 11.930743551354832
      vertex 8.112293491784143 3 12.02179274798194
      vertex 12.01 3 2.99
    endloop
  endfacet
  facet normal 0 1 0
    outer loop
      vertex 8.112293491784143 3 12.02179274798194
      vertex 8.388912372831363 3 12.169648620315927
      vertex 12.01 3 2.99
    endloop
  endfacet
  facet normal 0 1 0
    outer loop
      vertex 8.388912372831363 3 12.169648620315927
      vertex 8.631370849898476 3 12.368629150101524
      vertex 12.01 3 2.99
    endloop
  endfacet
  facet normal 0 1 0
    outer loop
      vertex 8.631370849898476 3 12.368629150101524
      vertex 8.830351379684073 3 12.611087627168637
      vertex 15 3 2.99
    endloop
  endfacet
  facet normal 0 1 0
    outer loop
      vertex 0 3 23.99
      vertex 6.3686291501015235 3 14.631370849898476
      vertex 6.169648620315927 3 14.388912372831363
    endloop
  endfacet
  facet normal 0 1 0
    outer loop
      vertex 0 3 23.99
      vertex 6.6110876271686365 3 14.830351379684073
      vertex 6.3686291501015235 3 14.631370849898476
    endloop
  endfacet
  facet normal 0 1 0
    outer loop
      vertex 0 3 23.99
      vertex 6.887706508215857 3 14.97820725201806
      vertex 6.6110876271686365 3 14.830351379684073
    endloop
  endfacet
  facet normal 0 1 0
    outer loop
      vertex 0 3 23.99
      vertex 7.187855484774195 3 15.069256448645168
      vertex 6.887706508215857 3 14.97820725201806
    endloop
  endfacet
  facet normal 0 1 0
    outer loop
      vertex 0 3 23.99
      vertex 7.5 3 15.1
      vertex 7.187855484774195 3 15.069256448645168
    endloop
  endfacet
  facet normal 0 1 0
    outer loop
      vertex 0 3 23.99
      vertex 7.812144515225805 3 15.069256448645168
      vertex 7.5 3 15.1
    endloop
  endfacet
  facet normal 0 1 0
    outer loop
      vertex 0 3 23.99
      vertex 8.112293491784143 3 14.97820725201806
      vertex 7.812144515225805 3 15.069256448645168
    endloop
  endfacet
  facet normal 0 0 -1
    outer loop
      vertex 0 3 23.99
      vertex 6.021792747981941 9.887706508215857 23.99
      vertex 6.169648620315927 9.611087627168637 23.99
    endloop
  endfacet
  facet normal 0 0 -1
    outer loop
      vertex 0 3 23.99
      vertex 6.169648620315927 9.611087627168637 23.99
      vertex 6.3686291501015235 9.368629150101524 23.99
    endloop
  endfacet
  facet normal 0 0 -1
    outer loop
      vertex 0 3 23.99
      vertex 5.930743551354832 10.187855484774195 23.99
      vertex 6.021792747981941 9.887706508215857 23.99
    endloop
  endfacet
  facet normal 0 0 -1
    outer loop
      vertex 0 3 23.99
      vertex 6.3686291501015235 9.368629150101524 23.99
      vertex 6.6110876271686365 9.169648620315927 23.99
    endloop
  endfacet
  facet normal 0 0 -1
    outer loop
      vertex 0 3 23.99
      vertex 6.6110876271686365 9.169648620315927 23.99
      vertex 6.887706508215857 9.02179274798194 23.99
    endloop
  endfacet
  facet normal 0 0 -1
    outer loop
      vertex 0 3 23.99
      vertex 5.9 10.5 23.99
      vertex 5.930743551354832 10.187855484774195 23.99
    endloop
  endfacet
  facet normal 0 0 -1
    outer loop
      vertex 0 3 23.99
      vertex 5.930743551354832 10.812144515225805 23.99
      vertex 5.9 10.5 23.99
    endloop
  endfacet
  facet normal 0 0 -1
    outer loop
      vertex 0 3 23.99
      vertex 6.021792747981941 11.112293491784143 23.99
      vertex 5.930743551354832 10.812144515225805 23.99
    endloop
  endfacet
  facet normal 0 1 0
    outer loop
      vertex 0 3 23.99
      vertex 15 3 23.99
      vertex 8.112293491784143 3 14.97820725201806
    endloop
  endfacet
  facet normal 0 1 0
    outer loop
      vertex 8.830351379684073 3 12.611087627168637
      vertex 8.97820725201806 3 12.887706508215857
      vertex 15 3 23.99
    endloop
  endfacet
  facet normal 0 1 0
    outer loop
      vertex 8.97820725201806 3 12.887706508215857
      vertex 9.069256448645168 3 13.187855484774195
      vertex 15 3 23.99
    endloop
  endfacet
  facet normal 0 1 0
    outer loop
      vertex 9.069256448645168 3 13.187855484774195
      vertex 9.1 3 13.5
      vertex 15 3 23.99
    endloop
  endfacet
  facet normal 0 1 0
    outer loop
      vertex 9.1 3 13.5
      vertex 9.069256448645168 3 13.812144515225805
      vertex 15 3 23.99
    endloop
  endfacet
  facet normal 0 1 0
    outer loop
      vertex 8.631370849898476 3 14.631370849898476
      vertex 15 3 23.99
      vertex 8.830351379684073 3 14.388912372831363
    endloop
  endfacet
  facet normal 0 1 0
    outer loop
      vertex 8.97820725201806 3 14.112293491784143
      vertex 8.830351379684073 3 14.388912372831363
      vertex 15 3 23.99
    endloop
  endfacet
  facet normal 0 1 0
    outer loop
      vertex 8.97820725201806 3 14.112293491784143
      vertex 15 3 23.99
      vertex 9.069256448645168 3 13.812144515225805
    endloop
  endfacet
  facet normal 0 1 0
    outer loop
      vertex 8.112293491784143 3 14.97820725201806
      vertex 15 3 23.99
      vertex 8.388912372831363 3 14.830351379684073
    endloop
  endfacet
  facet normal 0 1 0
    outer loop
      vertex 8.388912372831363 3 14.830351379684073
      vertex 15 3 23.99
      vertex 8.631370849898476 3 14.631370849898476
    endloop
  endfacet
  facet normal 0 0 -1
    outer loop
      vertex 0 3 23.99
      vertex 6.887706508215857 9.02179274798194 23.99
      vertex 15 3 23.99
    endloop
  endfacet
  facet normal 0 0 -1
    outer loop
      vertex 6.887706508215857 9.02179274798194 23.99
      vertex 7.187855484774195 8.930743551354832 23.99
      vertex 15 3 23.99
    endloop
  endfacet
  facet normal 0 0 -1
    outer loop
      vertex 7.187855484774195 8.930743551354832 23.99
      vertex 7.5 8.9 23.99
      vertex 15 3 23.99
    endloop
  endfacet
  facet normal 0 0 -1
    outer loop
      vertex 7.5 8.9 23.99
      vertex 7.812144515225805 8.930743551354832 23.99
      vertex 15 3 23.99
    endloop
  endfacet
  facet normal 0 0 -1
    outer loop
      vertex 7.812144515225805 8.930743551354832 23.99
      vertex 8.112293491784143 9.02179274798194 23.99
      vertex 15 3 23.99
    endloop
  endfacet
  facet normal 0 0 -1
    outer loop
      vertex 8.112293491784143 9.02179274798194 23.99
      vertex 8.388912372831363 9.169648620315927 23.99
      vertex 15 3 23.99
    endloop
  endfacet
  facet normal 0 0 -1
    outer loop
      vertex 8.388912372831363 9.169648620315927 23.99
      vertex 8.631370849898476 9.368629150101524 23.99
      vertex 15 3 23.99
    endloop
  endfacet
  facet normal 0 0 -1
    outer loop
      vertex 8.631370849898476 9.368629150101524 23.99
      vertex 8.830351379684073 9.611087627168637 23.99
      vertex 15 3 23.99
    endloop
  endfacet
  facet normal 0 0 -1
    outer loop
      vertex 8.830351379684073 9.611087627168637 23.99
      vertex 8.97820725201806 9.887706508215857 23.99
      vertex 15 3 23.99
    endloop
  endfacet
  facet normal 0 -1 0
    outer loop
      vertex 0 18 2.99
      vertex 0.000984914034454787 18 2.99
      vertex 0.0008537819316777751 18 2.991331406581587
    endloop
  endfacet
  facet normal 0 -1 0
    outer loop
      vertex 2.99 18 0
      vertex 3 18 0
      vertex 2.99 18 0.000984914034454787
    endloop
  endfacet
  facet normal 0 -1 0
    outer loop
      vertex 6.3686291501015235 18 12.368629150101524
      vertex 0.006412631148783586 18 3
      vertex 3 18 3
    endloop
  endfacet
  facet normal 0 -1 0
    outer loop
      vertex 0 18 2.99
      vertex 0.0008537819316777751 18 2.991331406581587
      vertex 0 18 23.99
    endloop
  endfacet
  facet normal 0 -1 0
    outer loop
      vertex 0 18 23.99
      vertex 0.0008537819316777751 18 2.991331406581587
      vertex 0.006412631148783586 18 3
    endloop
  endfacet
  facet normal 0 -1 0
    outer loop
      vertex 6.169648620315927 18 12.611087627168637
      vertex 0 18 23.99
      vertex 0.006412631148783586 18 3
    endloop
  endfacet
  facet normal 0 -1 0
    outer loop
      vertex 6.3686291501015235 18 12.368629150101524
      vertex 6.169648620315927 18 12.611087627168637
      vertex 0.006412631148783586 18 3
    endloop
  endfacet
  facet normal 0 -1 0
    outer loop
      vertex 6.3686291501015235 18 12.368629150101524
      vertex 3 18 3
      vertex 6.6110876271686365 18 12.169648620315927
    endloop
  endfacet
  facet normal 0 -1 0
    outer loop
      vertex 6.6110876271686365 18 12.169648620315927
      vertex 3 18 3
      vertex 6.887706508215857 18 12.02179274798194
    endloop
  endfacet
  facet normal 0 -1 0
    outer loop
      vertex 6.887706508215857 18 12.02179274798194
      vertex 3 18 3
      vertex 7.187855484774195 18 11.930743551354832
    endloop
  endfacet
  facet normal 0 -1 0
    outer loop
      vertex 12.01 18 2.99
      vertex 3 18 3
      vertex 3 18 0
    endloop
  endfacet
  facet normal 0 -1 0
    outer loop
      vertex 7.5 18 11.9
      vertex 3 18 3
      vertex 12.01 18 2.99
    endloop
  endfacet
  facet normal 0 -1 0
    outer loop
      vertex 12.01 18 0
      vertex 12.01 18 0.000984914034454787
      vertex 3 18 0
    endloop
  endfacet
  facet normal 0 -1 0
    outer loop
      vertex 12.01 18 0.000984914034454787
      vertex 12.01 18 2.99
      vertex 3 18 0
    endloop
  endfacet
  facet normal 0 -1 0
    outer loop
      vertex 7.187855484774195 18 11.930743551354832
      vertex 3 18 3
      vertex 7.5 18 11.9
    endloop
  endfacet
  facet normal 0 -1 0
    outer loop
      vertex 7.5 18 11.9
      vertex 15 18 2.99
      vertex 7.812144515225805 18 11.930743551354832
    endloop
  endfacet
  facet normal 0 -1 0
    outer loop
      vertex 7.812144515225805 18 11.930743551354832
      vertex 15 18 2.99
      vertex 8.112293491784143 18 12.02179274798194
    endloop
  endfacet
  facet normal 0 -1 0
    outer loop
      vertex 8.112293491784143 18 12.02179274798194
      vertex 15 18 2.99
      vertex 8.388912372831363 18 12.169648620315927
    endloop
  endfacet
  facet normal 0 -1 0
    outer loop
      vertex 8.388912372831363 18 12.169648620315927
      vertex 15 18 2.99
      vertex 8.631370849898476 18 12.368629150101524
    endloop
  endfacet
  facet normal 0 -1 0
    outer loop
      vertex 8.631370849898476 18 12.368629150101524
      vertex 15 18 2.99
      vertex 8.830351379684073 18 12.611087627168637
    endloop
  endfacet
  facet normal 0 -1 0
    outer loop
      vertex 8.830351379684073 18 12.611087627168637
      vertex 15 18 2.99
      vertex 8.97820725201806 18 12.887706508215857
    endloop
  endfacet
  facet normal 0 -1 0
    outer loop
      vertex 8.97820725201806 18 12.887706508215857
      vertex 15 18 2.99
      vertex 9.069256448645168 18 13.187855484774195
    endloop
  endfacet
  facet normal 0 -1 0
    outer loop
      vertex 9.069256448645168 18 13.187855484774195
      vertex 15 18 2.99
      vertex 9.1 18 13.5
    endloop
  endfacet
  facet normal 0 -1 0
    outer loop
      vertex 8.97820725201806 18 14.112293491784143
      vertex 9.069256448645168 18 13.812144515225805
      vertex 15 18 2.99
    endloop
  endfacet
  facet normal 0 -1 0
    outer loop
      vertex 9.1 18 13.5
      vertex 15 18 2.99
      vertex 9.069256448645168 18 13.812144515225805
    endloop
  endfacet
  facet normal 0 -1 0
    outer loop
      vertex 8.97820725201806 18 14.112293491784143
      vertex 15 18 2.99
      vertex 8.830351379684073 18 14.388912372831363
    endloop
  endfacet
  facet normal 0 0 -1
    outer loop
      vertex 0 3 23.99
      vertex 0 18 23.99
      vertex 6.021792747981941 11.112293491784143 23.99
    endloop
  endfacet
  facet normal 0 0 -1
    outer loop
      vertex 0 18 23.99
      vertex 6.169648620315927 11.388912372831363 23.99
      vertex 6.021792747981941 11.112293491784143 23.99
    endloop
  endfacet
  facet normal 0 0 -1
    outer loop
      vertex 0 18 23.99
      vertex 6.3686291501015235 11.631370849898476 23.99
      vertex 6.169648620315927 11.388912372831363 23.99
    endloop
  endfacet
  facet normal 0 0 -1
    outer loop
      vertex 0 18 23.99
      vertex 6.6110876271686365 11.830351379684073 23.99
      vertex 6.3686291501015235 11.631370849898476 23.99
    endloop
  endfacet
  facet normal 0 0 -1
    outer loop
      vertex 0 18 23.99
      vertex 6.887706508215857 11.97820725201806 23.99
      vertex 6.6110876271686365 11.830351379684073 23.99
    endloop
  endfacet
  facet normal 0 0 -1
    outer loop
      vertex 0 18 23.99
      vertex 7.187855484774195 12.069256448645168 23.99
      vertex 6.887706508215857 11.97820725201806 23.99
    endloop
  endfacet
  facet normal 0 0 -1
    outer loop
      vertex 0 18 23.99
      vertex 7.5 12.1 23.99
      vertex 7.187855484774195 12.069256448645168 23.99
    endloop
  endfacet
  facet normal 0 0 -1
    outer loop
      vertex 0 18 23.99
      vertex 7.812144515225805 12.069256448645168 23.99
      vertex 7.5 12.1 23.99
    endloop
  endfacet
  facet normal 0 0 -1
    outer loop
      vertex 0 18 23.99
      vertex 8.112293491784143 11.97820725201806 23.99
      vertex 7.812144515225805 12.069256448645168 23.99
    endloop
  endfacet
  facet normal 0 -1 0
    outer loop
      vertex 6.021792747981941 18 12.887706508215857
      vertex 5.930743551354832 18 13.187855484774195
      vertex 0 18 23.99
    endloop
  endfacet
  facet normal 0 -1 0
    outer loop
      vertex 6.021792747981941 18 12.887706508215857
      vertex 0 18 23.99
      vertex 6.169648620315927 18 12.611087627168637
    endloop
  endfacet
  facet normal 0 -1 0
    outer loop
      vertex 5.930743551354832 18 13.187855484774195
      vertex 5.9 18 13.5
      vertex 0 18 23.99
    endloop
  endfacet
  facet normal 0 -1 0
    outer loop
      vertex 5.9 18 13.5
      vertex 5.930743551354832 18 13.812144515225805
      vertex 0 18 23.99
    endloop
  endfacet
  facet normal 0 -1 0
    outer loop
      vertex 5.930743551354832 18 13.812144515225805
      vertex 6.021792747981941 18 14.112293491784143
      vertex 0 18 23.99
    endloop
  endfacet
  facet normal 0 -1 0
    outer loop
      vertex 6.021792747981941 18 14.112293491784143
      vertex 6.169648620315927 18 14.388912372831363
      vertex 0 18 23.99
    endloop
  endfacet
  facet normal 0 -1 0
    outer loop
      vertex 0 18 23.99
      vertex 6.169648620315927 18 14.388912372831363
      vertex 6.3686291501015235 18 14.631370849898476
    endloop
  endfacet
  facet normal 0 -1 0
    outer loop
      vertex 0 18 23.99
      vertex 6.3686291501015235 18 14.631370849898476
      vertex 6.6110876271686365 18 14.830351379684073
    endloop
  endfacet
  facet normal 0 -1 0
    outer loop
      vertex 0 18 23.99
      vertex 6.6110876271686365 18 14.830351379684073
      vertex 6.887706508215857 18 14.97820725201806
    endloop
  endfacet
  facet normal 0 0 -1
    outer loop
      vertex 8.97820725201806 9.887706508215857 23.99
      vertex 9.069256448645168 10.187855484774195 23.99
      vertex 15 18 23.99
    endloop
  endfacet
  facet normal 0 0 -1
    outer loop
      vertex 9.069256448645168 10.187855484774195 23.99
      vertex 9.1 10.5 23.99
      vertex 15 18 23.99
    endloop
  endfacet
  facet normal 0 0 -1
    outer loop
      vertex 9.1 10.5 23.99
      vertex 9.069256448645168 10.812144515225805 23.99
      vertex 15 18 23.99
    endloop
  endfacet
  facet normal 0 0 -1
    outer loop
      vertex 8.112293491784143 11.97820725201806 23.99
      vertex 15 18 23.99
      vertex 8.388912372831363 11.830351379684073 23.99
    endloop
  endfacet
  facet normal 0 0 -1
    outer loop
      vertex 8.388912372831363 11.830351379684073 23.99
      vertex 15 18 23.99
      vertex 8.631370849898476 11.631370849898476 23.99
    endloop
  endfacet
  facet normal 0 0 -1
    outer loop
      vertex 8.97820725201806 11.112293491784143 23.99
      vertex 15 18 23.99
      vertex 9.069256448645168 10.812144515225805 23.99
    endloop
  endfacet
  facet normal 0 0 -1
    outer loop
      vertex 8.97820725201806 11.112293491784143 23.99
      vertex 8.830351379684073 11.388912372831363 23.99
      vertex 15 18 23.99
    endloop
  endfacet
  facet normal 0 0 -1
    outer loop
      vertex 8.830351379684073 11.388912372831363 23.99
      vertex 8.631370849898476 11.631370849898476 23.99
      vertex 15 18 23.99
    endloop
  endfacet
  facet normal 0 -1 0
    outer loop
      vertex 0 18 23.99
      vertex 6.887706508215857 18 14.97820725201806
      vertex 15 18 23.99
    endloop
  endfacet
  facet normal 0 -1 0
    outer loop
      vertex 6.887706508215857 18 14.97820725201806
      vertex 7.187855484774195 18 15.069256448645168
      vertex 15 18 23.99
    endloop
  endfacet
  facet normal 0 -1 0
    outer loop
      vertex 7.187855484774195 18 15.069256448645168
      vertex 7.5 18 15.1
      vertex 15 18 23.99
    endloop
  endfacet
  facet normal 0 -1 0
    outer loop
      vertex 8.631370849898476 18 14.631370849898476
      vertex 8.830351379684073 18 14.388912372831363
      vertex 15 18 23.99
    endloop
  endfacet
  facet normal 0 -1 0
    outer loop
      vertex 7.5 18 15.1
      vertex 7.812144515225805 18 15.069256448645168
      vertex 15 18 23.99
    endloop
  endfacet
  facet normal 0 -1 0
    outer loop
      vertex 7.812144515225805 18 15.069256448645168
      vertex 8.112293491784143 18 14.97820725201806
      vertex 15 18 23.99
    endloop
  endfacet
  facet normal 0 -1 0
    outer loop
      vertex 8.112293491784143 18 14.97820725201806
      vertex 8.388912372831363 18 14.830351379684073
      vertex 15 18 23.99
    endloop
  endfacet
  facet normal 0 -1 0
    outer loop
      vertex 8.388912372831363 18 14.830351379684073
      vertex 8.631370849898476 18 14.631370849898476
      vertex 15 18 23.99
    endloop
  endfacet
  facet normal 0 0 -1
    outer loop
      vertex 0 18 23.99
      vertex 15 18 23.99
      vertex 8.112293491784143 11.97820725201806 23.99
    endloop
  endfacet
  facet normal 0 1 0
    outer loop
      vertex 8.631370849898476 3 12.368629150101524
      vertex 14.999015085965546 3 2.99
      vertex 12.01 3 2.99
    endloop
  endfacet
  facet normal 0 1 0
    outer loop
      vertex 8.631370849898476 3 12.368629150101524
      vertex 15 3 2.99
      vertex 14.999015085965546 3 2.99
    endloop
  endfacet
  facet normal 0 1 0
    outer loop
      vertex 8.830351379684073 3 12.611087627168637
      vertex 15 3 3
      vertex 15 3 2.99
    endloop
  endfacet
  facet normal 0 1 0
    outer loop
      vertex 8.830351379684073 3 12.611087627168637
      vertex 15 3 6
      vertex 15 3 3
    endloop
  endfacet
  facet normal 0 1 0
    outer loop
      vertex 8.830351379684073 3 12.611087627168637
      vertex 15 3 21
      vertex 15 3 6
    endloop
  endfacet
  facet normal 0 1 0
    outer loop
      vertex 8.830351379684073 3 12.611087627168637
      vertex 15 3 23.99
      vertex 15 3 21
    endloop
  endfacet
  facet normal 0 0 -1
    outer loop
      vertex 8.97820725201806 9.887706508215857 23.99
      vertex 15 18 23.99
      vertex 15 3 23.99
    endloop
  endfacet
  facet normal 0 -1 0
    outer loop
      vertex 7.5 18 11.9
      vertex 12.01 18 2.99
      vertex 14.990005993770147 18 2.99
    endloop
  endfacet
  facet normal 0 -1 0
    outer loop
      vertex 7.5 18 11.9
      vertex 14.999015085965546 18 2.99
      vertex 15 18 2.99
    endloop
  endfacet
  facet normal 0 -1 0
    outer loop
      vertex 7.5 18 11.9
      vertex 14.990005993770147 18 2.99
      vertex 14.999015085965546 18 2.99
    endloop
  endfacet
  facet normal 0 -1 0
    outer loop
      vertex 8.830351379684073 18 14.388912372831363
      vertex 15 18 2.99
      vertex 15 18 3
    endloop
  endfacet
  facet normal 0 -1 0
    outer loop
      vertex 8.830351379684073 18 14.388912372831363
      vertex 15 18 3
      vertex 15 18 6
    endloop
  endfacet
  facet normal 0 -1 0
    outer loop
      vertex 8.830351379684073 18 14.388912372831363
      vertex 15 18 6
      vertex 15 18 21
    endloop
  endfacet
  facet normal 0 -1 0
    outer loop
      vertex 8.830351379684073 18 14.388912372831363
      vertex 15 18 21
      vertex 15 18 23.99
    endloop
  endfacet
  facet normal 0 1 0
    outer loop
      vertex 0 3 27.01
      vertex 0 3 28.5
      vertex 15 3 27.01
    endloop
  endfacet
  facet normal 0 0 1
    outer loop
      vertex 0 3 27.01
      vertex 6.169648620315927 9.611087627168637 27.01
      vertex 0 18 27.01
    endloop
  endfacet
  facet normal 0 0 1
    outer loop
      vertex 0 3 27.01
      vertex 6.3686291501015235 9.368629150101524 27.01
      vertex 6.169648620315927 9.611087627168637 27.01
    endloop
  endfacet
  facet normal 0 0 1
    outer loop
      vertex 0 3 27.01
      vertex 6.6110876271686365 9.169648620315927 27.01
      vertex 6.3686291501015235 9.368629150101524 27.01
    endloop
  endfacet
  facet normal 0 0 1
    outer loop
      vertex 0 3 27.01
      vertex 6.887706508215857 9.02179274798194 27.01
      vertex 6.6110876271686365 9.169648620315927 27.01
    endloop
  endfacet
  facet normal 0 0 1
    outer loop
      vertex 0 3 27.01
      vertex 7.187855484774195 8.930743551354832 27.01
      vertex 6.887706508215857 9.02179274798194 27.01
    endloop
  endfacet
  facet normal 0 0 1
    outer loop
      vertex 0 3 27.01
      vertex 7.5 8.9 27.01
      vertex 7.187855484774195 8.930743551354832 27.01
    endloop
  endfacet
  facet normal 0 0 1
    outer loop
      vertex 0 3 27.01
      vertex 7.812144515225805 8.930743551354832 27.01
      vertex 7.5 8.9 27.01
    endloop
  endfacet
  facet normal 0 0 1
    outer loop
      vertex 0 3 27.01
      vertex 8.112293491784143 9.02179274798194 27.01
      vertex 7.812144515225805 8.930743551354832 27.01
    endloop
  endfacet
  facet normal 0 0 1
    outer loop
      vertex 0 3 27.01
      vertex 15 3 27.01
      vertex 8.112293491784143 9.02179274798194 27.01
    endloop
  endfacet
  facet normal 0 1 0
    outer loop
      vertex 15 3 27.01
      vertex 0 3 28.5
      vertex 15 3 28.5
    endloop
  endfacet
  facet normal 0 0 1
    outer loop
      vertex 8.112293491784143 9.02179274798194 27.01
      vertex 15 3 27.01
      vertex 8.388912372831363 9.169648620315927 27.01
    endloop
  endfacet
  facet normal 0 0 1
    outer loop
      vertex 8.388912372831363 9.169648620315927 27.01
      vertex 15 3 27.01
      vertex 8.631370849898476 9.368629150101524 27.01
    endloop
  endfacet
  facet normal 0 0 1
    outer loop
      vertex 8.631370849898476 9.368629150101524 27.01
      vertex 15 3 27.01
      vertex 8.830351379684073 9.611087627168637 27.01
    endloop
  endfacet
  facet normal 0 0 1
    outer loop
      vertex 8.830351379684073 9.611087627168637 27.01
      vertex 15 3 27.01
      vertex 8.97820725201806 9.887706508215857 27.01
    endloop
  endfacet
  facet normal 0 0 1
    outer loop
      vertex 8.97820725201806 9.887706508215857 27.01
      vertex 15 3 27.01
      vertex 9.069256448645168 10.187855484774195 27.01
    endloop
  endfacet
  facet normal 0 0 1
    outer loop
      vertex 9.069256448645168 10.187855484774195 27.01
      vertex 15 3 27.01
      vertex 9.1 10.5 27.01
    endloop
  endfacet
  facet normal 0 0 1
    outer loop
      vertex 9.1 10.5 27.01
      vertex 15 3 27.01
      vertex 9.069256448645168 10.812144515225805 27.01
    endloop
  endfacet
  facet normal 0 0 1
    outer loop
      vertex 8.97820725201806 11.112293491784143 27.01
      vertex 15 3 27.01
      vertex 8.830351379684073 11.388912372831363 27.01
    endloop
  endfacet
  facet normal 0 0 1
    outer loop
      vertex 8.97820725201806 11.112293491784143 27.01
      vertex 9.069256448645168 10.812144515225805 27.01
      vertex 15 3 27.01
    endloop
  endfacet
  facet normal 0 0 1
    outer loop
      vertex 5.930743551354832 10.187855484774195 27.01
      vertex 5.9 10.5 27.01
      vertex 0 18 27.01
    endloop
  endfacet
  facet normal 0 0 1
    outer loop
      vertex 0 18 27.01
      vertex 5.9 10.5 27.01
      vertex 5.930743551354832 10.812144515225805 27.01
    endloop
  endfacet
  facet normal 0 0 1
    outer loop
      vertex 6.169648620315927 9.611087627168637 27.01
      vertex 6.021792747981941 9.887706508215857 27.01
      vertex 0 18 27.01
    endloop
  endfacet
  facet normal 0 0 1
    outer loop
      vertex 6.021792747981941 9.887706508215857 27.01
      vertex 5.930743551354832 10.187855484774195 27.01
      vertex 0 18 27.01
    endloop
  endfacet
  facet normal 0 0 1
    outer loop
      vertex 0 18 27.01
      vertex 5.930743551354832 10.812144515225805 27.01
      vertex 6.021792747981941 11.112293491784143 27.01
    endloop
  endfacet
  facet normal 0 0 1
    outer loop
      vertex 0 18 27.01
      vertex 6.021792747981941 11.112293491784143 27.01
      vertex 6.169648620315927 11.388912372831363 27.01
    endloop
  endfacet
  facet normal 0 0 1
    outer loop
      vertex 0 18 27.01
      vertex 6.169648620315927 11.388912372831363 27.01
      vertex 6.3686291501015235 11.631370849898476 27.01
    endloop
  endfacet
  facet normal 0 0 1
    outer loop
      vertex 0 18 27.01
      vertex 6.3686291501015235 11.631370849898476 27.01
      vertex 6.6110876271686365 11.830351379684073 27.01
    endloop
  endfacet
  facet normal 0 0 1
    outer loop
      vertex 0 18 27.01
      vertex 6.6110876271686365 11.830351379684073 27.01
      vertex 6.887706508215857 11.97820725201806 27.01
    endloop
  endfacet
  facet normal 0 -1 0
    outer loop
      vertex 0 18 27.01
      vertex 15 18 28.5
      vertex 0 18 28.5
    endloop
  endfacet
  facet normal 0 0 1
    outer loop
      vertex 6.887706508215857 11.97820725201806 27.01
      vertex 7.187855484774195 12.069256448645168 27.01
      vertex 15 18 27.01
    endloop
  endfacet
  facet normal 0 0 1
    outer loop
      vertex 7.187855484774195 12.069256448645168 27.01
      vertex 7.5 12.1 27.01
      vertex 15 18 27.01
    endloop
  endfacet
  facet normal 0 0 1
    outer loop
      vertex 7.5 12.1 27.01
      vertex 7.812144515225805 12.069256448645168 27.01
      vertex 15 18 27.01
    endloop
  endfacet
  facet normal 0 0 1
    outer loop
      vertex 7.812144515225805 12.069256448645168 27.01
      vertex 8.112293491784143 11.97820725201806 27.01
      vertex 15 18 27.01
    endloop
  endfacet
  facet normal 0 0 1
    outer loop
      vertex 8.112293491784143 11.97820725201806 27.01
      vertex 8.388912372831363 11.830351379684073 27.01
      vertex 15 18 27.01
    endloop
  endfacet
  facet normal 0 0 1
    outer loop
      vertex 8.388912372831363 11.830351379684073 27.01
      vertex 8.631370849898476 11.631370849898476 27.01
      vertex 15 18 27.01
    endloop
  endfacet
  facet normal 0 0 1
    outer loop
      vertex 8.830351379684073 11.388912372831363 27.01
      vertex 15 18 27.01
      vertex 8.631370849898476 11.631370849898476 27.01
    endloop
  endfacet
  facet normal 0 0 1
    outer loop
      vertex 0 18 27.01
      vertex 6.887706508215857 11.97820725201806 27.01
      vertex 15 18 27.01
    endloop
  endfacet
  facet normal 0 -1 0
    outer loop
      vertex 0 18 27.01
      vertex 15 18 27.01
      vertex 15 18 28.5
    endloop
  endfacet
  facet normal 0 0 1
    outer loop
      vertex 8.830351379684073 11.388912372831363 27.01
      vertex 15 3 27.01
      vertex 15 18 27.01
    endloop
  endfacet
  facet normal 0 0 -1
    outer loop
      vertex 0 0 2.99
      vertex 0 3 2.99
      vertex 0.000984914034454787 0 2.99
    endloop
  endfacet
  facet normal 0 0 -1
    outer loop
      vertex 0 3 2.99
      vertex 0.000984914034454787 3 2.99
      vertex 0.000984914034454787 0 2.99
    endloop
  endfacet
  facet normal -1 0 0
    outer loop
      vertex 2.99 0 0
      vertex 2.99 0 0.000984914034454787
      vertex 2.99 3 0.000984914034454787
    endloop
  endfacet
  facet normal -1 0 0
    outer loop
      vertex 2.99 0 0
      vertex 2.99 3 0.000984914034454787
      vertex 2.99 3 0
    endloop
  endfacet
  facet normal 1 0 0
    outer loop
      vertex 12.01 0 0
      vertex 12.01 3 0.000984914034454787
      vertex 12.01 0 0.000984914034454787
    endloop
  endfacet
  facet normal 1 0 0
    outer loop
      vertex 12.01 0 0
      vertex 12.01 3 0
      vertex 12.01 3 0.000984914034454787
    endloop
  endfacet
  facet normal 0 0 -1
    outer loop
      vertex 15 0 2.99
      vertex 14.999015085965546 0 2.99
      vertex 15 3 2.99
    endloop
  endfacet
  facet normal 0 0 -1
    outer loop
      vertex 14.999015085965546 0 2.99
      vertex 14.999015085965546 3 2.99
      vertex 15 3 2.99
    endloop
  endfacet
  facet normal 0 0 -1
    outer loop
      vertex 0 18 2.99
      vertex 0 21 2.99
      vertex 0.000984914034454787 18 2.99
    endloop
  endfacet
  facet normal 0 0 -1
    outer loop
      vertex 0 21 2.99
      vertex 0.000984914034454787 21 2.99
      vertex 0.000984914034454787 18 2.99
    endloop
  endfacet
  facet normal -1 0 0
    outer loop
      vertex 2.99 18 0
      vertex 2.99 18 0.000984914034454787
      vertex 2.99 21 0.000984914034454787
    endloop
  endfacet
  facet normal -1 0 0
    outer loop
      vertex 2.99 18 0
      vertex 2.99 21 0.000984914034454787
      vertex 2.99 21 0
    endloop
  endfacet
  facet normal 1 0 0
    outer loop
      vertex 12.01 18 0
      vertex 12.01 21 0.000984914034454787
      vertex 12.01 18 0.000984914034454787
    endloop
  endfacet
  facet normal 1 0 0
    outer loop
      vertex 12.01 18 0
      vertex 12.01 21 0
      vertex 12.01 21 0.000984914034454787
    endloop
  endfacet
  facet normal 0 0 -1
    outer loop
      vertex 15 18 2.99
      vertex 14.999015085965546 18 2.99
      vertex 15 21 2.99
    endloop
  endfacet
  facet normal 0 0 -1
    outer loop
      vertex 14.999015085965546 18 2.99
      vertex 14.999015085965546 21 2.99
      vertex 15 21 2.99
    endloop
  endfacet
  facet normal 0.471396736825997 0.8819212643483555 0
    outer loop
      vertex 6.6110876271686365 9.169648620315927 23.99
      vertex 6.6110876271686365 9.169648620315927 27.01
      vertex 6.887706508215857 9.02179274798194 23.99
    endloop
  endfacet
  facet normal 0.29028467725446044 0.9569403357322095 0
    outer loop
      vertex 6.887706508215857 9.02179274798194 23.99
      vertex 6.887706508215857 9.02179274798194 27.01
      vertex 7.187855484774195 8.930743551354832 23.99
    endloop
  endfacet
  facet normal 0.471396736825997 0.8819212643483555 0
    outer loop
      vertex 6.887706508215857 9.02179274798194 23.99
      vertex 6.6110876271686365 9.169648620315927 27.01
      vertex 6.887706508215857 9.02179274798194 27.01
    endloop
  endfacet
  facet normal 0.29028467725446044 0.9569403357322095 0
    outer loop
      vertex 7.187855484774195 8.930743551354832 23.99
      vertex 6.887706508215857 9.02179274798194 27.01
      vertex 7.187855484774195 8.930743551354832 27.01
    endloop
  endfacet
  facet normal 0.8819212643483555 0.471396736825997 -3.1723853398728045e-18
    outer loop
      vertex 6.169648620315927 9.611087627168637 23.99
      vertex 6.021792747981941 9.887706508215857 23.99
      vertex 6.021792747981941 9.887706508215857 27.01
    endloop
  endfacet
  facet normal 0.6343932841636466 0.7730104533627361 -2.4510162680624138e-18
    outer loop
      vertex 6.6110876271686365 9.169648620315927 23.99
      vertex 6.3686291501015235 9.368629150101524 23.99
      vertex 6.3686291501015235 9.368629150101524 27.01
    endloop
  endfacet
  facet normal 0.7730104533627363 0.6343932841636463 1.2423978432250942e-18
    outer loop
      vertex 6.3686291501015235 9.368629150101524 23.99
      vertex 6.169648620315927 9.611087627168637 23.99
      vertex 6.169648620315927 9.611087627168637 27.01
    endloop
  endfacet
  facet normal 0.9569403357322095 0.29028467725446044 1.2726357867458373e-19
    outer loop
      vertex 6.021792747981941 9.887706508215857 23.99
      vertex 5.930743551354832 10.187855484774195 23.99
      vertex 5.930743551354832 10.187855484774195 27.01
    endloop
  endfacet
  facet normal 0.9951847266721968 0.09801714032956073 6.801448664057192e-19
    outer loop
      vertex 5.930743551354832 10.187855484774195 23.99
      vertex 5.9 10.5 23.99
      vertex 5.9 10.5 27.01
    endloop
  endfacet
  facet normal 0.7730104533627363 0.6343932841636463 0
    outer loop
      vertex 6.3686291501015235 9.368629150101524 23.99
      vertex 6.169648620315927 9.611087627168637 27.01
      vertex 6.3686291501015235 9.368629150101524 27.01
    endloop
  endfacet
  facet normal 0.8819212643483555 0.471396736825997 0
    outer loop
      vertex 6.169648620315927 9.611087627168637 23.99
      vertex 6.021792747981941 9.887706508215857 27.01
      vertex 6.169648620315927 9.611087627168637 27.01
    endloop
  endfacet
  facet normal 0.9569403357322095 0.29028467725446044 0
    outer loop
      vertex 6.021792747981941 9.887706508215857 23.99
      vertex 5.930743551354832 10.187855484774195 27.01
      vertex 6.021792747981941 9.887706508215857 27.01
    endloop
  endfacet
  facet normal 0.9951847266721968 0.09801714032956073 0
    outer loop
      vertex 5.930743551354832 10.187855484774195 23.99
      vertex 5.9 10.5 27.01
      vertex 5.930743551354832 10.187855484774195 27.01
    endloop
  endfacet
  facet normal 0.6343932841636466 0.7730104533627361 0
    outer loop
      vertex 6.6110876271686365 9.169648620315927 23.99
      vertex 6.3686291501015235 9.368629150101524 27.01
      vertex 6.6110876271686365 9.169648620315927 27.01
    endloop
  endfacet
  facet normal 0.09801714032956073 0.9951847266721968 0
    outer loop
      vertex 7.187855484774195 8.930743551354832 23.99
      vertex 7.187855484774195 8.930743551354832 27.01
      vertex 7.5 8.9 23.99
    endloop
  endfacet
  facet normal -0.09801714032956073 0.9951847266721968 0
    outer loop
      vertex 7.5 8.9 23.99
      vertex 7.5 8.9 27.01
      vertex 7.812144515225805 8.930743551354832 23.99
    endloop
  endfacet
  facet normal -0.29028467725446044 0.9569403357322095 0
    outer loop
      vertex 7.812144515225805 8.930743551354832 23.99
      vertex 7.812144515225805 8.930743551354832 27.01
      vertex 8.112293491784143 9.02179274798194 23.99
    endloop
  endfacet
  facet normal -0.471396736825997 0.8819212643483555 0
    outer loop
      vertex 8.112293491784143 9.02179274798194 23.99
      vertex 8.112293491784143 9.02179274798194 27.01
      vertex 8.388912372831363 9.169648620315927 23.99
    endloop
  endfacet
  facet normal 0.09801714032956073 0.9951847266721968 0
    outer loop
      vertex 7.5 8.9 23.99
      vertex 7.187855484774195 8.930743551354832 27.01
      vertex 7.5 8.9 27.01
    endloop
  endfacet
  facet normal -0.09801714032956073 0.9951847266721968 0
    outer loop
      vertex 7.812144515225805 8.930743551354832 23.99
      vertex 7.5 8.9 27.01
      vertex 7.812144515225805 8.930743551354832 27.01
    endloop
  endfacet
  facet normal -0.29028467725446044 0.9569403357322095 0
    outer loop
      vertex 8.112293491784143 9.02179274798194 23.99
      vertex 7.812144515225805 8.930743551354832 27.01
      vertex 8.112293491784143 9.02179274798194 27.01
    endloop
  endfacet
  facet normal -0.471396736825997 0.8819212643483555 0
    outer loop
      vertex 8.388912372831363 9.169648620315927 23.99
      vertex 8.112293491784143 9.02179274798194 27.01
      vertex 8.388912372831363 9.169648620315927 27.01
    endloop
  endfacet
  facet normal -0.634393284163648 0.7730104533627349 0
    outer loop
      vertex 8.388912372831363 9.169648620315927 23.99
      vertex 8.388912372831363 9.169648620315927 27.01
      vertex 8.631370849898476 9.368629150101524 23.99
    endloop
  endfacet
  facet normal -0.634393284163648 0.7730104533627349 -9.883158979706138e-19
    outer loop
      vertex 8.388912372831363 9.169648620315927 27.01
      vertex 8.631370849898476 9.368629150101524 27.01
      vertex 8.631370849898476 9.368629150101524 23.99
    endloop
  endfacet
  facet normal -0.7730104533627349 0.634393284163648 0
    outer loop
      vertex 8.631370849898476 9.368629150101524 23.99
      vertex 8.631370849898476 9.368629150101524 27.01
      vertex 8.830351379684073 9.611087627168637 23.99
    endloop
  endfacet
  facet normal -0.8819212643483555 0.471396736825997 0
    outer loop
      vertex 8.830351379684073 9.611087627168637 23.99
      vertex 8.830351379684073 9.611087627168637 27.01
      vertex 8.97820725201806 9.887706508215857 23.99
    endloop
  endfacet
  facet normal -0.9569403357322095 0.29028467725446044 0
    outer loop
      vertex 8.97820725201806 9.887706508215857 23.99
      vertex 8.97820725201806 9.887706508215857 27.01
      vertex 9.069256448645168 10.187855484774195 23.99
    endloop
  endfacet
  facet normal -0.9951847266721968 0.09801714032956073 0
    outer loop
      vertex 9.069256448645168 10.187855484774195 23.99
      vertex 9.069256448645168 10.187855484774195 27.01
      vertex 9.1 10.5 23.99
    endloop
  endfacet
  facet normal -0.7730104533627349 0.634393284163648 0
    outer loop
      vertex 8.830351379684073 9.611087627168637 23.99
      vertex 8.631370849898476 9.368629150101524 27.01
      vertex 8.830351379684073 9.611087627168637 27.01
    endloop
  endfacet
  facet normal -0.8819212643483555 0.471396736825997 0
    outer loop
      vertex 8.97820725201806 9.887706508215857 23.99
      vertex 8.830351379684073 9.611087627168637 27.01
      vertex 8.97820725201806 9.887706508215857 27.01
    endloop
  endfacet
  facet normal -0.9569403357322095 0.29028467725446044 0
    outer loop
      vertex 9.069256448645168 10.187855484774195 23.99
      vertex 8.97820725201806 9.887706508215857 27.01
      vertex 9.069256448645168 10.187855484774195 27.01
    endloop
  endfacet
  facet normal -0.9951847266721968 0.09801714032956073 -6.801448664057192e-19
    outer loop
      vertex 9.069256448645168 10.187855484774195 27.01
      vertex 9.1 10.5 27.01
      vertex 9.1 10.5 23.99
    endloop
  endfacet
  facet normal 0.9951847266721968 -0.09801714032956073 -6.801448664057192e-19
    outer loop
      vertex 5.9 10.5 23.99
      vertex 5.930743551354832 10.812144515225805 23.99
      vertex 5.930743551354832 10.812144515225805 27.01
    endloop
  endfacet
  facet normal 0.9569403357322095 -0.29028467725446044 -1.2726357867458373e-19
    outer loop
      vertex 5.930743551354832 10.812144515225805 23.99
      vertex 6.021792747981941 11.112293491784143 23.99
      vertex 6.021792747981941 11.112293491784143 27.01
    endloop
  endfacet
  facet normal 0.8819212643483555 -0.471396736825997 3.1723853398728045e-18
    outer loop
      vertex 6.021792747981941 11.112293491784143 23.99
      vertex 6.169648620315927 11.388912372831363 23.99
      vertex 6.169648620315927 11.388912372831363 27.01
    endloop
  endfacet
  facet normal 0.7730104533627363 -0.6343932841636463 -1.2423978432250942e-18
    outer loop
      vertex 6.169648620315927 11.388912372831363 23.99
      vertex 6.3686291501015235 11.631370849898476 23.99
      vertex 6.3686291501015235 11.631370849898476 27.01
    endloop
  endfacet
  facet normal 0.6343932841636466 -0.7730104533627361 2.4510162680624138e-18
    outer loop
      vertex 6.3686291501015235 11.631370849898476 23.99
      vertex 6.6110876271686365 11.830351379684073 23.99
      vertex 6.6110876271686365 11.830351379684073 27.01
    endloop
  endfacet
  facet normal 0.9951847266721968 -0.09801714032956073 0
    outer loop
      vertex 5.9 10.5 23.99
      vertex 5.930743551354832 10.812144515225805 27.01
      vertex 5.9 10.5 27.01
    endloop
  endfacet
  facet normal 0.9569403357322095 -0.29028467725446044 0
    outer loop
      vertex 5.930743551354832 10.812144515225805 23.99
      vertex 6.021792747981941 11.112293491784143 27.01
      vertex 5.930743551354832 10.812144515225805 27.01
    endloop
  endfacet
  facet normal 0.8819212643483555 -0.471396736825997 0
    outer loop
      vertex 6.021792747981941 11.112293491784143 23.99
      vertex 6.169648620315927 11.388912372831363 27.01
      vertex 6.021792747981941 11.112293491784143 27.01
    endloop
  endfacet
  facet normal 0.7730104533627363 -0.6343932841636463 0
    outer loop
      vertex 6.169648620315927 11.388912372831363 23.99
      vertex 6.3686291501015235 11.631370849898476 27.01
      vertex 6.169648620315927 11.388912372831363 27.01
    endloop
  endfacet
  facet normal 0.6343932841636466 -0.7730104533627361 0
    outer loop
      vertex 6.3686291501015235 11.631370849898476 23.99
      vertex 6.6110876271686365 11.830351379684073 27.01
      vertex 6.3686291501015235 11.631370849898476 27.01
    endloop
  endfacet
  facet normal 0.471396736825997 -0.8819212643483555 3.1723853398728045e-18
    outer loop
      vertex 6.6110876271686365 11.830351379684073 23.99
      vertex 6.887706508215857 11.97820725201806 23.99
      vertex 6.887706508215857 11.97820725201806 27.01
    endloop
  endfacet
  facet normal 0.29028467725446044 -0.9569403357322095 -1.2726357867458373e-19
    outer loop
      vertex 6.887706508215857 11.97820725201806 23.99
      vertex 7.187855484774195 12.069256448645168 23.99
      vertex 7.187855484774195 12.069256448645168 27.01
    endloop
  endfacet
  facet normal 0.471396736825997 -0.8819212643483555 0
    outer loop
      vertex 6.6110876271686365 11.830351379684073 23.99
      vertex 6.887706508215857 11.97820725201806 27.01
      vertex 6.6110876271686365 11.830351379684073 27.01
    endloop
  endfacet
  facet normal 0.29028467725446044 -0.9569403357322095 0
    outer loop
      vertex 6.887706508215857 11.97820725201806 23.99
      vertex 7.187855484774195 12.069256448645168 27.01
      vertex 6.887706508215857 11.97820725201806 27.01
    endloop
  endfacet
  facet normal -0.634393284163648 -0.7730104533627349 9.883158979706138e-19
    outer loop
      vertex 8.388912372831363 11.830351379684073 23.99
      vertex 8.631370849898476 11.631370849898476 23.99
      vertex 8.631370849898476 11.631370849898476 27.01
    endloop
  endfacet
  facet normal -0.634393284163648 -0.7730104533627349 0
    outer loop
      vertex 8.388912372831363 11.830351379684073 23.99
      vertex 8.631370849898476 11.631370849898476 27.01
      vertex 8.388912372831363 11.830351379684073 27.01
    endloop
  endfacet
  facet normal 0.09801714032956073 -0.9951847266721968 -6.801448664057192e-19
    outer loop
      vertex 7.187855484774195 12.069256448645168 23.99
      vertex 7.5 12.1 23.99
      vertex 7.5 12.1 27.01
    endloop
  endfacet
  facet normal -0.09801714032956073 -0.9951847266721968 6.801448664057192e-19
    outer loop
      vertex 7.5 12.1 23.99
      vertex 7.812144515225805 12.069256448645168 23.99
      vertex 7.812144515225805 12.069256448645168 27.01
    endloop
  endfacet
  facet normal -0.29028467725446044 -0.9569403357322095 1.2726357867458373e-19
    outer loop
      vertex 7.812144515225805 12.069256448645168 23.99
      vertex 8.112293491784143 11.97820725201806 23.99
      vertex 8.112293491784143 11.97820725201806 27.01
    endloop
  endfacet
  facet normal -0.471396736825997 -0.8819212643483555 -3.1723853398728045e-18
    outer loop
      vertex 8.112293491784143 11.97820725201806 23.99
      vertex 8.388912372831363 11.830351379684073 23.99
      vertex 8.388912372831363 11.830351379684073 27.01
    endloop
  endfacet
  facet normal 0.09801714032956073 -0.9951847266721968 0
    outer loop
      vertex 7.187855484774195 12.069256448645168 23.99
      vertex 7.5 12.1 27.01
      vertex 7.187855484774195 12.069256448645168 27.01
    endloop
  endfacet
  facet normal -0.09801714032956073 -0.9951847266721968 0
    outer loop
      vertex 7.5 12.1 23.99
      vertex 7.812144515225805 12.069256448645168 27.01
      vertex 7.5 12.1 27.01
    endloop
  endfacet
  facet normal -0.29028467725446044 -0.9569403357322095 0
    outer loop
      vertex 7.812144515225805 12.069256448645168 23.99
      vertex 8.112293491784143 11.97820725201806 27.01
      vertex 7.812144515225805 12.069256448645168 27.01
    endloop
  endfacet
  facet normal -0.471396736825997 -0.8819212643483555 0
    outer loop
      vertex 8.112293491784143 11.97820725201806 23.99
      vertex 8.388912372831363 11.830351379684073 27.01
      vertex 8.112293491784143 11.97820725201806 27.01
    endloop
  endfacet
  facet normal -0.9951847266721968 -0.09801714032956073 0
    outer loop
      vertex 9.1 10.5 23.99
      vertex 9.1 10.5 27.01
      vertex 9.069256448645168 10.812144515225805 23.99
    endloop
  endfacet
  facet normal -0.9569403357322095 -0.29028467725446044 1.2726357867458373e-19
    outer loop
      vertex 8.97820725201806 11.112293491784143 23.99
      vertex 9.069256448645168 10.812144515225805 23.99
      vertex 9.069256448645168 10.812144515225805 27.01
    endloop
  endfacet
  facet normal -0.7730104533627349 -0.634393284163648 0
    outer loop
      vertex 8.830351379684073 11.388912372831363 23.99
      vertex 8.830351379684073 11.388912372831363 27.01
      vertex 8.631370849898476 11.631370849898476 23.99
    endloop
  endfacet
  facet normal -0.8819212643483555 -0.471396736825997 0
    outer loop
      vertex 8.97820725201806 11.112293491784143 23.99
      vertex 8.97820725201806 11.112293491784143 27.01
      vertex 8.830351379684073 11.388912372831363 23.99
    endloop
  endfacet
  facet normal -0.9951847266721968 -0.09801714032956073 0
    outer loop
      vertex 9.069256448645168 10.812144515225805 23.99
      vertex 9.1 10.5 27.01
      vertex 9.069256448645168 10.812144515225805 27.01
    endloop
  endfacet
  facet normal -0.9569403357322095 -0.29028467725446044 0
    outer loop
      vertex 8.97820725201806 11.112293491784143 23.99
      vertex 9.069256448645168 10.812144515225805 27.01
      vertex 8.97820725201806 11.112293491784143 27.01
    endloop
  endfacet
  facet normal -0.8819212643483555 -0.471396736825997 0
    outer loop
      vertex 8.830351379684073 11.388912372831363 23.99
      vertex 8.97820725201806 11.112293491784143 27.01
      vertex 8.830351379684073 11.388912372831363 27.01
    endloop
  endfacet
  facet normal -0.7730104533627349 -0.634393284163648 0
    outer loop
      vertex 8.631370849898476 11.631370849898476 23.99
      vertex 8.830351379684073 11.388912372831363 27.01
      vertex 8.631370849898476 11.631370849898476 27.01
    endloop
  endfacet
  facet normal 0 -1 0
    outer loop
      vertex 15.997391519338318 0 12.256278844813458
      vertex 15 0 6
      vertex 16.29772376001673 0 11.694396742686294
    endloop
  endfacet
  facet normal 0 -1 0
    outer loop
      vertex 15.8124478386895 0 12.865956453447584
      vertex 15 0 6
      vertex 15.997391519338318 0 12.256278844813458
    endloop
  endfacet
  facet normal 0 -1 0
    outer loop
      vertex 15.8124478386895 0 12.865956453447584
      vertex 15.75 0 13.5
      vertex 15 0 6
    endloop
  endfacet
  facet normal 0 -1 0
    outer loop
      vertex 15.75 0 13.5
      vertex 15.8124478386895 0 14.134043546552416
      vertex 15 0 6
    endloop
  endfacet
  facet normal 0 -1 0
    outer loop
      vertex 16.29772376001673 0 11.694396742686294
      vertex 15 0 6
      vertex 16.70190296114372 0 11.20190296114372
    endloop
  endfacet
  facet normal 0 -1 0
    outer loop
      vertex 16.70190296114372 0 11.20190296114372
      vertex 15 0 6
      vertex 17.194396742686294 0 10.797723760016728
    endloop
  endfacet
  facet normal 0 -1 0
    outer loop
      vertex 17.194396742686294 0 10.797723760016728
      vertex 15 0 6
      vertex 17.75627884481346 0 10.497391519338318
    endloop
  endfacet
  facet normal 0 -1 0
    outer loop
      vertex 17.75627884481346 0 10.497391519338318
      vertex 15 0 6
      vertex 18.365956453447584 0 10.3124478386895
    endloop
  endfacet
  facet normal 0 -1 0
    outer loop
      vertex 15.8124478386895 0 14.134043546552416
      vertex 15 0 21
      vertex 15 0 6
    endloop
  endfacet
  facet normal 0 -1 0
    outer loop
      vertex 20 0 8.99
      vertex 15 0 6
      vertex 18 0 6
    endloop
  endfacet
  facet normal 0 0 -1
    outer loop
      vertex 20 0 6
      vertex 18 0 6
      vertex 18 3 6
    endloop
  endfacet
  facet normal 0 -1 0
    outer loop
      vertex 20 0 6
      vertex 20 0 8.99
      vertex 18 0 6
    endloop
  endfacet
  facet normal 0 0 -1
    outer loop
      vertex 20 0 6
      vertex 18 3 6
      vertex 20 3 6
    endloop
  endfacet
  facet normal 0 -1 0
    outer loop
      vertex 18.365956453447584 0 10.3124478386895
      vertex 15 0 6
      vertex 20 0 8.99
    endloop
  endfacet
  facet normal 0 -1 0
    outer loop
      vertex 18.365956453447584 0 10.3124478386895
      vertex 20 0 8.99
      vertex 19 0 10.25
    endloop
  endfacet
  facet normal 0 -1 0
    outer loop
      vertex 19 0 10.25
      vertex 20 0 8.99
      vertex 19.634043546552416 0 10.3124478386895
    endloop
  endfacet
  facet normal 0 -1 0
    outer loop
      vertex 20 0 8.99
      vertex 22.999015085965546 0 8.99
      vertex 19.634043546552416 0 10.3124478386895
    endloop
  endfacet
  facet normal 0 -1 0
    outer loop
      vertex 19.634043546552416 0 10.3124478386895
      vertex 22.981714910761717 0 9
      vertex 20.24372115518654 0 10.497391519338318
    endloop
  endfacet
  facet normal 0 -1 0
    outer loop
      vertex 20.24372115518654 0 10.497391519338318
      vertex 22.981714910761717 0 9
      vertex 20.805603257313706 0 10.797723760016728
    endloop
  endfacet
  facet normal 0 -1 0
    outer loop
      vertex 19.634043546552416 0 10.3124478386895
      vertex 23 0 8.99
      vertex 22.98991357019417 0 8.99551620485653
    endloop
  endfacet
  facet normal 0 -1 0
    outer loop
      vertex 19.634043546552416 0 10.3124478386895
      vertex 22.98991357019417 0 8.99551620485653
      vertex 22.981714910761717 0 9
    endloop
  endfacet
  facet normal 0 -1 0
    outer loop
      vertex 19.634043546552416 0 10.3124478386895
      vertex 22.999015085965546 0 8.99
      vertex 23 0 8.99
    endloop
  endfacet
  facet normal 0 -1 0
    outer loop
      vertex 22.981714910761717 0 9
      vertex 23 0 9
      vertex 20.805603257313706 0 10.797723760016728
    endloop
  endfacet
  facet normal 0 -1 0
    outer loop
      vertex 22.98991357019417 0 8.99551620485653
      vertex 23 0 8.99
      vertex 22.995314364506047 0 8.993859983223832
    endloop
  endfacet
  facet normal 0 -1 0
    outer loop
      vertex 22.98991357019417 0 8.99551620485653
      vertex 22.995314364506047 0 8.993859983223832
      vertex 22.995103546008494 0 8.994033653554116
    endloop
  endfacet
  facet normal 0 -1 0
    outer loop
      vertex 23 0 8.99
      vertex 22.99645489252903 0 8.994607450537213
      vertex 22.995314364506047 0 8.993859983223832
    endloop
  endfacet
  facet normal 0 -1 0
    outer loop
      vertex 22.99642380784209 0 8.994647850203156
      vertex 22.995314364506047 0 8.993859983223832
      vertex 22.99645489252903 0 8.994607450537213
    endloop
  endfacet
  facet normal 0 -1 0
    outer loop
      vertex 23 0 8.99
      vertex 22.997296808159614 0 8.995633327702887
      vertex 22.99645489252903 0 8.994607450537213
    endloop
  endfacet
  facet normal 0 -1 0
    outer loop
      vertex 23 0 8.99
      vertex 22.998003873681128 0 8.996536956692019
      vertex 22.997296808159614 0 8.995633327702887
    endloop
  endfacet
  facet normal 0 -1 0
    outer loop
      vertex 23 0 8.99
      vertex 22.99849014286352 0 8.997203096904489
      vertex 22.998003873681128 0 8.996536956692019
    endloop
  endfacet
  facet normal 0 -1 0
    outer loop
      vertex 23 0 8.99
      vertex 23 0 9
      vertex 22.99849014286352 0 8.997203096904489
    endloop
  endfacet
  facet normal 1 0 0
    outer loop
      vertex 23 0 8.99
      vertex 23 3 8.99
      vertex 23 0 9
    endloop
  endfacet
  facet normal 0 -1 0
    outer loop
      vertex 23 0 9
      vertex 21.29809703885628 0 11.20190296114372
      vertex 20.805603257313706 0 10.797723760016728
    endloop
  endfacet
  facet normal 0 -1 0
    outer loop
      vertex 23 0 9
      vertex 21.70227623998327 0 11.694396742686294
      vertex 21.29809703885628 0 11.20190296114372
    endloop
  endfacet
  facet normal 0 -1 0
    outer loop
      vertex 23 0 9
      vertex 22.00260848066168 0 12.256278844813458
      vertex 21.70227623998327 0 11.694396742686294
    endloop
  endfacet
  facet normal 0 -1 0
    outer loop
      vertex 23 0 9
      vertex 22.1875521613105 0 12.865956453447584
      vertex 22.00260848066168 0 12.256278844813458
    endloop
  endfacet
  facet normal 0 -1 0
    outer loop
      vertex 23 0 9
      vertex 23 0 18
      vertex 22.1875521613105 0 12.865956453447584
    endloop
  endfacet
  facet normal 0 -1 0
    outer loop
      vertex 22.1875521613105 0 12.865956453447584
      vertex 23 0 18
      vertex 22.25 0 13.5
    endloop
  endfacet
  facet normal 0 -1 0
    outer loop
      vertex 22.25 0 13.5
      vertex 23 0 18
      vertex 22.1875521613105 0 14.134043546552416
    endloop
  endfacet
  facet normal 0 -1 0
    outer loop
      vertex 22.1875521613105 0 14.134043546552416
      vertex 23 0 18
      vertex 22.00260848066168 0 14.743721155186542
    endloop
  endfacet
  facet normal 1 0 0
    outer loop
      vertex 23 0 9
      vertex 23 3 18
      vertex 23 0 18
    endloop
  endfacet
  facet normal 1 0 0
    outer loop
      vertex 23 0 9
      vertex 23 3 8.99
      vertex 23 3 18
    endloop
  endfacet
  facet normal 0 -1 0
    outer loop
      vertex 15.8124478386895 0 14.134043546552416
      vertex 15.997391519338318 0 14.743721155186542
      vertex 15 0 21
    endloop
  endfacet
  facet normal 0 -1 0
    outer loop
      vertex 15.997391519338318 0 14.743721155186542
      vertex 16.29772376001673 0 15.305603257313708
      vertex 15 0 21
    endloop
  endfacet
  facet normal 0 -1 0
    outer loop
      vertex 16.29772376001673 0 15.305603257313708
      vertex 16.70190296114372 0 15.79809703885628
      vertex 15 0 21
    endloop
  endfacet
  facet normal 0 -1 0
    outer loop
      vertex 16.70190296114372 0 15.79809703885628
      vertex 17.194396742686294 0 16.20227623998327
      vertex 15 0 21
    endloop
  endfacet
  facet normal 0 -1 0
    outer loop
      vertex 17.194396742686294 0 16.20227623998327
      vertex 17.75627884481346 0 16.50260848066168
      vertex 15 0 21
    endloop
  endfacet
  facet normal 0 -1 0
    outer loop
      vertex 17.75627884481346 0 16.50260848066168
      vertex 18.365956453447584 0 16.6875521613105
      vertex 15 0 21
    endloop
  endfacet
  facet normal 0 -1 0
    outer loop
      vertex 18.365956453447584 0 16.6875521613105
      vertex 19 0 16.75
      vertex 15 0 21
    endloop
  endfacet
  facet normal 0 -1 0
    outer loop
      vertex 19 0 16.75
      vertex 19.634043546552416 0 16.6875521613105
      vertex 15 0 21
    endloop
  endfacet
  facet normal 0 -1 0
    outer loop
      vertex 19.634043546552416 0 16.6875521613105
      vertex 20 0 18
      vertex 15 0 21
    endloop
  endfacet
  facet normal 0 -1 0
    outer loop
      vertex 19.634043546552416 0 16.6875521613105
      vertex 20.24372115518654 0 16.50260848066168
      vertex 20 0 18
    endloop
  endfacet
  facet normal 0 -1 0
    outer loop
      vertex 20 0 18
      vertex 18 0 21
      vertex 15 0 21
    endloop
  endfacet
  facet normal 0 0 1
    outer loop
      vertex 20 3 21
      vertex 18 3 21
      vertex 18 0 21
    endloop
  endfacet
  facet normal 0 -1 0
    outer loop
      vertex 20 0 18
      vertex 20 0 21
      vertex 18 0 21
    endloop
  endfacet
  facet normal 0 0 1
    outer loop
      vertex 20 0 21
      vertex 20 3 21
      vertex 18 0 21
    endloop
  endfacet
  facet normal 0 -1 0
    outer loop
      vertex 20 0 18
      vertex 20.24372115518654 0 16.50260848066168
      vertex 20.805603257313706 0 16.20227623998327
    endloop
  endfacet
  facet normal 0 -1 0
    outer loop
      vertex 20 0 18
      vertex 20.805603257313706 0 16.20227623998327
      vertex 23 0 18
    endloop
  endfacet
  facet normal 0 -1 0
    outer loop
      vertex 21.29809703885628 0 15.79809703885628
      vertex 23 0 18
      vertex 20.805603257313706 0 16.20227623998327
    endloop
  endfacet
  facet normal 0 -1 0
    outer loop
      vertex 22.00260848066168 0 14.743721155186542
      vertex 23 0 18
      vertex 21.70227623998327 0 15.305603257313708
    endloop
  endfacet
  facet normal 0 -1 0
    outer loop
      vertex 21.29809703885628 0 15.79809703885628
      vertex 21.70227623998327 0 15.305603257313708
      vertex 23 0 18
    endloop
  endfacet
  facet normal 0 1 0
    outer loop
      vertex 15.997391519338318 21 12.256278844813458
      vertex 16.29772376001673 21 11.694396742686294
      vertex 15 21 6
    endloop
  endfacet
  facet normal 0 1 0
    outer loop
      vertex 15.8124478386895 21 12.865956453447584
      vertex 15.997391519338318 21 12.256278844813458
      vertex 15 21 6
    endloop
  endfacet
  facet normal 0 1 0
    outer loop
      vertex 16.29772376001673 21 11.694396742686294
      vertex 16.70190296114372 21 11.20190296114372
      vertex 15 21 6
    endloop
  endfacet
  facet normal 0 1 0
    outer loop
      vertex 16.70190296114372 21 11.20190296114372
      vertex 17.194396742686294 21 10.797723760016728
      vertex 15 21 6
    endloop
  endfacet
  facet normal 0 1 0
    outer loop
      vertex 17.194396742686294 21 10.797723760016728
      vertex 17.75627884481346 21 10.497391519338318
      vertex 15 21 6
    endloop
  endfacet
  facet normal 0 1 0
    outer loop
      vertex 17.75627884481346 21 10.497391519338318
      vertex 18.365956453447584 21 10.3124478386895
      vertex 15 21 6
    endloop
  endfacet
  facet normal 0 1 0
    outer loop
      vertex 15.8124478386895 21 12.865956453447584
      vertex 15 21 6
      vertex 15 21 21
    endloop
  endfacet
  facet normal 0 0 -1
    outer loop
      vertex 20 18 6
      vertex 18 18 6
      vertex 18 21 6
    endloop
  endfacet
  facet normal 0 1 0
    outer loop
      vertex 20 21 8.99
      vertex 18 21 6
      vertex 15 21 6
    endloop
  endfacet
  facet normal 0 0 -1
    outer loop
      vertex 20 18 6
      vertex 18 21 6
      vertex 20 21 6
    endloop
  endfacet
  facet normal 0 1 0
    outer loop
      vertex 20 21 6
      vertex 18 21 6
      vertex 20 21 8.99
    endloop
  endfacet
  facet normal 0 1 0
    outer loop
      vertex 18.365956453447584 21 10.3124478386895
      vertex 19 21 10.25
      vertex 15 21 6
    endloop
  endfacet
  facet normal 0 1 0
    outer loop
      vertex 19 21 10.25
      vertex 19.634043546552416 21 10.3124478386895
      vertex 15 21 6
    endloop
  endfacet
  facet normal 0 1 0
    outer loop
      vertex 20 21 8.99
      vertex 15 21 6
      vertex 19.634043546552416 21 10.3124478386895
    endloop
  endfacet
  facet normal 0 1 0
    outer loop
      vertex 20.00161684042971 21 9
      vertex 20 21 8.99
      vertex 19.634043546552416 21 10.3124478386895
    endloop
  endfacet
  facet normal 0 1 0
    outer loop
      vertex 20.00161684042971 21 9
      vertex 19.634043546552416 21 10.3124478386895
      vertex 20.24372115518654 21 10.497391519338318
    endloop
  endfacet
  facet normal 0 1 0
    outer loop
      vertex 20.002673408101593 21 8.995998962022057
      vertex 22.992717857112982 21 8.995998962022057
      vertex 20 21 8.99
    endloop
  endfacet
  facet normal 0 1 0
    outer loop
      vertex 20.00161684042971 21 9
      vertex 20.24372115518654 21 10.497391519338318
      vertex 23 21 9
    endloop
  endfacet
  facet normal 0 1 0
    outer loop
      vertex 20.24372115518654 21 10.497391519338318
      vertex 20.805603257313706 21 10.797723760016728
      vertex 23 21 9
    endloop
  endfacet
  facet normal 1 0 0
    outer loop
      vertex 23 18 8.99
      vertex 23 21 9
      vertex 23 18 9
    endloop
  endfacet
  facet normal 0 1 0
    outer loop
      vertex 20 21 8.99
      vertex 22.992717857112982 21 8.995998962022057
      vertex 22.999015085965546 21 8.99
    endloop
  endfacet
  facet normal 1 0 0
    outer loop
      vertex 23 18 8.99
      vertex 23 21 8.99
      vertex 23 21 9
    endloop
  endfacet
  facet normal 0 1 0
    outer loop
      vertex 23 21 8.99
      vertex 22.999015085965546 21 8.99
      vertex 22.992717857112982 21 8.995998962022057
    endloop
  endfacet
  facet normal 0 1 0
    outer loop
      vertex 23 21 8.99
      vertex 22.992717857112982 21 8.995998962022057
      vertex 22.99590361150926 21 8.995323930940561
    endloop
  endfacet
  facet normal 0 1 0
    outer loop
      vertex 23 21 8.99
      vertex 22.99590361150926 21 8.995323930940561
      vertex 22.99748971038732 21 8.995231328315693
    endloop
  endfacet
  facet normal 0 1 0
    outer loop
      vertex 22.997471441514985 21 8.995269399806997
      vertex 22.99748971038732 21 8.995231328315693
      vertex 22.99590361150926 21 8.995323930940561
    endloop
  endfacet
  facet normal 0 1 0
    outer loop
      vertex 23 21 8.99
      vertex 22.99748971038732 21 8.995231328315693
      vertex 22.998181609395566 21 8.995954904014837
    endloop
  endfacet
  facet normal 0 1 0
    outer loop
      vertex 22.99860819756246 21 8.996639891674027
      vertex 22.998616725283906 21 8.996599208352107
      vertex 22.998181609395566 21 8.995954904014837
    endloop
  endfacet
  facet normal 0 1 0
    outer loop
      vertex 23 21 8.99
      vertex 22.998181609395566 21 8.995954904014837
      vertex 22.998616725283906 21 8.996599208352107
    endloop
  endfacet
  facet normal 0 1 0
    outer loop
      vertex 23 21 8.99
      vertex 22.998616725283906 21 8.996599208352107
      vertex 22.998826397170763 21 8.997057265013146
    endloop
  endfacet
  facet normal 0 1 0
    outer loop
      vertex 23 21 8.99
      vertex 22.998826397170763 21 8.997057265013146
      vertex 22.998862349366846 21 8.997203077070342
    endloop
  endfacet
  facet normal 0 1 0
    outer loop
      vertex 23 21 8.99
      vertex 22.998862349366846 21 8.997203077070342
      vertex 23 21 9
    endloop
  endfacet
  facet normal 0 1 0
    outer loop
      vertex 23 21 9
      vertex 20.805603257313706 21 10.797723760016728
      vertex 21.29809703885628 21 11.20190296114372
    endloop
  endfacet
  facet normal 0 1 0
    outer loop
      vertex 23 21 9
      vertex 21.29809703885628 21 11.20190296114372
      vertex 21.70227623998327 21 11.694396742686294
    endloop
  endfacet
  facet normal 0 1 0
    outer loop
      vertex 23 21 9
      vertex 21.70227623998327 21 11.694396742686294
      vertex 22.00260848066168 21 12.256278844813458
    endloop
  endfacet
  facet normal 0 1 0
    outer loop
      vertex 23 21 9
      vertex 22.00260848066168 21 12.256278844813458
      vertex 22.1875521613105 21 12.865956453447584
    endloop
  endfacet
  facet normal 0 1 0
    outer loop
      vertex 23 21 9
      vertex 22.1875521613105 21 12.865956453447584
      vertex 22.25 21 13.5
    endloop
  endfacet
  facet normal 1 0 0
    outer loop
      vertex 23 18 9
      vertex 23 21 18
      vertex 23 18 18
    endloop
  endfacet
  facet normal 1 0 0
    outer loop
      vertex 23 18 9
      vertex 23 21 9
      vertex 23 21 18
    endloop
  endfacet
  facet normal 0 1 0
    outer loop
      vertex 23 21 9
      vertex 22.25 21 13.5
      vertex 22.1875521613105 21 14.134043546552416
    endloop
  endfacet
  facet normal 0 1 0
    outer loop
      vertex 23 21 9
      vertex 22.1875521613105 21 14.134043546552416
      vertex 23 21 18
    endloop
  endfacet
  facet normal 0 1 0
    outer loop
      vertex 22.1875521613105 21 14.134043546552416
      vertex 22.00260848066168 21 14.743721155186542
      vertex 23 21 18
    endloop
  endfacet
  facet normal 0 1 0
    outer loop
      vertex 15.8124478386895 21 12.865956453447584
      vertex 15 21 21
      vertex 15.75 21 13.5
    endloop
  endfacet
  facet normal 0 1 0
    outer loop
      vertex 15.75 21 13.5
      vertex 15 21 21
      vertex 15.8124478386895 21 14.134043546552416
    endloop
  endfacet
  facet normal 0 1 0
    outer loop
      vertex 15.8124478386895 21 14.134043546552416
      vertex 15 21 21
      vertex 15.997391519338318 21 14.743721155186542
    endloop
  endfacet
  facet normal 0 1 0
    outer loop
      vertex 15.997391519338318 21 14.743721155186542
      vertex 15 21 21
      vertex 16.29772376001673 21 15.305603257313708
    endloop
  endfacet
  facet normal 0 1 0
    outer loop
      vertex 16.29772376001673 21 15.305603257313708
      vertex 15 21 21
      vertex 16.70190296114372 21 15.79809703885628
    endloop
  endfacet
  facet normal 0 1 0
    outer loop
      vertex 16.70190296114372 21 15.79809703885628
      vertex 15 21 21
      vertex 17.194396742686294 21 16.20227623998327
    endloop
  endfacet
  facet normal 0 1 0
    outer loop
      vertex 17.194396742686294 21 16.20227623998327
      vertex 15 21 21
      vertex 17.75627884481346 21 16.50260848066168
    endloop
  endfacet
  facet normal 0 1 0
    outer loop
      vertex 17.75627884481346 21 16.50260848066168
      vertex 15 21 21
      vertex 18.365956453447584 21 16.6875521613105
    endloop
  endfacet
  facet normal 0 1 0
    outer loop
      vertex 18.365956453447584 21 16.6875521613105
      vertex 15 21 21
      vertex 20 21 18
    endloop
  endfacet
  facet normal 0 1 0
    outer loop
      vertex 18.365956453447584 21 16.6875521613105
      vertex 20 21 18
      vertex 19 21 16.75
    endloop
  endfacet
  facet normal 0 1 0
    outer loop
      vertex 19 21 16.75
      vertex 20 21 18
      vertex 19.634043546552416 21 16.6875521613105
    endloop
  endfacet
  facet normal 0 1 0
    outer loop
      vertex 20 21 18
      vertex 15 21 21
      vertex 18 21 21
    endloop
  endfacet
  facet normal 0 0 1
    outer loop
      vertex 20 21 21
      vertex 18 21 21
      vertex 18 18 21
    endloop
  endfacet
  facet normal 0 0 1
    outer loop
      vertex 20 18 21
      vertex 20 21 21
      vertex 18 18 21
    endloop
  endfacet
  facet normal 0 1 0
    outer loop
      vertex 20 21 18
      vertex 18 21 21
      vertex 20 21 21
    endloop
  endfacet
  facet normal 0 1 0
    outer loop
      vertex 19.634043546552416 21 16.6875521613105
      vertex 23 21 18
      vertex 20.24372115518654 21 16.50260848066168
    endloop
  endfacet
  facet normal 0 1 0
    outer loop
      vertex 19.634043546552416 21 16.6875521613105
      vertex 20 21 18
      vertex 23 21 18
    endloop
  endfacet
  facet normal 0 1 0
    outer loop
      vertex 20.24372115518654 21 16.50260848066168
      vertex 23 21 18
      vertex 20.805603257313706 21 16.20227623998327
    endloop
  endfacet
  facet normal 0 1 0
    outer loop
      vertex 21.29809703885628 21 15.79809703885628
      vertex 20.805603257313706 21 16.20227623998327
      vertex 23 21 18
    endloop
  endfacet
  facet normal 0 1 0
    outer loop
      vertex 22.00260848066168 21 14.743721155186542
      vertex 21.70227623998327 21 15.305603257313708
      vertex 23 21 18
    endloop
  endfacet
  facet normal 0 1 0
    outer loop
      vertex 21.29809703885628 21 15.79809703885628
      vertex 23 21 18
      vertex 21.70227623998327 21 15.305603257313708
    endloop
  endfacet
  facet normal 0 1 0
    outer loop
      vertex 18.687855484774197 3 11.930743551354832
      vertex 18 3 6
      vertex 15 3 6
    endloop
  endfacet
  facet normal 0 1 0
    outer loop
      vertex 17.868629150101523 3 12.368629150101523
      vertex 15 3 6
      vertex 17.66964862031593 3 12.611087627168637
    endloop
  endfacet
  facet normal 0 1 0
    outer loop
      vertex 17.52179274798194 3 12.887706508215857
      vertex 15 3 6
      vertex 17.43074355135483 3 13.187855484774195
    endloop
  endfacet
  facet normal 0 1 0
    outer loop
      vertex 17.52179274798194 3 12.887706508215857
      vertex 17.66964862031593 3 12.611087627168637
      vertex 15 3 6
    endloop
  endfacet
  facet normal 0 1 0
    outer loop
      vertex 17.868629150101523 3 12.368629150101523
      vertex 18.111087627168637 3 12.169648620315927
      vertex 15 3 6
    endloop
  endfacet
  facet normal 0 1 0
    outer loop
      vertex 18.111087627168637 3 12.169648620315927
      vertex 18.387706508215857 3 12.02179274798194
      vertex 15 3 6
    endloop
  endfacet
  facet normal 0 1 0
    outer loop
      vertex 17.43074355135483 3 13.187855484774195
      vertex 15 3 6
      vertex 17.4 3 13.5
    endloop
  endfacet
  facet normal 0 1 0
    outer loop
      vertex 17.4 3 13.5
      vertex 15 3 6
      vertex 15 3 21
    endloop
  endfacet
  facet normal 0 1 0
    outer loop
      vertex 18.387706508215857 3 12.02179274798194
      vertex 18.687855484774197 3 11.930743551354832
      vertex 15 3 6
    endloop
  endfacet
  facet normal 0 1 0
    outer loop
      vertex 20 3 6
      vertex 18 3 6
      vertex 18.687855484774197 3 11.930743551354832
    endloop
  endfacet
  facet normal 0 1 0
    outer loop
      vertex 20 3 6
      vertex 19.312144515225803 3 11.930743551354832
      vertex 20 3 8.99
    endloop
  endfacet
  facet normal 0 1 0
    outer loop
      vertex 20 3 6
      vertex 18.687855484774197 3 11.930743551354832
      vertex 19 3 11.9
    endloop
  endfacet
  facet normal 0 1 0
    outer loop
      vertex 20 3 6
      vertex 19 3 11.9
      vertex 19.312144515225803 3 11.930743551354832
    endloop
  endfacet
  facet normal 0 1 0
    outer loop
      vertex 20 3 8.99
      vertex 19.312144515225803 3 11.930743551354832
      vertex 19.612293491784143 3 12.02179274798194
    endloop
  endfacet
  facet normal 0 1 0
    outer loop
      vertex 19.612293491784143 3 12.02179274798194
      vertex 19.888912372831363 3 12.169648620315927
      vertex 23 3 8.99
    endloop
  endfacet
  facet normal 0 1 0
    outer loop
      vertex 20 3 8.99
      vertex 19.612293491784143 3 12.02179274798194
      vertex 22.999015085965546 3 8.99
    endloop
  endfacet
  facet normal 0 1 0
    outer loop
      vertex 19.888912372831363 3 12.169648620315927
      vertex 20.131370849898477 3 12.368629150101523
      vertex 22.99150948795308 3 9
    endloop
  endfacet
  facet normal 0 1 0
    outer loop
      vertex 22.99353005993995 3 9
      vertex 20.131370849898477 3 12.368629150101523
      vertex 20.330351379684075 3 12.611087627168637
    endloop
  endfacet
  facet normal 0 1 0
    outer loop
      vertex 22.99353005993995 3 9
      vertex 20.330351379684075 3 12.611087627168637
      vertex 20.47820725201806 3 12.887706508215857
    endloop
  endfacet
  facet normal 0 1 0
    outer loop
      vertex 23 3 8.99
      vertex 22.992897806701638 3 8.998364858631744
      vertex 22.994945643302486 3 8.996855684437786
    endloop
  endfacet
  facet normal 0 1 0
    outer loop
      vertex 23 3 8.99
      vertex 22.994945643302486 3 8.996855684437786
      vertex 22.995998308330318 3 8.996185052152791
    endloop
  endfacet
  facet normal 0 1 0
    outer loop
      vertex 19.612293491784143 3 12.02179274798194
      vertex 23 3 8.99
      vertex 22.999015085965546 3 8.99
    endloop
  endfacet
  facet normal 0 1 0
    outer loop
      vertex 19.888912372831363 3 12.169648620315927
      vertex 22.99150948795308 3 9
      vertex 22.992897806701638 3 8.998364858631744
    endloop
  endfacet
  facet normal 0 1 0
    outer loop
      vertex 19.888912372831363 3 12.169648620315927
      vertex 22.992897806701638 3 8.998364858631744
      vertex 23 3 8.99
    endloop
  endfacet
  facet normal 0 1 0
    outer loop
      vertex 22.99150948795308 3 9
      vertex 20.131370849898477 3 12.368629150101523
      vertex 22.99353005993995 3 9
    endloop
  endfacet
  facet normal 0 1 0
    outer loop
      vertex 20.47820725201806 3 12.887706508215857
      vertex 20.56925644864517 3 13.187855484774195
      vertex 23 3 18
    endloop
  endfacet
  facet normal 0 1 0
    outer loop
      vertex 20.131370849898477 3 14.631370849898476
      vertex 23 3 18
      vertex 20.330351379684075 3 14.388912372831363
    endloop
  endfacet
  facet normal 0 1 0
    outer loop
      vertex 20.56925644864517 3 13.187855484774195
      vertex 20.6 3 13.5
      vertex 23 3 18
    endloop
  endfacet
  facet normal 0 1 0
    outer loop
      vertex 20.6 3 13.5
      vertex 20.56925644864517 3 13.812144515225805
      vertex 23 3 18
    endloop
  endfacet
  facet normal 0 1 0
    outer loop
      vertex 20.47820725201806 3 14.112293491784143
      vertex 20.330351379684075 3 14.388912372831363
      vertex 23 3 18
    endloop
  endfacet
  facet normal 0 1 0
    outer loop
      vertex 20.47820725201806 3 14.112293491784143
      vertex 23 3 18
      vertex 20.56925644864517 3 13.812144515225805
    endloop
  endfacet
  facet normal 0 1 0
    outer loop
      vertex 22.99353005993995 3 9
      vertex 20.47820725201806 3 12.887706508215857
      vertex 23 3 18
    endloop
  endfacet
  facet normal 0 1 0
    outer loop
      vertex 23 3 8.99
      vertex 22.995998308330318 3 8.996185052152791
      vertex 23 3 18
    endloop
  endfacet
  facet normal 0 1 0
    outer loop
      vertex 22.99353005993995 3 9
      vertex 23 3 18
      vertex 22.995998308330318 3 8.996185052152791
    endloop
  endfacet
  facet normal 0 1 0
    outer loop
      vertex 17.4 3 13.5
      vertex 15 3 21
      vertex 17.43074355135483 3 13.812144515225805
    endloop
  endfacet
  facet normal 0 1 0
    outer loop
      vertex 17.43074355135483 3 13.812144515225805
      vertex 15 3 21
      vertex 17.52179274798194 3 14.112293491784143
    endloop
  endfacet
  facet normal 0 1 0
    outer loop
      vertex 17.52179274798194 3 14.112293491784143
      vertex 15 3 21
      vertex 17.66964862031593 3 14.388912372831363
    endloop
  endfacet
  facet normal 0 1 0
    outer loop
      vertex 17.66964862031593 3 14.388912372831363
      vertex 15 3 21
      vertex 17.868629150101523 3 14.631370849898476
    endloop
  endfacet
  facet normal 0 1 0
    outer loop
      vertex 17.868629150101523 3 14.631370849898476
      vertex 15 3 21
      vertex 18.111087627168637 3 14.830351379684073
    endloop
  endfacet
  facet normal 0 1 0
    outer loop
      vertex 18.111087627168637 3 14.830351379684073
      vertex 15 3 21
      vertex 18.387706508215857 3 14.97820725201806
    endloop
  endfacet
  facet normal 0 1 0
    outer loop
      vertex 18.387706508215857 3 14.97820725201806
      vertex 15 3 21
      vertex 18.687855484774197 3 15.069256448645168
    endloop
  endfacet
  facet normal 0 1 0
    outer loop
      vertex 18.687855484774197 3 15.069256448645168
      vertex 15 3 21
      vertex 19 3 15.1
    endloop
  endfacet
  facet normal 0 1 0
    outer loop
      vertex 19 3 15.1
      vertex 15 3 21
      vertex 20 3 18
    endloop
  endfacet
  facet normal 0 1 0
    outer loop
      vertex 19 3 15.1
      vertex 20 3 18
      vertex 19.312144515225803 3 15.069256448645168
    endloop
  endfacet
  facet normal 0 1 0
    outer loop
      vertex 19.312144515225803 3 15.069256448645168
      vertex 20 3 18
      vertex 19.612293491784143 3 14.97820725201806
    endloop
  endfacet
  facet normal 0 1 0
    outer loop
      vertex 20 3 18
      vertex 15 3 21
      vertex 18 3 21
    endloop
  endfacet
  facet normal 0 1 0
    outer loop
      vertex 20 3 18
      vertex 18 3 21
      vertex 20 3 21
    endloop
  endfacet
  facet normal 0 1 0
    outer loop
      vertex 19.612293491784143 3 14.97820725201806
      vertex 23 3 18
      vertex 19.888912372831363 3 14.830351379684073
    endloop
  endfacet
  facet normal 0 1 0
    outer loop
      vertex 19.888912372831363 3 14.830351379684073
      vertex 23 3 18
      vertex 20.131370849898477 3 14.631370849898476
    endloop
  endfacet
  facet normal 0 1 0
    outer loop
      vertex 19.612293491784143 3 14.97820725201806
      vertex 20 3 18
      vertex 23 3 18
    endloop
  endfacet
  facet normal 0 -1 0
    outer loop
      vertex 17.868629150101523 18 12.368629150101523
      vertex 17.66964862031593 18 12.611087627168637
      vertex 15 18 6
    endloop
  endfacet
  facet normal 0 -1 0
    outer loop
      vertex 17.52179274798194 18 12.887706508215857
      vertex 17.43074355135483 18 13.187855484774195
      vertex 15 18 6
    endloop
  endfacet
  facet normal 0 -1 0
    outer loop
      vertex 17.52179274798194 18 12.887706508215857
      vertex 15 18 6
      vertex 17.66964862031593 18 12.611087627168637
    endloop
  endfacet
  facet normal 0 -1 0
    outer loop
      vertex 17.868629150101523 18 12.368629150101523
      vertex 15 18 6
      vertex 18.111087627168637 18 12.169648620315927
    endloop
  endfacet
  facet normal 0 -1 0
    outer loop
      vertex 18.111087627168637 18 12.169648620315927
      vertex 15 18 6
      vertex 18.387706508215857 18 12.02179274798194
    endloop
  endfacet
  facet normal 0 -1 0
    outer loop
      vertex 17.43074355135483 18 13.187855484774195
      vertex 17.4 18 13.5
      vertex 15 18 6
    endloop
  endfacet
  facet normal 0 -1 0
    outer loop
      vertex 17.4 18 13.5
      vertex 15 18 21
      vertex 15 18 6
    endloop
  endfacet
  facet normal 0 -1 0
    outer loop
      vertex 20 18 8.99
      vertex 15 18 6
      vertex 18 18 6
    endloop
  endfacet
  facet normal 0 -1 0
    outer loop
      vertex 20 18 6
      vertex 20 18 8.99
      vertex 18 18 6
    endloop
  endfacet
  facet normal 0 -1 0
    outer loop
      vertex 20 18 8.99
      vertex 19 18 11.9
      vertex 15 18 6
    endloop
  endfacet
  facet normal 0 -1 0
    outer loop
      vertex 18.387706508215857 18 12.02179274798194
      vertex 15 18 6
      vertex 18.687855484774197 18 11.930743551354832
    endloop
  endfacet
  facet normal 0 -1 0
    outer loop
      vertex 18.687855484774197 18 11.930743551354832
      vertex 15 18 6
      vertex 19 18 11.9
    endloop
  endfacet
  facet normal 0 -1 0
    outer loop
      vertex 20 18 8.99
      vertex 19.312144515225803 18 11.930743551354832
      vertex 19 18 11.9
    endloop
  endfacet
  facet normal 0 -1 0
    outer loop
      vertex 20 18 8.99
      vertex 19.612293491784143 18 12.02179274798194
      vertex 19.312144515225803 18 11.930743551354832
    endloop
  endfacet
  facet normal 0 -1 0
    outer loop
      vertex 19.612293491784143 18 12.02179274798194
      vertex 23 18 8.99
      vertex 19.888912372831363 18 12.169648620315927
    endloop
  endfacet
  facet normal 0 -1 0
    outer loop
      vertex 20 18 8.99
      vertex 22.999015085965546 18 8.99
      vertex 19.612293491784143 18 12.02179274798194
    endloop
  endfacet
  facet normal 0 -1 0
    outer loop
      vertex 19.888912372831363 18 12.169648620315927
      vertex 22.99150948795308 18 9
      vertex 20.131370849898477 18 12.368629150101523
    endloop
  endfacet
  facet normal 0 -1 0
    outer loop
      vertex 23 18 9
      vertex 20.330351379684075 18 12.611087627168637
      vertex 20.131370849898477 18 12.368629150101523
    endloop
  endfacet
  facet normal 0 -1 0
    outer loop
      vertex 23 18 9
      vertex 20.47820725201806 18 12.887706508215857
      vertex 20.330351379684075 18 12.611087627168637
    endloop
  endfacet
  facet normal 0 -1 0
    outer loop
      vertex 23 18 9
      vertex 20.56925644864517 18 13.187855484774195
      vertex 20.47820725201806 18 12.887706508215857
    endloop
  endfacet
  facet normal 0 -1 0
    outer loop
      vertex 22.99197640009044 18 8.99945007776353
      vertex 23 18 8.99
      vertex 22.993513174833325 18 8.998798671919555
    endloop
  endfacet
  facet normal 0 -1 0
    outer loop
      vertex 23 18 8.99
      vertex 22.994533758405307 18 8.998448674244212
      vertex 22.993513174833325 18 8.998798671919555
    endloop
  endfacet
  facet normal 0 -1 0
    outer loop
      vertex 23 18 8.99
      vertex 22.995186463392535 18 8.998312901226274
      vertex 22.994533758405307 18 8.998448674244212
    endloop
  endfacet
  facet normal 0 -1 0
    outer loop
      vertex 23 18 8.99
      vertex 22.995562100191496 18 8.99833955339015
      vertex 22.995186463392535 18 8.998312901226274
    endloop
  endfacet
  facet normal 0 -1 0
    outer loop
      vertex 23 18 8.99
      vertex 22.9956803685178 18 8.998774083534773
      vertex 22.99571606979557 18 8.998498523230632
    endloop
  endfacet
  facet normal 0 -1 0
    outer loop
      vertex 23 18 8.99
      vertex 22.99571606979557 18 8.998498523230632
      vertex 22.995562100191496 18 8.99833955339015
    endloop
  endfacet
  facet normal 0 -1 0
    outer loop
      vertex 23 18 8.99
      vertex 23 18 9
      vertex 22.9956803685178 18 8.998774083534773
    endloop
  endfacet
  facet normal 0 -1 0
    outer loop
      vertex 19.612293491784143 18 12.02179274798194
      vertex 22.999015085965546 18 8.99
      vertex 23 18 8.99
    endloop
  endfacet
  facet normal 0 -1 0
    outer loop
      vertex 19.888912372831363 18 12.169648620315927
      vertex 22.99197640009044 18 8.99945007776353
      vertex 22.99150948795308 18 9
    endloop
  endfacet
  facet normal 0 -1 0
    outer loop
      vertex 19.888912372831363 18 12.169648620315927
      vertex 23 18 8.99
      vertex 22.99197640009044 18 8.99945007776353
    endloop
  endfacet
  facet normal 0 -1 0
    outer loop
      vertex 22.99150948795308 18 9
      vertex 23 18 9
      vertex 20.131370849898477 18 12.368629150101523
    endloop
  endfacet
  facet normal 0 -1 0
    outer loop
      vertex 23 18 9
      vertex 20.6 18 13.5
      vertex 20.56925644864517 18 13.187855484774195
    endloop
  endfacet
  facet normal 0 -1 0
    outer loop
      vertex 23 18 9
      vertex 20.56925644864517 18 13.812144515225805
      vertex 20.6 18 13.5
    endloop
  endfacet
  facet normal 0 -1 0
    outer loop
      vertex 23 18 9
      vertex 20.47820725201806 18 14.112293491784143
      vertex 20.56925644864517 18 13.812144515225805
    endloop
  endfacet
  facet normal 0 -1 0
    outer loop
      vertex 20.131370849898477 18 14.631370849898476
      vertex 20.330351379684075 18 14.388912372831363
      vertex 23 18 18
    endloop
  endfacet
  facet normal 0 -1 0
    outer loop
      vertex 20.47820725201806 18 14.112293491784143
      vertex 23 18 18
      vertex 20.330351379684075 18 14.388912372831363
    endloop
  endfacet
  facet normal 0 -1 0
    outer loop
      vertex 23 18 9
      vertex 23 18 18
      vertex 20.47820725201806 18 14.112293491784143
    endloop
  endfacet
  facet normal 0 -1 0
    outer loop
      vertex 17.4 18 13.5
      vertex 17.43074355135483 18 13.812144515225805
      vertex 15 18 21
    endloop
  endfacet
  facet normal 0 -1 0
    outer loop
      vertex 17.43074355135483 18 13.812144515225805
      vertex 17.52179274798194 18 14.112293491784143
      vertex 15 18 21
    endloop
  endfacet
  facet normal 0 -1 0
    outer loop
      vertex 17.52179274798194 18 14.112293491784143
      vertex 17.66964862031593 18 14.388912372831363
      vertex 15 18 21
    endloop
  endfacet
  facet normal 0 -1 0
    outer loop
      vertex 17.66964862031593 18 14.388912372831363
      vertex 17.868629150101523 18 14.631370849898476
      vertex 15 18 21
    endloop
  endfacet
  facet normal 0 -1 0
    outer loop
      vertex 17.868629150101523 18 14.631370849898476
      vertex 18.111087627168637 18 14.830351379684073
      vertex 15 18 21
    endloop
  endfacet
  facet normal 0 -1 0
    outer loop
      vertex 18.111087627168637 18 14.830351379684073
      vertex 18.387706508215857 18 14.97820725201806
      vertex 15 18 21
    endloop
  endfacet
  facet normal 0 -1 0
    outer loop
      vertex 18.687855484774197 18 15.069256448645168
      vertex 18 18 21
      vertex 15 18 21
    endloop
  endfacet
  facet normal 0 -1 0
    outer loop
      vertex 18.387706508215857 18 14.97820725201806
      vertex 18.687855484774197 18 15.069256448645168
      vertex 15 18 21
    endloop
  endfacet
  facet normal 0 -1 0
    outer loop
      vertex 18.687855484774197 18 15.069256448645168
      vertex 19 18 15.1
      vertex 20 18 21
    endloop
  endfacet
  facet normal 0 -1 0
    outer loop
      vertex 19.312144515225803 18 15.069256448645168
      vertex 19.612293491784143 18 14.97820725201806
      vertex 20 18 18
    endloop
  endfacet
  facet normal 0 -1 0
    outer loop
      vertex 19 18 15.1
      vertex 19.312144515225803 18 15.069256448645168
      vertex 20 18 21
    endloop
  endfacet
  facet normal 0 -1 0
    outer loop
      vertex 18.687855484774197 18 15.069256448645168
      vertex 20 18 21
      vertex 18 18 21
    endloop
  endfacet
  facet normal 0 -1 0
    outer loop
      vertex 19.312144515225803 18 15.069256448645168
      vertex 20 18 18
      vertex 20 18 21
    endloop
  endfacet
  facet normal 0 -1 0
    outer loop
      vertex 19.612293491784143 18 14.97820725201806
      vertex 19.888912372831363 18 14.830351379684073
      vertex 23 18 18
    endloop
  endfacet
  facet normal 0 -1 0
    outer loop
      vertex 19.888912372831363 18 14.830351379684073
      vertex 20.131370849898477 18 14.631370849898476
      vertex 23 18 18
    endloop
  endfacet
  facet normal 0 -1 0
    outer loop
      vertex 19.612293491784143 18 14.97820725201806
      vertex 23 18 18
      vertex 20 18 18
    endloop
  endfacet
  facet normal 0 0 -1
    outer loop
      vertex 23 0 8.99
      vertex 22.999015085965546 0 8.99
      vertex 23 3 8.99
    endloop
  endfacet
  facet normal 0 0 -1
    outer loop
      vertex 22.999015085965546 0 8.99
      vertex 22.999015085965546 3 8.99
      vertex 23 3 8.99
    endloop
  endfacet
  facet normal 0 0 -1
    outer loop
      vertex 23 18 8.99
      vertex 22.999015085965546 18 8.99
      vertex 23 21 8.99
    endloop
  endfacet
  facet normal 0 0 -1
    outer loop
      vertex 22.999015085965546 18 8.99
      vertex 22.999015085965546 21 8.99
      vertex 23 21 8.99
    endloop
  endfacet
  facet normal 0 -1 0
    outer loop
      vertex 20 0 6
      vertex 20.58527096360922 0 6.057644158601761
      vertex 20 0 8.99
    endloop
  endfacet
  facet normal 0 -1 0
    outer loop
      vertex 20.58527096360922 0 6.057644158601761
      vertex 21.14805030077696 0 6.228361405432224
      vertex 20 0 8.99
    endloop
  endfacet
  facet normal 0.09801714041660749 0 -0.9951847266636236
    outer loop
      vertex 20 0 6
      vertex 20.58527096360922 3 6.057644158601761
      vertex 20.58527096360922 0 6.057644158601761
    endloop
  endfacet
  facet normal 0.2902846792754084 0 -0.9569403351191617
    outer loop
      vertex 20.58527096360922 0 6.057644158601761
      vertex 21.14805030077696 3 6.228361405432224
      vertex 21.14805030077696 0 6.228361405432224
    endloop
  endfacet
  facet normal 0.4713967348393121 0 -0.8819212654102606
    outer loop
      vertex 21.14805030077696 0 6.228361405432224
      vertex 21.666710697114468 3 6.505591161549091
      vertex 21.666710697114468 0 6.505591161549091
    endloop
  endfacet
  facet normal 0.09801714041660749 0 -0.9951847266636236
    outer loop
      vertex 20 0 6
      vertex 20 3 6
      vertex 20.58527096360922 3 6.057644158601761
    endloop
  endfacet
  facet normal 0.2902846792754084 0 -0.9569403351191617
    outer loop
      vertex 20.58527096360922 0 6.057644158601761
      vertex 20.58527096360922 3 6.057644158601761
      vertex 21.14805030077696 3 6.228361405432224
    endloop
  endfacet
  facet normal 0.4713967348393121 0 -0.8819212654102606
    outer loop
      vertex 21.14805030077696 0 6.228361405432224
      vertex 21.14805030077696 3 6.228361405432224
      vertex 21.666710697114468 3 6.505591161549091
    endloop
  endfacet
  facet normal 0 -1 0
    outer loop
      vertex 21.14805030077696 0 6.228361405432224
      vertex 21.666710697114468 0 6.505591161549091
      vertex 22.94235584139824 0 8.414729036390781
    endloop
  endfacet
  facet normal 0 -1 0
    outer loop
      vertex 21.666710697114468 0 6.505591161549091
      vertex 22.121320344507694 0 6.878679655492306
      vertex 22.771638594567776 0 7.8519496992230415
    endloop
  endfacet
  facet normal 0.6343932823565882 0 -0.7730104548457506
    outer loop
      vertex 21.666710697114468 0 6.505591161549091
      vertex 22.121320344507694 3 6.878679655492306
      vertex 22.121320344507694 0 6.878679655492306
    endloop
  endfacet
  facet normal 0 -1 0
    outer loop
      vertex 22.121320344507694 0 6.878679655492306
      vertex 22.49440883845091 0 7.333289302885532
      vertex 22.771638594567776 0 7.8519496992230415
    endloop
  endfacet
  facet normal 0 -1 0
    outer loop
      vertex 21.666710697114468 0 6.505591161549091
      vertex 22.771638594567776 0 7.8519496992230415
      vertex 22.94235584139824 0 8.414729036390781
    endloop
  endfacet
  facet normal 0.7730104548457506 0 -0.6343932823565882
    outer loop
      vertex 22.121320344507694 0 6.878679655492306
      vertex 22.49440883845091 3 7.333289302885532
      vertex 22.49440883845091 0 7.333289302885532
    endloop
  endfacet
  facet normal 0.8819212654102606 0 -0.4713967348393121
    outer loop
      vertex 22.49440883845091 0 7.333289302885532
      vertex 22.771638594567776 3 7.8519496992230415
      vertex 22.771638594567776 0 7.8519496992230415
    endloop
  endfacet
  facet normal 0.6343932823565882 0 -0.7730104548457506
    outer loop
      vertex 21.666710697114468 0 6.505591161549091
      vertex 21.666710697114468 3 6.505591161549091
      vertex 22.121320344507694 3 6.878679655492306
    endloop
  endfacet
  facet normal 0.7730104548457506 0 -0.6343932823565882
    outer loop
      vertex 22.121320344507694 0 6.878679655492306
      vertex 22.121320344507694 3 6.878679655492306
      vertex 22.49440883845091 3 7.333289302885532
    endloop
  endfacet
  facet normal 0.8819212654102606 0 -0.4713967348393121
    outer loop
      vertex 22.49440883845091 0 7.333289302885532
      vertex 22.49440883845091 3 7.333289302885532
      vertex 22.771638594567776 3 7.8519496992230415
    endloop
  endfacet
  facet normal 0 1 0
    outer loop
      vertex 20 3 6
      vertex 22.999015085965546 3 8.99
      vertex 20.58527096360922 3 6.057644158601761
    endloop
  endfacet
  facet normal 0 1 0
    outer loop
      vertex 20.58527096360922 3 6.057644158601761
      vertex 22.999015085965546 3 8.99
      vertex 21.14805030077696 3 6.228361405432224
    endloop
  endfacet
  facet normal 0 1 0
    outer loop
      vertex 21.14805030077696 3 6.228361405432224
      vertex 22.94235584139824 3 8.414729036390781
      vertex 21.666710697114468 3 6.505591161549091
    endloop
  endfacet
  facet normal 0 1 0
    outer loop
      vertex 21.666710697114468 3 6.505591161549091
      vertex 22.771638594567776 3 7.8519496992230415
      vertex 22.121320344507694 3 6.878679655492306
    endloop
  endfacet
  facet normal 0 1 0
    outer loop
      vertex 22.121320344507694 3 6.878679655492306
      vertex 22.771638594567776 3 7.8519496992230415
      vertex 22.49440883845091 3 7.333289302885532
    endloop
  endfacet
  facet normal 0 1 0
    outer loop
      vertex 21.666710697114468 3 6.505591161549091
      vertex 22.94235584139824 3 8.414729036390781
      vertex 22.771638594567776 3 7.8519496992230415
    endloop
  endfacet
  facet normal 0 -1 0
    outer loop
      vertex 21.14805030077696 0 6.228361405432224
      vertex 22.94235584139824 0 8.414729036390781
      vertex 20 0 8.99
    endloop
  endfacet
  facet normal 0 -1 0
    outer loop
      vertex 20 0 8.99
      vertex 22.94235584139824 0 8.414729036390781
      vertex 22.999015085965546 0 8.99
    endloop
  endfacet
  facet normal 0 -1 0
    outer loop
      vertex 22.981714910761717 0 9
      vertex 22.98991357019417 0 8.99551620485653
      vertex 23 0 9
    endloop
  endfacet
  facet normal 0 -1 0
    outer loop
      vertex 22.98991357019417 0 8.99551620485653
      vertex 22.995103546008494 0 8.994033653554116
      vertex 23 0 9
    endloop
  endfacet
  facet normal 0 -1 0
    outer loop
      vertex 22.995103546008494 0 8.994033653554116
      vertex 22.99642380784209 0 8.994647850203156
      vertex 23 0 9
    endloop
  endfacet
  facet normal 0 -1 0
    outer loop
      vertex 22.995103546008494 0 8.994033653554116
      vertex 22.995314364506047 0 8.993859983223832
      vertex 22.99642380784209 0 8.994647850203156
    endloop
  endfacet
  facet normal 0 -1 0
    outer loop
      vertex 22.99642380784209 0 8.994647850203156
      vertex 22.99645489252903 0 8.994607450537213
      vertex 22.997296808159614 0 8.995633327702887
    endloop
  endfacet
  facet normal 0 -1 0
    outer loop
      vertex 22.99642380784209 0 8.994647850203156
      vertex 22.997296808159614 0 8.995633327702887
      vertex 23 0 9
    endloop
  endfacet
  facet normal 0 -1 0
    outer loop
      vertex 22.997296808159614 0 8.995633327702887
      vertex 22.998003873681128 0 8.996536956692019
      vertex 23 0 9
    endloop
  endfacet
  facet normal 0 -1 0
    outer loop
      vertex 22.998003873681128 0 8.996536956692019
      vertex 22.99849014286352 0 8.997203096904489
      vertex 23 0 9
    endloop
  endfacet
  facet normal 0.9569403351191617 0 -0.2902846792754084
    outer loop
      vertex 22.771638594567776 0 7.8519496992230415
      vertex 22.94235584139824 3 8.414729036390781
      vertex 22.94235584139824 0 8.414729036390781
    endloop
  endfacet
  facet normal 0.9951847266636235 0 -0.09801714041660846
    outer loop
      vertex 22.94235584139824 0 8.414729036390781
      vertex 22.94235584139824 3 8.414729036390781
      vertex 22.999015085965546 0 8.99
    endloop
  endfacet
  facet normal 0.9569403351191617 0 -0.2902846792754084
    outer loop
      vertex 22.771638594567776 0 7.8519496992230415
      vertex 22.771638594567776 3 7.8519496992230415
      vertex 22.94235584139824 3 8.414729036390781
    endloop
  endfacet
  facet normal 0.9951847266636235 0 -0.09801714041660846
    outer loop
      vertex 22.999015085965546 0 8.99
      vertex 22.94235584139824 3 8.414729036390781
      vertex 22.999015085965546 3 8.99
    endloop
  endfacet
  facet normal 0 1 0
    outer loop
      vertex 20 3 6
      vertex 20 3 8.99
      vertex 22.999015085965546 3 8.99
    endloop
  endfacet
  facet normal 0 1 0
    outer loop
      vertex 21.14805030077696 3 6.228361405432224
      vertex 22.999015085965546 3 8.99
      vertex 22.94235584139824 3 8.414729036390781
    endloop
  endfacet
  facet normal 0 1 0
    outer loop
      vertex 22.99150948795308 3 9
      vertex 22.99353005993995 3 9
      vertex 22.992897806701638 3 8.998364858631744
    endloop
  endfacet
  facet normal 0 1 0
    outer loop
      vertex 22.99353005993995 3 9
      vertex 22.994945643302486 3 8.996855684437786
      vertex 22.992897806701638 3 8.998364858631744
    endloop
  endfacet
  facet normal 0 1 0
    outer loop
      vertex 22.99353005993995 3 9
      vertex 22.995998308330318 3 8.996185052152791
      vertex 22.994945643302486 3 8.996855684437786
    endloop
  endfacet
  facet normal 0 -1 0
    outer loop
      vertex 20 18 6
      vertex 20.58527096360922 18 6.057644158601761
      vertex 21.14805030077696 18 6.228361405432224
    endloop
  endfacet
  facet normal 0 -1 0
    outer loop
      vertex 20 18 6
      vertex 21.14805030077696 18 6.228361405432224
      vertex 20 18 8.99
    endloop
  endfacet
  facet normal 0 -1 0
    outer loop
      vertex 21.14805030077696 18 6.228361405432224
      vertex 21.666710697114468 18 6.505591161549091
      vertex 20 18 8.99
    endloop
  endfacet
  facet normal 0 -1 0
    outer loop
      vertex 21.666710697114468 18 6.505591161549091
      vertex 22.121320344507694 18 6.878679655492306
      vertex 20 18 8.99
    endloop
  endfacet
  facet normal 0 -1 0
    outer loop
      vertex 22.121320344507694 18 6.878679655492306
      vertex 22.49440883845091 18 7.333289302885532
      vertex 22.94235584139824 18 8.414729036390781
    endloop
  endfacet
  facet normal 0 -1 0
    outer loop
      vertex 22.49440883845091 18 7.333289302885532
      vertex 22.771638594567776 18 7.8519496992230415
      vertex 22.94235584139824 18 8.414729036390781
    endloop
  endfacet
  facet normal 0.09801714041660749 0 -0.9951847266636236
    outer loop
      vertex 20 18 6
      vertex 20.58527096360922 21 6.057644158601761
      vertex 20.58527096360922 18 6.057644158601761
    endloop
  endfacet
  facet normal 0.2902846792754084 0 -0.9569403351191617
    outer loop
      vertex 20.58527096360922 18 6.057644158601761
      vertex 21.14805030077696 21 6.228361405432224
      vertex 21.14805030077696 18 6.228361405432224
    endloop
  endfacet
  facet normal 0.4713967348393121 0 -0.8819212654102606
    outer loop
      vertex 21.14805030077696 18 6.228361405432224
      vertex 21.666710697114468 21 6.505591161549091
      vertex 21.666710697114468 18 6.505591161549091
    endloop
  endfacet
  facet normal 0.09801714041660749 0 -0.9951847266636236
    outer loop
      vertex 20 18 6
      vertex 20 21 6
      vertex 20.58527096360922 21 6.057644158601761
    endloop
  endfacet
  facet normal 0.2902846792754084 0 -0.9569403351191617
    outer loop
      vertex 20.58527096360922 18 6.057644158601761
      vertex 20.58527096360922 21 6.057644158601761
      vertex 21.14805030077696 21 6.228361405432224
    endloop
  endfacet
  facet normal 0 1 0
    outer loop
      vertex 20 21 6
      vertex 21.14805030077696 21 6.228361405432224
      vertex 20.58527096360922 21 6.057644158601761
    endloop
  endfacet
  facet normal 0.4713967348393121 0 -0.8819212654102606
    outer loop
      vertex 21.14805030077696 18 6.228361405432224
      vertex 21.14805030077696 21 6.228361405432224
      vertex 21.666710697114468 21 6.505591161549091
    endloop
  endfacet
  facet normal 0 1 0
    outer loop
      vertex 20 21 6
      vertex 22.999015085965546 21 8.99
      vertex 21.14805030077696 21 6.228361405432224
    endloop
  endfacet
  facet normal 0.6343932823565882 0 -0.7730104548457506
    outer loop
      vertex 21.666710697114468 18 6.505591161549091
      vertex 22.121320344507694 21 6.878679655492306
      vertex 22.121320344507694 18 6.878679655492306
    endloop
  endfacet
  facet normal 0.7730104548457506 0 -0.6343932823565882
    outer loop
      vertex 22.121320344507694 18 6.878679655492306
      vertex 22.49440883845091 21 7.333289302885532
      vertex 22.49440883845091 18 7.333289302885532
    endloop
  endfacet
  facet normal 0.8819212654102606 0 -0.4713967348393121
    outer loop
      vertex 22.49440883845091 18 7.333289302885532
      vertex 22.771638594567776 21 7.8519496992230415
      vertex 22.771638594567776 18 7.8519496992230415
    endloop
  endfacet
  facet normal 0.6343932823565882 0 -0.7730104548457506
    outer loop
      vertex 21.666710697114468 18 6.505591161549091
      vertex 21.666710697114468 21 6.505591161549091
      vertex 22.121320344507694 21 6.878679655492306
    endloop
  endfacet
  facet normal 0.7730104548457506 0 -0.6343932823565882
    outer loop
      vertex 22.121320344507694 18 6.878679655492306
      vertex 22.121320344507694 21 6.878679655492306
      vertex 22.49440883845091 21 7.333289302885532
    endloop
  endfacet
  facet normal 0 1 0
    outer loop
      vertex 21.14805030077696 21 6.228361405432224
      vertex 22.999015085965546 21 8.99
      vertex 21.666710697114468 21 6.505591161549091
    endloop
  endfacet
  facet normal 0 1 0
    outer loop
      vertex 21.666710697114468 21 6.505591161549091
      vertex 22.999015085965546 21 8.99
      vertex 22.121320344507694 21 6.878679655492306
    endloop
  endfacet
  facet normal 0.8819212654102606 0 -0.4713967348393121
    outer loop
      vertex 22.49440883845091 18 7.333289302885532
      vertex 22.49440883845091 21 7.333289302885532
      vertex 22.771638594567776 21 7.8519496992230415
    endloop
  endfacet
  facet normal 0 1 0
    outer loop
      vertex 22.121320344507694 21 6.878679655492306
      vertex 22.94235584139824 21 8.414729036390781
      vertex 22.49440883845091 21 7.333289302885532
    endloop
  endfacet
  facet normal 0 1 0
    outer loop
      vertex 22.49440883845091 21 7.333289302885532
      vertex 22.94235584139824 21 8.414729036390781
      vertex 22.771638594567776 21 7.8519496992230415
    endloop
  endfacet
  facet normal 0 1 0
    outer loop
      vertex 20.002673408101593 21 8.995998962022057
      vertex 20 21 8.99
      vertex 20.00161684042971 21 9
    endloop
  endfacet
  facet normal 0 -1 0
    outer loop
      vertex 22.121320344507694 18 6.878679655492306
      vertex 22.94235584139824 18 8.414729036390781
      vertex 20 18 8.99
    endloop
  endfacet
  facet normal 0 -1 0
    outer loop
      vertex 20 18 8.99
      vertex 22.94235584139824 18 8.414729036390781
      vertex 22.999015085965546 18 8.99
    endloop
  endfacet
  facet normal 0 -1 0
    outer loop
      vertex 22.995562100191496 18 8.99833955339015
      vertex 22.99571606979557 18 8.998498523230632
      vertex 22.9956803685178 18 8.998774083534773
    endloop
  endfacet
  facet normal 0 -1 0
    outer loop
      vertex 22.995186463392535 18 8.998312901226274
      vertex 22.995562100191496 18 8.99833955339015
      vertex 22.9956803685178 18 8.998774083534773
    endloop
  endfacet
  facet normal 0 -1 0
    outer loop
      vertex 22.994533758405307 18 8.998448674244212
      vertex 22.995186463392535 18 8.998312901226274
      vertex 22.9956803685178 18 8.998774083534773
    endloop
  endfacet
  facet normal 0 -1 0
    outer loop
      vertex 22.993513174833325 18 8.998798671919555
      vertex 22.994533758405307 18 8.998448674244212
      vertex 22.9956803685178 18 8.998774083534773
    endloop
  endfacet
  facet normal 0 -1 0
    outer loop
      vertex 22.99150948795308 18 9
      vertex 22.99197640009044 18 8.99945007776353
      vertex 22.993513174833325 18 8.998798671919555
    endloop
  endfacet
  facet normal 0 -1 0
    outer loop
      vertex 22.99150948795308 18 9
      vertex 22.993513174833325 18 8.998798671919555
      vertex 23 18 9
    endloop
  endfacet
  facet normal 0 -1 0
    outer loop
      vertex 22.993513174833325 18 8.998798671919555
      vertex 22.9956803685178 18 8.998774083534773
      vertex 23 18 9
    endloop
  endfacet
  facet normal 0 1 0
    outer loop
      vertex 20 21 6
      vertex 20 21 8.99
      vertex 22.999015085965546 21 8.99
    endloop
  endfacet
  facet normal 0 1 0
    outer loop
      vertex 20.002673408101593 21 8.995998962022057
      vertex 20.00161684042971 21 9
      vertex 23 21 9
    endloop
  endfacet
  facet normal 0.9569403351191617 0 -0.2902846792754084
    outer loop
      vertex 22.771638594567776 18 7.8519496992230415
      vertex 22.94235584139824 21 8.414729036390781
      vertex 22.94235584139824 18 8.414729036390781
    endloop
  endfacet
  facet normal 0.9951847266636235 0 -0.09801714041660846
    outer loop
      vertex 22.94235584139824 18 8.414729036390781
      vertex 22.94235584139824 21 8.414729036390781
      vertex 22.999015085965546 18 8.99
    endloop
  endfacet
  facet normal 0 1 0
    outer loop
      vertex 20.002673408101593 21 8.995998962022057
      vertex 23 21 9
      vertex 22.992717857112982 21 8.995998962022057
    endloop
  endfacet
  facet normal 0.9569403351191617 0 -0.2902846792754084
    outer loop
      vertex 22.771638594567776 18 7.8519496992230415
      vertex 22.771638594567776 21 7.8519496992230415
      vertex 22.94235584139824 21 8.414729036390781
    endloop
  endfacet
  facet normal 0.9951847266636235 0 -0.09801714041660846
    outer loop
      vertex 22.999015085965546 18 8.99
      vertex 22.94235584139824 21 8.414729036390781
      vertex 22.999015085965546 21 8.99
    endloop
  endfacet
  facet normal 0 1 0
    outer loop
      vertex 22.121320344507694 21 6.878679655492306
      vertex 22.999015085965546 21 8.99
      vertex 22.94235584139824 21 8.414729036390781
    endloop
  endfacet
  facet normal 0 1 0
    outer loop
      vertex 22.997471441514985 21 8.995269399806997
      vertex 22.99590361150926 21 8.995323930940561
      vertex 23 21 9
    endloop
  endfacet
  facet normal 0 1 0
    outer loop
      vertex 23 21 9
      vertex 22.99590361150926 21 8.995323930940561
      vertex 22.992717857112982 21 8.995998962022057
    endloop
  endfacet
  facet normal 0 1 0
    outer loop
      vertex 22.997471441514985 21 8.995269399806997
      vertex 22.998181609395566 21 8.995954904014837
      vertex 22.99748971038732 21 8.995231328315693
    endloop
  endfacet
  facet normal 0 1 0
    outer loop
      vertex 22.997471441514985 21 8.995269399806997
      vertex 23 21 9
      vertex 22.998181609395566 21 8.995954904014837
    endloop
  endfacet
  facet normal 0 1 0
    outer loop
      vertex 22.99860819756246 21 8.996639891674027
      vertex 22.998181609395566 21 8.995954904014837
      vertex 23 21 9
    endloop
  endfacet
  facet normal 0 1 0
    outer loop
      vertex 22.99860819756246 21 8.996639891674027
      vertex 22.998826397170763 21 8.997057265013146
      vertex 22.998616725283906 21 8.996599208352107
    endloop
  endfacet
  facet normal 0 1 0
    outer loop
      vertex 22.99860819756246 21 8.996639891674027
      vertex 23 21 9
      vertex 22.998862349366846 21 8.997203077070342
    endloop
  endfacet
  facet normal 0 1 0
    outer loop
      vertex 22.99860819756246 21 8.996639891674027
      vertex 22.998862349366846 21 8.997203077070342
      vertex 22.998826397170763 21 8.997057265013146
    endloop
  endfacet
  facet normal 0 -1 0
    outer loop
      vertex 20 0 18
      vertex 22.94235584139824 0 18.58527096360922
      vertex 20 0 21
    endloop
  endfacet
  facet normal 0 -1 0
    outer loop
      vertex 20 0 18
      vertex 23 0 18
      vertex 22.94235584139824 0 18.58527096360922
    endloop
  endfacet
  facet normal 0 -1 0
    outer loop
      vertex 20 0 21
      vertex 22.94235584139824 0 18.58527096360922
      vertex 22.771638594567776 0 19.14805030077696
    endloop
  endfacet
  facet normal 0.9951847266636236 0 0.09801714041660749
    outer loop
      vertex 23 0 18
      vertex 22.94235584139824 3 18.58527096360922
      vertex 22.94235584139824 0 18.58527096360922
    endloop
  endfacet
  facet normal 0.8819212654102606 0 0.4713967348393121
    outer loop
      vertex 22.771638594567776 0 19.14805030077696
      vertex 22.49440883845091 3 19.666710697114468
      vertex 22.49440883845091 0 19.666710697114468
    endloop
  endfacet
  facet normal 0.9569403351191617 0 0.2902846792754084
    outer loop
      vertex 22.94235584139824 0 18.58527096360922
      vertex 22.771638594567776 3 19.14805030077696
      vertex 22.771638594567776 0 19.14805030077696
    endloop
  endfacet
  facet normal 0.9951847266636236 0 0.09801714041660749
    outer loop
      vertex 23 0 18
      vertex 23 3 18
      vertex 22.94235584139824 3 18.58527096360922
    endloop
  endfacet
  facet normal 0.9569403351191617 0 0.2902846792754084
    outer loop
      vertex 22.94235584139824 0 18.58527096360922
      vertex 22.94235584139824 3 18.58527096360922
      vertex 22.771638594567776 3 19.14805030077696
    endloop
  endfacet
  facet normal 0.8819212654102606 0 0.4713967348393121
    outer loop
      vertex 22.771638594567776 0 19.14805030077696
      vertex 22.771638594567776 3 19.14805030077696
      vertex 22.49440883845091 3 19.666710697114468
    endloop
  endfacet
  facet normal 0.09801714041660749 0 0.9951847266636236
    outer loop
      vertex 20 0 21
      vertex 20.58527096360922 0 20.94235584139824
      vertex 20 3 21
    endloop
  endfacet
  facet normal 0.2902846792754084 0 0.9569403351191617
    outer loop
      vertex 20.58527096360922 0 20.94235584139824
      vertex 21.14805030077696 0 20.771638594567776
      vertex 20.58527096360922 3 20.94235584139824
    endloop
  endfacet
  facet normal 0 -1 0
    outer loop
      vertex 20 0 21
      vertex 22.771638594567776 0 19.14805030077696
      vertex 20.58527096360922 0 20.94235584139824
    endloop
  endfacet
  facet normal 0 -1 0
    outer loop
      vertex 20.58527096360922 0 20.94235584139824
      vertex 22.49440883845091 0 19.666710697114468
      vertex 21.14805030077696 0 20.771638594567776
    endloop
  endfacet
  facet normal 0.4713967348393121 0 0.8819212654102606
    outer loop
      vertex 21.14805030077696 0 20.771638594567776
      vertex 21.666710697114468 0 20.49440883845091
      vertex 21.14805030077696 3 20.771638594567776
    endloop
  endfacet
  facet normal 0.09801714041660749 0 0.9951847266636236
    outer loop
      vertex 20 3 21
      vertex 20.58527096360922 0 20.94235584139824
      vertex 20.58527096360922 3 20.94235584139824
    endloop
  endfacet
  facet normal 0.4713967348393121 0 0.8819212654102606
    outer loop
      vertex 21.666710697114468 0 20.49440883845091
      vertex 21.666710697114468 3 20.49440883845091
      vertex 21.14805030077696 3 20.771638594567776
    endloop
  endfacet
  facet normal 0.2902846792754084 0 0.9569403351191617
    outer loop
      vertex 21.14805030077696 0 20.771638594567776
      vertex 21.14805030077696 3 20.771638594567776
      vertex 20.58527096360922 3 20.94235584139824
    endloop
  endfacet
  facet normal 0 -1 0
    outer loop
      vertex 21.14805030077696 0 20.771638594567776
      vertex 22.121320344507694 0 20.121320344507694
      vertex 21.666710697114468 0 20.49440883845091
    endloop
  endfacet
  facet normal 0 -1 0
    outer loop
      vertex 21.14805030077696 0 20.771638594567776
      vertex 22.49440883845091 0 19.666710697114468
      vertex 22.121320344507694 0 20.121320344507694
    endloop
  endfacet
  facet normal 0 -1 0
    outer loop
      vertex 20.58527096360922 0 20.94235584139824
      vertex 22.771638594567776 0 19.14805030077696
      vertex 22.49440883845091 0 19.666710697114468
    endloop
  endfacet
  facet normal 0.6343932823565882 0 0.7730104548457506
    outer loop
      vertex 22.121320344507694 0 20.121320344507694
      vertex 21.666710697114468 3 20.49440883845091
      vertex 21.666710697114468 0 20.49440883845091
    endloop
  endfacet
  facet normal 0.7730104548457506 0 0.6343932823565882
    outer loop
      vertex 22.121320344507694 0 20.121320344507694
      vertex 22.49440883845091 0 19.666710697114468
      vertex 22.121320344507694 3 20.121320344507694
    endloop
  endfacet
  facet normal 0.6343932823565882 0 0.7730104548457506
    outer loop
      vertex 22.121320344507694 0 20.121320344507694
      vertex 22.121320344507694 3 20.121320344507694
      vertex 21.666710697114468 3 20.49440883845091
    endloop
  endfacet
  facet normal 0.7730104548457506 0 0.6343932823565882
    outer loop
      vertex 22.49440883845091 0 19.666710697114468
      vertex 22.49440883845091 3 19.666710697114468
      vertex 22.121320344507694 3 20.121320344507694
    endloop
  endfacet
  facet normal 0 1 0
    outer loop
      vertex 20 3 18
      vertex 20 3 21
      vertex 22.94235584139824 3 18.58527096360922
    endloop
  endfacet
  facet normal 0 1 0
    outer loop
      vertex 20 3 18
      vertex 22.94235584139824 3 18.58527096360922
      vertex 23 3 18
    endloop
  endfacet
  facet normal 0 1 0
    outer loop
      vertex 20 3 21
      vertex 22.771638594567776 3 19.14805030077696
      vertex 22.94235584139824 3 18.58527096360922
    endloop
  endfacet
  facet normal 0 1 0
    outer loop
      vertex 20 3 21
      vertex 20.58527096360922 3 20.94235584139824
      vertex 22.771638594567776 3 19.14805030077696
    endloop
  endfacet
  facet normal 0 1 0
    outer loop
      vertex 20.58527096360922 3 20.94235584139824
      vertex 21.14805030077696 3 20.771638594567776
      vertex 22.49440883845091 3 19.666710697114468
    endloop
  endfacet
  facet normal 0 1 0
    outer loop
      vertex 21.14805030077696 3 20.771638594567776
      vertex 21.666710697114468 3 20.49440883845091
      vertex 22.121320344507694 3 20.121320344507694
    endloop
  endfacet
  facet normal 0 1 0
    outer loop
      vertex 21.14805030077696 3 20.771638594567776
      vertex 22.121320344507694 3 20.121320344507694
      vertex 22.49440883845091 3 19.666710697114468
    endloop
  endfacet
  facet normal 0 1 0
    outer loop
      vertex 20.58527096360922 3 20.94235584139824
      vertex 22.49440883845091 3 19.666710697114468
      vertex 22.771638594567776 3 19.14805030077696
    endloop
  endfacet
  facet normal 0 -1 0
    outer loop
      vertex 20 18 18
      vertex 23 18 18
      vertex 20 18 21
    endloop
  endfacet
  facet normal 0 -1 0
    outer loop
      vertex 20.58527096360922 18 20.94235584139824
      vertex 23 18 18
      vertex 22.94235584139824 18 18.58527096360922
    endloop
  endfacet
  facet normal 0 -1 0
    outer loop
      vertex 21.14805030077696 18 20.771638594567776
      vertex 22.94235584139824 18 18.58527096360922
      vertex 22.771638594567776 18 19.14805030077696
    endloop
  endfacet
  facet normal 0 -1 0
    outer loop
      vertex 20 18 21
      vertex 23 18 18
      vertex 20.58527096360922 18 20.94235584139824
    endloop
  endfacet
  facet normal 0 -1 0
    outer loop
      vertex 20.58527096360922 18 20.94235584139824
      vertex 22.94235584139824 18 18.58527096360922
      vertex 21.14805030077696 18 20.771638594567776
    endloop
  endfacet
  facet normal 0 -1 0
    outer loop
      vertex 21.14805030077696 18 20.771638594567776
      vertex 22.771638594567776 18 19.14805030077696
      vertex 21.666710697114468 18 20.49440883845091
    endloop
  endfacet
  facet normal 0 -1 0
    outer loop
      vertex 22.121320344507694 18 20.121320344507694
      vertex 21.666710697114468 18 20.49440883845091
      vertex 22.49440883845091 18 19.666710697114468
    endloop
  endfacet
  facet normal 0 -1 0
    outer loop
      vertex 22.771638594567776 18 19.14805030077696
      vertex 22.49440883845091 18 19.666710697114468
      vertex 21.666710697114468 18 20.49440883845091
    endloop
  endfacet
  facet normal 0 1 0
    outer loop
      vertex 20 21 18
      vertex 20 21 21
      vertex 23 21 18
    endloop
  endfacet
  facet normal 0.9951847266636236 0 0.09801714041660749
    outer loop
      vertex 23 18 18
      vertex 22.94235584139824 21 18.58527096360922
      vertex 22.94235584139824 18 18.58527096360922
    endloop
  endfacet
  facet normal 0.8819212654102606 0 0.4713967348393121
    outer loop
      vertex 22.771638594567776 18 19.14805030077696
      vertex 22.49440883845091 21 19.666710697114468
      vertex 22.49440883845091 18 19.666710697114468
    endloop
  endfacet
  facet normal 0.9569403351191617 0 0.2902846792754084
    outer loop
      vertex 22.94235584139824 18 18.58527096360922
      vertex 22.771638594567776 21 19.14805030077696
      vertex 22.771638594567776 18 19.14805030077696
    endloop
  endfacet
  facet normal 0 1 0
    outer loop
      vertex 20.58527096360922 21 20.94235584139824
      vertex 22.94235584139824 21 18.58527096360922
      vertex 23 21 18
    endloop
  endfacet
  facet normal 0.9951847266636236 0 0.09801714041660749
    outer loop
      vertex 23 18 18
      vertex 23 21 18
      vertex 22.94235584139824 21 18.58527096360922
    endloop
  endfacet
  facet normal 0.9569403351191617 0 0.2902846792754084
    outer loop
      vertex 22.94235584139824 18 18.58527096360922
      vertex 22.94235584139824 21 18.58527096360922
      vertex 22.771638594567776 21 19.14805030077696
    endloop
  endfacet
  facet normal 0.8819212654102606 0 0.4713967348393121
    outer loop
      vertex 22.771638594567776 18 19.14805030077696
      vertex 22.771638594567776 21 19.14805030077696
      vertex 22.49440883845091 21 19.666710697114468
    endloop
  endfacet
  facet normal 0 1 0
    outer loop
      vertex 21.14805030077696 21 20.771638594567776
      vertex 22.771638594567776 21 19.14805030077696
      vertex 22.94235584139824 21 18.58527096360922
    endloop
  endfacet
  facet normal 0.09801714041660749 0 0.9951847266636236
    outer loop
      vertex 20 18 21
      vertex 20.58527096360922 18 20.94235584139824
      vertex 20 21 21
    endloop
  endfacet
  facet normal 0.2902846792754084 0 0.9569403351191617
    outer loop
      vertex 20.58527096360922 18 20.94235584139824
      vertex 21.14805030077696 18 20.771638594567776
      vertex 20.58527096360922 21 20.94235584139824
    endloop
  endfacet
  facet normal 0.4713967348393121 0 0.8819212654102606
    outer loop
      vertex 21.14805030077696 18 20.771638594567776
      vertex 21.666710697114468 18 20.49440883845091
      vertex 21.14805030077696 21 20.771638594567776
    endloop
  endfacet
  facet normal 0.09801714041660749 0 0.9951847266636236
    outer loop
      vertex 20 21 21
      vertex 20.58527096360922 18 20.94235584139824
      vertex 20.58527096360922 21 20.94235584139824
    endloop
  endfacet
  facet normal 0.4713967348393121 0 0.8819212654102606
    outer loop
      vertex 21.666710697114468 18 20.49440883845091
      vertex 21.666710697114468 21 20.49440883845091
      vertex 21.14805030077696 21 20.771638594567776
    endloop
  endfacet
  facet normal 0.2902846792754084 0 0.9569403351191617
    outer loop
      vertex 21.14805030077696 18 20.771638594567776
      vertex 21.14805030077696 21 20.771638594567776
      vertex 20.58527096360922 21 20.94235584139824
    endloop
  endfacet
  facet normal 0 1 0
    outer loop
      vertex 20 21 21
      vertex 20.58527096360922 21 20.94235584139824
      vertex 23 21 18
    endloop
  endfacet
  facet normal 0 1 0
    outer loop
      vertex 20.58527096360922 21 20.94235584139824
      vertex 21.14805030077696 21 20.771638594567776
      vertex 22.94235584139824 21 18.58527096360922
    endloop
  endfacet
  facet normal 0.6343932823565882 0 0.7730104548457506
    outer loop
      vertex 22.121320344507694 18 20.121320344507694
      vertex 21.666710697114468 21 20.49440883845091
      vertex 21.666710697114468 18 20.49440883845091
    endloop
  endfacet
  facet normal 0.7730104548457506 0 0.6343932823565882
    outer loop
      vertex 22.121320344507694 18 20.121320344507694
      vertex 22.49440883845091 18 19.666710697114468
      vertex 22.121320344507694 21 20.121320344507694
    endloop
  endfacet
  facet normal 0.6343932823565882 0 0.7730104548457506
    outer loop
      vertex 22.121320344507694 18 20.121320344507694
      vertex 22.121320344507694 21 20.121320344507694
      vertex 21.666710697114468 21 20.49440883845091
    endloop
  endfacet
  facet normal 0 1 0
    outer loop
      vertex 21.14805030077696 21 20.771638594567776
      vertex 21.666710697114468 21 20.49440883845091
      vertex 22.771638594567776 21 19.14805030077696
    endloop
  endfacet
  facet normal 0 1 0
    outer loop
      vertex 22.121320344507694 21 20.121320344507694
      vertex 22.49440883845091 21 19.666710697114468
      vertex 21.666710697114468 21 20.49440883845091
    endloop
  endfacet
  facet normal 0.7730104548457506 0 0.6343932823565882
    outer loop
      vertex 22.49440883845091 18 19.666710697114468
      vertex 22.49440883845091 21 19.666710697114468
      vertex 22.121320344507694 21 20.121320344507694
    endloop
  endfacet
  facet normal 0 1 0
    outer loop
      vertex 22.771638594567776 21 19.14805030077696
      vertex 21.666710697114468 21 20.49440883845091
      vertex 22.49440883845091 21 19.666710697114468
    endloop
  endfacet
  facet normal -1 0 0
    outer loop
      vertex 0 0.05764415879030871 29.085270966048384
      vertex 0 0.22836140246614 29.64805029709527
      vertex 0 0 28.5
    endloop
  endfacet
  facet normal -1 0 0
    outer loop
      vertex 0 0.22836140246614 29.64805029709527
      vertex 0 0.5055911630923644 30.166710699058807
      vertex 0 0 28.5
    endloop
  endfacet
  facet normal -1 0 0
    outer loop
      vertex 0 0.5055911630923644 30.166710699058807
      vertex 0 0.8786796564403572 30.621320343559642
      vertex 0 0 28.5
    endloop
  endfacet
  facet normal -1 0 0
    outer loop
      vertex 0 0.8786796564403572 30.621320343559642
      vertex 0 1.3332893009411935 30.994408836907635
      vertex 0 0 28.5
    endloop
  endfacet
  facet normal -1 0 0
    outer loop
      vertex 0 1.3332893009411935 30.994408836907635
      vertex 0 1.8519497029047307 31.271638597533858
      vertex 0 0 28.5
    endloop
  endfacet
  facet normal -1 0 0
    outer loop
      vertex 0 3 31.5
      vertex 0 3 28.5
      vertex 0 0 28.5
    endloop
  endfacet
  facet normal -1 0 0
    outer loop
      vertex 0 1.8519497029047307 31.271638597533858
      vertex 0 2.414729033951615 31.44235584120969
      vertex 0 0 28.5
    endloop
  endfacet
  facet normal -1 0 0
    outer loop
      vertex 0 2.414729033951615 31.44235584120969
      vertex 0 3 31.5
      vertex 0 0 28.5
    endloop
  endfacet
  facet normal 0 -0.995184726672197 0.09801714032956085
    outer loop
      vertex 0 0.05764415879030871 29.085270966048384
      vertex 0 0 28.5
      vertex 15.02 0.05764415879030871 29.085270966048384
    endloop
  endfacet
  facet normal -6.568279460326866e-19 -0.956940335732209 0.29028467725446166
    outer loop
      vertex 0 0.05764415879030871 29.085270966048384
      vertex 15.02 0.22836140246614 29.64805029709527
      vertex 0 0.22836140246614 29.64805029709527
    endloop
  endfacet
  facet normal 4.591679374583596e-19 -0.8819212643483549 0.4713967368259978
    outer loop
      vertex 0 0.22836140246614 29.64805029709527
      vertex 15.02 0.5055911630923644 30.166710699058807
      vertex 0 0.5055911630923644 30.166710699058807
    endloop
  endfacet
  facet normal 1.46082267060302e-18 -0.7730104533627363 0.6343932841636463
    outer loop
      vertex 0 0.5055911630923644 30.166710699058807
      vertex 15.02 0.8786796564403572 30.621320343559642
      vertex 0 0.8786796564403572 30.621320343559642
    endloop
  endfacet
  facet normal 0 -0.6343932841636448 0.7730104533627377
    outer loop
      vertex 0 0.8786796564403572 30.621320343559642
      vertex 15.02 0.8786796564403572 30.621320343559642
      vertex 0 1.3332893009411935 30.994408836907635
    endloop
  endfacet
  facet normal 0 -0.4713967368259963 0.8819212643483556
    outer loop
      vertex 0 1.3332893009411935 30.994408836907635
      vertex 15.02 1.3332893009411935 30.994408836907635
      vertex 0 1.8519497029047307 31.271638597533858
    endloop
  endfacet
  facet normal 0 -0.2902846772544627 0.9569403357322088
    outer loop
      vertex 0 1.8519497029047307 31.271638597533858
      vertex 15.02 1.8519497029047307 31.271638597533858
      vertex 0 2.414729033951615 31.44235584120969
    endloop
  endfacet
  facet normal 0 -0.0980171403295637 0.9951847266721966
    outer loop
      vertex 0 2.414729033951615 31.44235584120969
      vertex 15.02 2.414729033951615 31.44235584120969
      vertex 0 3 31.5
    endloop
  endfacet
  facet normal -3.4343786189422366e-19 -0.9951847266721967 0.09801714032956083
    outer loop
      vertex 15.02 0.05764415879030871 29.085270966048384
      vertex 0 0 28.5
      vertex 15 0 28.5
    endloop
  endfacet
  facet normal 0 -0.956940335732209 0.29028467725446166
    outer loop
      vertex 0 0.05764415879030871 29.085270966048384
      vertex 15.02 0.05764415879030871 29.085270966048384
      vertex 15.02 0.22836140246614 29.64805029709527
    endloop
  endfacet
  facet normal 0 -0.8819212643483549 0.4713967368259978
    outer loop
      vertex 0 0.22836140246614 29.64805029709527
      vertex 15.02 0.22836140246614 29.64805029709527
      vertex 15.02 0.5055911630923644 30.166710699058807
    endloop
  endfacet
  facet normal 0 -0.7730104533627363 0.6343932841636463
    outer loop
      vertex 0 0.5055911630923644 30.166710699058807
      vertex 15.02 0.5055911630923644 30.166710699058807
      vertex 15.02 0.8786796564403572 30.621320343559642
    endloop
  endfacet
  facet normal 0 -0.6343932841636448 0.7730104533627377
    outer loop
      vertex 0 1.3332893009411935 30.994408836907635
      vertex 15.02 0.8786796564403572 30.621320343559642
      vertex 15.02 1.3332893009411935 30.994408836907635
    endloop
  endfacet
  facet normal 0 -0.4713967368259963 0.8819212643483556
    outer loop
      vertex 0 1.8519497029047307 31.271638597533858
      vertex 15.02 1.3332893009411935 30.994408836907635
      vertex 15.02 1.8519497029047307 31.271638597533858
    endloop
  endfacet
  facet normal 0 -0.2902846772544627 0.9569403357322088
    outer loop
      vertex 0 2.414729033951615 31.44235584120969
      vertex 15.02 1.8519497029047307 31.271638597533858
      vertex 15.02 2.414729033951615 31.44235584120969
    endloop
  endfacet
  facet normal 0 -0.0980171403295637 0.9951847266721966
    outer loop
      vertex 0 3 31.5
      vertex 15.02 2.414729033951615 31.44235584120969
      vertex 15.02 3 31.5
    endloop
  endfacet
  facet normal 0 -0.9951847266721968 0.09801714032956084
    outer loop
      vertex 15.02 0 28.5
      vertex 15.02 0.05764415879030871 29.085270966048384
      vertex 15 0 28.5
    endloop
  endfacet
  facet normal 1 0 0
    outer loop
      vertex 15.02 0 28.5
      vertex 15.02 3 28.5
      vertex 15.02 0.05764415879030871 29.085270966048384
    endloop
  endfacet
  facet normal 1 0 0
    outer loop
      vertex 15.02 0.05764415879030871 29.085270966048384
      vertex 15.02 3 28.5
      vertex 15.02 0.22836140246614 29.64805029709527
    endloop
  endfacet
  facet normal 1 0 0
    outer loop
      vertex 15.02 0.22836140246614 29.64805029709527
      vertex 15.02 3 28.5
      vertex 15.02 0.5055911630923644 30.166710699058807
    endloop
  endfacet
  facet normal 1 0 0
    outer loop
      vertex 15.02 0.5055911630923644 30.166710699058807
      vertex 15.02 3 28.5
      vertex 15.02 0.8786796564403572 30.621320343559642
    endloop
  endfacet
  facet normal 1 0 0
    outer loop
      vertex 15.02 0.8786796564403572 30.621320343559642
      vertex 15.02 3 28.5
      vertex 15.02 1.3332893009411935 30.994408836907635
    endloop
  endfacet
  facet normal 1 0 0
    outer loop
      vertex 15.02 1.3332893009411935 30.994408836907635
      vertex 15.02 3 28.5
      vertex 15.02 1.8519497029047307 31.271638597533858
    endloop
  endfacet
  facet normal 1 0 0
    outer loop
      vertex 15.02 1.8519497029047307 31.271638597533858
      vertex 15.02 3 28.5
      vertex 15.02 2.414729033951615 31.44235584120969
    endloop
  endfacet
  facet normal 1 0 0
    outer loop
      vertex 15.02 2.414729033951615 31.44235584120969
      vertex 15.02 3 28.5
      vertex 15.02 3 31.5
    endloop
  endfacet
  facet normal 0 1 0
    outer loop
      vertex 0 3 28.5
      vertex 0 3 31.5
      vertex 15 3 28.5
    endloop
  endfacet
  facet normal 0 1 0
    outer loop
      vertex 0 3 31.5
      vertex 15.02 3 28.5
      vertex 15 3 28.5
    endloop
  endfacet
  facet normal 0 1 0
    outer loop
      vertex 0 3 31.5
      vertex 15.02 3 31.5
      vertex 15.02 3 28.5
    endloop
  endfacet
  facet normal 0 0 -1
    outer loop
      vertex 15.02 0 28.5
      vertex 15 0 28.5
      vertex 15.02 3 28.5
    endloop
  endfacet
  facet normal 0 0 -1
    outer loop
      vertex 15.02 3 28.5
      vertex 15 0 28.5
      vertex 15 3 28.5
    endloop
  endfacet
  facet normal -1 0 0
    outer loop
      vertex 0 18 28.5
      vertex 0 18 31.5
      vertex 0 18.585270966048384 31.44235584120969
    endloop
  endfacet
  facet normal -1 0 0
    outer loop
      vertex 0 18 28.5
      vertex 0 18.585270966048384 31.44235584120969
      vertex 0 19.14805029709527 31.271638597533858
    endloop
  endfacet
  facet normal -1 0 0
    outer loop
      vertex 0 18 28.5
      vertex 0 19.14805029709527 31.271638597533858
      vertex 0 19.666710699058807 30.994408836907635
    endloop
  endfacet
  facet normal -1 0 0
    outer loop
      vertex 0 18 28.5
      vertex 0 19.666710699058807 30.994408836907635
      vertex 0 20.121320343559642 30.621320343559642
    endloop
  endfacet
  facet normal -1 0 0
    outer loop
      vertex 0 18 28.5
      vertex 0 20.121320343559642 30.621320343559642
      vertex 0 20.494408836907635 30.166710699058807
    endloop
  endfacet
  facet normal -1 0 0
    outer loop
      vertex 0 18 28.5
      vertex 0 20.94235584120969 29.085270966048384
      vertex 0 21 28.5
    endloop
  endfacet
  facet normal -1 0 0
    outer loop
      vertex 0 18 28.5
      vertex 0 20.494408836907635 30.166710699058807
      vertex 0 20.771638597533858 29.64805029709527
    endloop
  endfacet
  facet normal -1 0 0
    outer loop
      vertex 0 18 28.5
      vertex 0 20.771638597533858 29.64805029709527
      vertex 0 20.94235584120969 29.085270966048384
    endloop
  endfacet
  facet normal 0 0.09801714032956384 0.9951847266721966
    outer loop
      vertex 0 18 31.5
      vertex 15.02 18 31.5
      vertex 0 18.585270966048384 31.44235584120969
    endloop
  endfacet
  facet normal 0 0.29028467725446166 0.956940335732209
    outer loop
      vertex 0 18.585270966048384 31.44235584120969
      vertex 15.02 18.585270966048384 31.44235584120969
      vertex 0 19.14805029709527 31.271638597533858
    endloop
  endfacet
  facet normal 0 0.47139673682599664 0.8819212643483556
    outer loop
      vertex 0 19.14805029709527 31.271638597533858
      vertex 15.02 19.14805029709527 31.271638597533858
      vertex 0 19.666710699058807 30.994408836907635
    endloop
  endfacet
  facet normal 2.0922073079237132e-19 0.9951847266721966 0.09801714032956384
    outer loop
      vertex 0 20.94235584120969 29.085270966048384
      vertex 15 21 28.5
      vertex 0 21 28.5
    endloop
  endfacet
  facet normal 0 0.956940335732209 0.29028467725446166
    outer loop
      vertex 0 20.94235584120969 29.085270966048384
      vertex 0 20.771638597533858 29.64805029709527
      vertex 15.02 20.94235584120969 29.085270966048384
    endloop
  endfacet
  facet normal 0 0.6343932841636463 0.7730104533627363
    outer loop
      vertex 0 19.666710699058807 30.994408836907635
      vertex 15.02 19.666710699058807 30.994408836907635
      vertex 0 20.121320343559642 30.621320343559642
    endloop
  endfacet
  facet normal -1.46082267060302e-18 0.7730104533627363 0.6343932841636463
    outer loop
      vertex 0 20.121320343559642 30.621320343559642
      vertex 15.02 20.494408836907635 30.166710699058807
      vertex 0 20.494408836907635 30.166710699058807
    endloop
  endfacet
  facet normal 8.067013702962948e-19 0.8819212643483556 0.47139673682599664
    outer loop
      vertex 0 20.494408836907635 30.166710699058807
      vertex 15.02 20.771638597533858 29.64805029709527
      vertex 0 20.771638597533858 29.64805029709527
    endloop
  endfacet
  facet normal 0 0.09801714032956384 0.9951847266721966
    outer loop
      vertex 0 18.585270966048384 31.44235584120969
      vertex 15.02 18 31.5
      vertex 15.02 18.585270966048384 31.44235584120969
    endloop
  endfacet
  facet normal 0 0.29028467725446166 0.956940335732209
    outer loop
      vertex 0 19.14805029709527 31.271638597533858
      vertex 15.02 18.585270966048384 31.44235584120969
      vertex 15.02 19.14805029709527 31.271638597533858
    endloop
  endfacet
  facet normal 0 0.47139673682599664 0.8819212643483556
    outer loop
      vertex 0 19.666710699058807 30.994408836907635
      vertex 15.02 19.14805029709527 31.271638597533858
      vertex 15.02 19.666710699058807 30.994408836907635
    endloop
  endfacet
  facet normal 0 0.9951847266721966 0.09801714032956384
    outer loop
      vertex 15.02 21 28.5
      vertex 15 21 28.5
      vertex 0 20.94235584120969 29.085270966048384
    endloop
  endfacet
  facet normal 0 0.9951847266721966 0.09801714032956384
    outer loop
      vertex 0 20.94235584120969 29.085270966048384
      vertex 15.02 20.94235584120969 29.085270966048384
      vertex 15.02 21 28.5
    endloop
  endfacet
  facet normal 0 0.956940335732209 0.29028467725446166
    outer loop
      vertex 0 20.771638597533858 29.64805029709527
      vertex 15.02 20.771638597533858 29.64805029709527
      vertex 15.02 20.94235584120969 29.085270966048384
    endloop
  endfacet
  facet normal 0 0.7730104533627363 0.6343932841636463
    outer loop
      vertex 0 20.121320343559642 30.621320343559642
      vertex 15.02 20.121320343559642 30.621320343559642
      vertex 15.02 20.494408836907635 30.166710699058807
    endloop
  endfacet
  facet normal 0 0.6343932841636463 0.7730104533627363
    outer loop
      vertex 0 20.121320343559642 30.621320343559642
      vertex 15.02 19.666710699058807 30.994408836907635
      vertex 15.02 20.121320343559642 30.621320343559642
    endloop
  endfacet
  facet normal 0 0.8819212643483556 0.47139673682599664
    outer loop
      vertex 0 20.494408836907635 30.166710699058807
      vertex 15.02 20.494408836907635 30.166710699058807
      vertex 15.02 20.771638597533858 29.64805029709527
    endloop
  endfacet
  facet normal 1 0 0
    outer loop
      vertex 15.02 18 28.5
      vertex 15.02 21 28.5
      vertex 15.02 18 31.5
    endloop
  endfacet
  facet normal 1 0 0
    outer loop
      vertex 15.02 18 31.5
      vertex 15.02 21 28.5
      vertex 15.02 18.585270966048384 31.44235584120969
    endloop
  endfacet
  facet normal 1 0 0
    outer loop
      vertex 15.02 18.585270966048384 31.44235584120969
      vertex 15.02 21 28.5
      vertex 15.02 19.14805029709527 31.271638597533858
    endloop
  endfacet
  facet normal 1 0 0
    outer loop
      vertex 15.02 21 28.5
      vertex 15.02 20.771638597533858 29.64805029709527
      vertex 15.02 20.494408836907635 30.166710699058807
    endloop
  endfacet
  facet normal 1 0 0
    outer loop
      vertex 15.02 21 28.5
      vertex 15.02 20.94235584120969 29.085270966048384
      vertex 15.02 20.771638597533858 29.64805029709527
    endloop
  endfacet
  facet normal 1 0 0
    outer loop
      vertex 15.02 19.14805029709527 31.271638597533858
      vertex 15.02 21 28.5
      vertex 15.02 19.666710699058807 30.994408836907635
    endloop
  endfacet
  facet normal 1 0 0
    outer loop
      vertex 15.02 19.666710699058807 30.994408836907635
      vertex 15.02 21 28.5
      vertex 15.02 20.121320343559642 30.621320343559642
    endloop
  endfacet
  facet normal 1 0 0
    outer loop
      vertex 15.02 21 28.5
      vertex 15.02 20.494408836907635 30.166710699058807
      vertex 15.02 20.121320343559642 30.621320343559642
    endloop
  endfacet
  facet normal 0 -1 0
    outer loop
      vertex 0 18 28.5
      vertex 15.02 18 31.5
      vertex 0 18 31.5
    endloop
  endfacet
  facet normal 0 -1 0
    outer loop
      vertex 15.02 18 31.5
      vertex 0 18 28.5
      vertex 15 18 28.5
    endloop
  endfacet
  facet normal 0 -1 0
    outer loop
      vertex 15 18 28.5
      vertex 15.02 18 28.5
      vertex 15.02 18 31.5
    endloop
  endfacet
  facet normal 0 0 -1
    outer loop
      vertex 15.02 18 28.5
      vertex 15 18 28.5
      vertex 15.02 21 28.5
    endloop
  endfacet
  facet normal 0 0 -1
    outer loop
      vertex 15.02 21 28.5
      vertex 15 18 28.5
      vertex 15 21 28.5
    endloop
  endfacet
  facet normal 0 -1 0
    outer loop
      vertex 0.22836140543222427 0 1.8519496992230415
      vertex 0.5055911615490913 0 1.3332893028855324
      vertex 0.8786796554923058 0 0.8786796554923058
    endloop
  endfacet
  facet normal 0 -1 0
    outer loop
      vertex 0.22836140543222427 0 1.8519496992230415
      vertex 1.3332893028855324 0 0.5055911615490913
      vertex 0.057644158601760864 0 2.4147290363907814
    endloop
  endfacet
  facet normal 0 -1 0
    outer loop
      vertex 0.057644158601760864 0 2.4147290363907814
      vertex 1.8519496992230415 0 0.22836140543222427
      vertex 0.000984914034454787 0 2.99
    endloop
  endfacet
  facet normal -0.8819212654102606 0 -0.4713967348393121
    outer loop
      vertex 0.22836140543222427 0 1.8519496992230415
      vertex 0.5055911615490913 3 1.3332893028855324
      vertex 0.5055911615490913 0 1.3332893028855324
    endloop
  endfacet
  facet normal 0 -1 0
    outer loop
      vertex 0.22836140543222427 0 1.8519496992230415
      vertex 0.8786796554923058 0 0.8786796554923058
      vertex 1.3332893028855324 0 0.5055911615490913
    endloop
  endfacet
  facet normal 0 -1 0
    outer loop
      vertex 0.057644158601760864 0 2.4147290363907814
      vertex 1.3332893028855324 0 0.5055911615490913
      vertex 1.8519496992230415 0 0.22836140543222427
    endloop
  endfacet
  facet normal 0 -1 0
    outer loop
      vertex 0 0 3
      vertex 1.8519496992230415 0 0.22836140543222427
      vertex 2.4147290363907814 0 0.057644158601760864
    endloop
  endfacet
  facet normal -0.6343932823565882 0 -0.7730104548457506
    outer loop
      vertex 0.8786796554923058 0 0.8786796554923058
      vertex 1.3332893028855324 3 0.5055911615490913
      vertex 1.3332893028855324 0 0.5055911615490913
    endloop
  endfacet
  facet normal -0.7730104548457506 0 -0.6343932823565882
    outer loop
      vertex 0.5055911615490913 0 1.3332893028855324
      vertex 0.8786796554923058 3 0.8786796554923058
      vertex 0.8786796554923058 0 0.8786796554923058
    endloop
  endfacet
  facet normal 0 -1 0
    outer loop
      vertex 1.8519496992230415 0 0.22836140543222427
      vertex 0 0 3
      vertex 0.000984914034454787 0 2.99
    endloop
  endfacet
  facet normal -0.9569403351191617 0 -0.2902846792754084
    outer loop
      vertex 0.22836140543222427 0 1.8519496992230415
      vertex 0.057644158601760864 0 2.4147290363907814
      vertex 0.22836140543222427 3 1.8519496992230415
    endloop
  endfacet
  facet normal -0.9951847266636235 0 -0.09801714041660747
    outer loop
      vertex 0.057644158601760864 0 2.4147290363907814
      vertex 0.000984914034454787 0 2.99
      vertex 0.057644158601760864 3 2.4147290363907814
    endloop
  endfacet
  facet normal -0.8819212654102606 0 -0.4713967348393121
    outer loop
      vertex 0.22836140543222427 0 1.8519496992230415
      vertex 0.22836140543222427 3 1.8519496992230415
      vertex 0.5055911615490913 3 1.3332893028855324
    endloop
  endfacet
  facet normal -0.7730104548457506 0 -0.6343932823565882
    outer loop
      vertex 0.5055911615490913 0 1.3332893028855324
      vertex 0.5055911615490913 3 1.3332893028855324
      vertex 0.8786796554923058 3 0.8786796554923058
    endloop
  endfacet
  facet normal -0.6343932823565882 0 -0.7730104548457506
    outer loop
      vertex 0.8786796554923058 0 0.8786796554923058
      vertex 0.8786796554923058 3 0.8786796554923058
      vertex 1.3332893028855324 3 0.5055911615490913
    endloop
  endfacet
  facet normal -0.9569403351191617 0 -0.2902846792754084
    outer loop
      vertex 0.057644158601760864 0 2.4147290363907814
      vertex 0.057644158601760864 3 2.4147290363907814
      vertex 0.22836140543222427 3 1.8519496992230415
    endloop
  endfacet
  facet normal -0.9951847266636235 -1.3033529174116367e-18 -0.09801714041660747
    outer loop
      vertex 0.057644158601760864 3 2.4147290363907814
      vertex 0.000984914034454787 0 2.99
      vertex 0.000984914034454787 3 2.99
    endloop
  endfacet
  facet normal -0.4713967348393121 0 -0.8819212654102606
    outer loop
      vertex 1.3332893028855324 0 0.5055911615490913
      vertex 1.8519496992230415 3 0.22836140543222427
      vertex 1.8519496992230415 0 0.22836140543222427
    endloop
  endfacet
  facet normal 0 -1 0
    outer loop
      vertex 2.4147290363907814 0 0.057644158601760864
      vertex 2.99 0 0.000984914034454787
      vertex 3 0 3
    endloop
  endfacet
  facet normal -0.2902846792754084 0 -0.9569403351191617
    outer loop
      vertex 1.8519496992230415 0 0.22836140543222427
      vertex 2.4147290363907814 3 0.057644158601760864
      vertex 2.4147290363907814 0 0.057644158601760864
    endloop
  endfacet
  facet normal -0.09801714041660747 -1.3033529174116367e-18 -0.9951847266636235
    outer loop
      vertex 2.4147290363907814 0 0.057644158601760864
      vertex 2.99 3 0.000984914034454787
      vertex 2.99 0 0.000984914034454787
    endloop
  endfacet
  facet normal 0 -1 0
    outer loop
      vertex 0 0 3
      vertex 2.4147290363907814 0 0.057644158601760864
      vertex 3 0 3
    endloop
  endfacet
  facet normal -0.4713967348393121 0 -0.8819212654102606
    outer loop
      vertex 1.3332893028855324 0 0.5055911615490913
      vertex 1.3332893028855324 3 0.5055911615490913
      vertex 1.8519496992230415 3 0.22836140543222427
    endloop
  endfacet
  facet normal -0.2902846792754084 0 -0.9569403351191617
    outer loop
      vertex 1.8519496992230415 0 0.22836140543222427
      vertex 1.8519496992230415 3 0.22836140543222427
      vertex 2.4147290363907814 3 0.057644158601760864
    endloop
  endfacet
  facet normal -0.09801714041660747 0 -0.9951847266636235
    outer loop
      vertex 2.4147290363907814 0 0.057644158601760864
      vertex 2.4147290363907814 3 0.057644158601760864
      vertex 2.99 3 0.000984914034454787
    endloop
  endfacet
  facet normal 0 1 0
    outer loop
      vertex 0.22836140543222427 3 1.8519496992230415
      vertex 0.8786796554923058 3 0.8786796554923058
      vertex 0.5055911615490913 3 1.3332893028855324
    endloop
  endfacet
  facet normal 0 1 0
    outer loop
      vertex 0.22836140543222427 3 1.8519496992230415
      vertex 0.057644158601760864 3 2.4147290363907814
      vertex 1.3332893028855324 3 0.5055911615490913
    endloop
  endfacet
  facet normal 0 1 0
    outer loop
      vertex 0.057644158601760864 3 2.4147290363907814
      vertex 0.000984914034454787 3 2.99
      vertex 1.8519496992230415 3 0.22836140543222427
    endloop
  endfacet
  facet normal 0 1 0
    outer loop
      vertex 0.22836140543222427 3 1.8519496992230415
      vertex 1.3332893028855324 3 0.5055911615490913
      vertex 0.8786796554923058 3 0.8786796554923058
    endloop
  endfacet
  facet normal 0 1 0
    outer loop
      vertex 0.057644158601760864 3 2.4147290363907814
      vertex 1.8519496992230415 3 0.22836140543222427
      vertex 1.3332893028855324 3 0.5055911615490913
    endloop
  endfacet
  facet normal 0 1 0
    outer loop
      vertex 1.8519496992230415 3 0.22836140543222427
      vertex 0.000833281306036511 3 2.9915395529265885
      vertex 2.4147290363907814 3 0.057644158601760864
    endloop
  endfacet
  facet normal 0 1 0
    outer loop
      vertex 0.000984914034454787 3 2.99
      vertex 0.000833281306036511 3 2.9915395529265885
      vertex 1.8519496992230415 3 0.22836140543222427
    endloop
  endfacet
  facet normal 0 1 0
    outer loop
      vertex 2.4147290363907814 3 0.057644158601760864
      vertex 0.000833281306036511 3 2.9915395529265885
      vertex 0.005412488857288517 3 3
    endloop
  endfacet
  facet normal 0 1 0
    outer loop
      vertex 2.4147290363907814 3 0.057644158601760864
      vertex 3 3 3
      vertex 2.99 3 0.000984914034454787
    endloop
  endfacet
  facet normal 0 1 0
    outer loop
      vertex 2.4147290363907814 3 0.057644158601760864
      vertex 0.005412488857288517 3 3
      vertex 3 3 3
    endloop
  endfacet
  facet normal 0 -1 0
    outer loop
      vertex 2.99 0 0.000984914034454787
      vertex 3 0 0
      vertex 3 0 3
    endloop
  endfacet
  facet normal 0 1 0
    outer loop
      vertex 3 3 3
      vertex 3 3 0
      vertex 2.99 3 0.000984914034454787
    endloop
  endfacet
  facet normal 0.09801714041660747 0 -0.9951847266636235
    outer loop
      vertex 12.01 0 0.000984914034454787
      vertex 12.01 3 0.000984914034454787
      vertex 12.585270963609219 0 0.057644158601760864
    endloop
  endfacet
  facet normal 0.09801714041660747 0 -0.9951847266636235
    outer loop
      vertex 12.585270963609219 0 0.057644158601760864
      vertex 12.01 3 0.000984914034454787
      vertex 12.585270963609219 3 0.057644158601760864
    endloop
  endfacet
  facet normal 0.2902846792754084 0 -0.9569403351191617
    outer loop
      vertex 12.585270963609219 0 0.057644158601760864
      vertex 12.585270963609219 3 0.057644158601760864
      vertex 13.148050300776958 3 0.22836140543222427
    endloop
  endfacet
  facet normal 0 -1 0
    outer loop
      vertex 12.01 0 0.000984914034454787
      vertex 12.585270963609219 0 0.057644158601760864
      vertex 14.771638594567776 0 1.8519496992230415
    endloop
  endfacet
  facet normal 0 -1 0
    outer loop
      vertex 12.585270963609219 0 0.057644158601760864
      vertex 13.148050300776958 0 0.22836140543222427
      vertex 14.494408838450909 0 1.3332893028855324
    endloop
  endfacet
  facet normal 0 -1 0
    outer loop
      vertex 13.148050300776958 0 0.22836140543222427
      vertex 13.666710697114468 0 0.5055911615490913
      vertex 14.121320344507694 0 0.8786796554923058
    endloop
  endfacet
  facet normal 0 -1 0
    outer loop
      vertex 12.01 0 0.000984914034454787
      vertex 14.94235584139824 0 2.4147290363907814
      vertex 12.01 0 2.99
    endloop
  endfacet
  facet normal 0.2902846792754084 0 -0.9569403351191617
    outer loop
      vertex 12.585270963609219 0 0.057644158601760864
      vertex 13.148050300776958 3 0.22836140543222427
      vertex 13.148050300776958 0 0.22836140543222427
    endloop
  endfacet
  facet normal 0.4713967348393121 0 -0.8819212654102606
    outer loop
      vertex 13.148050300776958 0 0.22836140543222427
      vertex 13.666710697114468 3 0.5055911615490913
      vertex 13.666710697114468 0 0.5055911615490913
    endloop
  endfacet
  facet normal 0 -1 0
    outer loop
      vertex 13.148050300776958 0 0.22836140543222427
      vertex 14.121320344507694 0 0.8786796554923058
      vertex 14.494408838450909 0 1.3332893028855324
    endloop
  endfacet
  facet normal 0 -1 0
    outer loop
      vertex 12.585270963609219 0 0.057644158601760864
      vertex 14.494408838450909 0 1.3332893028855324
      vertex 14.771638594567776 0 1.8519496992230415
    endloop
  endfacet
  facet normal 0 -1 0
    outer loop
      vertex 12.01 0 0.000984914034454787
      vertex 14.771638594567776 0 1.8519496992230415
      vertex 14.94235584139824 0 2.4147290363907814
    endloop
  endfacet
  facet normal 0.6343932823565882 0 -0.7730104548457506
    outer loop
      vertex 13.666710697114468 0 0.5055911615490913
      vertex 14.121320344507694 3 0.8786796554923058
      vertex 14.121320344507694 0 0.8786796554923058
    endloop
  endfacet
  facet normal 0.7730104548457506 0 -0.6343932823565882
    outer loop
      vertex 14.121320344507694 0 0.8786796554923058
      vertex 14.494408838450909 3 1.3332893028855324
      vertex 14.494408838450909 0 1.3332893028855324
    endloop
  endfacet
  facet normal 0 -1 0
    outer loop
      vertex 12.01 0 2.99
      vertex 14.94235584139824 0 2.4147290363907814
      vertex 14.999015085965546 0 2.99
    endloop
  endfacet
  facet normal 0.4713967348393121 0 -0.8819212654102606
    outer loop
      vertex 13.148050300776958 0 0.22836140543222427
      vertex 13.148050300776958 3 0.22836140543222427
      vertex 13.666710697114468 3 0.5055911615490913
    endloop
  endfacet
  facet normal 0.6343932823565882 0 -0.7730104548457506
    outer loop
      vertex 13.666710697114468 0 0.5055911615490913
      vertex 13.666710697114468 3 0.5055911615490913
      vertex 14.121320344507694 3 0.8786796554923058
    endloop
  endfacet
  facet normal 0.7730104548457506 0 -0.6343932823565882
    outer loop
      vertex 14.121320344507694 0 0.8786796554923058
      vertex 14.121320344507694 3 0.8786796554923058
      vertex 14.494408838450909 3 1.3332893028855324
    endloop
  endfacet
  facet normal 0 1 0
    outer loop
      vertex 12.01 3 0.000984914034454787
      vertex 12.01 3 2.99
      vertex 12.585270963609219 3 0.057644158601760864
    endloop
  endfacet
  facet normal 0 1 0
    outer loop
      vertex 12.585270963609219 3 0.057644158601760864
      vertex 14.494408838450909 3 1.3332893028855324
      vertex 13.148050300776958 3 0.22836140543222427
    endloop
  endfacet
  facet normal 0 1 0
    outer loop
      vertex 13.148050300776958 3 0.22836140543222427
      vertex 14.121320344507694 3 0.8786796554923058
      vertex 13.666710697114468 3 0.5055911615490913
    endloop
  endfacet
  facet normal 0 1 0
    outer loop
      vertex 12.585270963609219 3 0.057644158601760864
      vertex 12.01 3 2.99
      vertex 14.771638594567776 3 1.8519496992230415
    endloop
  endfacet
  facet normal 0 1 0
    outer loop
      vertex 13.148050300776958 3 0.22836140543222427
      vertex 14.494408838450909 3 1.3332893028855324
      vertex 14.121320344507694 3 0.8786796554923058
    endloop
  endfacet
  facet normal 0 1 0
    outer loop
      vertex 12.585270963609219 3 0.057644158601760864
      vertex 14.771638594567776 3 1.8519496992230415
      vertex 14.494408838450909 3 1.3332893028855324
    endloop
  endfacet
  facet normal 0 1 0
    outer loop
      vertex 12.01 3 2.99
      vertex 14.94235584139824 3 2.4147290363907814
      vertex 14.771638594567776 3 1.8519496992230415
    endloop
  endfacet
  facet normal 0 1 0
    outer loop
      vertex 12.01 3 2.99
      vertex 14.999015085965546 3 2.99
      vertex 14.94235584139824 3 2.4147290363907814
    endloop
  endfacet
  facet normal 0.8819212654102606 0 -0.4713967348393121
    outer loop
      vertex 14.494408838450909 0 1.3332893028855324
      vertex 14.771638594567776 3 1.8519496992230415
      vertex 14.771638594567776 0 1.8519496992230415
    endloop
  endfacet
  facet normal 0.9569403351191617 0 -0.2902846792754084
    outer loop
      vertex 14.771638594567776 0 1.8519496992230415
      vertex 14.94235584139824 3 2.4147290363907814
      vertex 14.94235584139824 0 2.4147290363907814
    endloop
  endfacet
  facet normal 0.9951847266636235 0 -0.09801714041660846
    outer loop
      vertex 14.94235584139824 0 2.4147290363907814
      vertex 14.94235584139824 3 2.4147290363907814
      vertex 14.999015085965546 0 2.99
    endloop
  endfacet
  facet normal 0.8819212654102606 0 -0.4713967348393121
    outer loop
      vertex 14.494408838450909 0 1.3332893028855324
      vertex 14.494408838450909 3 1.3332893028855324
      vertex 14.771638594567776 3 1.8519496992230415
    endloop
  endfacet
  facet normal 0.9569403351191617 0 -0.2902846792754084
    outer loop
      vertex 14.771638594567776 0 1.8519496992230415
      vertex 14.771638594567776 3 1.8519496992230415
      vertex 14.94235584139824 3 2.4147290363907814
    endloop
  endfacet
  facet normal 0.9951847266636235 0 -0.09801714041660846
    outer loop
      vertex 14.999015085965546 0 2.99
      vertex 14.94235584139824 3 2.4147290363907814
      vertex 14.999015085965546 3 2.99
    endloop
  endfacet
  facet normal 0 -1 0
    outer loop
      vertex 0.22836140543222427 18 1.8519496992230415
      vertex 0.006412631148783586 18 3
      vertex 0.057644158601760864 18 2.4147290363907814
    endloop
  endfacet
  facet normal 0 -1 0
    outer loop
      vertex 0.057644158601760864 18 2.4147290363907814
      vertex 0.006412631148783586 18 3
      vertex 0.000984914034454787 18 2.99
    endloop
  endfacet
  facet normal 0 -1 0
    outer loop
      vertex 0.006412631148783586 18 3
      vertex 0.0008537819316777751 18 2.991331406581587
      vertex 0.000984914034454787 18 2.99
    endloop
  endfacet
  facet normal 0 -1 0
    outer loop
      vertex 0.22836140543222427 18 1.8519496992230415
      vertex 0.5055911615490913 18 1.3332893028855324
      vertex 3 18 3
    endloop
  endfacet
  facet normal 0 -1 0
    outer loop
      vertex 0.22836140543222427 18 1.8519496992230415
      vertex 3 18 3
      vertex 0.006412631148783586 18 3
    endloop
  endfacet
  facet normal 0 -1 0
    outer loop
      vertex 0.8786796554923058 18 0.8786796554923058
      vertex 1.3332893028855324 18 0.5055911615490913
      vertex 2.4147290363907814 18 0.057644158601760864
    endloop
  endfacet
  facet normal 0 -1 0
    outer loop
      vertex 0.5055911615490913 18 1.3332893028855324
      vertex 0.8786796554923058 18 0.8786796554923058
      vertex 3 18 0
    endloop
  endfacet
  facet normal 0 -1 0
    outer loop
      vertex 1.3332893028855324 18 0.5055911615490913
      vertex 1.8519496992230415 18 0.22836140543222427
      vertex 2.4147290363907814 18 0.057644158601760864
    endloop
  endfacet
  facet normal 0 -1 0
    outer loop
      vertex 2.4147290363907814 18 0.057644158601760864
      vertex 2.99 18 0.000984914034454787
      vertex 0.8786796554923058 18 0.8786796554923058
    endloop
  endfacet
  facet normal 0 -1 0
    outer loop
      vertex 0.8786796554923058 18 0.8786796554923058
      vertex 2.99 18 0.000984914034454787
      vertex 3 18 0
    endloop
  endfacet
  facet normal 0 -1 0
    outer loop
      vertex 0.5055911615490913 18 1.3332893028855324
      vertex 3 18 0
      vertex 3 18 3
    endloop
  endfacet
  facet normal -0.8819212654102606 0 -0.4713967348393121
    outer loop
      vertex 0.22836140543222427 18 1.8519496992230415
      vertex 0.5055911615490913 21 1.3332893028855324
      vertex 0.5055911615490913 18 1.3332893028855324
    endloop
  endfacet
  facet normal -0.6343932823565882 0 -0.7730104548457506
    outer loop
      vertex 0.8786796554923058 18 0.8786796554923058
      vertex 1.3332893028855324 21 0.5055911615490913
      vertex 1.3332893028855324 18 0.5055911615490913
    endloop
  endfacet
  facet normal -0.7730104548457506 0 -0.6343932823565882
    outer loop
      vertex 0.5055911615490913 18 1.3332893028855324
      vertex 0.8786796554923058 21 0.8786796554923058
      vertex 0.8786796554923058 18 0.8786796554923058
    endloop
  endfacet
  facet normal -0.9569403351191617 0 -0.2902846792754084
    outer loop
      vertex 0.22836140543222427 18 1.8519496992230415
      vertex 0.057644158601760864 18 2.4147290363907814
      vertex 0.22836140543222427 21 1.8519496992230415
    endloop
  endfacet
  facet normal -0.9951847266636235 0 -0.09801714041660747
    outer loop
      vertex 0.057644158601760864 18 2.4147290363907814
      vertex 0.000984914034454787 18 2.99
      vertex 0.057644158601760864 21 2.4147290363907814
    endloop
  endfacet
  facet normal -0.8819212654102606 0 -0.4713967348393121
    outer loop
      vertex 0.22836140543222427 18 1.8519496992230415
      vertex 0.22836140543222427 21 1.8519496992230415
      vertex 0.5055911615490913 21 1.3332893028855324
    endloop
  endfacet
  facet normal -0.7730104548457506 0 -0.6343932823565882
    outer loop
      vertex 0.5055911615490913 18 1.3332893028855324
      vertex 0.5055911615490913 21 1.3332893028855324
      vertex 0.8786796554923058 21 0.8786796554923058
    endloop
  endfacet
  facet normal -0.6343932823565882 0 -0.7730104548457506
    outer loop
      vertex 0.8786796554923058 18 0.8786796554923058
      vertex 0.8786796554923058 21 0.8786796554923058
      vertex 1.3332893028855324 21 0.5055911615490913
    endloop
  endfacet
  facet normal -0.9569403351191617 0 -0.2902846792754084
    outer loop
      vertex 0.057644158601760864 18 2.4147290363907814
      vertex 0.057644158601760864 21 2.4147290363907814
      vertex 0.22836140543222427 21 1.8519496992230415
    endloop
  endfacet
  facet normal -0.9951847266636235 -1.3033529174116367e-18 -0.09801714041660747
    outer loop
      vertex 0.057644158601760864 21 2.4147290363907814
      vertex 0.000984914034454787 18 2.99
      vertex 0.000984914034454787 21 2.99
    endloop
  endfacet
  facet normal 0 1 0
    outer loop
      vertex 0.057644158601760864 21 2.4147290363907814
      vertex 0.000984914034454787 21 2.99
      vertex 0.22836140543222427 21 1.8519496992230415
    endloop
  endfacet
  facet normal 0 1 0
    outer loop
      vertex 0.22836140543222427 21 1.8519496992230415
      vertex 0.000984914034454787 21 2.99
      vertex 0 21 3
    endloop
  endfacet
  facet normal 0 1 0
    outer loop
      vertex 0.22836140543222427 21 1.8519496992230415
      vertex 0 21 3
      vertex 3 21 3
    endloop
  endfacet
  facet normal 0 1 0
    outer loop
      vertex 0.22836140543222427 21 1.8519496992230415
      vertex 3 21 3
      vertex 0.5055911615490913 21 1.3332893028855324
    endloop
  endfacet
  facet normal -0.4713967348393121 0 -0.8819212654102606
    outer loop
      vertex 1.3332893028855324 18 0.5055911615490913
      vertex 1.8519496992230415 21 0.22836140543222427
      vertex 1.8519496992230415 18 0.22836140543222427
    endloop
  endfacet
  facet normal -0.2902846792754084 0 -0.9569403351191617
    outer loop
      vertex 1.8519496992230415 18 0.22836140543222427
      vertex 2.4147290363907814 21 0.057644158601760864
      vertex 2.4147290363907814 18 0.057644158601760864
    endloop
  endfacet
  facet normal -0.09801714041660747 -1.3033529174116367e-18 -0.9951847266636235
    outer loop
      vertex 2.4147290363907814 18 0.057644158601760864
      vertex 2.99 21 0.000984914034454787
      vertex 2.99 18 0.000984914034454787
    endloop
  endfacet
  facet normal -0.4713967348393121 0 -0.8819212654102606
    outer loop
      vertex 1.3332893028855324 18 0.5055911615490913
      vertex 1.3332893028855324 21 0.5055911615490913
      vertex 1.8519496992230415 21 0.22836140543222427
    endloop
  endfacet
  facet normal -0.2902846792754084 0 -0.9569403351191617
    outer loop
      vertex 1.8519496992230415 18 0.22836140543222427
      vertex 1.8519496992230415 21 0.22836140543222427
      vertex 2.4147290363907814 21 0.057644158601760864
    endloop
  endfacet
  facet normal 0 1 0
    outer loop
      vertex 0.8786796554923058 21 0.8786796554923058
      vertex 2.4147290363907814 21 0.057644158601760864
      vertex 1.3332893028855324 21 0.5055911615490913
    endloop
  endfacet
  facet normal 0 1 0
    outer loop
      vertex 0.5055911615490913 21 1.3332893028855324
      vertex 3 21 0
      vertex 0.8786796554923058 21 0.8786796554923058
    endloop
  endfacet
  facet normal 0 1 0
    outer loop
      vertex 1.3332893028855324 21 0.5055911615490913
      vertex 2.4147290363907814 21 0.057644158601760864
      vertex 1.8519496992230415 21 0.22836140543222427
    endloop
  endfacet
  facet normal 0 1 0
    outer loop
      vertex 0.8786796554923058 21 0.8786796554923058
      vertex 2.99 21 0.000984914034454787
      vertex 2.4147290363907814 21 0.057644158601760864
    endloop
  endfacet
  facet normal -0.09801714041660747 0 -0.9951847266636235
    outer loop
      vertex 2.4147290363907814 18 0.057644158601760864
      vertex 2.4147290363907814 21 0.057644158601760864
      vertex 2.99 21 0.000984914034454787
    endloop
  endfacet
  facet normal 0 1 0
    outer loop
      vertex 0.8786796554923058 21 0.8786796554923058
      vertex 3 21 0
      vertex 2.99 21 0.000984914034454787
    endloop
  endfacet
  facet normal 0 1 0
    outer loop
      vertex 0.5055911615490913 21 1.3332893028855324
      vertex 3 21 3
      vertex 3 21 0
    endloop
  endfacet
  facet normal 0 -1 0
    outer loop
      vertex 12.01 18 0.000984914034454787
      vertex 12.585270963609219 18 0.057644158601760864
      vertex 14.94235584139824 18 2.4147290363907814
    endloop
  endfacet
  facet normal 0 -1 0
    outer loop
      vertex 12.585270963609219 18 0.057644158601760864
      vertex 13.148050300776958 18 0.22836140543222427
      vertex 14.771638594567776 18 1.8519496992230415
    endloop
  endfacet
  facet normal 0 -1 0
    outer loop
      vertex 12.01 18 0.000984914034454787
      vertex 14.94235584139824 18 2.4147290363907814
      vertex 12.01 18 2.99
    endloop
  endfacet
  facet normal 0 -1 0
    outer loop
      vertex 13.148050300776958 18 0.22836140543222427
      vertex 13.666710697114468 18 0.5055911615490913
      vertex 14.494408838450909 18 1.3332893028855324
    endloop
  endfacet
  facet normal 0 -1 0
    outer loop
      vertex 13.666710697114468 18 0.5055911615490913
      vertex 14.121320344507694 18 0.8786796554923058
      vertex 14.494408838450909 18 1.3332893028855324
    endloop
  endfacet
  facet normal 0 -1 0
    outer loop
      vertex 13.148050300776958 18 0.22836140543222427
      vertex 14.494408838450909 18 1.3332893028855324
      vertex 14.771638594567776 18 1.8519496992230415
    endloop
  endfacet
  facet normal 0 -1 0
    outer loop
      vertex 12.585270963609219 18 0.057644158601760864
      vertex 14.771638594567776 18 1.8519496992230415
      vertex 14.94235584139824 18 2.4147290363907814
    endloop
  endfacet
  facet normal 0 -1 0
    outer loop
      vertex 12.01 18 2.99
      vertex 14.94235584139824 18 2.4147290363907814
      vertex 14.990005993770147 18 2.99
    endloop
  endfacet
  facet normal 0.09801714041660747 0 -0.9951847266636235
    outer loop
      vertex 12.01 18 0.000984914034454787
      vertex 12.01 21 0.000984914034454787
      vertex 12.585270963609219 18 0.057644158601760864
    endloop
  endfacet
  facet normal 0 1 0
    outer loop
      vertex 12.01 21 0.000984914034454787
      vertex 12.01 21 2.99
      vertex 12.585270963609219 21 0.057644158601760864
    endloop
  endfacet
  facet normal 0.09801714041660747 0 -0.9951847266636235
    outer loop
      vertex 12.585270963609219 18 0.057644158601760864
      vertex 12.01 21 0.000984914034454787
      vertex 12.585270963609219 21 0.057644158601760864
    endloop
  endfacet
  facet normal 0.2902846792754084 0 -0.9569403351191617
    outer loop
      vertex 12.585270963609219 18 0.057644158601760864
      vertex 12.585270963609219 21 0.057644158601760864
      vertex 13.148050300776958 21 0.22836140543222427
    endloop
  endfacet
  facet normal 0.2902846792754084 0 -0.9569403351191617
    outer loop
      vertex 12.585270963609219 18 0.057644158601760864
      vertex 13.148050300776958 21 0.22836140543222427
      vertex 13.148050300776958 18 0.22836140543222427
    endloop
  endfacet
  facet normal 0.4713967348393121 0 -0.8819212654102606
    outer loop
      vertex 13.148050300776958 18 0.22836140543222427
      vertex 13.666710697114468 21 0.5055911615490913
      vertex 13.666710697114468 18 0.5055911615490913
    endloop
  endfacet
  facet normal 0.6343932823565882 0 -0.7730104548457506
    outer loop
      vertex 13.666710697114468 18 0.5055911615490913
      vertex 14.121320344507694 21 0.8786796554923058
      vertex 14.121320344507694 18 0.8786796554923058
    endloop
  endfacet
  facet normal 0.7730104548457506 0 -0.6343932823565882
    outer loop
      vertex 14.121320344507694 18 0.8786796554923058
      vertex 14.494408838450909 21 1.3332893028855324
      vertex 14.494408838450909 18 1.3332893028855324
    endloop
  endfacet
  facet normal 0.4713967348393121 0 -0.8819212654102606
    outer loop
      vertex 13.148050300776958 18 0.22836140543222427
      vertex 13.148050300776958 21 0.22836140543222427
      vertex 13.666710697114468 21 0.5055911615490913
    endloop
  endfacet
  facet normal 0 1 0
    outer loop
      vertex 12.585270963609219 21 0.057644158601760864
      vertex 14.771638594567776 21 1.8519496992230415
      vertex 13.148050300776958 21 0.22836140543222427
    endloop
  endfacet
  facet normal 0 1 0
    outer loop
      vertex 12.585270963609219 21 0.057644158601760864
      vertex 12.01 21 2.99
      vertex 14.94235584139824 21 2.4147290363907814
    endloop
  endfacet
  facet normal 0.6343932823565882 0 -0.7730104548457506
    outer loop
      vertex 13.666710697114468 18 0.5055911615490913
      vertex 13.666710697114468 21 0.5055911615490913
      vertex 14.121320344507694 21 0.8786796554923058
    endloop
  endfacet
  facet normal 0.7730104548457506 0 -0.6343932823565882
    outer loop
      vertex 14.121320344507694 18 0.8786796554923058
      vertex 14.121320344507694 21 0.8786796554923058
      vertex 14.494408838450909 21 1.3332893028855324
    endloop
  endfacet
  facet normal 0 1 0
    outer loop
      vertex 13.148050300776958 21 0.22836140543222427
      vertex 14.494408838450909 21 1.3332893028855324
      vertex 13.666710697114468 21 0.5055911615490913
    endloop
  endfacet
  facet normal 0 1 0
    outer loop
      vertex 13.666710697114468 21 0.5055911615490913
      vertex 14.494408838450909 21 1.3332893028855324
      vertex 14.121320344507694 21 0.8786796554923058
    endloop
  endfacet
  facet normal 0 1 0
    outer loop
      vertex 13.148050300776958 21 0.22836140543222427
      vertex 14.771638594567776 21 1.8519496992230415
      vertex 14.494408838450909 21 1.3332893028855324
    endloop
  endfacet
  facet normal 0 1 0
    outer loop
      vertex 12.585270963609219 21 0.057644158601760864
      vertex 14.94235584139824 21 2.4147290363907814
      vertex 14.771638594567776 21 1.8519496992230415
    endloop
  endfacet
  facet normal 0 1 0
    outer loop
      vertex 12.01 21 2.99
      vertex 14.990005993770147 21 2.99
      vertex 14.94235584139824 21 2.4147290363907814
    endloop
  endfacet
  facet normal 0 -1 0
    outer loop
      vertex 14.94235584139824 18 2.4147290363907814
      vertex 14.999015085965546 18 2.99
      vertex 14.990005993770147 18 2.99
    endloop
  endfacet
  facet normal 0.8819212654102606 0 -0.4713967348393121
    outer loop
      vertex 14.494408838450909 18 1.3332893028855324
      vertex 14.771638594567776 21 1.8519496992230415
      vertex 14.771638594567776 18 1.8519496992230415
    endloop
  endfacet
  facet normal 0.9569403351191617 0 -0.2902846792754084
    outer loop
      vertex 14.771638594567776 18 1.8519496992230415
      vertex 14.94235584139824 21 2.4147290363907814
      vertex 14.94235584139824 18 2.4147290363907814
    endloop
  endfacet
  facet normal 0.9951847266636235 0 -0.09801714041660846
    outer loop
      vertex 14.94235584139824 18 2.4147290363907814
      vertex 14.94235584139824 21 2.4147290363907814
      vertex 14.999015085965546 18 2.99
    endloop
  endfacet
  facet normal 0.8819212654102606 0 -0.4713967348393121
    outer loop
      vertex 14.494408838450909 18 1.3332893028855324
      vertex 14.494408838450909 21 1.3332893028855324
      vertex 14.771638594567776 21 1.8519496992230415
    endloop
  endfacet
  facet normal 0.9569403351191617 0 -0.2902846792754084
    outer loop
      vertex 14.771638594567776 18 1.8519496992230415
      vertex 14.771638594567776 21 1.8519496992230415
      vertex 14.94235584139824 21 2.4147290363907814
    endloop
  endfacet
  facet normal 0.9951847266636235 0 -0.09801714041660846
    outer loop
      vertex 14.999015085965546 18 2.99
      vertex 14.94235584139824 21 2.4147290363907814
      vertex 14.999015085965546 21 2.99
    endloop
  endfacet
  facet normal 0 1 0
    outer loop
      vertex 14.94235584139824 21 2.4147290363907814
      vertex 14.990005993770147 21 2.99
      vertex 14.999015085965546 21 2.99
    endloop
  endfacet
  facet normal 0.9951847266636236 0 -0.09801714041660749
    outer loop
      vertex 15.05764415860176 0 3.5852709636092186
      vertex 15 0 3
      vertex 15.05764415860176 3 3.5852709636092186
    endloop
  endfacet
  facet normal 0.9951847266636236 0 -0.09801714041660749
    outer loop
      vertex 15.05764415860176 3 3.5852709636092186
      vertex 15 0 3
      vertex 15 3 3
    endloop
  endfacet
  facet normal 0.9569403351191617 0 -0.2902846792754084
    outer loop
      vertex 15.05764415860176 0 3.5852709636092186
      vertex 15.05764415860176 3 3.5852709636092186
      vertex 15.228361405432224 3 4.1480503007769585
    endloop
  endfacet
  facet normal 0 -1 0
    outer loop
      vertex 15.05764415860176 0 3.5852709636092186
      vertex 15 0 6
      vertex 15 0 3
    endloop
  endfacet
  facet normal 0 -1 0
    outer loop
      vertex 15.05764415860176 0 3.5852709636092186
      vertex 15.228361405432224 0 4.1480503007769585
      vertex 15 0 6
    endloop
  endfacet
  facet normal 0 -1 0
    outer loop
      vertex 15.228361405432224 0 4.1480503007769585
      vertex 15.505591161549091 0 4.666710697114468
      vertex 15 0 6
    endloop
  endfacet
  facet normal 0 -1 0
    outer loop
      vertex 15.505591161549091 0 4.666710697114468
      vertex 15.878679655492306 0 5.121320344507694
      vertex 15 0 6
    endloop
  endfacet
  facet normal 0 -1 0
    outer loop
      vertex 15.878679655492306 0 5.121320344507694
      vertex 16.333289302885532 0 5.494408838450909
      vertex 15 0 6
    endloop
  endfacet
  facet normal 0.9569403351191617 0 -0.2902846792754084
    outer loop
      vertex 15.05764415860176 0 3.5852709636092186
      vertex 15.228361405432224 3 4.1480503007769585
      vertex 15.228361405432224 0 4.1480503007769585
    endloop
  endfacet
  facet normal 0.8819212654102606 0 -0.4713967348393121
    outer loop
      vertex 15.228361405432224 0 4.1480503007769585
      vertex 15.505591161549091 3 4.666710697114468
      vertex 15.505591161549091 0 4.666710697114468
    endloop
  endfacet
  facet normal 0.7730104548457506 0 -0.6343932823565882
    outer loop
      vertex 15.505591161549091 0 4.666710697114468
      vertex 15.878679655492306 3 5.121320344507694
      vertex 15.878679655492306 0 5.121320344507694
    endloop
  endfacet
  facet normal 0.8819212654102606 0 -0.4713967348393121
    outer loop
      vertex 15.228361405432224 0 4.1480503007769585
      vertex 15.228361405432224 3 4.1480503007769585
      vertex 15.505591161549091 3 4.666710697114468
    endloop
  endfacet
  facet normal 0.7730104548457506 0 -0.6343932823565882
    outer loop
      vertex 15.505591161549091 0 4.666710697114468
      vertex 15.505591161549091 3 4.666710697114468
      vertex 15.878679655492306 3 5.121320344507694
    endloop
  endfacet
  facet normal 0 -1 0
    outer loop
      vertex 16.333289302885532 0 5.494408838450909
      vertex 16.85194969922304 0 5.771638594567776
      vertex 15 0 6
    endloop
  endfacet
  facet normal 0 -1 0
    outer loop
      vertex 16.85194969922304 0 5.771638594567776
      vertex 17.41472903639078 0 5.942355841398239
      vertex 15 0 6
    endloop
  endfacet
  facet normal 0.6343932823565882 0 -0.7730104548457506
    outer loop
      vertex 15.878679655492306 0 5.121320344507694
      vertex 16.333289302885532 3 5.494408838450909
      vertex 16.333289302885532 0 5.494408838450909
    endloop
  endfacet
  facet normal 0.4713967348393121 0 -0.8819212654102606
    outer loop
      vertex 16.333289302885532 0 5.494408838450909
      vertex 16.85194969922304 3 5.771638594567776
      vertex 16.85194969922304 0 5.771638594567776
    endloop
  endfacet
  facet normal 0.2902846792754084 0 -0.9569403351191617
    outer loop
      vertex 16.85194969922304 0 5.771638594567776
      vertex 17.41472903639078 3 5.942355841398239
      vertex 17.41472903639078 0 5.942355841398239
    endloop
  endfacet
  facet normal 0 -1 0
    outer loop
      vertex 17.41472903639078 0 5.942355841398239
      vertex 18 0 6
      vertex 15 0 6
    endloop
  endfacet
  facet normal 0.6343932823565882 0 -0.7730104548457506
    outer loop
      vertex 15.878679655492306 0 5.121320344507694
      vertex 15.878679655492306 3 5.121320344507694
      vertex 16.333289302885532 3 5.494408838450909
    endloop
  endfacet
  facet normal 0.4713967348393121 0 -0.8819212654102606
    outer loop
      vertex 16.333289302885532 0 5.494408838450909
      vertex 16.333289302885532 3 5.494408838450909
      vertex 16.85194969922304 3 5.771638594567776
    endloop
  endfacet
  facet normal 0.2902846792754084 0 -0.9569403351191617
    outer loop
      vertex 16.85194969922304 0 5.771638594567776
      vertex 16.85194969922304 3 5.771638594567776
      vertex 17.41472903639078 3 5.942355841398239
    endloop
  endfacet
  facet normal 0 1 0
    outer loop
      vertex 15.05764415860176 3 3.5852709636092186
      vertex 15 3 3
      vertex 15 3 6
    endloop
  endfacet
  facet normal 0 1 0
    outer loop
      vertex 15.05764415860176 3 3.5852709636092186
      vertex 15 3 6
      vertex 15.228361405432224 3 4.1480503007769585
    endloop
  endfacet
  facet normal 0 1 0
    outer loop
      vertex 15.228361405432224 3 4.1480503007769585
      vertex 15 3 6
      vertex 15.505591161549091 3 4.666710697114468
    endloop
  endfacet
  facet normal 0 1 0
    outer loop
      vertex 15.505591161549091 3 4.666710697114468
      vertex 15 3 6
      vertex 15.878679655492306 3 5.121320344507694
    endloop
  endfacet
  facet normal 0 1 0
    outer loop
      vertex 15.878679655492306 3 5.121320344507694
      vertex 15 3 6
      vertex 16.333289302885532 3 5.494408838450909
    endloop
  endfacet
  facet normal 0 1 0
    outer loop
      vertex 16.333289302885532 3 5.494408838450909
      vertex 15 3 6
      vertex 16.85194969922304 3 5.771638594567776
    endloop
  endfacet
  facet normal 0 1 0
    outer loop
      vertex 16.85194969922304 3 5.771638594567776
      vertex 15 3 6
      vertex 17.41472903639078 3 5.942355841398239
    endloop
  endfacet
  facet normal 0 1 0
    outer loop
      vertex 17.41472903639078 3 5.942355841398239
      vertex 15 3 6
      vertex 18 3 6
    endloop
  endfacet
  facet normal 0.09801714041660749 0 -0.9951847266636236
    outer loop
      vertex 17.41472903639078 0 5.942355841398239
      vertex 18 3 6
      vertex 18 0 6
    endloop
  endfacet
  facet normal 0.09801714041660749 0 -0.9951847266636236
    outer loop
      vertex 17.41472903639078 0 5.942355841398239
      vertex 17.41472903639078 3 5.942355841398239
      vertex 18 3 6
    endloop
  endfacet
  facet normal 0 -1 0
    outer loop
      vertex 15.05764415860176 18 3.5852709636092186
      vertex 15 18 6
      vertex 15 18 3
    endloop
  endfacet
  facet normal 0 -1 0
    outer loop
      vertex 15.05764415860176 18 3.5852709636092186
      vertex 15.228361405432224 18 4.1480503007769585
      vertex 15 18 6
    endloop
  endfacet
  facet normal 0 -1 0
    outer loop
      vertex 15.228361405432224 18 4.1480503007769585
      vertex 15.505591161549091 18 4.666710697114468
      vertex 15 18 6
    endloop
  endfacet
  facet normal 0 -1 0
    outer loop
      vertex 15.505591161549091 18 4.666710697114468
      vertex 15.878679655492306 18 5.121320344507694
      vertex 15 18 6
    endloop
  endfacet
  facet normal 0 -1 0
    outer loop
      vertex 15.878679655492306 18 5.121320344507694
      vertex 16.333289302885532 18 5.494408838450909
      vertex 15 18 6
    endloop
  endfacet
  facet normal 0 -1 0
    outer loop
      vertex 16.333289302885532 18 5.494408838450909
      vertex 16.85194969922304 18 5.771638594567776
      vertex 15 18 6
    endloop
  endfacet
  facet normal 0 -1 0
    outer loop
      vertex 16.85194969922304 18 5.771638594567776
      vertex 17.41472903639078 18 5.942355841398239
      vertex 15 18 6
    endloop
  endfacet
  facet normal 0 -1 0
    outer loop
      vertex 17.41472903639078 18 5.942355841398239
      vertex 18 18 6
      vertex 15 18 6
    endloop
  endfacet
  facet normal 0.9951847266636236 0 -0.09801714041660749
    outer loop
      vertex 15.05764415860176 18 3.5852709636092186
      vertex 15 18 3
      vertex 15.05764415860176 21 3.5852709636092186
    endloop
  endfacet
  facet normal 0.9951847266636236 0 -0.09801714041660749
    outer loop
      vertex 15.05764415860176 21 3.5852709636092186
      vertex 15 18 3
      vertex 15 21 3
    endloop
  endfacet
  facet normal 0.9569403351191617 0 -0.2902846792754084
    outer loop
      vertex 15.05764415860176 18 3.5852709636092186
      vertex 15.05764415860176 21 3.5852709636092186
      vertex 15.228361405432224 21 4.1480503007769585
    endloop
  endfacet
  facet normal 0.9569403351191617 0 -0.2902846792754084
    outer loop
      vertex 15.05764415860176 18 3.5852709636092186
      vertex 15.228361405432224 21 4.1480503007769585
      vertex 15.228361405432224 18 4.1480503007769585
    endloop
  endfacet
  facet normal 0.8819212654102606 0 -0.4713967348393121
    outer loop
      vertex 15.228361405432224 18 4.1480503007769585
      vertex 15.505591161549091 21 4.666710697114468
      vertex 15.505591161549091 18 4.666710697114468
    endloop
  endfacet
  facet normal 0.7730104548457506 0 -0.6343932823565882
    outer loop
      vertex 15.505591161549091 18 4.666710697114468
      vertex 15.878679655492306 21 5.121320344507694
      vertex 15.878679655492306 18 5.121320344507694
    endloop
  endfacet
  facet normal 0 1 0
    outer loop
      vertex 15.05764415860176 21 3.5852709636092186
      vertex 15 21 3
      vertex 15 21 6
    endloop
  endfacet
  facet normal 0.8819212654102606 0 -0.4713967348393121
    outer loop
      vertex 15.228361405432224 18 4.1480503007769585
      vertex 15.228361405432224 21 4.1480503007769585
      vertex 15.505591161549091 21 4.666710697114468
    endloop
  endfacet
  facet normal 0.7730104548457506 0 -0.6343932823565882
    outer loop
      vertex 15.505591161549091 18 4.666710697114468
      vertex 15.505591161549091 21 4.666710697114468
      vertex 15.878679655492306 21 5.121320344507694
    endloop
  endfacet
  facet normal 0 1 0
    outer loop
      vertex 15.05764415860176 21 3.5852709636092186
      vertex 15 21 6
      vertex 15.228361405432224 21 4.1480503007769585
    endloop
  endfacet
  facet normal 0 1 0
    outer loop
      vertex 15.228361405432224 21 4.1480503007769585
      vertex 15 21 6
      vertex 15.505591161549091 21 4.666710697114468
    endloop
  endfacet
  facet normal 0 1 0
    outer loop
      vertex 15.505591161549091 21 4.666710697114468
      vertex 15 21 6
      vertex 15.878679655492306 21 5.121320344507694
    endloop
  endfacet
  facet normal 0 1 0
    outer loop
      vertex 15.878679655492306 21 5.121320344507694
      vertex 15 21 6
      vertex 16.333289302885532 21 5.494408838450909
    endloop
  endfacet
  facet normal 0.6343932823565882 0 -0.7730104548457506
    outer loop
      vertex 15.878679655492306 18 5.121320344507694
      vertex 16.333289302885532 21 5.494408838450909
      vertex 16.333289302885532 18 5.494408838450909
    endloop
  endfacet
  facet normal 0.4713967348393121 0 -0.8819212654102606
    outer loop
      vertex 16.333289302885532 18 5.494408838450909
      vertex 16.85194969922304 21 5.771638594567776
      vertex 16.85194969922304 18 5.771638594567776
    endloop
  endfacet
  facet normal 0.2902846792754084 0 -0.9569403351191617
    outer loop
      vertex 16.85194969922304 18 5.771638594567776
      vertex 17.41472903639078 21 5.942355841398239
      vertex 17.41472903639078 18 5.942355841398239
    endloop
  endfacet
  facet normal 0.6343932823565882 0 -0.7730104548457506
    outer loop
      vertex 15.878679655492306 18 5.121320344507694
      vertex 15.878679655492306 21 5.121320344507694
      vertex 16.333289302885532 21 5.494408838450909
    endloop
  endfacet
  facet normal 0.4713967348393121 0 -0.8819212654102606
    outer loop
      vertex 16.333289302885532 18 5.494408838450909
      vertex 16.333289302885532 21 5.494408838450909
      vertex 16.85194969922304 21 5.771638594567776
    endloop
  endfacet
  facet normal 0 1 0
    outer loop
      vertex 16.333289302885532 21 5.494408838450909
      vertex 15 21 6
      vertex 16.85194969922304 21 5.771638594567776
    endloop
  endfacet
  facet normal 0 1 0
    outer loop
      vertex 16.85194969922304 21 5.771638594567776
      vertex 15 21 6
      vertex 17.41472903639078 21 5.942355841398239
    endloop
  endfacet
  facet normal 0.2902846792754084 0 -0.9569403351191617
    outer loop
      vertex 16.85194969922304 18 5.771638594567776
      vertex 16.85194969922304 21 5.771638594567776
      vertex 17.41472903639078 21 5.942355841398239
    endloop
  endfacet
  facet normal 0 1 0
    outer loop
      vertex 17.41472903639078 21 5.942355841398239
      vertex 15 21 6
      vertex 18 21 6
    endloop
  endfacet
  facet normal 0.09801714041660749 0 -0.9951847266636236
    outer loop
      vertex 17.41472903639078 18 5.942355841398239
      vertex 18 21 6
      vertex 18 18 6
    endloop
  endfacet
  facet normal 0.09801714041660749 0 -0.9951847266636236
    outer loop
      vertex 17.41472903639078 18 5.942355841398239
      vertex 17.41472903639078 21 5.942355841398239
      vertex 18 21 6
    endloop
  endfacet
  facet normal 0 -1 0
    outer loop
      vertex 16.333289302885532 0 21.50559116154909
      vertex 15.878679655492306 0 21.878679655492306
      vertex 15 0 21
    endloop
  endfacet
  facet normal 0 -1 0
    outer loop
      vertex 15.05764415860176 0 23.41472903639078
      vertex 15 0 24
      vertex 15 0 21
    endloop
  endfacet
  facet normal 0 -1 0
    outer loop
      vertex 15.505591161549091 0 22.333289302885532
      vertex 15.228361405432224 0 22.85194969922304
      vertex 15 0 21
    endloop
  endfacet
  facet normal 0 -1 0
    outer loop
      vertex 15.05764415860176 0 23.41472903639078
      vertex 15 0 21
      vertex 15.228361405432224 0 22.85194969922304
    endloop
  endfacet
  facet normal 0 -1 0
    outer loop
      vertex 15.505591161549091 0 22.333289302885532
      vertex 15 0 21
      vertex 15.878679655492306 0 21.878679655492306
    endloop
  endfacet
  facet normal 0.7730104548457506 0 0.6343932823565882
    outer loop
      vertex 15.505591161549091 0 22.333289302885532
      vertex 15.878679655492306 0 21.878679655492306
      vertex 15.505591161549091 3 22.333289302885532
    endloop
  endfacet
  facet normal 0.8819212654102606 0 0.4713967348393121
    outer loop
      vertex 15.505591161549091 0 22.333289302885532
      vertex 15.228361405432224 3 22.85194969922304
      vertex 15.228361405432224 0 22.85194969922304
    endloop
  endfacet
  facet normal 0.9569403351191617 0 0.2902846792754084
    outer loop
      vertex 15.05764415860176 0 23.41472903639078
      vertex 15.228361405432224 0 22.85194969922304
      vertex 15.05764415860176 3 23.41472903639078
    endloop
  endfacet
  facet normal 0.9951847266636236 0 0.09801714041660749
    outer loop
      vertex 15.05764415860176 0 23.41472903639078
      vertex 15.05764415860176 3 23.41472903639078
      vertex 15 3 24
    endloop
  endfacet
  facet normal 0.8819212654102606 0 0.4713967348393121
    outer loop
      vertex 15.505591161549091 0 22.333289302885532
      vertex 15.505591161549091 3 22.333289302885532
      vertex 15.228361405432224 3 22.85194969922304
    endloop
  endfacet
  facet normal 0.7730104548457506 0 0.6343932823565882
    outer loop
      vertex 15.505591161549091 3 22.333289302885532
      vertex 15.878679655492306 0 21.878679655492306
      vertex 15.878679655492306 3 21.878679655492306
    endloop
  endfacet
  facet normal 0.9569403351191617 0 0.2902846792754084
    outer loop
      vertex 15.228361405432224 0 22.85194969922304
      vertex 15.228361405432224 3 22.85194969922304
      vertex 15.05764415860176 3 23.41472903639078
    endloop
  endfacet
  facet normal 0 -1 0
    outer loop
      vertex 16.333289302885532 0 21.50559116154909
      vertex 15 0 21
      vertex 16.85194969922304 0 21.228361405432224
    endloop
  endfacet
  facet normal 0 -1 0
    outer loop
      vertex 16.85194969922304 0 21.228361405432224
      vertex 15 0 21
      vertex 17.41472903639078 0 21.05764415860176
    endloop
  endfacet
  facet normal 0.4713967348393121 0 0.8819212654102606
    outer loop
      vertex 16.333289302885532 0 21.50559116154909
      vertex 16.85194969922304 0 21.228361405432224
      vertex 16.333289302885532 3 21.50559116154909
    endloop
  endfacet
  facet normal 0 -1 0
    outer loop
      vertex 17.41472903639078 0 21.05764415860176
      vertex 15 0 21
      vertex 18 0 21
    endloop
  endfacet
  facet normal 0.2902846792754084 0 0.9569403351191617
    outer loop
      vertex 16.85194969922304 0 21.228361405432224
      vertex 17.41472903639078 0 21.05764415860176
      vertex 16.85194969922304 3 21.228361405432224
    endloop
  endfacet
  facet normal 0.6343932823565882 0 0.7730104548457506
    outer loop
      vertex 16.333289302885532 0 21.50559116154909
      vertex 15.878679655492306 3 21.878679655492306
      vertex 15.878679655492306 0 21.878679655492306
    endloop
  endfacet
  facet normal 0.6343932823565882 0 0.7730104548457506
    outer loop
      vertex 16.333289302885532 0 21.50559116154909
      vertex 16.333289302885532 3 21.50559116154909
      vertex 15.878679655492306 3 21.878679655492306
    endloop
  endfacet
  facet normal 0.4713967348393121 0 0.8819212654102606
    outer loop
      vertex 16.85194969922304 0 21.228361405432224
      vertex 16.85194969922304 3 21.228361405432224
      vertex 16.333289302885532 3 21.50559116154909
    endloop
  endfacet
  facet normal 0.2902846792754084 0 0.9569403351191617
    outer loop
      vertex 17.41472903639078 0 21.05764415860176
      vertex 17.41472903639078 3 21.05764415860176
      vertex 16.85194969922304 3 21.228361405432224
    endloop
  endfacet
  facet normal 0 1 0
    outer loop
      vertex 16.333289302885532 3 21.50559116154909
      vertex 15 3 21
      vertex 15.878679655492306 3 21.878679655492306
    endloop
  endfacet
  facet normal 0 1 0
    outer loop
      vertex 15.05764415860176 3 23.41472903639078
      vertex 15 3 21
      vertex 15 3 23.99
    endloop
  endfacet
  facet normal 0 1 0
    outer loop
      vertex 15.505591161549091 3 22.333289302885532
      vertex 15 3 21
      vertex 15.228361405432224 3 22.85194969922304
    endloop
  endfacet
  facet normal 0 1 0
    outer loop
      vertex 15.05764415860176 3 23.41472903639078
      vertex 15.228361405432224 3 22.85194969922304
      vertex 15 3 21
    endloop
  endfacet
  facet normal 0 1 0
    outer loop
      vertex 15.505591161549091 3 22.333289302885532
      vertex 15.878679655492306 3 21.878679655492306
      vertex 15 3 21
    endloop
  endfacet
  facet normal 0 1 0
    outer loop
      vertex 16.333289302885532 3 21.50559116154909
      vertex 16.85194969922304 3 21.228361405432224
      vertex 15 3 21
    endloop
  endfacet
  facet normal 0 1 0
    outer loop
      vertex 16.85194969922304 3 21.228361405432224
      vertex 17.41472903639078 3 21.05764415860176
      vertex 15 3 21
    endloop
  endfacet
  facet normal 0 1 0
    outer loop
      vertex 17.41472903639078 3 21.05764415860176
      vertex 18 3 21
      vertex 15 3 21
    endloop
  endfacet
  facet normal 0.9951847266636236 0 0.09801714041660749
    outer loop
      vertex 15.05764415860176 0 23.41472903639078
      vertex 15 3 24
      vertex 15 0 24
    endloop
  endfacet
  facet normal 0 1 0
    outer loop
      vertex 15.05764415860176 3 23.41472903639078
      vertex 15 3 23.99
      vertex 15 3 24
    endloop
  endfacet
  facet normal 0.09801714041660749 0 0.9951847266636236
    outer loop
      vertex 17.41472903639078 0 21.05764415860176
      vertex 18 0 21
      vertex 17.41472903639078 3 21.05764415860176
    endloop
  endfacet
  facet normal 0.09801714041660749 0 0.9951847266636236
    outer loop
      vertex 17.41472903639078 3 21.05764415860176
      vertex 18 0 21
      vertex 18 3 21
    endloop
  endfacet
  facet normal 0 -1 0
    outer loop
      vertex 16.333289302885532 18 21.50559116154909
      vertex 15.878679655492306 18 21.878679655492306
      vertex 15 18 21
    endloop
  endfacet
  facet normal 0 -1 0
    outer loop
      vertex 15.05764415860176 18 23.41472903639078
      vertex 15 18 23.99
      vertex 15 18 21
    endloop
  endfacet
  facet normal 0 -1 0
    outer loop
      vertex 15.505591161549091 18 22.333289302885532
      vertex 15.228361405432224 18 22.85194969922304
      vertex 15 18 21
    endloop
  endfacet
  facet normal 0 -1 0
    outer loop
      vertex 15.05764415860176 18 23.41472903639078
      vertex 15 18 21
      vertex 15.228361405432224 18 22.85194969922304
    endloop
  endfacet
  facet normal 0 -1 0
    outer loop
      vertex 15.505591161549091 18 22.333289302885532
      vertex 15 18 21
      vertex 15.878679655492306 18 21.878679655492306
    endloop
  endfacet
  facet normal 0 -1 0
    outer loop
      vertex 16.333289302885532 18 21.50559116154909
      vertex 15 18 21
      vertex 16.85194969922304 18 21.228361405432224
    endloop
  endfacet
  facet normal 0 -1 0
    outer loop
      vertex 16.85194969922304 18 21.228361405432224
      vertex 15 18 21
      vertex 17.41472903639078 18 21.05764415860176
    endloop
  endfacet
  facet normal 0 -1 0
    outer loop
      vertex 17.41472903639078 18 21.05764415860176
      vertex 15 18 21
      vertex 18 18 21
    endloop
  endfacet
  facet normal 0.7730104548457506 0 0.6343932823565882
    outer loop
      vertex 15.505591161549091 18 22.333289302885532
      vertex 15.878679655492306 18 21.878679655492306
      vertex 15.505591161549091 21 22.333289302885532
    endloop
  endfacet
  facet normal 0.8819212654102606 0 0.4713967348393121
    outer loop
      vertex 15.505591161549091 18 22.333289302885532
      vertex 15.228361405432224 21 22.85194969922304
      vertex 15.228361405432224 18 22.85194969922304
    endloop
  endfacet
  facet normal 0.9569403351191617 0 0.2902846792754084
    outer loop
      vertex 15.05764415860176 18 23.41472903639078
      vertex 15.228361405432224 18 22.85194969922304
      vertex 15.05764415860176 21 23.41472903639078
    endloop
  endfacet
  facet normal 0 1 0
    outer loop
      vertex 16.333289302885532 21 21.50559116154909
      vertex 15 21 21
      vertex 15.878679655492306 21 21.878679655492306
    endloop
  endfacet
  facet normal 0.9951847266636236 0 0.09801714041660749
    outer loop
      vertex 15.05764415860176 18 23.41472903639078
      vertex 15.05764415860176 21 23.41472903639078
      vertex 15 21 24
    endloop
  endfacet
  facet normal 0 1 0
    outer loop
      vertex 15.05764415860176 21 23.41472903639078
      vertex 15 21 21
      vertex 15 21 24
    endloop
  endfacet
  facet normal 0.8819212654102606 0 0.4713967348393121
    outer loop
      vertex 15.505591161549091 18 22.333289302885532
      vertex 15.505591161549091 21 22.333289302885532
      vertex 15.228361405432224 21 22.85194969922304
    endloop
  endfacet
  facet normal 0.7730104548457506 0 0.6343932823565882
    outer loop
      vertex 15.505591161549091 21 22.333289302885532
      vertex 15.878679655492306 18 21.878679655492306
      vertex 15.878679655492306 21 21.878679655492306
    endloop
  endfacet
  facet normal 0.9569403351191617 0 0.2902846792754084
    outer loop
      vertex 15.228361405432224 18 22.85194969922304
      vertex 15.228361405432224 21 22.85194969922304
      vertex 15.05764415860176 21 23.41472903639078
    endloop
  endfacet
  facet normal 0 1 0
    outer loop
      vertex 15.505591161549091 21 22.333289302885532
      vertex 15 21 21
      vertex 15.228361405432224 21 22.85194969922304
    endloop
  endfacet
  facet normal 0 1 0
    outer loop
      vertex 15.05764415860176 21 23.41472903639078
      vertex 15.228361405432224 21 22.85194969922304
      vertex 15 21 21
    endloop
  endfacet
  facet normal 0 1 0
    outer loop
      vertex 15.505591161549091 21 22.333289302885532
      vertex 15.878679655492306 21 21.878679655492306
      vertex 15 21 21
    endloop
  endfacet
  facet normal 0.4713967348393121 0 0.8819212654102606
    outer loop
      vertex 16.333289302885532 18 21.50559116154909
      vertex 16.85194969922304 18 21.228361405432224
      vertex 16.333289302885532 21 21.50559116154909
    endloop
  endfacet
  facet normal 0.2902846792754084 0 0.9569403351191617
    outer loop
      vertex 16.85194969922304 18 21.228361405432224
      vertex 17.41472903639078 18 21.05764415860176
      vertex 16.85194969922304 21 21.228361405432224
    endloop
  endfacet
  facet normal 0.6343932823565882 0 0.7730104548457506
    outer loop
      vertex 16.333289302885532 18 21.50559116154909
      vertex 15.878679655492306 21 21.878679655492306
      vertex 15.878679655492306 18 21.878679655492306
    endloop
  endfacet
  facet normal 0.6343932823565882 0 0.7730104548457506
    outer loop
      vertex 16.333289302885532 18 21.50559116154909
      vertex 16.333289302885532 21 21.50559116154909
      vertex 15.878679655492306 21 21.878679655492306
    endloop
  endfacet
  facet normal 0 1 0
    outer loop
      vertex 16.333289302885532 21 21.50559116154909
      vertex 16.85194969922304 21 21.228361405432224
      vertex 15 21 21
    endloop
  endfacet
  facet normal 0 1 0
    outer loop
      vertex 16.85194969922304 21 21.228361405432224
      vertex 17.41472903639078 21 21.05764415860176
      vertex 15 21 21
    endloop
  endfacet
  facet normal 0.4713967348393121 0 0.8819212654102606
    outer loop
      vertex 16.85194969922304 18 21.228361405432224
      vertex 16.85194969922304 21 21.228361405432224
      vertex 16.333289302885532 21 21.50559116154909
    endloop
  endfacet
  facet normal 0.2902846792754084 0 0.9569403351191617
    outer loop
      vertex 17.41472903639078 18 21.05764415860176
      vertex 17.41472903639078 21 21.05764415860176
      vertex 16.85194969922304 21 21.228361405432224
    endloop
  endfacet
  facet normal 0 1 0
    outer loop
      vertex 17.41472903639078 21 21.05764415860176
      vertex 18 21 21
      vertex 15 21 21
    endloop
  endfacet
  facet normal 0 -1 0
    outer loop
      vertex 15.05764415860176 18 23.41472903639078
      vertex 15 18 24
      vertex 15 18 23.99
    endloop
  endfacet
  facet normal 0.9951847266636236 0 0.09801714041660749
    outer loop
      vertex 15.05764415860176 18 23.41472903639078
      vertex 15 21 24
      vertex 15 18 24
    endloop
  endfacet
  facet normal 0.09801714041660749 0 0.9951847266636236
    outer loop
      vertex 17.41472903639078 18 21.05764415860176
      vertex 18 18 21
      vertex 17.41472903639078 21 21.05764415860176
    endloop
  endfacet
  facet normal 0.09801714041660749 0 0.9951847266636236
    outer loop
      vertex 17.41472903639078 21 21.05764415860176
      vertex 18 18 21
      vertex 18 21 21
    endloop
  endfacet
endsolid OpenSCAD_Model
