solid OpenSCAD_Model
  facet normal -1.1691115348044413e-15 0.5547001769498044 -0.8320503071881266
    outer loop
      vertex 0 0 0
      vertex 6.4973915193383185 8.256278844813458 5.504185620268584
      vertex 6.685417437700575 7.875 5.249999736484728
    endloop
  endfacet
  facet normal -1.6106806795630391e-15 0.5547001769498043 -0.8320503071881267
    outer loop
      vertex 0 0 0
      vertex 6.921601644053485 7.521525355721658 5.01434998546056
      vertex 7.20190296114372 7.20190296114372 4.801268399770554
    endloop
  endfacet
  facet normal 1.350107715117375e-15 0.5547001769498031 -0.8320503071881274
    outer loop
      vertex 0 0 0
      vertex 6.685417437700575 7.875 5.249999736484728
      vertex 6.921601644053485 7.521525355721658 5.01434998546056
    endloop
  endfacet
  facet normal 1.799106733745763e-16 0.5547001769498038 -0.832050307188127
    outer loop
      vertex 0 0 0
      vertex 6.3607410645605285 8.658838103416807 5.772558445866942
      vertex 6.4973915193383185 8.256278844813458 5.504185620268584
    endloop
  endfacet
  facet normal 1.3010009001540902e-15 0.5547001769498024 -0.8320503071881277
    outer loop
      vertex 0 0 0
      vertex 6.277804200535116 9.075789875284832 6.05052627982681
      vertex 6.3607410645605285 8.658838103416807 5.772558445866942
    endloop
  endfacet
  facet normal 4.1647338301661596e-16 0.5547001769498041 -0.8320503071881267
    outer loop
      vertex 0 0 0
      vertex 6.25 9.5 6.3333330154418945
      vertex 6.277804200535116 9.075789875284832 6.05052627982681
    endloop
  endfacet
  facet normal -9.287249114941697e-16 0.5547001769498044 -0.8320503071881264
    outer loop
      vertex 0 0 0
      vertex 6.277804200535116 9.924210124715168 6.616139751056979
      vertex 6.25 9.5 6.3333330154418945
    endloop
  endfacet
  facet normal 1.6612498349338092e-15 0.5547001769498019 -0.8320503071881282
    outer loop
      vertex 0 0 0
      vertex 6.3607410645605285 10.341161896583193 6.894107585016847
      vertex 6.277804200535116 9.924210124715168 6.616139751056979
    endloop
  endfacet
  facet normal -3.0128014515274036e-15 0.5547001769498038 -0.8320503071881269
    outer loop
      vertex 0 0 0
      vertex 6.4973915193383185 10.743721155186542 7.162480410615206
      vertex 6.3607410645605285 10.341161896583193 6.894107585016847
    endloop
  endfacet
  facet normal -1 0 0
    outer loop
      vertex 0 0 30
      vertex 0 17.1 14.399999427795409
      vertex 0 0 0
    endloop
  endfacet
  facet normal 8.667092309416132e-17 0.5547001769498038 -0.8320503071881271
    outer loop
      vertex 0 0 0
      vertex 0 19 12.666666030883789
      vertex 6.4973915193383185 10.743721155186542 7.162480410615206
    endloop
  endfacet
  facet normal -1 0 0
    outer loop
      vertex 0 0 0
      vertex 0 17.684039209480034 13.86719170837562
      vertex 0 17.1 12.666666666666666
    endloop
  endfacet
  facet normal -1 0 0
    outer loop
      vertex 0 0 0
      vertex 0 17.1 14.399999427795409
      vertex 0 17.684039209480034 13.86719170837562
    endloop
  endfacet
  facet normal -1 0 0
    outer loop
      vertex 0 0 0
      vertex 0 17.1 12.666666666666666
      vertex 0 18.334999562859547 13.273333118597671
    endloop
  endfacet
  facet normal -1 0 0
    outer loop
      vertex 0 0 0
      vertex 0 18.334999562859547 13.273333118597671
      vertex 0 18.99999930308418 12.666666666666666
    endloop
  endfacet
  facet normal -1 0 0
    outer loop
      vertex 0 0 0
      vertex 0 18.99999930308418 12.666666666666666
      vertex 0 19 12.666666030883789
    endloop
  endfacet
  facet normal -2.026088618901619e-16 0.5547001769498037 -0.832050307188127
    outer loop
      vertex 0 19 12.666666030883789
      vertex 6.685417437700575 11.125 7.416666294399061
      vertex 6.4973915193383185 10.743721155186542 7.162480410615206
    endloop
  endfacet
  facet normal -2.624896270660989e-16 0.5547001769498038 -0.8320503071881269
    outer loop
      vertex 0 19 12.666666030883789
      vertex 6.921601644053485 11.478474644278343 7.65231604542323
      vertex 6.685417437700575 11.125 7.416666294399061
    endloop
  endfacet
  facet normal -1.9406703953564144e-15 0.5547001769498026 -0.8320503071881278
    outer loop
      vertex 0 19 12.666666030883789
      vertex 7.20190296114372 11.79809703885628 7.865397631113234
      vertex 6.921601644053485 11.478474644278343 7.65231604542323
    endloop
  endfacet
  facet normal 4.049339007473422e-16 0.5547001769498031 -0.8320503071881274
    outer loop
      vertex 0 0 0
      vertex 7.20190296114372 7.20190296114372 4.801268399770554
      vertex 7.521525355721658 6.921601644053485 4.614400864423246
    endloop
  endfacet
  facet normal -3.484608105182947e-17 0.5547001769498034 -0.832050307188127
    outer loop
      vertex 0 0 0
      vertex 7.521525355721658 6.921601644053485 4.614400864423246
      vertex 7.875 6.685417437700575 4.456944734757895
    endloop
  endfacet
  facet normal -9.339834871502205e-16 0.5547001769498038 -0.8320503071881268
    outer loop
      vertex 0 0 0
      vertex 8.658838103416807 6.3607410645605285 4.240493830195602
      vertex 9.075789875284832 6.277804200535116 4.185202590287248
    endloop
  endfacet
  facet normal -8.15913429701688e-16 0.5547001769498041 -0.8320503071881267
    outer loop
      vertex 0 0 0
      vertex 8.256278844813458 6.4973915193383185 4.331594128808163
      vertex 8.658838103416807 6.3607410645605285 4.240493830195602
    endloop
  endfacet
  facet normal 6.890185306540614e-16 0.5547001769498036 -0.8320503071881271
    outer loop
      vertex 0 0 0
      vertex 7.875 6.685417437700575 4.456944734757895
      vertex 8.256278844813458 6.4973915193383185 4.331594128808163
    endloop
  endfacet
  facet normal 4.4359003225067244e-16 0.5547001769498033 -0.8320503071881273
    outer loop
      vertex 0 0 0
      vertex 9.075789875284832 6.277804200535116 4.185202590287248
      vertex 9.5 6.25 4.166666457527562
    endloop
  endfacet
  facet normal 1.410115453098282e-15 0.5547001769498019 -0.8320503071881281
    outer loop
      vertex 0 0 0
      vertex 9.5 6.25 4.166666457527562
      vertex 9.924210124715168 6.277804200535116 4.185202590287249
    endloop
  endfacet
  facet normal -1.1491432612780483e-15 0.5547001769498044 -0.8320503071881266
    outer loop
      vertex 0 0 0
      vertex 9.924210124715168 6.277804200535116 4.185202590287249
      vertex 10.341161896583193 6.3607410645605285 4.240493830195602
    endloop
  endfacet
  facet normal 2.4397407592168745e-15 0.5547001769497993 -0.83205030718813
    outer loop
      vertex 0 0 0
      vertex 10.341161896583193 6.3607410645605285 4.240493830195602
      vertex 10.743721155186542 6.4973915193383185 4.331594128808163
    endloop
  endfacet
  facet normal 0 -1 0
    outer loop
      vertex 0 0 0
      vertex 19 0 0
      vertex 0 0 30
    endloop
  endfacet
  facet normal 1.3532873108155481e-15 0.5547001769498044 -0.8320503071881264
    outer loop
      vertex 0 19 12.666666030883789
      vertex 7.521525355721658 12.078398355946515 8.052265166460543
      vertex 7.20190296114372 11.79809703885628 7.865397631113234
    endloop
  endfacet
  facet normal 4.293105456684805e-16 0.5547001769498043 -0.8320503071881266
    outer loop
      vertex 0 19 12.666666030883789
      vertex 7.875 12.314582562299424 8.209721296125894
      vertex 7.521525355721658 12.078398355946515 8.052265166460543
    endloop
  endfacet
  facet normal -1.2551909302310422e-15 0.5547001769498028 -0.8320503071881277
    outer loop
      vertex 0 19 12.666666030883789
      vertex 8.256278844813458 12.502608480661682 8.335071902075626
      vertex 7.875 12.314582562299424 8.209721296125894
    endloop
  endfacet
  facet normal 7.477630508509828e-16 0.5547001769498049 -0.8320503071881261
    outer loop
      vertex 0 19 12.666666030883789
      vertex 8.658838103416807 12.639258935439472 8.426172200688187
      vertex 8.256278844813458 12.502608480661682 8.335071902075626
    endloop
  endfacet
  facet normal 1.3005423537841612e-15 0.5547001769498051 -0.832050307188126
    outer loop
      vertex 0 19 12.666666030883789
      vertex 9.075789875284832 12.722195799464885 8.481463440596542
      vertex 8.658838103416807 12.639258935439472 8.426172200688187
    endloop
  endfacet
  facet normal -8.309908492837029e-16 0.5547001769498027 -0.8320503071881277
    outer loop
      vertex 0 19 12.666666030883789
      vertex 9.5 12.75 8.499999573356227
      vertex 9.075789875284832 12.722195799464885 8.481463440596542
    endloop
  endfacet
  facet normal 1.2382998819922225e-15 0.5547001769498048 -0.8320503071881263
    outer loop
      vertex 0 19 12.666666030883789
      vertex 9.924210124715168 12.722195799464885 8.481463440596542
      vertex 9.5 12.75 8.499999573356227
    endloop
  endfacet
  facet normal -1.6551170628174403e-15 0.5547001769498003 -0.8320503071881292
    outer loop
      vertex 0 19 12.666666030883789
      vertex 10.341161896583193 12.639258935439472 8.426172200688187
      vertex 9.924210124715168 12.722195799464885 8.481463440596542
    endloop
  endfacet
  facet normal -2.6620962993160042e-15 0.5547001769497988 -0.8320503071881302
    outer loop
      vertex 0 19 12.666666030883789
      vertex 10.743721155186542 12.502608480661682 8.335071902075626
      vertex 10.341161896583193 12.639258935439472 8.426172200688187
    endloop
  endfacet
  facet normal 0 0 1
    outer loop
      vertex 0 0 30
      vertex 1.8999996185302734 1.8999996185302734 30
      vertex 0 17.1 30
    endloop
  endfacet
  facet normal -1 0 0
    outer loop
      vertex 0 0 30
      vertex 0 17.1 30
      vertex 0 17.1 14.399999427795409
    endloop
  endfacet
  facet normal 0 0 1
    outer loop
      vertex 1.8999996185302734 1.8999996185302734 30
      vertex 1.8999996185302734 17.09999942779541 30
      vertex 0 17.1 30
    endloop
  endfacet
  facet normal 0 0 1
    outer loop
      vertex 0 0 30
      vertex 19 0 30
      vertex 1.8999996185302734 1.8999996185302734 30
    endloop
  endfacet
  facet normal -1 0 0
    outer loop
      vertex 0 19 12.666666030883789
      vertex 0 18.99999930308418 12.666666666666666
      vertex 0 19 12.666666666666666
    endloop
  endfacet
  facet normal 0 1 0
    outer loop
      vertex 0 19 12.666666030883789
      vertex 0 19 12.666666666666666
      vertex 19 19 12.666666666666666
    endloop
  endfacet
  facet normal 0 0 1
    outer loop
      vertex 1.8999996185302734 17.09999942779541 30
      vertex 1.9000000000000004 17.1 30
      vertex 0 17.1 30
    endloop
  endfacet
  facet normal 0 0 1
    outer loop
      vertex 1.9000000000000004 17.09999942779541 30
      vertex 1.9000000000000004 17.1 30
      vertex 1.8999996185302734 17.09999942779541 30
    endloop
  endfacet
  facet normal 0 1 0
    outer loop
      vertex 17.1 19 17.344435884261312
      vertex 1.9000000000000004 19 14.666666666666666
      vertex 1.9000000000000004 19 17.344435884261312
    endloop
  endfacet
  facet normal 0 0.5547001769498038 -0.8320503071881269
    outer loop
      vertex 0 0 0
      vertex 10.743721155186542 6.4973915193383185 4.331594128808163
      vertex 19 0 0
    endloop
  endfacet
  facet normal -4.0789837056868714e-16 0.5547001769498034 -0.8320503071881272
    outer loop
      vertex 10.743721155186542 6.4973915193383185 4.331594128808163
      vertex 11.125 6.685417437700575 4.456944734757895
      vertex 19 0 0
    endloop
  endfacet
  facet normal -2.185360837119941e-16 0.5547001769498034 -0.8320503071881271
    outer loop
      vertex 11.125 6.685417437700575 4.456944734757895
      vertex 11.478474644278343 6.921601644053485 4.614400864423246
      vertex 19 0 0
    endloop
  endfacet
  facet normal 7.435434636700224e-16 0.5547001769498043 -0.8320503071881266
    outer loop
      vertex 11.478474644278343 6.921601644053485 4.614400864423246
      vertex 11.79809703885628 7.20190296114372 4.801268399770555
      vertex 19 0 0
    endloop
  endfacet
  facet normal 1.203860050044543e-15 0.5547001769498027 -0.8320503071881277
    outer loop
      vertex 11.125 12.314582562299424 8.209721296125894
      vertex 10.743721155186542 12.502608480661682 8.335071902075626
      vertex 19 19 12.666666030883789
    endloop
  endfacet
  facet normal -5.876617943991827e-16 0.5547001769498041 -0.8320503071881268
    outer loop
      vertex 11.125 12.314582562299424 8.209721296125894
      vertex 19 19 12.666666030883789
      vertex 11.478474644278343 12.078398355946515 8.052265166460543
    endloop
  endfacet
  facet normal 4.4090932447085515e-16 0.5547001769498033 -0.8320503071881272
    outer loop
      vertex 11.79809703885628 11.79809703885628 7.865397631113235
      vertex 11.478474644278343 12.078398355946515 8.052265166460543
      vertex 19 19 12.666666030883789
    endloop
  endfacet
  facet normal -1.0257996442538611e-15 0.554700176949803 -0.8320503071881273
    outer loop
      vertex 11.79809703885628 7.20190296114372 4.801268399770555
      vertex 12.078398355946515 7.521525355721658 5.0143499854605595
      vertex 19 0 0
    endloop
  endfacet
  facet normal -1.7556579036283448e-16 0.5547001769498036 -0.832050307188127
    outer loop
      vertex 12.078398355946515 7.521525355721658 5.0143499854605595
      vertex 12.314582562299424 7.875 5.249999736484728
      vertex 19 0 0
    endloop
  endfacet
  facet normal -4.584751116880156e-16 0.5547001769498034 -0.8320503071881272
    outer loop
      vertex 12.314582562299424 7.875 5.249999736484728
      vertex 12.502608480661682 8.256278844813458 5.504185620268583
      vertex 19 0 0
    endloop
  endfacet
  facet normal 1.861852264309767e-15 0.5547001769498048 -0.8320503071881263
    outer loop
      vertex 12.502608480661682 8.256278844813458 5.504185620268583
      vertex 12.639258935439472 8.658838103416807 5.772558445866942
      vertex 19 0 0
    endloop
  endfacet
  facet normal 4.928406151065679e-16 0.5547001769498039 -0.8320503071881268
    outer loop
      vertex 12.639258935439472 8.658838103416807 5.772558445866942
      vertex 12.722195799464885 9.075789875284832 6.050526279826811
      vertex 19 0 0
    endloop
  endfacet
  facet normal -2.0797364739574935e-15 0.5547001769498028 -0.8320503071881277
    outer loop
      vertex 12.722195799464885 9.075789875284832 6.050526279826811
      vertex 12.75 9.5 6.3333330154418945
      vertex 19 0 0
    endloop
  endfacet
  facet normal -5.086386534910654e-16 0.5547001769498041 -0.8320503071881268
    outer loop
      vertex 19 0 0
      vertex 12.75 9.5 6.3333330154418945
      vertex 12.722195799464885 9.924210124715168 6.616139751056979
    endloop
  endfacet
  facet normal -1.3682642414187079e-15 0.5547001769498021 -0.8320503071881281
    outer loop
      vertex 19 0 0
      vertex 12.722195799464885 9.924210124715168 6.616139751056979
      vertex 12.639258935439472 10.341161896583193 6.894107585016847
    endloop
  endfacet
  facet normal 4.75928211544476e-15 0.5547001769498047 -0.8320503071881262
    outer loop
      vertex 19 0 0
      vertex 12.639258935439472 10.341161896583193 6.894107585016847
      vertex 12.502608480661682 10.743721155186542 7.162480410615205
    endloop
  endfacet
  facet normal 1 0 0
    outer loop
      vertex 19 0 0
      vertex 19 17.1 12.666666666666666
      vertex 19 0 30
    endloop
  endfacet
  facet normal 1.3768448355285519e-16 0.5547001769498038 -0.8320503071881271
    outer loop
      vertex 19 0 0
      vertex 12.502608480661682 10.743721155186542 7.162480410615205
      vertex 19 19 12.666666030883789
    endloop
  endfacet
  facet normal -2.624896270660994e-16 0.5547001769498038 -0.8320503071881269
    outer loop
      vertex 12.314582562299424 11.125 7.416666294399061
      vertex 12.078398355946515 11.478474644278343 7.65231604542323
      vertex 19 19 12.666666030883789
    endloop
  endfacet
  facet normal -9.894264284986784e-16 0.5547001769498042 -0.8320503071881266
    outer loop
      vertex 12.314582562299424 11.125 7.416666294399061
      vertex 19 19 12.666666030883789
      vertex 12.502608480661682 10.743721155186542 7.162480410615205
    endloop
  endfacet
  facet normal 1.3927230150437118e-16 0.5547001769498034 -0.832050307188127
    outer loop
      vertex 11.79809703885628 11.79809703885628 7.865397631113235
      vertex 19 19 12.666666030883789
      vertex 12.078398355946515 11.478474644278343 7.65231604542323
    endloop
  endfacet
  facet normal 1 0 0
    outer loop
      vertex 19 0 0
      vertex 19 19 12.666666030883789
      vertex 19 17.1 12.666666666666666
    endloop
  endfacet
  facet normal 0 -1 0
    outer loop
      vertex 0 0 30
      vertex 19 0 0
      vertex 19 0 30
    endloop
  endfacet
  facet normal 0 0 1
    outer loop
      vertex 1.8999996185302734 1.8999996185302734 30
      vertex 19 0 30
      vertex 17.09999942779541 1.8999996185302734 30
    endloop
  endfacet
  facet normal 0 0 1
    outer loop
      vertex 17.09999942779541 1.8999996185302734 30
      vertex 17.1 1.9000000000000004 30
      vertex 17.09999942779541 1.9000000000000004 30
    endloop
  endfacet
  facet normal 0 0 1
    outer loop
      vertex 17.09999942779541 1.8999996185302734 30
      vertex 19 0 30
      vertex 17.1 1.9000000000000004 30
    endloop
  endfacet
  facet normal 0 0 1
    outer loop
      vertex 17.1 1.9000000000000004 30
      vertex 19 0 30
      vertex 19 17.1 30
    endloop
  endfacet
  facet normal 1 0 0
    outer loop
      vertex 19 0 30
      vertex 19 17.1 12.666666666666666
      vertex 19 17.1 14.399999427795409
    endloop
  endfacet
  facet normal 1 0 0
    outer loop
      vertex 19 0 30
      vertex 19 17.1 14.399999427795409
      vertex 19 17.1 30
    endloop
  endfacet
  facet normal 0 0 1
    outer loop
      vertex 17.1 1.9000000000000004 30
      vertex 19 17.1 30
      vertex 17.1 17.1 30
    endloop
  endfacet
  facet normal 0 0.5547001769498038 -0.8320503071881269
    outer loop
      vertex 0 19 12.666666030883789
      vertex 19 19 12.666666030883789
      vertex 10.743721155186542 12.502608480661682 8.335071902075626
    endloop
  endfacet
  facet normal 0 1 0
    outer loop
      vertex 0 19 12.666666030883789
      vertex 19 19 12.666666666666666
      vertex 19 19 12.666666030883789
    endloop
  endfacet
  facet normal 1 0 0
    outer loop
      vertex 19 17.1 12.666666666666666
      vertex 19 17.474006182981622 14.058800792209366
      vertex 19 17.1 14.399999427795409
    endloop
  endfacet
  facet normal 1 0 0
    outer loop
      vertex 19 18.99999930308418 12.666666666666666
      vertex 19 17.989199691194923 13.588799679757695
      vertex 19 17.1 12.666666666666666
    endloop
  endfacet
  facet normal 1 0 0
    outer loop
      vertex 19 19 12.666666030883789
      vertex 19 18.99999930308418 12.666666666666666
      vertex 19 17.1 12.666666666666666
    endloop
  endfacet
  facet normal 1 0 0
    outer loop
      vertex 19 19 12.666666030883789
      vertex 19 19 12.666666666666666
      vertex 19 18.99999930308418 12.666666666666666
    endloop
  endfacet
  facet normal 0 1 0
    outer loop
      vertex 1.9000000000000004 19 14.666666666666666
      vertex 17.1 19 17.344435884261312
      vertex 17.1 19 14.666666666666666
    endloop
  endfacet
  facet normal 0 0 1
    outer loop
      vertex 19 17.1 30
      vertex 17.1 18.5 30
      vertex 17.1 17.1 30
    endloop
  endfacet
  facet normal 2.2164241772420455e-16 -0.5547001962252291 0.8320502943378437
    outer loop
      vertex 1.8999996185302734 1.8999996185302734 7.211102485656738
      vertex 8.02179274798194 8.887706508215857 11.869573745447125
      vertex 1.8999996185302734 17.09999942779541 17.344435691833496
    endloop
  endfacet
  facet normal 0 1 0
    outer loop
      vertex 1.8999996185302734 1.8999996185302734 7.211102485656738
      vertex 1.8999996185302734 1.8999996185302734 30
      vertex 17.09999942779541 1.8999996185302734 7.211102485656738
    endloop
  endfacet
  facet normal 2.3556086868002767e-15 -0.5547001962252306 0.8320502943378426
    outer loop
      vertex 1.8999996185302734 1.8999996185302734 7.211102485656738
      vertex 8.368629150101524 8.368629150101524 11.523522173370905
      vertex 8.169648620315927 8.611087627168637 11.685161158082314
    endloop
  endfacet
  facet normal -5.213951310822807e-15 -0.5547001962252263 0.8320502943378456
    outer loop
      vertex 1.8999996185302734 1.8999996185302734 7.211102485656738
      vertex 8.169648620315927 8.611087627168637 11.685161158082314
      vertex 8.02179274798194 8.887706508215857 11.869573745447125
    endloop
  endfacet
  facet normal 3.46648740418405e-16 -0.554700196225229 0.8320502943378437
    outer loop
      vertex 1.8999996185302734 1.8999996185302734 7.211102485656738
      vertex 8.611087627168637 8.169648620315927 11.390868486847173
      vertex 8.368629150101524 8.368629150101524 11.523522173370905
    endloop
  endfacet
  facet normal -2.5389792640872534e-15 -0.5547001962252277 0.8320502943378446
    outer loop
      vertex 1.8999996185302734 1.8999996185302734 7.211102485656738
      vertex 8.887706508215857 8.02179274798194 11.292297905291184
      vertex 8.611087627168637 8.169648620315927 11.390868486847173
    endloop
  endfacet
  facet normal 0 -0.5547001962252293 0.8320502943378437
    outer loop
      vertex 1.8999996185302734 1.8999996185302734 7.211102485656738
      vertex 17.09999942779541 1.8999996185302734 7.211102485656738
      vertex 8.887706508215857 8.02179274798194 11.292297905291184
    endloop
  endfacet
  facet normal 7.0433617016818426e-15 -0.5547001962252254 0.8320502943378462
    outer loop
      vertex 7.930743551354832 9.187855484774195 12.069673063152687
      vertex 7.9 9.5 12.277769406636555
      vertex 1.8999996185302734 17.09999942779541 17.344435691833496
    endloop
  endfacet
  facet normal -5.173874510082244e-15 -0.5547001962252319 0.8320502943378417
    outer loop
      vertex 7.9 9.5 12.277769406636555
      vertex 7.930743551354832 9.812144515225805 12.485865750120427
      vertex 1.8999996185302734 17.09999942779541 17.344435691833496
    endloop
  endfacet
  facet normal -1.4421318575884805e-14 -0.5547001962252367 0.8320502943378386
    outer loop
      vertex 8.02179274798194 8.887706508215857 11.869573745447125
      vertex 7.930743551354832 9.187855484774195 12.069673063152687
      vertex 1.8999996185302734 17.09999942779541 17.344435691833496
    endloop
  endfacet
  facet normal 2.8752376654334252e-15 -0.5547001962252275 0.8320502943378448
    outer loop
      vertex 7.930743551354832 9.812144515225805 12.485865750120427
      vertex 8.02179274798194 10.112293491784143 12.685965067825984
      vertex 1.8999996185302734 17.09999942779541 17.344435691833496
    endloop
  endfacet
  facet normal -2.467440172178338e-15 -0.5547001962252307 0.8320502943378426
    outer loop
      vertex 8.02179274798194 10.112293491784143 12.685965067825984
      vertex 8.169648620315927 10.388912372831363 12.870377655190799
      vertex 1.8999996185302734 17.09999942779541 17.344435691833496
    endloop
  endfacet
  facet normal 1.095580672486051e-15 -0.5547001962252284 0.8320502943378442
    outer loop
      vertex 8.169648620315927 10.388912372831363 12.870377655190799
      vertex 8.368629150101524 10.631370849898476 13.032016639902206
      vertex 1.8999996185302734 17.09999942779541 17.344435691833496
    endloop
  endfacet
  facet normal -4.491127802313343e-19 -0.5547001962252291 0.8320502943378436
    outer loop
      vertex 8.368629150101524 10.631370849898476 13.032016639902206
      vertex 8.611087627168637 10.830351379684073 13.164670326425938
      vertex 1.8999996185302734 17.09999942779541 17.344435691833496
    endloop
  endfacet
  facet normal -1.1180921039861652e-15 -0.55470019622523 0.8320502943378432
    outer loop
      vertex 8.611087627168637 10.830351379684073 13.164670326425938
      vertex 8.887706508215857 10.97820725201806 13.26324090798193
      vertex 1.8999996185302734 17.09999942779541 17.344435691833496
    endloop
  endfacet
  facet normal 1 0 0
    outer loop
      vertex 1.8999996185302734 1.8999996185302734 7.211102485656738
      vertex 1.8999996185302734 17.09999942779541 30
      vertex 1.8999996185302734 1.8999996185302734 30
    endloop
  endfacet
  facet normal 1 0 0
    outer loop
      vertex 1.8999996185302734 1.8999996185302734 7.211102485656738
      vertex 1.8999996185302734 17.09999942779541 17.344435691833496
      vertex 1.8999996185302734 17.09999942779541 30
    endloop
  endfacet
  facet normal -9.188410031677259e-18 -0.5547001962252291 0.8320502943378438
    outer loop
      vertex 8.887706508215857 10.97820725201806 13.26324090798193
      vertex 17.09999942779541 17.09999942779541 17.344435691833496
      vertex 1.8999996185302734 17.09999942779541 17.344435691833496
    endloop
  endfacet
  facet normal 0 -1 0
    outer loop
      vertex 1.8999996185302734 17.09999942779541 17.344435691833496
      vertex 1.9000000000000004 17.09999942779541 17.344435884261312
      vertex 1.9000000000000004 17.09999942779541 30
    endloop
  endfacet
  facet normal 0 -1 0
    outer loop
      vertex 1.8999996185302734 17.09999942779541 17.344435691833496
      vertex 1.9000000000000004 17.09999942779541 30
      vertex 1.8999996185302734 17.09999942779541 30
    endloop
  endfacet
  facet normal 0 -1 0
    outer loop
      vertex 1.8999996185302734 17.09999942779541 17.344435691833496
      vertex 17.09999942779541 17.09999942779541 17.344435691833496
      vertex 1.9000000000000004 17.09999942779541 17.344435884261312
    endloop
  endfacet
  facet normal 2.7179687566077282e-15 -0.5547001962252267 0.8320502943378454
    outer loop
      vertex 9.187855484774195 7.930743551354832 11.23159844087311
      vertex 8.887706508215857 8.02179274798194 11.292297905291184
      vertex 17.09999942779541 1.8999996185302734 7.211102485656738
    endloop
  endfacet
  facet normal 3.622671724397188e-15 -0.5547001962252258 0.8320502943378458
    outer loop
      vertex 9.187855484774195 7.930743551354832 11.23159844087311
      vertex 17.09999942779541 1.8999996185302734 7.211102485656738
      vertex 9.5 7.9 11.211102739969888
    endloop
  endfacet
  facet normal -2.820462790506073e-15 -0.5547001962252316 0.8320502943378422
    outer loop
      vertex 9.5 7.9 11.211102739969888
      vertex 17.09999942779541 1.8999996185302734 7.211102485656738
      vertex 9.812144515225805 7.930743551354832 11.23159844087311
    endloop
  endfacet
  facet normal 2.404892565297204e-15 -0.5547001962252271 0.832050294337845
    outer loop
      vertex 9.812144515225805 7.930743551354832 11.23159844087311
      vertex 17.09999942779541 1.8999996185302734 7.211102485656738
      vertex 10.112293491784143 8.02179274798194 11.292297905291182
    endloop
  endfacet
  facet normal -1.162290433882476e-15 -0.5547001962252299 0.8320502943378432
    outer loop
      vertex 10.112293491784143 8.02179274798194 11.292297905291182
      vertex 17.09999942779541 1.8999996185302734 7.211102485656738
      vertex 10.388912372831363 8.169648620315927 11.390868486847173
    endloop
  endfacet
  facet normal -1.9562939600338393e-17 -0.5547001962252291 0.8320502943378436
    outer loop
      vertex 10.388912372831363 8.169648620315927 11.390868486847173
      vertex 17.09999942779541 1.8999996185302734 7.211102485656738
      vertex 10.631370849898476 8.368629150101524 11.523522173370905
    endloop
  endfacet
  facet normal -2.256128795913132e-15 -0.5547001962252307 0.8320502943378427
    outer loop
      vertex 10.631370849898476 8.368629150101524 11.523522173370905
      vertex 17.09999942779541 1.8999996185302734 7.211102485656738
      vertex 10.830351379684073 8.611087627168637 11.685161158082314
    endloop
  endfacet
  facet normal 1.253951353514065e-15 -0.5547001962252284 0.8320502943378442
    outer loop
      vertex 10.830351379684073 8.611087627168637 11.685161158082314
      vertex 17.09999942779541 1.8999996185302734 7.211102485656738
      vertex 10.97820725201806 8.887706508215857 11.869573745447127
    endloop
  endfacet
  facet normal -2.7928841509836285e-15 -0.5547001962252265 0.8320502943378455
    outer loop
      vertex 8.887706508215857 10.97820725201806 13.26324090798193
      vertex 9.187855484774195 11.069256448645168 13.323940372400003
      vertex 17.09999942779541 17.09999942779541 17.344435691833496
    endloop
  endfacet
  facet normal 7.233924016378073e-15 -0.5547001962252356 0.8320502943378393
    outer loop
      vertex 9.187855484774195 11.069256448645168 13.323940372400003
      vertex 9.5 11.1 13.344436073303221
      vertex 17.09999942779541 17.09999942779541 17.344435691833496
    endloop
  endfacet
  facet normal -1.4159950590926516e-15 -0.5547001962252279 0.8320502943378444
    outer loop
      vertex 9.5 11.1 13.344436073303221
      vertex 9.812144515225805 11.069256448645168 13.323940372400001
      vertex 17.09999942779541 17.09999942779541 17.344435691833496
    endloop
  endfacet
  facet normal 1.174167534968326e-15 -0.5547001962252301 0.832050294337843
    outer loop
      vertex 9.812144515225805 11.069256448645168 13.323940372400001
      vertex 10.112293491784143 10.97820725201806 13.263240907981928
      vertex 17.09999942779541 17.09999942779541 17.344435691833496
    endloop
  endfacet
  facet normal -7.368834147557549e-15 -0.5547001962252254 0.8320502943378462
    outer loop
      vertex 10.97820725201806 8.887706508215857 11.869573745447127
      vertex 17.09999942779541 17.09999942779541 17.344435691833496
      vertex 11.069256448645168 9.187855484774195 12.069673063152685
    endloop
  endfacet
  facet normal 1.3464355805832227e-15 -0.5547001962252299 0.8320502943378432
    outer loop
      vertex 11.069256448645168 9.812144515225805 12.485865750120425
      vertex 17.09999942779541 17.09999942779541 17.344435691833496
      vertex 10.97820725201806 10.112293491784143 12.685965067825984
    endloop
  endfacet
  facet normal 2.497492586764152e-15 -0.5547001962252307 0.8320502943378427
    outer loop
      vertex 10.830351379684073 10.388912372831363 12.870377655190799
      vertex 10.97820725201806 10.112293491784143 12.685965067825984
      vertex 17.09999942779541 17.09999942779541 17.344435691833496
    endloop
  endfacet
  facet normal -3.3325190778104765e-15 -0.5547001962252268 0.8320502943378453
    outer loop
      vertex 10.631370849898476 10.631370849898476 13.032016639902206
      vertex 17.09999942779541 17.09999942779541 17.344435691833496
      vertex 10.388912372831363 10.830351379684073 13.164670326425936
    endloop
  endfacet
  facet normal 1.0387280422818182e-15 -0.55470019622523 0.832050294337843
    outer loop
      vertex 10.112293491784143 10.97820725201806 13.263240907981928
      vertex 10.388912372831363 10.830351379684073 13.164670326425936
      vertex 17.09999942779541 17.09999942779541 17.344435691833496
    endloop
  endfacet
  facet normal -1.1366350837435258e-15 -0.5547001962252283 0.8320502943378442
    outer loop
      vertex 10.631370849898476 10.631370849898476 13.032016639902206
      vertex 10.830351379684073 10.388912372831363 12.870377655190799
      vertex 17.09999942779541 17.09999942779541 17.344435691833496
    endloop
  endfacet
  facet normal 6.934946919635425e-15 -0.5547001962252328 0.8320502943378412
    outer loop
      vertex 11.069256448645168 9.187855484774195 12.069673063152685
      vertex 17.09999942779541 17.09999942779541 17.344435691833496
      vertex 11.1 9.5 12.277769406636557
    endloop
  endfacet
  facet normal -5.293822366426319e-15 -0.5547001962252261 0.8320502943378456
    outer loop
      vertex 11.1 9.5 12.277769406636557
      vertex 17.09999942779541 17.09999942779541 17.344435691833496
      vertex 11.069256448645168 9.812144515225805 12.485865750120425
    endloop
  endfacet
  facet normal -1 0 0
    outer loop
      vertex 17.09999942779541 1.8999996185302734 7.211102485656738
      vertex 17.09999942779541 1.9000000000000004 17.344435884261312
      vertex 17.09999942779541 17.09999942779541 17.344435884261312
    endloop
  endfacet
  facet normal -3.855618026933868e-19 -0.5547001962252291 0.8320502943378437
    outer loop
      vertex 10.97820725201806 8.887706508215857 11.869573745447127
      vertex 17.09999942779541 1.8999996185302734 7.211102485656738
      vertex 17.09999942779541 17.09999942779541 17.344435691833496
    endloop
  endfacet
  facet normal -1 0 0
    outer loop
      vertex 17.09999942779541 1.8999996185302734 7.211102485656738
      vertex 17.09999942779541 17.09999942779541 17.344435884261312
      vertex 17.09999942779541 17.09999942779541 17.344435691833496
    endloop
  endfacet
  facet normal 0 1 0
    outer loop
      vertex 1.8999996185302734 1.8999996185302734 30
      vertex 17.09999942779541 1.8999996185302734 30
      vertex 17.09999942779541 1.8999996185302734 7.211102485656738
    endloop
  endfacet
  facet normal -1 0 0
    outer loop
      vertex 17.09999942779541 1.8999996185302734 7.211102485656738
      vertex 17.09999942779541 1.8999996185302734 30
      vertex 17.09999942779541 1.9000000000000004 17.344435884261312
    endloop
  endfacet
  facet normal -1 0 0
    outer loop
      vertex 17.09999942779541 1.9000000000000004 17.344435884261312
      vertex 17.09999942779541 1.8999996185302734 30
      vertex 17.09999942779541 1.9000000000000004 30
    endloop
  endfacet
  facet normal 0 -1 0
    outer loop
      vertex 1.9000000000000004 17.09999942779541 17.344435884261312
      vertex 17.09999942779541 17.09999942779541 17.344435691833496
      vertex 17.09999942779541 17.09999942779541 17.344435884261312
    endloop
  endfacet
  facet normal 1 0 0
    outer loop
      vertex 1.9000000000000004 17.09999942779541 17.344435884261312
      vertex 1.9000000000000004 17.1 17.344435884261312
      vertex 1.9000000000000004 18.016302200563004 23.89667105377021
    endloop
  endfacet
  facet normal 1 0 0
    outer loop
      vertex 1.9000000000000004 17.09999942779541 17.344435884261312
      vertex 1.9000000000000004 18.016302200563004 23.89667105377021
      vertex 1.9000000000000004 17.1 28
    endloop
  endfacet
  facet normal 1 0 0
    outer loop
      vertex 1.9000000000000004 17.09999942779541 17.344435884261312
      vertex 1.9000000000000004 17.1 28
      vertex 1.9000000000000004 17.09999942779541 30
    endloop
  endfacet
  facet normal 1 0 0
    outer loop
      vertex 1.9000000000000004 18.016302200563004 23.89667105377021
      vertex 1.9000000000000004 19 25.360349442162175
      vertex 1.9000000000000004 17.1 28
    endloop
  endfacet
  facet normal 1 0 0
    outer loop
      vertex 1.9000000000000004 17.09999942779541 30
      vertex 1.9000000000000004 17.1 28
      vertex 1.9000000000000004 17.1 30
    endloop
  endfacet
  facet normal 1 0 0
    outer loop
      vertex 1.9000000000000004 17.1 28
      vertex 1.9000000000000004 19 25.360349442162175
      vertex 1.9000000000000004 19 26.284143866080946
    endloop
  endfacet
  facet normal 0 0 1
    outer loop
      vertex 1.9000000000000004 17.09999942779541 17.344435884261312
      vertex 17.1 19 17.344435884261312
      vertex 1.9000000000000004 17.1 17.344435884261312
    endloop
  endfacet
  facet normal 0 0 1
    outer loop
      vertex 17.1 19 17.344435884261312
      vertex 1.9000000000000004 19 17.344435884261312
      vertex 1.9000000000000004 17.1 17.344435884261312
    endloop
  endfacet
  facet normal 0 1 0
    outer loop
      vertex 17.1 1.9000000000000004 17.344435884261312
      vertex 17.09999942779541 1.9000000000000004 17.344435884261312
      vertex 17.1 1.9000000000000004 30
    endloop
  endfacet
  facet normal 0 0 1
    outer loop
      vertex 17.1 1.9000000000000004 17.344435884261312
      vertex 17.09999942779541 17.09999942779541 17.344435884261312
      vertex 17.09999942779541 1.9000000000000004 17.344435884261312
    endloop
  endfacet
  facet normal -1 0 0
    outer loop
      vertex 17.1 1.9000000000000004 17.344435884261312
      vertex 17.1 1.9000000000000004 30
      vertex 17.1 19 17.344435884261312
    endloop
  endfacet
  facet normal 0 1 0
    outer loop
      vertex 17.09999942779541 1.9000000000000004 17.344435884261312
      vertex 17.09999942779541 1.9000000000000004 30
      vertex 17.1 1.9000000000000004 30
    endloop
  endfacet
  facet normal 0 0 1
    outer loop
      vertex 17.1 1.9000000000000004 17.344435884261312
      vertex 17.1 19 17.344435884261312
      vertex 17.09999942779541 17.09999942779541 17.344435884261312
    endloop
  endfacet
  facet normal -1 0 0
    outer loop
      vertex 17.1 1.9000000000000004 30
      vertex 17.1 19 26.284143866080946
      vertex 17.1 19 17.344435884261312
    endloop
  endfacet
  facet normal -1 0 0
    outer loop
      vertex 17.1 1.9000000000000004 30
      vertex 17.1 17.1 28
      vertex 17.1 19 26.284143866080946
    endloop
  endfacet
  facet normal -1 0 0
    outer loop
      vertex 17.1 1.9000000000000004 30
      vertex 17.1 17.1 30
      vertex 17.1 17.1 28
    endloop
  endfacet
  facet normal 0 0 1
    outer loop
      vertex 1.9000000000000004 17.09999942779541 17.344435884261312
      vertex 17.09999942779541 17.09999942779541 17.344435884261312
      vertex 17.1 19 17.344435884261312
    endloop
  endfacet
  facet normal 0.8819212643483555 0.471396736825997 -3.3594607792492402e-18
    outer loop
      vertex 8.02179274798194 8.887706508215857 8.833333333333332
      vertex 8.169648620315927 8.611087627168637 11.685161158082314
      vertex 8.169648620315927 8.611087627168637 8.833333333333332
    endloop
  endfacet
  facet normal 0.7730104533627349 0.6343932841636479 1.109481225797357e-18
    outer loop
      vertex 8.169648620315927 8.611087627168637 8.833333333333332
      vertex 8.368629150101524 8.368629150101524 11.523522173370905
      vertex 8.368629150101524 8.368629150101524 8.833333333333332
    endloop
  endfacet
  facet normal 0.773010453362735 0.6343932841636479 0
    outer loop
      vertex 8.169648620315927 8.611087627168637 8.833333333333332
      vertex 8.169648620315927 8.611087627168637 11.685161158082314
      vertex 8.368629150101524 8.368629150101524 11.523522173370905
    endloop
  endfacet
  facet normal 0.9569403357322095 0.29028467725446044 0
    outer loop
      vertex 8.02179274798194 8.887706508215857 8.833333333333332
      vertex 7.930743551354832 9.187855484774195 8.833333333333332
      vertex 8.02179274798194 8.887706508215857 11.869573745447125
    endloop
  endfacet
  facet normal 0.9951847266721968 0.09801714032956071 0
    outer loop
      vertex 7.930743551354832 9.187855484774195 8.833333333333332
      vertex 7.9 9.5 8.833333333333332
      vertex 7.930743551354832 9.187855484774195 12.069673063152687
    endloop
  endfacet
  facet normal 0.9951847266721969 -0.09801714032956074 0
    outer loop
      vertex 7.9 9.5 8.833333333333332
      vertex 7.930743551354832 9.812144515225805 8.833333333333332
      vertex 7.9 9.5 12.277769406636555
    endloop
  endfacet
  facet normal 0.9569403357322095 0.2902846772544604 0
    outer loop
      vertex 7.930743551354832 9.187855484774195 8.833333333333332
      vertex 7.930743551354832 9.187855484774195 12.069673063152687
      vertex 8.02179274798194 8.887706508215857 11.869573745447125
    endloop
  endfacet
  facet normal 0.9951847266721969 0.09801714032956074 5.963349160303757e-19
    outer loop
      vertex 7.930743551354832 9.187855484774195 12.069673063152687
      vertex 7.9 9.5 8.833333333333332
      vertex 7.9 9.5 12.277769406636555
    endloop
  endfacet
  facet normal 0.9951847266721968 -0.09801714032956073 0
    outer loop
      vertex 7.930743551354832 9.812144515225805 8.833333333333332
      vertex 7.930743551354832 9.812144515225805 12.485865750120427
      vertex 7.9 9.5 12.277769406636555
    endloop
  endfacet
  facet normal 0.8819212643483554 0.47139673682599686 0
    outer loop
      vertex 8.02179274798194 8.887706508215857 8.833333333333332
      vertex 8.02179274798194 8.887706508215857 11.869573745447125
      vertex 8.169648620315927 8.611087627168637 11.685161158082314
    endloop
  endfacet
  facet normal 0.9569403357322094 -0.2902846772544604 0
    outer loop
      vertex 7.930743551354832 9.812144515225805 8.833333333333332
      vertex 8.02179274798194 10.112293491784143 8.833333333333332
      vertex 7.930743551354832 9.812144515225805 12.485865750120427
    endloop
  endfacet
  facet normal 0.8819212643483554 -0.4713967368259968 0
    outer loop
      vertex 8.02179274798194 10.112293491784143 8.833333333333332
      vertex 8.169648620315927 10.388912372831363 8.833333333333332
      vertex 8.02179274798194 10.112293491784143 12.685965067825984
    endloop
  endfacet
  facet normal 0.773010453362735 -0.6343932841636479 0
    outer loop
      vertex 8.169648620315927 10.388912372831363 8.833333333333332
      vertex 8.368629150101524 10.631370849898476 8.833333333333332
      vertex 8.169648620315927 10.388912372831363 12.870377655190799
    endloop
  endfacet
  facet normal 0.6343932841636479 0.773010453362735 0
    outer loop
      vertex 8.611087627168637 8.169648620315927 8.833333333333332
      vertex 8.368629150101524 8.368629150101524 8.833333333333332
      vertex 8.611087627168637 8.169648620315927 11.390868486847173
    endloop
  endfacet
  facet normal 0.4713967368259969 0.8819212643483554 -3.896194290748853e-18
    outer loop
      vertex 8.611087627168637 8.169648620315927 8.833333333333332
      vertex 8.887706508215857 8.02179274798194 11.292297905291184
      vertex 8.887706508215857 8.02179274798194 8.833333333333332
    endloop
  endfacet
  facet normal 0.6343932841636479 0.7730104533627349 0
    outer loop
      vertex 8.368629150101524 8.368629150101524 8.833333333333332
      vertex 8.368629150101524 8.368629150101524 11.523522173370905
      vertex 8.611087627168637 8.169648620315927 11.390868486847173
    endloop
  endfacet
  facet normal 0.47139673682599686 0.8819212643483554 0
    outer loop
      vertex 8.611087627168637 8.169648620315927 8.833333333333332
      vertex 8.611087627168637 8.169648620315927 11.390868486847173
      vertex 8.887706508215857 8.02179274798194 11.292297905291184
    endloop
  endfacet
  facet normal 0.29028467725446044 0.9569403357322095 1.6025584760790195e-19
    outer loop
      vertex 8.887706508215857 8.02179274798194 8.833333333333332
      vertex 9.187855484774195 7.930743551354832 11.23159844087311
      vertex 9.187855484774195 7.930743551354832 8.833333333333332
    endloop
  endfacet
  facet normal 0.09801714032956074 0.9951847266721968 8.638505865254559e-19
    outer loop
      vertex 9.187855484774195 7.930743551354832 8.833333333333332
      vertex 9.5 7.9 11.211102739969888
      vertex 9.5 7.9 8.833333333333332
    endloop
  endfacet
  facet normal 0.2902846772544604 0.9569403357322095 0
    outer loop
      vertex 8.887706508215857 8.02179274798194 8.833333333333332
      vertex 8.887706508215857 8.02179274798194 11.292297905291184
      vertex 9.187855484774195 7.930743551354832 11.23159844087311
    endloop
  endfacet
  facet normal 0.09801714032956073 0.9951847266721968 0
    outer loop
      vertex 9.187855484774195 7.930743551354832 8.833333333333332
      vertex 9.187855484774195 7.930743551354832 11.23159844087311
      vertex 9.5 7.9 11.211102739969888
    endloop
  endfacet
  facet normal 0.634393284163648 -0.773010453362735 0
    outer loop
      vertex 8.368629150101524 10.631370849898476 8.833333333333332
      vertex 8.611087627168637 10.830351379684073 8.833333333333332
      vertex 8.368629150101524 10.631370849898476 13.032016639902206
    endloop
  endfacet
  facet normal 0.4713967368259969 -0.8819212643483555 0
    outer loop
      vertex 8.611087627168637 10.830351379684073 8.833333333333332
      vertex 8.887706508215857 10.97820725201806 8.833333333333332
      vertex 8.611087627168637 10.830351379684073 13.164670326425938
    endloop
  endfacet
  facet normal 0.2902846772544604 -0.9569403357322095 0
    outer loop
      vertex 8.887706508215857 10.97820725201806 8.833333333333332
      vertex 9.187855484774195 11.069256448645168 8.833333333333332
      vertex 8.887706508215857 10.97820725201806 13.26324090798193
    endloop
  endfacet
  facet normal 0.09801714032956073 -0.9951847266721969 0
    outer loop
      vertex 9.187855484774195 11.069256448645168 8.833333333333332
      vertex 9.5 11.1 8.833333333333332
      vertex 9.187855484774195 11.069256448645168 13.323940372400003
    endloop
  endfacet
  facet normal 0.9569403357322095 -0.2902846772544604 0
    outer loop
      vertex 8.02179274798194 10.112293491784143 8.833333333333332
      vertex 8.02179274798194 10.112293491784143 12.685965067825984
      vertex 7.930743551354832 9.812144515225805 12.485865750120427
    endloop
  endfacet
  facet normal 0.8819212643483555 -0.471396736825997 0
    outer loop
      vertex 8.169648620315927 10.388912372831363 8.833333333333332
      vertex 8.169648620315927 10.388912372831363 12.870377655190799
      vertex 8.02179274798194 10.112293491784143 12.685965067825984
    endloop
  endfacet
  facet normal 0.773010453362735 -0.634393284163648 0
    outer loop
      vertex 8.368629150101524 10.631370849898476 8.833333333333332
      vertex 8.368629150101524 10.631370849898476 13.032016639902206
      vertex 8.169648620315927 10.388912372831363 12.870377655190799
    endloop
  endfacet
  facet normal 0.634393284163648 -0.773010453362735 0
    outer loop
      vertex 8.611087627168637 10.830351379684073 8.833333333333332
      vertex 8.611087627168637 10.830351379684073 13.164670326425938
      vertex 8.368629150101524 10.631370849898476 13.032016639902206
    endloop
  endfacet
  facet normal 0.47139673682599686 -0.8819212643483554 0
    outer loop
      vertex 8.887706508215857 10.97820725201806 8.833333333333332
      vertex 8.887706508215857 10.97820725201806 13.26324090798193
      vertex 8.611087627168637 10.830351379684073 13.164670326425938
    endloop
  endfacet
  facet normal 0.2902846772544604 -0.9569403357322094 0
    outer loop
      vertex 9.187855484774195 11.069256448645168 8.833333333333332
      vertex 9.187855484774195 11.069256448645168 13.323940372400003
      vertex 8.887706508215857 10.97820725201806 13.26324090798193
    endloop
  endfacet
  facet normal 0.09801714032956076 -0.995184726672197 -4.5532935402818715e-19
    outer loop
      vertex 9.187855484774195 11.069256448645168 13.323940372400003
      vertex 9.5 11.1 8.833333333333332
      vertex 9.5 11.1 13.344436073303221
    endloop
  endfacet
  facet normal -0.09801714032956074 0.9951847266721968 0
    outer loop
      vertex 9.5 7.9 8.833333333333332
      vertex 9.5 7.9 11.211102739969888
      vertex 9.812144515225805 7.930743551354832 8.833333333333332
    endloop
  endfacet
  facet normal -0.29028467725446044 0.9569403357322095 0
    outer loop
      vertex 9.812144515225805 7.930743551354832 8.833333333333332
      vertex 9.812144515225805 7.930743551354832 11.23159844087311
      vertex 10.112293491784143 8.02179274798194 8.833333333333332
    endloop
  endfacet
  facet normal -0.09801714032956073 0.9951847266721968 0
    outer loop
      vertex 9.812144515225805 7.930743551354832 8.833333333333332
      vertex 9.5 7.9 11.211102739969888
      vertex 9.812144515225805 7.930743551354832 11.23159844087311
    endloop
  endfacet
  facet normal -0.29028467725446044 0.9569403357322096 0
    outer loop
      vertex 10.112293491784143 8.02179274798194 8.833333333333332
      vertex 9.812144515225805 7.930743551354832 11.23159844087311
      vertex 10.112293491784143 8.02179274798194 11.292297905291182
    endloop
  endfacet
  facet normal -0.4713967368259969 0.8819212643483555 0
    outer loop
      vertex 10.112293491784143 8.02179274798194 8.833333333333332
      vertex 10.112293491784143 8.02179274798194 11.292297905291182
      vertex 10.388912372831363 8.169648620315927 8.833333333333332
    endloop
  endfacet
  facet normal -0.6343932841636479 0.773010453362735 0
    outer loop
      vertex 10.388912372831363 8.169648620315927 8.833333333333332
      vertex 10.388912372831363 8.169648620315927 11.390868486847173
      vertex 10.631370849898476 8.368629150101524 8.833333333333332
    endloop
  endfacet
  facet normal -0.47139673682599686 0.8819212643483554 0
    outer loop
      vertex 10.388912372831363 8.169648620315927 8.833333333333332
      vertex 10.112293491784143 8.02179274798194 11.292297905291182
      vertex 10.388912372831363 8.169648620315927 11.390868486847173
    endloop
  endfacet
  facet normal -0.6343932841636479 0.7730104533627349 0
    outer loop
      vertex 10.631370849898476 8.368629150101524 8.833333333333332
      vertex 10.388912372831363 8.169648620315927 11.390868486847173
      vertex 10.631370849898476 8.368629150101524 11.523522173370905
    endloop
  endfacet
  facet normal -0.2902846772544604 -0.9569403357322095 8.675937389680888e-20
    outer loop
      vertex 9.812144515225805 11.069256448645168 8.833333333333332
      vertex 10.112293491784143 10.97820725201806 8.833333333333332
      vertex 10.112293491784143 10.97820725201806 13.263240907981928
    endloop
  endfacet
  facet normal -0.09801714032956074 -0.9951847266721969 4.574075350338798e-19
    outer loop
      vertex 9.5 11.1 8.833333333333332
      vertex 9.812144515225805 11.069256448645168 8.833333333333332
      vertex 9.812144515225805 11.069256448645168 13.323940372400001
    endloop
  endfacet
  facet normal -0.4713967368259969 -0.8819212643483555 -2.211927573794082e-18
    outer loop
      vertex 10.112293491784143 10.97820725201806 8.833333333333332
      vertex 10.388912372831363 10.830351379684073 8.833333333333332
      vertex 10.388912372831363 10.830351379684073 13.164670326425936
    endloop
  endfacet
  facet normal -0.634393284163648 -0.773010453362735 0
    outer loop
      vertex 10.631370849898476 10.631370849898476 8.833333333333332
      vertex 10.631370849898476 10.631370849898476 13.032016639902206
      vertex 10.388912372831363 10.830351379684073 8.833333333333332
    endloop
  endfacet
  facet normal -0.7730104533627349 0.6343932841636479 0
    outer loop
      vertex 10.631370849898476 8.368629150101524 8.833333333333332
      vertex 10.631370849898476 8.368629150101524 11.523522173370905
      vertex 10.830351379684073 8.611087627168637 8.833333333333332
    endloop
  endfacet
  facet normal -0.8819212643483555 0.471396736825997 0
    outer loop
      vertex 10.830351379684073 8.611087627168637 8.833333333333332
      vertex 10.830351379684073 8.611087627168637 11.685161158082314
      vertex 10.97820725201806 8.887706508215857 8.833333333333332
    endloop
  endfacet
  facet normal -0.773010453362735 0.6343932841636479 0
    outer loop
      vertex 10.830351379684073 8.611087627168637 8.833333333333332
      vertex 10.631370849898476 8.368629150101524 11.523522173370905
      vertex 10.830351379684073 8.611087627168637 11.685161158082314
    endloop
  endfacet
  facet normal -0.9569403357322095 0.29028467725446044 0
    outer loop
      vertex 10.97820725201806 8.887706508215857 8.833333333333332
      vertex 10.97820725201806 8.887706508215857 11.869573745447127
      vertex 11.069256448645168 9.187855484774195 8.833333333333332
    endloop
  endfacet
  facet normal -0.9951847266721968 0.09801714032956073 0
    outer loop
      vertex 11.069256448645168 9.187855484774195 8.833333333333332
      vertex 11.069256448645168 9.187855484774195 12.069673063152685
      vertex 11.1 9.5 8.833333333333332
    endloop
  endfacet
  facet normal -0.9951847266721969 -0.09801714032956074 0
    outer loop
      vertex 11.1 9.5 8.833333333333332
      vertex 11.1 9.5 12.277769406636557
      vertex 11.069256448645168 9.812144515225805 8.833333333333332
    endloop
  endfacet
  facet normal -0.8819212643483555 0.4713967368259969 0
    outer loop
      vertex 10.97820725201806 8.887706508215857 8.833333333333332
      vertex 10.830351379684073 8.611087627168637 11.685161158082314
      vertex 10.97820725201806 8.887706508215857 11.869573745447127
    endloop
  endfacet
  facet normal -0.9569403357322094 0.2902846772544604 0
    outer loop
      vertex 11.069256448645168 9.187855484774195 8.833333333333332
      vertex 10.97820725201806 8.887706508215857 11.869573745447127
      vertex 11.069256448645168 9.187855484774195 12.069673063152685
    endloop
  endfacet
  facet normal -0.9951847266721969 0.09801714032956074 -5.963349160303754e-19
    outer loop
      vertex 11.069256448645168 9.187855484774195 12.069673063152685
      vertex 11.1 9.5 12.277769406636557
      vertex 11.1 9.5 8.833333333333332
    endloop
  endfacet
  facet normal -0.9951847266721968 -0.09801714032956073 0
    outer loop
      vertex 11.069256448645168 9.812144515225805 8.833333333333332
      vertex 11.1 9.5 12.277769406636557
      vertex 11.069256448645168 9.812144515225805 12.485865750120425
    endloop
  endfacet
  facet normal -0.8819212643483554 -0.4713967368259968 -2.4867686264016963e-18
    outer loop
      vertex 10.830351379684073 10.388912372831363 8.833333333333332
      vertex 10.97820725201806 10.112293491784143 8.833333333333332
      vertex 10.97820725201806 10.112293491784143 12.685965067825984
    endloop
  endfacet
  facet normal -0.773010453362735 -0.6343932841636479 7.393314945073412e-19
    outer loop
      vertex 10.631370849898476 10.631370849898476 8.833333333333332
      vertex 10.830351379684073 10.388912372831363 8.833333333333332
      vertex 10.830351379684073 10.388912372831363 12.870377655190799
    endloop
  endfacet
  facet normal -0.9569403357322094 -0.2902846772544604 0
    outer loop
      vertex 11.069256448645168 9.812144515225805 8.833333333333332
      vertex 11.069256448645168 9.812144515225805 12.485865750120425
      vertex 10.97820725201806 10.112293491784143 8.833333333333332
    endloop
  endfacet
  facet normal -0.09801714032956071 -0.9951847266721968 0
    outer loop
      vertex 9.5 11.1 8.833333333333332
      vertex 9.812144515225805 11.069256448645168 13.323940372400001
      vertex 9.5 11.1 13.344436073303221
    endloop
  endfacet
  facet normal -0.29028467725446044 -0.9569403357322095 0
    outer loop
      vertex 9.812144515225805 11.069256448645168 8.833333333333332
      vertex 10.112293491784143 10.97820725201806 13.263240907981928
      vertex 9.812144515225805 11.069256448645168 13.323940372400001
    endloop
  endfacet
  facet normal -0.4713967368259969 -0.8819212643483555 0
    outer loop
      vertex 10.112293491784143 10.97820725201806 8.833333333333332
      vertex 10.388912372831363 10.830351379684073 13.164670326425936
      vertex 10.112293491784143 10.97820725201806 13.263240907981928
    endloop
  endfacet
  facet normal -0.634393284163648 -0.7730104533627349 0
    outer loop
      vertex 10.388912372831363 10.830351379684073 8.833333333333332
      vertex 10.631370849898476 10.631370849898476 13.032016639902206
      vertex 10.388912372831363 10.830351379684073 13.164670326425936
    endloop
  endfacet
  facet normal -0.773010453362735 -0.634393284163648 0
    outer loop
      vertex 10.631370849898476 10.631370849898476 8.833333333333332
      vertex 10.830351379684073 10.388912372831363 12.870377655190799
      vertex 10.631370849898476 10.631370849898476 13.032016639902206
    endloop
  endfacet
  facet normal -0.8819212643483555 -0.471396736825997 0
    outer loop
      vertex 10.830351379684073 10.388912372831363 8.833333333333332
      vertex 10.97820725201806 10.112293491784143 12.685965067825984
      vertex 10.830351379684073 10.388912372831363 12.870377655190799
    endloop
  endfacet
  facet normal -0.9569403357322095 -0.2902846772544604 0
    outer loop
      vertex 10.97820725201806 10.112293491784143 8.833333333333332
      vertex 11.069256448645168 9.812144515225805 12.485865750120425
      vertex 10.97820725201806 10.112293491784143 12.685965067825984
    endloop
  endfacet
  facet normal 0.8314696123025462 0.555570233019601 -7.2991705212328765e-19
    outer loop
      vertex 6.921601644053485 7.521525355721658 5.01434998546056
      vertex 6.685417437700575 7.875 5.249999736484728
      vertex 6.685417437700575 7.875 8.833333333333332
    endloop
  endfacet
  facet normal 0.7518398074789784 0.6593458151000677 0
    outer loop
      vertex 6.921601644053485 7.521525355721658 5.01434998546056
      vertex 6.921601644053485 7.521525355721658 8.833333333333332
      vertex 7.20190296114372 7.20190296114372 4.801268399770554
    endloop
  endfacet
  facet normal 0.7518398074789784 0.6593458151000676 0
    outer loop
      vertex 7.20190296114372 7.20190296114372 4.801268399770554
      vertex 6.921601644053485 7.521525355721658 8.833333333333332
      vertex 7.20190296114372 7.20190296114372 8.833333333333332
    endloop
  endfacet
  facet normal 0.6593458151000677 0.7518398074789784 0
    outer loop
      vertex 7.521525355721658 6.921601644053485 4.614400864423246
      vertex 7.20190296114372 7.20190296114372 4.801268399770554
      vertex 7.521525355721658 6.921601644053485 8.833333333333332
    endloop
  endfacet
  facet normal 0.6593458151000676 0.7518398074789784 0
    outer loop
      vertex 7.20190296114372 7.20190296114372 4.801268399770554
      vertex 7.20190296114372 7.20190296114372 8.833333333333332
      vertex 7.521525355721658 6.921601644053485 8.833333333333332
    endloop
  endfacet
  facet normal 0.5555702330196008 0.8314696123025461 0
    outer loop
      vertex 7.521525355721658 6.921601644053485 4.614400864423246
      vertex 7.521525355721658 6.921601644053485 8.833333333333332
      vertex 7.875 6.685417437700575 8.833333333333332
    endloop
  endfacet
  facet normal 0.5555702330196008 0.8314696123025461 -5.9764717800367555e-19
    outer loop
      vertex 7.521525355721658 6.921601644053485 4.614400864423246
      vertex 7.875 6.685417437700575 8.833333333333332
      vertex 7.875 6.685417437700575 4.456944734757895
    endloop
  endfacet
  facet normal 0.44228869021900075 0.8968727415326885 0
    outer loop
      vertex 8.256278844813458 6.4973915193383185 4.331594128808163
      vertex 7.875 6.685417437700575 4.456944734757895
      vertex 8.256278844813458 6.4973915193383185 8.833333333333332
    endloop
  endfacet
  facet normal 0.4422886902190008 0.8968727415326886 0
    outer loop
      vertex 7.875 6.685417437700575 4.456944734757895
      vertex 7.875 6.685417437700575 8.833333333333332
      vertex 8.256278844813458 6.4973915193383185 8.833333333333332
    endloop
  endfacet
  facet normal 0.3214394653031622 0.9469301294951055 1.4544694260393525e-18
    outer loop
      vertex 8.256278844813458 6.4973915193383185 4.331594128808163
      vertex 8.658838103416807 6.3607410645605285 8.833333333333332
      vertex 8.658838103416807 6.3607410645605285 4.240493830195602
    endloop
  endfacet
  facet normal 0.3214394653031622 0.9469301294951055 0
    outer loop
      vertex 8.256278844813458 6.4973915193383185 4.331594128808163
      vertex 8.256278844813458 6.4973915193383185 8.833333333333332
      vertex 8.658838103416807 6.3607410645605285 8.833333333333332
    endloop
  endfacet
  facet normal 0.19509032201612905 0.9807852804032303 0
    outer loop
      vertex 8.658838103416807 6.3607410645605285 4.240493830195602
      vertex 8.658838103416807 6.3607410645605285 8.833333333333332
      vertex 9.075789875284832 6.277804200535116 8.833333333333332
    endloop
  endfacet
  facet normal 0.19509032201612905 0.9807852804032303 1.1664057128018974e-18
    outer loop
      vertex 8.658838103416807 6.3607410645605285 4.240493830195602
      vertex 9.075789875284832 6.277804200535116 8.833333333333332
      vertex 9.075789875284832 6.277804200535116 4.185202590287248
    endloop
  endfacet
  facet normal 0.06540312923014312 0.9978589232386035 0
    outer loop
      vertex 9.075789875284832 6.277804200535116 4.185202590287248
      vertex 9.075789875284832 6.277804200535116 8.833333333333332
      vertex 9.5 6.25 4.166666457527562
    endloop
  endfacet
  facet normal 0.06540312923014312 0.9978589232386035 3.2361301402415137e-19
    outer loop
      vertex 9.075789875284832 6.277804200535116 8.833333333333332
      vertex 9.5 6.25 8.833333333333332
      vertex 9.5 6.25 4.166666457527562
    endloop
  endfacet
  facet normal 0.8314696123025461 0.5555702330196008 0
    outer loop
      vertex 6.921601644053485 7.521525355721658 5.01434998546056
      vertex 6.685417437700575 7.875 8.833333333333332
      vertex 6.921601644053485 7.521525355721658 8.833333333333332
    endloop
  endfacet
  facet normal 0 0 -1
    outer loop
      vertex 8.256278844813458 6.4973915193383185 8.833333333333332
      vertex 7.875 6.685417437700575 8.833333333333332
      vertex 8.02179274798194 8.887706508215857 8.833333333333332
    endloop
  endfacet
  facet normal 0 0 -1
    outer loop
      vertex 8.256278844813458 6.4973915193383185 8.833333333333332
      vertex 8.368629150101524 8.368629150101524 8.833333333333332
      vertex 8.658838103416807 6.3607410645605285 8.833333333333332
    endloop
  endfacet
  facet normal 0 0 -1
    outer loop
      vertex 8.658838103416807 6.3607410645605285 8.833333333333332
      vertex 8.368629150101524 8.368629150101524 8.833333333333332
      vertex 8.611087627168637 8.169648620315927 8.833333333333332
    endloop
  endfacet
  facet normal 0 0 -1
    outer loop
      vertex 8.658838103416807 6.3607410645605285 8.833333333333332
      vertex 8.887706508215857 8.02179274798194 8.833333333333332
      vertex 9.075789875284832 6.277804200535116 8.833333333333332
    endloop
  endfacet
  facet normal 0 0 -1
    outer loop
      vertex 8.658838103416807 6.3607410645605285 8.833333333333332
      vertex 8.611087627168637 8.169648620315927 8.833333333333332
      vertex 8.887706508215857 8.02179274798194 8.833333333333332
    endloop
  endfacet
  facet normal 0 0 -1
    outer loop
      vertex 9.075789875284832 6.277804200535116 8.833333333333332
      vertex 8.887706508215857 8.02179274798194 8.833333333333332
      vertex 9.187855484774195 7.930743551354832 8.833333333333332
    endloop
  endfacet
  facet normal 0 0 -1
    outer loop
      vertex 9.075789875284832 6.277804200535116 8.833333333333332
      vertex 9.187855484774195 7.930743551354832 8.833333333333332
      vertex 9.5 6.25 8.833333333333332
    endloop
  endfacet
  facet normal 0 0 -1
    outer loop
      vertex 9.187855484774195 7.930743551354832 8.833333333333332
      vertex 9.5 7.9 8.833333333333332
      vertex 9.5 6.25 8.833333333333332
    endloop
  endfacet
  facet normal 0.9469301294951056 0.3214394653031622 2.182501125245838e-18
    outer loop
      vertex 6.4973915193383185 8.256278844813458 5.504185620268584
      vertex 6.3607410645605285 8.658838103416807 5.772558445866942
      vertex 6.3607410645605285 8.658838103416807 8.833333333333332
    endloop
  endfacet
  facet normal 0.9807852804032302 0.19509032201612903 1.94825086622786e-18
    outer loop
      vertex 6.3607410645605285 8.658838103416807 5.772558445866942
      vertex 6.277804200535116 9.075789875284832 6.05052627982681
      vertex 6.277804200535116 9.075789875284832 8.833333333333332
    endloop
  endfacet
  facet normal 0.9978589232386034 0.06540312923014312 6.040775764380345e-19
    outer loop
      vertex 6.277804200535116 9.075789875284832 6.05052627982681
      vertex 6.25 9.5 6.3333330154418945
      vertex 6.25 9.5 8.833333333333332
    endloop
  endfacet
  facet normal 0.8968727415326886 0.44228869021900075 0
    outer loop
      vertex 6.4973915193383185 8.256278844813458 5.504185620268584
      vertex 6.4973915193383185 8.256278844813458 8.833333333333332
      vertex 6.685417437700575 7.875 5.249999736484728
    endloop
  endfacet
  facet normal 0.9978589232386035 -0.06540312923014312 -6.811286778016405e-19
    outer loop
      vertex 6.25 9.5 6.3333330154418945
      vertex 6.277804200535116 9.924210124715168 6.616139751056979
      vertex 6.277804200535116 9.924210124715168 8.833333333333332
    endloop
  endfacet
  facet normal 0.9807852804032303 -0.19509032201612905 -2.7957581819681295e-18
    outer loop
      vertex 6.277804200535116 9.924210124715168 6.616139751056979
      vertex 6.3607410645605285 10.341161896583193 6.894107585016847
      vertex 6.3607410645605285 10.341161896583193 8.833333333333332
    endloop
  endfacet
  facet normal 0.9469301294951056 0.3214394653031622 0
    outer loop
      vertex 6.4973915193383185 8.256278844813458 5.504185620268584
      vertex 6.3607410645605285 8.658838103416807 8.833333333333332
      vertex 6.4973915193383185 8.256278844813458 8.833333333333332
    endloop
  endfacet
  facet normal 0.9807852804032303 0.19509032201612905 0
    outer loop
      vertex 6.3607410645605285 8.658838103416807 5.772558445866942
      vertex 6.277804200535116 9.075789875284832 8.833333333333332
      vertex 6.3607410645605285 8.658838103416807 8.833333333333332
    endloop
  endfacet
  facet normal 0.9978589232386036 0.06540312923014312 0
    outer loop
      vertex 6.277804200535116 9.075789875284832 6.05052627982681
      vertex 6.25 9.5 8.833333333333332
      vertex 6.277804200535116 9.075789875284832 8.833333333333332
    endloop
  endfacet
  facet normal 0.9978589232386034 -0.06540312923014312 0
    outer loop
      vertex 6.25 9.5 6.3333330154418945
      vertex 6.277804200535116 9.924210124715168 8.833333333333332
      vertex 6.25 9.5 8.833333333333332
    endloop
  endfacet
  facet normal 0 0 -1
    outer loop
      vertex 6.3607410645605285 8.658838103416807 8.833333333333332
      vertex 6.277804200535116 9.075789875284832 8.833333333333332
      vertex 6.277804200535116 9.924210124715168 8.833333333333332
    endloop
  endfacet
  facet normal 0 0 -1
    outer loop
      vertex 6.4973915193383185 8.256278844813458 8.833333333333332
      vertex 6.3607410645605285 8.658838103416807 8.833333333333332
      vertex 6.3607410645605285 10.341161896583193 8.833333333333332
    endloop
  endfacet
  facet normal 0 0 -1
    outer loop
      vertex 6.277804200535116 9.075789875284832 8.833333333333332
      vertex 6.25 9.5 8.833333333333332
      vertex 6.277804200535116 9.924210124715168 8.833333333333332
    endloop
  endfacet
  facet normal 0 0 -1
    outer loop
      vertex 6.3607410645605285 8.658838103416807 8.833333333333332
      vertex 6.277804200535116 9.924210124715168 8.833333333333332
      vertex 6.3607410645605285 10.341161896583193 8.833333333333332
    endloop
  endfacet
  facet normal 0.8968727415326885 0.4422886902190008 0
    outer loop
      vertex 6.685417437700575 7.875 5.249999736484728
      vertex 6.4973915193383185 8.256278844813458 8.833333333333332
      vertex 6.685417437700575 7.875 8.833333333333332
    endloop
  endfacet
  facet normal 0 0 -1
    outer loop
      vertex 6.921601644053485 7.521525355721658 8.833333333333332
      vertex 6.921601644053485 11.478474644278343 8.833333333333332
      vertex 7.20190296114372 7.20190296114372 8.833333333333332
    endloop
  endfacet
  facet normal 0 0 -1
    outer loop
      vertex 6.4973915193383185 8.256278844813458 8.833333333333332
      vertex 6.4973915193383185 10.743721155186542 8.833333333333332
      vertex 6.685417437700575 7.875 8.833333333333332
    endloop
  endfacet
  facet normal 0 0 -1
    outer loop
      vertex 6.921601644053485 7.521525355721658 8.833333333333332
      vertex 6.685417437700575 7.875 8.833333333333332
      vertex 6.685417437700575 11.125 8.833333333333332
    endloop
  endfacet
  facet normal 0.9807852804032303 -0.19509032201612905 0
    outer loop
      vertex 6.277804200535116 9.924210124715168 6.616139751056979
      vertex 6.3607410645605285 10.341161896583193 8.833333333333332
      vertex 6.277804200535116 9.924210124715168 8.833333333333332
    endloop
  endfacet
  facet normal 0.9469301294951055 -0.32143946530316214 -3.99804467837445e-18
    outer loop
      vertex 6.3607410645605285 10.341161896583193 6.894107585016847
      vertex 6.4973915193383185 10.743721155186542 7.162480410615206
      vertex 6.4973915193383185 10.743721155186542 8.833333333333332
    endloop
  endfacet
  facet normal 0.9469301294951054 -0.32143946530316214 0
    outer loop
      vertex 6.3607410645605285 10.341161896583193 6.894107585016847
      vertex 6.4973915193383185 10.743721155186542 8.833333333333332
      vertex 6.3607410645605285 10.341161896583193 8.833333333333332
    endloop
  endfacet
  facet normal 0 0 -1
    outer loop
      vertex 6.4973915193383185 8.256278844813458 8.833333333333332
      vertex 6.3607410645605285 10.341161896583193 8.833333333333332
      vertex 6.4973915193383185 10.743721155186542 8.833333333333332
    endloop
  endfacet
  facet normal 0 0 -1
    outer loop
      vertex 6.685417437700575 7.875 8.833333333333332
      vertex 6.4973915193383185 10.743721155186542 8.833333333333332
      vertex 6.685417437700575 11.125 8.833333333333332
    endloop
  endfacet
  facet normal 0 0 -1
    outer loop
      vertex 6.921601644053485 7.521525355721658 8.833333333333332
      vertex 6.685417437700575 11.125 8.833333333333332
      vertex 6.921601644053485 11.478474644278343 8.833333333333332
    endloop
  endfacet
  facet normal 0 0 -1
    outer loop
      vertex 7.20190296114372 7.20190296114372 8.833333333333332
      vertex 6.921601644053485 11.478474644278343 8.833333333333332
      vertex 7.20190296114372 11.79809703885628 8.833333333333332
    endloop
  endfacet
  facet normal 0.8968727415326886 -0.4422886902190008 -4.723292735859989e-18
    outer loop
      vertex 6.4973915193383185 10.743721155186542 7.162480410615206
      vertex 6.685417437700575 11.125 7.416666294399061
      vertex 6.685417437700575 11.125 8.833333333333332
    endloop
  endfacet
  facet normal 0.8968727415326885 -0.4422886902190008 0
    outer loop
      vertex 6.4973915193383185 10.743721155186542 7.162480410615206
      vertex 6.685417437700575 11.125 8.833333333333332
      vertex 6.4973915193383185 10.743721155186542 8.833333333333332
    endloop
  endfacet
  facet normal 0.8314696123025468 -0.5555702330196 0
    outer loop
      vertex 6.685417437700575 11.125 7.416666294399061
      vertex 6.921601644053485 11.478474644278343 8.833333333333332
      vertex 6.685417437700575 11.125 8.833333333333332
    endloop
  endfacet
  facet normal 0.8314696123025469 -0.5555702330195998 5.4151642354626675e-18
    outer loop
      vertex 6.685417437700575 11.125 7.416666294399061
      vertex 6.921601644053485 11.478474644278343 7.65231604542323
      vertex 6.921601644053485 11.478474644278343 8.833333333333332
    endloop
  endfacet
  facet normal 0.7518398074789775 -0.6593458151000687 0
    outer loop
      vertex 6.921601644053485 11.478474644278343 7.65231604542323
      vertex 7.20190296114372 11.79809703885628 8.833333333333332
      vertex 6.921601644053485 11.478474644278343 8.833333333333332
    endloop
  endfacet
  facet normal 0.7518398074789774 -0.6593458151000687 -1.5927451942154637e-18
    outer loop
      vertex 6.921601644053485 11.478474644278343 7.65231604542323
      vertex 7.20190296114372 11.79809703885628 7.865397631113234
      vertex 7.20190296114372 11.79809703885628 8.833333333333332
    endloop
  endfacet
  facet normal 0 0 -1
    outer loop
      vertex 7.521525355721658 6.921601644053485 8.833333333333332
      vertex 7.20190296114372 7.20190296114372 8.833333333333332
      vertex 7.20190296114372 11.79809703885628 8.833333333333332
    endloop
  endfacet
  facet normal 0 0 -1
    outer loop
      vertex 7.521525355721658 6.921601644053485 8.833333333333332
      vertex 7.521525355721658 12.078398355946515 8.833333333333332
      vertex 7.875 6.685417437700575 8.833333333333332
    endloop
  endfacet
  facet normal 0 0 -1
    outer loop
      vertex 7.875 6.685417437700575 8.833333333333332
      vertex 7.930743551354832 9.187855484774195 8.833333333333332
      vertex 8.02179274798194 8.887706508215857 8.833333333333332
    endloop
  endfacet
  facet normal 0 0 -1
    outer loop
      vertex 7.875 6.685417437700575 8.833333333333332
      vertex 7.9 9.5 8.833333333333332
      vertex 7.930743551354832 9.187855484774195 8.833333333333332
    endloop
  endfacet
  facet normal 0 0 -1
    outer loop
      vertex 8.256278844813458 6.4973915193383185 8.833333333333332
      vertex 8.02179274798194 8.887706508215857 8.833333333333332
      vertex 8.169648620315927 8.611087627168637 8.833333333333332
    endloop
  endfacet
  facet normal 0 0 -1
    outer loop
      vertex 8.256278844813458 6.4973915193383185 8.833333333333332
      vertex 8.169648620315927 8.611087627168637 8.833333333333332
      vertex 8.368629150101524 8.368629150101524 8.833333333333332
    endloop
  endfacet
  facet normal 0 0 -1
    outer loop
      vertex 7.875 6.685417437700575 8.833333333333332
      vertex 7.875 12.314582562299424 8.833333333333332
      vertex 7.9 9.5 8.833333333333332
    endloop
  endfacet
  facet normal 0 0 -1
    outer loop
      vertex 7.521525355721658 6.921601644053485 8.833333333333332
      vertex 7.20190296114372 11.79809703885628 8.833333333333332
      vertex 7.521525355721658 12.078398355946515 8.833333333333332
    endloop
  endfacet
  facet normal 0 0 -1
    outer loop
      vertex 7.875 6.685417437700575 8.833333333333332
      vertex 7.521525355721658 12.078398355946515 8.833333333333332
      vertex 7.875 12.314582562299424 8.833333333333332
    endloop
  endfacet
  facet normal 0 0 -1
    outer loop
      vertex 7.9 9.5 8.833333333333332
      vertex 7.875 12.314582562299424 8.833333333333332
      vertex 7.930743551354832 9.812144515225805 8.833333333333332
    endloop
  endfacet
  facet normal 0 0 -1
    outer loop
      vertex 7.930743551354832 9.812144515225805 8.833333333333332
      vertex 7.875 12.314582562299424 8.833333333333332
      vertex 8.02179274798194 10.112293491784143 8.833333333333332
    endloop
  endfacet
  facet normal 0 0 -1
    outer loop
      vertex 8.02179274798194 10.112293491784143 8.833333333333332
      vertex 7.875 12.314582562299424 8.833333333333332
      vertex 8.169648620315927 10.388912372831363 8.833333333333332
    endloop
  endfacet
  facet normal 0 0 -1
    outer loop
      vertex 8.169648620315927 10.388912372831363 8.833333333333332
      vertex 7.875 12.314582562299424 8.833333333333332
      vertex 8.368629150101524 10.631370849898476 8.833333333333332
    endloop
  endfacet
  facet normal 0 0 -1
    outer loop
      vertex 8.368629150101524 10.631370849898476 8.833333333333332
      vertex 8.256278844813458 12.502608480661682 8.833333333333332
      vertex 8.611087627168637 10.830351379684073 8.833333333333332
    endloop
  endfacet
  facet normal 0 0 -1
    outer loop
      vertex 8.611087627168637 10.830351379684073 8.833333333333332
      vertex 8.256278844813458 12.502608480661682 8.833333333333332
      vertex 8.887706508215857 10.97820725201806 8.833333333333332
    endloop
  endfacet
  facet normal 0 0 -1
    outer loop
      vertex 8.887706508215857 10.97820725201806 8.833333333333332
      vertex 8.658838103416807 12.639258935439472 8.833333333333332
      vertex 9.187855484774195 11.069256448645168 8.833333333333332
    endloop
  endfacet
  facet normal 0 0 -1
    outer loop
      vertex 9.187855484774195 11.069256448645168 8.833333333333332
      vertex 9.075789875284832 12.722195799464885 8.833333333333332
      vertex 9.5 11.1 8.833333333333332
    endloop
  endfacet
  facet normal 0.6593458151000677 -0.7518398074789785 0
    outer loop
      vertex 7.20190296114372 11.79809703885628 7.865397631113234
      vertex 7.521525355721658 12.078398355946515 8.052265166460543
      vertex 7.20190296114372 11.79809703885628 8.833333333333332
    endloop
  endfacet
  facet normal 0.5555702330195994 -0.8314696123025471 0
    outer loop
      vertex 7.521525355721658 12.078398355946515 8.052265166460543
      vertex 7.875 12.314582562299424 8.209721296125894
      vertex 7.521525355721658 12.078398355946515 8.833333333333332
    endloop
  endfacet
  facet normal 0.6593458151000677 -0.7518398074789784 -4.5113875729851e-18
    outer loop
      vertex 7.20190296114372 11.79809703885628 8.833333333333332
      vertex 7.521525355721658 12.078398355946515 8.052265166460543
      vertex 7.521525355721658 12.078398355946515 8.833333333333332
    endloop
  endfacet
  facet normal 0.5555702330195994 -0.8314696123025471 2.3961685471125797e-17
    outer loop
      vertex 7.521525355721658 12.078398355946515 8.833333333333332
      vertex 7.875 12.314582562299424 8.209721296125894
      vertex 7.875 12.314582562299424 8.833333333333332
    endloop
  endfacet
  facet normal 0.44228869021900247 -0.8968727415326877 0
    outer loop
      vertex 7.875 12.314582562299424 8.209721296125894
      vertex 8.256278844813458 12.502608480661682 8.335071902075626
      vertex 7.875 12.314582562299424 8.833333333333332
    endloop
  endfacet
  facet normal 0 0 -1
    outer loop
      vertex 8.368629150101524 10.631370849898476 8.833333333333332
      vertex 7.875 12.314582562299424 8.833333333333332
      vertex 8.256278844813458 12.502608480661682 8.833333333333332
    endloop
  endfacet
  facet normal 0.44228869021900247 -0.8968727415326877 1.2898210074361389e-17
    outer loop
      vertex 7.875 12.314582562299424 8.833333333333332
      vertex 8.256278844813458 12.502608480661682 8.335071902075626
      vertex 8.256278844813458 12.502608480661682 8.833333333333332
    endloop
  endfacet
  facet normal 0 0 -1
    outer loop
      vertex 8.887706508215857 10.97820725201806 8.833333333333332
      vertex 8.256278844813458 12.502608480661682 8.833333333333332
      vertex 8.658838103416807 12.639258935439472 8.833333333333332
    endloop
  endfacet
  facet normal 0.3214394653031622 -0.9469301294951055 0
    outer loop
      vertex 8.256278844813458 12.502608480661682 8.335071902075626
      vertex 8.658838103416807 12.639258935439472 8.426172200688187
      vertex 8.256278844813458 12.502608480661682 8.833333333333332
    endloop
  endfacet
  facet normal 0.3214394653031622 -0.9469301294951055 -1.6406636342279697e-17
    outer loop
      vertex 8.256278844813458 12.502608480661682 8.833333333333332
      vertex 8.658838103416807 12.639258935439472 8.426172200688187
      vertex 8.658838103416807 12.639258935439472 8.833333333333332
    endloop
  endfacet
  facet normal 0.19509032201613105 -0.9807852804032299 0
    outer loop
      vertex 8.658838103416807 12.639258935439472 8.426172200688187
      vertex 9.075789875284832 12.722195799464885 8.481463440596542
      vertex 8.658838103416807 12.639258935439472 8.833333333333332
    endloop
  endfacet
  facet normal 0 0 -1
    outer loop
      vertex 9.187855484774195 11.069256448645168 8.833333333333332
      vertex 8.658838103416807 12.639258935439472 8.833333333333332
      vertex 9.075789875284832 12.722195799464885 8.833333333333332
    endloop
  endfacet
  facet normal 0 0 -1
    outer loop
      vertex 9.075789875284832 12.722195799464885 8.833333333333332
      vertex 9.5 12.75 8.833333333333332
      vertex 9.5 11.1 8.833333333333332
    endloop
  endfacet
  facet normal 0.19509032201613108 -0.98078528040323 1.7471688301744068e-18
    outer loop
      vertex 8.658838103416807 12.639258935439472 8.833333333333332
      vertex 9.075789875284832 12.722195799464885 8.481463440596542
      vertex 9.075789875284832 12.722195799464885 8.833333333333332
    endloop
  endfacet
  facet normal 0.06540312923014104 -0.9978589232386036 0
    outer loop
      vertex 9.075789875284832 12.722195799464885 8.481463440596542
      vertex 9.5 12.75 8.833333333333332
      vertex 9.075789875284832 12.722195799464885 8.833333333333332
    endloop
  endfacet
  facet normal 0.06540312923014102 -0.9978589232386036 5.316784172034411e-18
    outer loop
      vertex 9.075789875284832 12.722195799464885 8.481463440596542
      vertex 9.5 12.75 8.499999573356227
      vertex 9.5 12.75 8.833333333333332
    endloop
  endfacet
  facet normal -0.06540312923014312 0.9978589232386035 0
    outer loop
      vertex 9.5 6.25 4.166666457527562
      vertex 9.5 6.25 8.833333333333332
      vertex 9.924210124715168 6.277804200535116 4.185202590287249
    endloop
  endfacet
  facet normal -0.19509032201612905 0.9807852804032303 0
    outer loop
      vertex 9.924210124715168 6.277804200535116 4.185202590287249
      vertex 9.924210124715168 6.277804200535116 8.833333333333332
      vertex 10.341161896583193 6.3607410645605285 4.240493830195602
    endloop
  endfacet
  facet normal -0.0654031292301431 0.9978589232386035 0
    outer loop
      vertex 9.924210124715168 6.277804200535116 4.185202590287249
      vertex 9.5 6.25 8.833333333333332
      vertex 9.924210124715168 6.277804200535116 8.833333333333332
    endloop
  endfacet
  facet normal -0.3214394653031622 0.9469301294951055 0
    outer loop
      vertex 10.341161896583193 6.3607410645605285 4.240493830195602
      vertex 10.341161896583193 6.3607410645605285 8.833333333333332
      vertex 10.743721155186542 6.4973915193383185 4.331594128808163
    endloop
  endfacet
  facet normal -0.19509032201612905 0.9807852804032303 0
    outer loop
      vertex 10.341161896583193 6.3607410645605285 4.240493830195602
      vertex 9.924210124715168 6.277804200535116 8.833333333333332
      vertex 10.341161896583193 6.3607410645605285 8.833333333333332
    endloop
  endfacet
  facet normal -0.3214394653031622 0.9469301294951055 0
    outer loop
      vertex 10.743721155186542 6.4973915193383185 4.331594128808163
      vertex 10.341161896583193 6.3607410645605285 8.833333333333332
      vertex 10.743721155186542 6.4973915193383185 8.833333333333332
    endloop
  endfacet
  facet normal -0.44228869021900075 0.8968727415326885 0
    outer loop
      vertex 10.743721155186542 6.4973915193383185 4.331594128808163
      vertex 10.743721155186542 6.4973915193383185 8.833333333333332
      vertex 11.125 6.685417437700575 4.456944734757895
    endloop
  endfacet
  facet normal -0.5555702330195998 0.8314696123025468 0
    outer loop
      vertex 11.125 6.685417437700575 4.456944734757895
      vertex 11.125 6.685417437700575 8.833333333333332
      vertex 11.478474644278343 6.921601644053485 4.614400864423246
    endloop
  endfacet
  facet normal -0.4422886902190008 0.8968727415326886 0
    outer loop
      vertex 11.125 6.685417437700575 4.456944734757895
      vertex 10.743721155186542 6.4973915193383185 8.833333333333332
      vertex 11.125 6.685417437700575 8.833333333333332
    endloop
  endfacet
  facet normal -0.6593458151000687 0.7518398074789775 0
    outer loop
      vertex 11.478474644278343 6.921601644053485 4.614400864423246
      vertex 11.478474644278343 6.921601644053485 8.833333333333332
      vertex 11.79809703885628 7.20190296114372 4.801268399770555
    endloop
  endfacet
  facet normal -0.5555702330196 0.8314696123025468 0
    outer loop
      vertex 11.478474644278343 6.921601644053485 4.614400864423246
      vertex 11.125 6.685417437700575 8.833333333333332
      vertex 11.478474644278343 6.921601644053485 8.833333333333332
    endloop
  endfacet
  facet normal -0.6593458151000687 0.7518398074789774 0
    outer loop
      vertex 11.79809703885628 7.20190296114372 4.801268399770555
      vertex 11.478474644278343 6.921601644053485 8.833333333333332
      vertex 11.79809703885628 7.20190296114372 8.833333333333332
    endloop
  endfacet
  facet normal -0.7518398074789784 0.6593458151000676 0
    outer loop
      vertex 11.79809703885628 7.20190296114372 4.801268399770555
      vertex 11.79809703885628 7.20190296114372 8.833333333333332
      vertex 12.078398355946515 7.521525355721658 5.0143499854605595
    endloop
  endfacet
  facet normal -0.8314696123025472 0.5555702330195994 0
    outer loop
      vertex 12.078398355946515 7.521525355721658 5.0143499854605595
      vertex 12.078398355946515 7.521525355721658 8.833333333333332
      vertex 12.314582562299424 7.875 5.249999736484728
    endloop
  endfacet
  facet normal 0 0 -1
    outer loop
      vertex 9.5 6.25 8.833333333333332
      vertex 9.5 7.9 8.833333333333332
      vertex 9.924210124715168 6.277804200535116 8.833333333333332
    endloop
  endfacet
  facet normal 0 0 -1
    outer loop
      vertex 9.924210124715168 6.277804200535116 8.833333333333332
      vertex 9.5 7.9 8.833333333333332
      vertex 9.812144515225805 7.930743551354832 8.833333333333332
    endloop
  endfacet
  facet normal 0 0 -1
    outer loop
      vertex 9.924210124715168 6.277804200535116 8.833333333333332
      vertex 9.812144515225805 7.930743551354832 8.833333333333332
      vertex 10.341161896583193 6.3607410645605285 8.833333333333332
    endloop
  endfacet
  facet normal 0 0 -1
    outer loop
      vertex 10.341161896583193 6.3607410645605285 8.833333333333332
      vertex 9.812144515225805 7.930743551354832 8.833333333333332
      vertex 10.112293491784143 8.02179274798194 8.833333333333332
    endloop
  endfacet
  facet normal 0 0 -1
    outer loop
      vertex 10.341161896583193 6.3607410645605285 8.833333333333332
      vertex 10.112293491784143 8.02179274798194 8.833333333333332
      vertex 10.743721155186542 6.4973915193383185 8.833333333333332
    endloop
  endfacet
  facet normal 0 0 -1
    outer loop
      vertex 10.743721155186542 6.4973915193383185 8.833333333333332
      vertex 10.112293491784143 8.02179274798194 8.833333333333332
      vertex 10.388912372831363 8.169648620315927 8.833333333333332
    endloop
  endfacet
  facet normal 0 0 -1
    outer loop
      vertex 10.743721155186542 6.4973915193383185 8.833333333333332
      vertex 10.388912372831363 8.169648620315927 8.833333333333332
      vertex 10.631370849898476 8.368629150101524 8.833333333333332
    endloop
  endfacet
  facet normal 0 0 -1
    outer loop
      vertex 10.743721155186542 6.4973915193383185 8.833333333333332
      vertex 10.631370849898476 8.368629150101524 8.833333333333332
      vertex 11.125 6.685417437700575 8.833333333333332
    endloop
  endfacet
  facet normal -0.7518398074789784 0.6593458151000677 0
    outer loop
      vertex 12.078398355946515 7.521525355721658 5.0143499854605595
      vertex 11.79809703885628 7.20190296114372 8.833333333333332
      vertex 12.078398355946515 7.521525355721658 8.833333333333332
    endloop
  endfacet
  facet normal -0.831469612302547 0.5555702330195994 0
    outer loop
      vertex 12.314582562299424 7.875 5.249999736484728
      vertex 12.078398355946515 7.521525355721658 8.833333333333332
      vertex 12.314582562299424 7.875 8.833333333333332
    endloop
  endfacet
  facet normal -0.8968727415326877 0.4422886902190024 0
    outer loop
      vertex 12.314582562299424 7.875 5.249999736484728
      vertex 12.314582562299424 7.875 8.833333333333332
      vertex 12.502608480661682 8.256278844813458 5.504185620268583
    endloop
  endfacet
  facet normal -0.9469301294951055 0.32143946530316214 0
    outer loop
      vertex 12.502608480661682 8.256278844813458 5.504185620268583
      vertex 12.502608480661682 8.256278844813458 8.833333333333332
      vertex 12.639258935439472 8.658838103416807 5.772558445866942
    endloop
  endfacet
  facet normal -0.9807852804032299 0.19509032201613105 0
    outer loop
      vertex 12.639258935439472 8.658838103416807 5.772558445866942
      vertex 12.639258935439472 8.658838103416807 8.833333333333332
      vertex 12.722195799464885 9.075789875284832 6.050526279826811
    endloop
  endfacet
  facet normal -0.9978589232386038 0.06540312923014105 0
    outer loop
      vertex 12.722195799464885 9.075789875284832 6.050526279826811
      vertex 12.722195799464885 9.075789875284832 8.833333333333332
      vertex 12.75 9.5 6.3333330154418945
    endloop
  endfacet
  facet normal -0.9978589232386036 -0.06540312923014105 0
    outer loop
      vertex 12.75 9.5 6.3333330154418945
      vertex 12.75 9.5 8.833333333333332
      vertex 12.722195799464885 9.924210124715168 6.616139751056979
    endloop
  endfacet
  facet normal -0.98078528040323 -0.19509032201613108 0
    outer loop
      vertex 12.722195799464885 9.924210124715168 6.616139751056979
      vertex 12.722195799464885 9.924210124715168 8.833333333333332
      vertex 12.639258935439472 10.341161896583193 6.894107585016847
    endloop
  endfacet
  facet normal 0 0 -1
    outer loop
      vertex 9.5 11.1 8.833333333333332
      vertex 9.5 12.75 8.833333333333332
      vertex 9.812144515225805 11.069256448645168 8.833333333333332
    endloop
  endfacet
  facet normal 0 0 -1
    outer loop
      vertex 9.812144515225805 11.069256448645168 8.833333333333332
      vertex 9.924210124715168 12.722195799464885 8.833333333333332
      vertex 10.112293491784143 10.97820725201806 8.833333333333332
    endloop
  endfacet
  facet normal 0 0 -1
    outer loop
      vertex 10.112293491784143 10.97820725201806 8.833333333333332
      vertex 10.341161896583193 12.639258935439472 8.833333333333332
      vertex 10.388912372831363 10.830351379684073 8.833333333333332
    endloop
  endfacet
  facet normal 0 0 -1
    outer loop
      vertex 10.631370849898476 10.631370849898476 8.833333333333332
      vertex 10.388912372831363 10.830351379684073 8.833333333333332
      vertex 10.341161896583193 12.639258935439472 8.833333333333332
    endloop
  endfacet
  facet normal 0 0 -1
    outer loop
      vertex 11.125 6.685417437700575 8.833333333333332
      vertex 10.631370849898476 8.368629150101524 8.833333333333332
      vertex 10.830351379684073 8.611087627168637 8.833333333333332
    endloop
  endfacet
  facet normal 0 0 -1
    outer loop
      vertex 11.125 6.685417437700575 8.833333333333332
      vertex 10.830351379684073 8.611087627168637 8.833333333333332
      vertex 10.97820725201806 8.887706508215857 8.833333333333332
    endloop
  endfacet
  facet normal 0 0 -1
    outer loop
      vertex 11.125 6.685417437700575 8.833333333333332
      vertex 10.97820725201806 8.887706508215857 8.833333333333332
      vertex 11.069256448645168 9.187855484774195 8.833333333333332
    endloop
  endfacet
  facet normal 0 0 -1
    outer loop
      vertex 11.125 6.685417437700575 8.833333333333332
      vertex 11.069256448645168 9.187855484774195 8.833333333333332
      vertex 11.1 9.5 8.833333333333332
    endloop
  endfacet
  facet normal 0 0 -1
    outer loop
      vertex 11.125 6.685417437700575 8.833333333333332
      vertex 11.125 12.314582562299424 8.833333333333332
      vertex 11.478474644278343 6.921601644053485 8.833333333333332
    endloop
  endfacet
  facet normal 0 0 -1
    outer loop
      vertex 11.125 6.685417437700575 8.833333333333332
      vertex 11.1 9.5 8.833333333333332
      vertex 11.125 12.314582562299424 8.833333333333332
    endloop
  endfacet
  facet normal 0 0 -1
    outer loop
      vertex 11.478474644278343 6.921601644053485 8.833333333333332
      vertex 11.478474644278343 12.078398355946515 8.833333333333332
      vertex 11.79809703885628 7.20190296114372 8.833333333333332
    endloop
  endfacet
  facet normal 0 0 -1
    outer loop
      vertex 11.1 9.5 8.833333333333332
      vertex 11.069256448645168 9.812144515225805 8.833333333333332
      vertex 11.125 12.314582562299424 8.833333333333332
    endloop
  endfacet
  facet normal 0 0 -1
    outer loop
      vertex 10.631370849898476 10.631370849898476 8.833333333333332
      vertex 10.743721155186542 12.502608480661682 8.833333333333332
      vertex 10.830351379684073 10.388912372831363 8.833333333333332
    endloop
  endfacet
  facet normal 0 0 -1
    outer loop
      vertex 10.830351379684073 10.388912372831363 8.833333333333332
      vertex 10.743721155186542 12.502608480661682 8.833333333333332
      vertex 10.97820725201806 10.112293491784143 8.833333333333332
    endloop
  endfacet
  facet normal 0 0 -1
    outer loop
      vertex 10.97820725201806 10.112293491784143 8.833333333333332
      vertex 10.743721155186542 12.502608480661682 8.833333333333332
      vertex 11.125 12.314582562299424 8.833333333333332
    endloop
  endfacet
  facet normal 0 0 -1
    outer loop
      vertex 11.069256448645168 9.812144515225805 8.833333333333332
      vertex 10.97820725201806 10.112293491784143 8.833333333333332
      vertex 11.125 12.314582562299424 8.833333333333332
    endloop
  endfacet
  facet normal 0 0 -1
    outer loop
      vertex 11.478474644278343 6.921601644053485 8.833333333333332
      vertex 11.125 12.314582562299424 8.833333333333332
      vertex 11.478474644278343 12.078398355946515 8.833333333333332
    endloop
  endfacet
  facet normal 0 0 -1
    outer loop
      vertex 11.79809703885628 7.20190296114372 8.833333333333332
      vertex 11.478474644278343 12.078398355946515 8.833333333333332
      vertex 11.79809703885628 11.79809703885628 8.833333333333332
    endloop
  endfacet
  facet normal 0 0 -1
    outer loop
      vertex 9.812144515225805 11.069256448645168 8.833333333333332
      vertex 9.5 12.75 8.833333333333332
      vertex 9.924210124715168 12.722195799464885 8.833333333333332
    endloop
  endfacet
  facet normal -0.06540312923014104 -0.9978589232386036 0
    outer loop
      vertex 9.5 12.75 8.499999573356227
      vertex 9.924210124715168 12.722195799464885 8.833333333333332
      vertex 9.5 12.75 8.833333333333332
    endloop
  endfacet
  facet normal -0.06540312923014105 -0.9978589232386036 -5.036701620779756e-18
    outer loop
      vertex 9.5 12.75 8.499999573356227
      vertex 9.924210124715168 12.722195799464885 8.481463440596542
      vertex 9.924210124715168 12.722195799464885 8.833333333333332
    endloop
  endfacet
  facet normal -0.19509032201613108 -0.98078528040323 0
    outer loop
      vertex 9.924210124715168 12.722195799464885 8.481463440596542
      vertex 10.341161896583193 12.639258935439472 8.833333333333332
      vertex 9.924210124715168 12.722195799464885 8.833333333333332
    endloop
  endfacet
  facet normal 0 0 -1
    outer loop
      vertex 10.112293491784143 10.97820725201806 8.833333333333332
      vertex 9.924210124715168 12.722195799464885 8.833333333333332
      vertex 10.341161896583193 12.639258935439472 8.833333333333332
    endloop
  endfacet
  facet normal 0 0 -1
    outer loop
      vertex 10.631370849898476 10.631370849898476 8.833333333333332
      vertex 10.341161896583193 12.639258935439472 8.833333333333332
      vertex 10.743721155186542 12.502608480661682 8.833333333333332
    endloop
  endfacet
  facet normal -0.3214394653031622 -0.9469301294951055 0
    outer loop
      vertex 10.341161896583193 12.639258935439472 8.426172200688187
      vertex 10.743721155186542 12.502608480661682 8.833333333333332
      vertex 10.341161896583193 12.639258935439472 8.833333333333332
    endloop
  endfacet
  facet normal -0.3214394653031622 -0.9469301294951055 1.3406906930680244e-17
    outer loop
      vertex 10.341161896583193 12.639258935439472 8.426172200688187
      vertex 10.743721155186542 12.502608480661682 8.335071902075626
      vertex 10.743721155186542 12.502608480661682 8.833333333333332
    endloop
  endfacet
  facet normal -0.19509032201613105 -0.9807852804032299 -1.509908632173715e-18
    outer loop
      vertex 9.924210124715168 12.722195799464885 8.481463440596542
      vertex 10.341161896583193 12.639258935439472 8.426172200688187
      vertex 10.341161896583193 12.639258935439472 8.833333333333332
    endloop
  endfacet
  facet normal -0.44228869021900247 -0.8968727415326877 -1.2898210074361389e-17
    outer loop
      vertex 11.125 12.314582562299424 8.833333333333332
      vertex 10.743721155186542 12.502608480661682 8.833333333333332
      vertex 10.743721155186542 12.502608480661682 8.335071902075626
    endloop
  endfacet
  facet normal -0.44228869021900247 -0.8968727415326877 0
    outer loop
      vertex 11.125 12.314582562299424 8.209721296125894
      vertex 11.125 12.314582562299424 8.833333333333332
      vertex 10.743721155186542 12.502608480661682 8.335071902075626
    endloop
  endfacet
  facet normal -0.5555702330195984 -0.8314696123025477 0
    outer loop
      vertex 11.125 12.314582562299424 8.209721296125894
      vertex 11.478474644278343 12.078398355946515 8.833333333333332
      vertex 11.125 12.314582562299424 8.833333333333332
    endloop
  endfacet
  facet normal -0.5555702330195984 -0.8314696123025477 1.7823941413258957e-17
    outer loop
      vertex 11.125 12.314582562299424 8.209721296125894
      vertex 11.478474644278343 12.078398355946515 8.052265166460543
      vertex 11.478474644278343 12.078398355946515 8.833333333333332
    endloop
  endfacet
  facet normal -0.6593458151000687 -0.7518398074789776 0
    outer loop
      vertex 11.79809703885628 11.79809703885628 7.865397631113235
      vertex 11.79809703885628 11.79809703885628 8.833333333333332
      vertex 11.478474644278343 12.078398355946515 8.052265166460543
    endloop
  endfacet
  facet normal -0.6593458151000687 -0.7518398074789775 1.973803316288168e-18
    outer loop
      vertex 11.79809703885628 11.79809703885628 8.833333333333332
      vertex 11.478474644278343 12.078398355946515 8.833333333333332
      vertex 11.478474644278343 12.078398355946515 8.052265166460543
    endloop
  endfacet
  facet normal -0.8968727415326877 0.44228869021900247 0
    outer loop
      vertex 12.502608480661682 8.256278844813458 5.504185620268583
      vertex 12.314582562299424 7.875 8.833333333333332
      vertex 12.502608480661682 8.256278844813458 8.833333333333332
    endloop
  endfacet
  facet normal 0 0 -1
    outer loop
      vertex 11.79809703885628 7.20190296114372 8.833333333333332
      vertex 11.79809703885628 11.79809703885628 8.833333333333332
      vertex 12.078398355946515 7.521525355721658 8.833333333333332
    endloop
  endfacet
  facet normal 0 0 -1
    outer loop
      vertex 12.078398355946515 7.521525355721658 8.833333333333332
      vertex 12.078398355946515 11.478474644278343 8.833333333333332
      vertex 12.314582562299424 7.875 8.833333333333332
    endloop
  endfacet
  facet normal 0 0 -1
    outer loop
      vertex 12.314582562299424 7.875 8.833333333333332
      vertex 12.314582562299424 11.125 8.833333333333332
      vertex 12.502608480661682 8.256278844813458 8.833333333333332
    endloop
  endfacet
  facet normal -0.9469301294951056 0.3214394653031622 0
    outer loop
      vertex 12.639258935439472 8.658838103416807 5.772558445866942
      vertex 12.502608480661682 8.256278844813458 8.833333333333332
      vertex 12.639258935439472 8.658838103416807 8.833333333333332
    endloop
  endfacet
  facet normal -0.9807852804032299 0.19509032201613108 0
    outer loop
      vertex 12.722195799464885 9.075789875284832 6.050526279826811
      vertex 12.639258935439472 8.658838103416807 8.833333333333332
      vertex 12.722195799464885 9.075789875284832 8.833333333333332
    endloop
  endfacet
  facet normal -0.9978589232386036 0.06540312923014105 7.089053734784164e-19
    outer loop
      vertex 12.722195799464885 9.075789875284832 8.833333333333332
      vertex 12.75 9.5 8.833333333333332
      vertex 12.75 9.5 6.3333330154418945
    endloop
  endfacet
  facet normal 0 0 -1
    outer loop
      vertex 12.502608480661682 8.256278844813458 8.833333333333332
      vertex 12.502608480661682 10.743721155186542 8.833333333333332
      vertex 12.639258935439472 8.658838103416807 8.833333333333332
    endloop
  endfacet
  facet normal 0 0 -1
    outer loop
      vertex 12.639258935439472 8.658838103416807 8.833333333333332
      vertex 12.639258935439472 10.341161896583193 8.833333333333332
      vertex 12.722195799464885 9.075789875284832 8.833333333333332
    endloop
  endfacet
  facet normal 0 0 -1
    outer loop
      vertex 12.722195799464885 9.075789875284832 8.833333333333332
      vertex 12.722195799464885 9.924210124715168 8.833333333333332
      vertex 12.75 9.5 8.833333333333332
    endloop
  endfacet
  facet normal 0 0 -1
    outer loop
      vertex 12.078398355946515 7.521525355721658 8.833333333333332
      vertex 11.79809703885628 11.79809703885628 8.833333333333332
      vertex 12.078398355946515 11.478474644278343 8.833333333333332
    endloop
  endfacet
  facet normal 0 0 -1
    outer loop
      vertex 12.314582562299424 7.875 8.833333333333332
      vertex 12.078398355946515 11.478474644278343 8.833333333333332
      vertex 12.314582562299424 11.125 8.833333333333332
    endloop
  endfacet
  facet normal 0 0 -1
    outer loop
      vertex 12.502608480661682 8.256278844813458 8.833333333333332
      vertex 12.314582562299424 11.125 8.833333333333332
      vertex 12.502608480661682 10.743721155186542 8.833333333333332
    endloop
  endfacet
  facet normal -0.7518398074789775 -0.6593458151000687 1.3053788067308819e-18
    outer loop
      vertex 11.79809703885628 11.79809703885628 7.865397631113235
      vertex 12.078398355946515 11.478474644278343 7.65231604542323
      vertex 12.078398355946515 11.478474644278343 8.833333333333332
    endloop
  endfacet
  facet normal -0.8968727415326877 -0.4422886902190024 -3.846347290615509e-18
    outer loop
      vertex 12.314582562299424 11.125 7.416666294399061
      vertex 12.502608480661682 10.743721155186542 7.162480410615205
      vertex 12.502608480661682 10.743721155186542 8.833333333333332
    endloop
  endfacet
  facet normal -0.8968727415326876 -0.4422886902190024 0
    outer loop
      vertex 12.314582562299424 11.125 7.416666294399061
      vertex 12.502608480661682 10.743721155186542 8.833333333333332
      vertex 12.314582562299424 11.125 8.833333333333332
    endloop
  endfacet
  facet normal -0.8314696123025478 -0.5555702330195984 0
    outer loop
      vertex 12.314582562299424 11.125 7.416666294399061
      vertex 12.314582562299424 11.125 8.833333333333332
      vertex 12.078398355946515 11.478474644278343 7.65231604542323
    endloop
  endfacet
  facet normal -0.8314696123025477 -0.5555702330195984 1.178789962570122e-17
    outer loop
      vertex 12.314582562299424 11.125 8.833333333333332
      vertex 12.078398355946515 11.478474644278343 8.833333333333332
      vertex 12.078398355946515 11.478474644278343 7.65231604542323
    endloop
  endfacet
  facet normal -0.9978589232386037 -0.06540312923014104 0
    outer loop
      vertex 12.722195799464885 9.924210124715168 6.616139751056979
      vertex 12.75 9.5 8.833333333333332
      vertex 12.722195799464885 9.924210124715168 8.833333333333332
    endloop
  endfacet
  facet normal -0.98078528040323 -0.19509032201613108 0
    outer loop
      vertex 12.639258935439472 10.341161896583193 6.894107585016847
      vertex 12.722195799464885 9.924210124715168 8.833333333333332
      vertex 12.639258935439472 10.341161896583193 8.833333333333332
    endloop
  endfacet
  facet normal -0.9469301294951054 -0.32143946530316214 0
    outer loop
      vertex 12.639258935439472 10.341161896583193 6.894107585016847
      vertex 12.639258935439472 10.341161896583193 8.833333333333332
      vertex 12.502608480661682 10.743721155186542 7.162480410615205
    endloop
  endfacet
  facet normal -0.9469301294951056 -0.3214394653031622 0
    outer loop
      vertex 12.502608480661682 10.743721155186542 7.162480410615205
      vertex 12.639258935439472 10.341161896583193 8.833333333333332
      vertex 12.502608480661682 10.743721155186542 8.833333333333332
    endloop
  endfacet
  facet normal 0 0 -1
    outer loop
      vertex 12.639258935439472 8.658838103416807 8.833333333333332
      vertex 12.502608480661682 10.743721155186542 8.833333333333332
      vertex 12.639258935439472 10.341161896583193 8.833333333333332
    endloop
  endfacet
  facet normal 0 0 -1
    outer loop
      vertex 12.722195799464885 9.075789875284832 8.833333333333332
      vertex 12.639258935439472 10.341161896583193 8.833333333333332
      vertex 12.722195799464885 9.924210124715168 8.833333333333332
    endloop
  endfacet
  facet normal -0.7518398074789776 -0.6593458151000687 0
    outer loop
      vertex 11.79809703885628 11.79809703885628 7.865397631113235
      vertex 12.078398355946515 11.478474644278343 8.833333333333332
      vertex 11.79809703885628 11.79809703885628 8.833333333333332
    endloop
  endfacet
  facet normal -1 0 0
    outer loop
      vertex 0 20.15111125856638 18.445104767878853
      vertex 0 17.1 12.666666666666666
      vertex 0 17.684039209480034 13.86719170837562
    endloop
  endfacet
  facet normal -1 0 0
    outer loop
      vertex 0 21.6 17.333333333333336
      vertex 0 18.334999562859547 13.273333118597671
      vertex 0 17.1 12.666666666666666
    endloop
  endfacet
  facet normal -1 0 0
    outer loop
      vertex 0 26.6 17.333333333333336
      vertex 0 18.99999930308418 12.666666666666666
      vertex 0 18.334999562859547 13.273333118597671
    endloop
  endfacet
  facet normal -1 0 0
    outer loop
      vertex 0 26.6 17.333333333333336
      vertex 0 19 12.666666666666666
      vertex 0 18.99999930308418 12.666666666666666
    endloop
  endfacet
  facet normal -1 0 0
    outer loop
      vertex 0 31.1 12.666666666666666
      vertex 0 19 12.666666666666666
      vertex 0 26.6 17.333333333333336
    endloop
  endfacet
  facet normal 0 1 0
    outer loop
      vertex 0 31.1 12.666666666666666
      vertex 5.450961895287037 31.1 16.083333333333336
      vertex 5.689339831471443 31.1 15.772673164804777
    endloop
  endfacet
  facet normal 0 1 0
    outer loop
      vertex 0 31.1 12.666666666666666
      vertex 6 31.1 15.53429522862037
      vertex 6.361771434545517 31.1 15.384444591899713
    endloop
  endfacet
  facet normal 0 1 0
    outer loop
      vertex 0 31.1 12.666666666666666
      vertex 5.689339831471443 31.1 15.772673164804777
      vertex 6 31.1 15.53429522862037
    endloop
  endfacet
  facet normal 0 1 0
    outer loop
      vertex 0 31.1 12.666666666666666
      vertex 6.361771434545517 31.1 15.384444591899713
      vertex 6.75 31.1 15.333333333333334
    endloop
  endfacet
  facet normal 0 0 -1
    outer loop
      vertex 0 31.1 12.666666666666666
      vertex 19 19 12.666666666666666
      vertex 0 19 12.666666666666666
    endloop
  endfacet
  facet normal 0 1 0
    outer loop
      vertex 0 31.1 12.666666666666666
      vertex 6.75 31.1 15.333333333333334
      vertex 12.25 31.1 15.333333333333334
    endloop
  endfacet
  facet normal -1 0 0
    outer loop
      vertex 0 20.1 18.833333333333336
      vertex 0 17.684039209480034 13.86719170837562
      vertex 0 17.1 14.399999427795409
    endloop
  endfacet
  facet normal -1 0 0
    outer loop
      vertex 0 20.15111125856638 18.445104767878853
      vertex 0 20.30096189528704 18.083333333333336
      vertex 0 17.1 12.666666666666666
    endloop
  endfacet
  facet normal -1 0 0
    outer loop
      vertex 0 20.539339831471445 17.77267316480478
      vertex 0 17.1 12.666666666666666
      vertex 0 20.30096189528704 18.083333333333336
    endloop
  endfacet
  facet normal -1 0 0
    outer loop
      vertex 0 20.15111125856638 18.445104767878853
      vertex 0 17.684039209480034 13.86719170837562
      vertex 0 20.1 18.833333333333336
    endloop
  endfacet
  facet normal -1 0 0
    outer loop
      vertex 0 20.1 18.833333333333336
      vertex 0 17.1 14.399999427795409
      vertex 0 17.1 30
    endloop
  endfacet
  facet normal -1 0 0
    outer loop
      vertex 0 20.85 17.534295228620373
      vertex 0 21.21177143454552 17.384444591899715
      vertex 0 17.1 12.666666666666666
    endloop
  endfacet
  facet normal -1 0 0
    outer loop
      vertex 0 21.21177143454552 17.384444591899715
      vertex 0 21.6 17.333333333333336
      vertex 0 17.1 12.666666666666666
    endloop
  endfacet
  facet normal -1 0 0
    outer loop
      vertex 0 20.539339831471445 17.77267316480478
      vertex 0 20.85 17.534295228620373
      vertex 0 17.1 12.666666666666666
    endloop
  endfacet
  facet normal -1 0 0
    outer loop
      vertex 0 26.6 17.333333333333336
      vertex 0 18.334999562859547 13.273333118597671
      vertex 0 21.6 17.333333333333336
    endloop
  endfacet
  facet normal -1 0 0
    outer loop
      vertex 0 20.1 18.833333333333336
      vertex 0 17.1 30
      vertex 0 20.1 23.833333333333336
    endloop
  endfacet
  facet normal -1 0 0
    outer loop
      vertex 0 20.1 23.833333333333336
      vertex 0 17.1 30
      vertex 0 20.15111125856638 24.22156189878782
    endloop
  endfacet
  facet normal -1 0 0
    outer loop
      vertex 0 20.15111125856638 24.22156189878782
      vertex 0 17.1 30
      vertex 0 20.30096189528704 24.583333333333336
    endloop
  endfacet
  facet normal -1 0 0
    outer loop
      vertex 0 20.30096189528704 24.583333333333336
      vertex 0 17.1 30
      vertex 0 20.539339831471445 24.893993501861893
    endloop
  endfacet
  facet normal -1 0 0
    outer loop
      vertex 0 20.539339831471445 24.893993501861893
      vertex 0 17.1 30
      vertex 0 20.85 25.1323714380463
    endloop
  endfacet
  facet normal -1 0 0
    outer loop
      vertex 0 17.1 30
      vertex 0 21.21177143454552 25.282222074766956
      vertex 0 20.85 25.1323714380463
    endloop
  endfacet
  facet normal -1 0 0
    outer loop
      vertex 0 17.1 30
      vertex 0 21.6 25.333333333333336
      vertex 0 21.21177143454552 25.282222074766956
    endloop
  endfacet
  facet normal -1 0 0
    outer loop
      vertex 0 17.1 30
      vertex 0 31.1 30
      vertex 0 21.6 25.333333333333336
    endloop
  endfacet
  facet normal 0 0 1
    outer loop
      vertex 0 31.1 30
      vertex 0 17.1 30
      vertex 1.9000000000000004 17.1 30
    endloop
  endfacet
  facet normal -1 0 0
    outer loop
      vertex 0 26.6 17.333333333333336
      vertex 0 26.988228565454484 17.384444591899715
      vertex 0 31.1 12.666666666666666
    endloop
  endfacet
  facet normal -1 0 0
    outer loop
      vertex 0 26.988228565454484 17.384444591899715
      vertex 0 27.35 17.534295228620373
      vertex 0 31.1 12.666666666666666
    endloop
  endfacet
  facet normal -1 0 0
    outer loop
      vertex 0 27.35 17.534295228620373
      vertex 0 27.66066016852856 17.77267316480478
      vertex 0 31.1 12.666666666666666
    endloop
  endfacet
  facet normal -1 0 0
    outer loop
      vertex 0 31.1 12.666666666666666
      vertex 0 27.66066016852856 17.77267316480478
      vertex 0 27.899038104712965 18.083333333333336
    endloop
  endfacet
  facet normal -1 0 0
    outer loop
      vertex 0 31.1 12.666666666666666
      vertex 0 27.899038104712965 18.083333333333336
      vertex 0 28.048888741433622 18.445104767878853
    endloop
  endfacet
  facet normal -1 0 0
    outer loop
      vertex 0 31.1 12.666666666666666
      vertex 0 28.048888741433622 18.445104767878853
      vertex 0 28.1 18.833333333333336
    endloop
  endfacet
  facet normal -1 0 0
    outer loop
      vertex 0 31.1 12.666666666666666
      vertex 0 28.1 18.833333333333336
      vertex 0 28.1 23.833333333333336
    endloop
  endfacet
  facet normal -1 0 0
    outer loop
      vertex 0 31.1 12.666666666666666
      vertex 0 28.1 23.833333333333336
      vertex 0 31.1 30
    endloop
  endfacet
  facet normal 0 1 0
    outer loop
      vertex 0 31.1 12.666666666666666
      vertex 0 31.1 30
      vertex 5.25 31.1 16.833333333333336
    endloop
  endfacet
  facet normal 0 1 0
    outer loop
      vertex 0 31.1 12.666666666666666
      vertex 5.25 31.1 16.833333333333336
      vertex 5.3011112585663795 31.1 16.445104767878853
    endloop
  endfacet
  facet normal 0 1 0
    outer loop
      vertex 0 31.1 12.666666666666666
      vertex 5.3011112585663795 31.1 16.445104767878853
      vertex 5.450961895287037 31.1 16.083333333333336
    endloop
  endfacet
  facet normal -1 0 0
    outer loop
      vertex 0 21.6 25.333333333333336
      vertex 0 31.1 30
      vertex 0 26.6 25.333333333333336
    endloop
  endfacet
  facet normal -1 0 0
    outer loop
      vertex 0 28.1 23.833333333333336
      vertex 0 28.048888741433622 24.22156189878782
      vertex 0 31.1 30
    endloop
  endfacet
  facet normal -1 0 0
    outer loop
      vertex 0 26.6 25.333333333333336
      vertex 0 31.1 30
      vertex 0 26.988228565454484 25.282222074766956
    endloop
  endfacet
  facet normal -1 0 0
    outer loop
      vertex 0 26.988228565454484 25.282222074766956
      vertex 0 31.1 30
      vertex 0 27.35 25.1323714380463
    endloop
  endfacet
  facet normal -1 0 0
    outer loop
      vertex 0 27.35 25.1323714380463
      vertex 0 31.1 30
      vertex 0 27.66066016852856 24.893993501861893
    endloop
  endfacet
  facet normal -1 0 0
    outer loop
      vertex 0 27.66066016852856 24.893993501861893
      vertex 0 31.1 30
      vertex 0 27.899038104712965 24.583333333333336
    endloop
  endfacet
  facet normal -1 0 0
    outer loop
      vertex 0 28.048888741433622 24.22156189878782
      vertex 0 27.899038104712965 24.583333333333336
      vertex 0 31.1 30
    endloop
  endfacet
  facet normal 0 1 0
    outer loop
      vertex 5.25 31.1 16.833333333333336
      vertex 0 31.1 30
      vertex 5.25 31.1 25.833333333333336
    endloop
  endfacet
  facet normal 0 1 0
    outer loop
      vertex 0 31.1 30
      vertex 5.3011112585663795 31.1 26.22156189878782
      vertex 5.25 31.1 25.833333333333336
    endloop
  endfacet
  facet normal 0 1 0
    outer loop
      vertex 0 31.1 30
      vertex 5.450961895287037 31.1 26.583333333333336
      vertex 5.3011112585663795 31.1 26.22156189878782
    endloop
  endfacet
  facet normal 0 1 0
    outer loop
      vertex 0 31.1 30
      vertex 5.689339831471443 31.1 26.893993501861893
      vertex 5.450961895287037 31.1 26.583333333333336
    endloop
  endfacet
  facet normal 0 1 0
    outer loop
      vertex 0 31.1 30
      vertex 6 31.1 27.1323714380463
      vertex 5.689339831471443 31.1 26.893993501861893
    endloop
  endfacet
  facet normal 0 1 0
    outer loop
      vertex 0 31.1 30
      vertex 6.361771434545517 31.1 27.282222074766956
      vertex 6 31.1 27.1323714380463
    endloop
  endfacet
  facet normal 0 1 0
    outer loop
      vertex 0 31.1 30
      vertex 6.75 31.1 27.333333333333336
      vertex 6.361771434545517 31.1 27.282222074766956
    endloop
  endfacet
  facet normal 0 -1 0
    outer loop
      vertex 1.9000000000000004 17.1 28
      vertex 17.1 17.1 28
      vertex 1.9000000000000004 17.1 30
    endloop
  endfacet
  facet normal 0 0 1
    outer loop
      vertex 0 31.1 30
      vertex 1.9000000000000004 17.1 30
      vertex 17.1 18.5 30
    endloop
  endfacet
  facet normal 0 1 0
    outer loop
      vertex 0 31.1 30
      vertex 19 31.1 30
      vertex 6.75 31.1 27.333333333333336
    endloop
  endfacet
  facet normal 0 1 0
    outer loop
      vertex 0 31.1 12.666666666666666
      vertex 12.25 31.1 15.333333333333334
      vertex 19 31.1 12.666666666666666
    endloop
  endfacet
  facet normal 0 0 -1
    outer loop
      vertex 0 31.1 12.666666666666666
      vertex 19 31.1 12.666666666666666
      vertex 19 19 12.666666666666666
    endloop
  endfacet
  facet normal 1 0 0
    outer loop
      vertex 19 21.21177143454552 17.384444591899715
      vertex 19 17.1 12.666666666666666
      vertex 19 17.989199691194923 13.588799679757695
    endloop
  endfacet
  facet normal 1 0 0
    outer loop
      vertex 19 21.6 17.333333333333336
      vertex 19 17.989199691194923 13.588799679757695
      vertex 19 18.99999930308418 12.666666666666666
    endloop
  endfacet
  facet normal 1 0 0
    outer loop
      vertex 19 21.6 17.333333333333336
      vertex 19 18.99999930308418 12.666666666666666
      vertex 19 19 12.666666666666666
    endloop
  endfacet
  facet normal 0 1 0
    outer loop
      vertex 12.25 31.1 15.333333333333334
      vertex 12.638228565454483 31.1 15.384444591899713
      vertex 19 31.1 12.666666666666666
    endloop
  endfacet
  facet normal 0 1 0
    outer loop
      vertex 12.638228565454483 31.1 15.384444591899713
      vertex 13 31.1 15.53429522862037
      vertex 19 31.1 12.666666666666666
    endloop
  endfacet
  facet normal 0 1 0
    outer loop
      vertex 13 31.1 15.53429522862037
      vertex 13.310660168528557 31.1 15.772673164804777
      vertex 19 31.1 12.666666666666666
    endloop
  endfacet
  facet normal 0 1 0
    outer loop
      vertex 13.310660168528557 31.1 15.772673164804777
      vertex 13.549038104712963 31.1 16.083333333333336
      vertex 19 31.1 12.666666666666666
    endloop
  endfacet
  facet normal 1 0 0
    outer loop
      vertex 19 21.6 17.333333333333336
      vertex 19 19 12.666666666666666
      vertex 19 31.1 12.666666666666666
    endloop
  endfacet
  facet normal 0 -1 0
    outer loop
      vertex 17.1 17.1 30
      vertex 1.9000000000000004 17.1 30
      vertex 17.1 17.1 28
    endloop
  endfacet
  facet normal 0 0 1
    outer loop
      vertex 17.1 18.5 30
      vertex 1.9000000000000004 17.1 30
      vertex 17.1 17.1 30
    endloop
  endfacet
  facet normal 0 0 1
    outer loop
      vertex 0 31.1 30
      vertex 17.1 18.5 30
      vertex 19 31.1 30
    endloop
  endfacet
  facet normal 0 1 0
    outer loop
      vertex 6.75 31.1 27.333333333333336
      vertex 19 31.1 30
      vertex 12.25 31.1 27.333333333333336
    endloop
  endfacet
  facet normal 1 0 0
    outer loop
      vertex 19 20.1 18.833333333333336
      vertex 19 17.474006182981622 14.058800792209366
      vertex 19 17.1 12.666666666666666
    endloop
  endfacet
  facet normal 1 0 0
    outer loop
      vertex 19 20.15111125856638 18.445104767878853
      vertex 19 17.1 12.666666666666666
      vertex 19 20.30096189528704 18.083333333333336
    endloop
  endfacet
  facet normal 1 0 0
    outer loop
      vertex 19 20.539339831471445 17.77267316480478
      vertex 19 20.30096189528704 18.083333333333336
      vertex 19 17.1 12.666666666666666
    endloop
  endfacet
  facet normal 1 0 0
    outer loop
      vertex 19 20.15111125856638 18.445104767878853
      vertex 19 20.1 18.833333333333336
      vertex 19 17.1 12.666666666666666
    endloop
  endfacet
  facet normal 1 0 0
    outer loop
      vertex 19 20.1 23.833333333333336
      vertex 19 17.1 14.399999427795409
      vertex 19 17.474006182981622 14.058800792209366
    endloop
  endfacet
  facet normal 1 0 0
    outer loop
      vertex 19 20.1 23.833333333333336
      vertex 19 17.474006182981622 14.058800792209366
      vertex 19 20.1 18.833333333333336
    endloop
  endfacet
  facet normal 1 0 0
    outer loop
      vertex 19 20.85 17.534295228620373
      vertex 19 17.1 12.666666666666666
      vertex 19 21.21177143454552 17.384444591899715
    endloop
  endfacet
  facet normal 1 0 0
    outer loop
      vertex 19 20.539339831471445 17.77267316480478
      vertex 19 17.1 12.666666666666666
      vertex 19 20.85 17.534295228620373
    endloop
  endfacet
  facet normal 1 0 0
    outer loop
      vertex 19 21.21177143454552 17.384444591899715
      vertex 19 17.989199691194923 13.588799679757695
      vertex 19 21.6 17.333333333333336
    endloop
  endfacet
  facet normal 1 0 0
    outer loop
      vertex 19 20.1 23.833333333333336
      vertex 19 17.1 30
      vertex 19 17.1 14.399999427795409
    endloop
  endfacet
  facet normal 1 0 0
    outer loop
      vertex 19 20.1 23.833333333333336
      vertex 19 20.15111125856638 24.22156189878782
      vertex 19 17.1 30
    endloop
  endfacet
  facet normal 1 0 0
    outer loop
      vertex 19 20.15111125856638 24.22156189878782
      vertex 19 20.30096189528704 24.583333333333336
      vertex 19 17.1 30
    endloop
  endfacet
  facet normal 1 0 0
    outer loop
      vertex 19 20.30096189528704 24.583333333333336
      vertex 19 20.539339831471445 24.893993501861893
      vertex 19 17.1 30
    endloop
  endfacet
  facet normal 1 0 0
    outer loop
      vertex 19 20.539339831471445 24.893993501861893
      vertex 19 20.85 25.1323714380463
      vertex 19 17.1 30
    endloop
  endfacet
  facet normal 1 0 0
    outer loop
      vertex 19 17.1 30
      vertex 19 20.85 25.1323714380463
      vertex 19 21.21177143454552 25.282222074766956
    endloop
  endfacet
  facet normal 1 0 0
    outer loop
      vertex 19 17.1 30
      vertex 19 21.21177143454552 25.282222074766956
      vertex 19 21.6 25.333333333333336
    endloop
  endfacet
  facet normal 1 0 0
    outer loop
      vertex 19 17.1 30
      vertex 19 21.6 25.333333333333336
      vertex 19 26.6 25.333333333333336
    endloop
  endfacet
  facet normal 0 0 1
    outer loop
      vertex 19 17.1 30
      vertex 19 31.1 30
      vertex 17.1 18.5 30
    endloop
  endfacet
  facet normal 0 1 0
    outer loop
      vertex 13.549038104712963 31.1 16.083333333333336
      vertex 13.69888874143362 31.1 16.445104767878853
      vertex 19 31.1 12.666666666666666
    endloop
  endfacet
  facet normal 0 1 0
    outer loop
      vertex 13.69888874143362 31.1 16.445104767878853
      vertex 13.75 31.1 16.833333333333336
      vertex 19 31.1 12.666666666666666
    endloop
  endfacet
  facet normal 0 1 0
    outer loop
      vertex 13.75 31.1 16.833333333333336
      vertex 13.75 31.1 25.833333333333336
      vertex 19 31.1 12.666666666666666
    endloop
  endfacet
  facet normal 1 0 0
    outer loop
      vertex 19 21.6 17.333333333333336
      vertex 19 31.1 12.666666666666666
      vertex 19 26.6 17.333333333333336
    endloop
  endfacet
  facet normal 1 0 0
    outer loop
      vertex 19 26.6 17.333333333333336
      vertex 19 31.1 12.666666666666666
      vertex 19 26.988228565454484 17.384444591899715
    endloop
  endfacet
  facet normal 1 0 0
    outer loop
      vertex 19 26.988228565454484 17.384444591899715
      vertex 19 31.1 12.666666666666666
      vertex 19 27.35 17.534295228620373
    endloop
  endfacet
  facet normal 1 0 0
    outer loop
      vertex 19 27.35 17.534295228620373
      vertex 19 31.1 12.666666666666666
      vertex 19 27.66066016852856 17.77267316480478
    endloop
  endfacet
  facet normal 1 0 0
    outer loop
      vertex 19 31.1 12.666666666666666
      vertex 19 27.899038104712965 18.083333333333336
      vertex 19 27.66066016852856 17.77267316480478
    endloop
  endfacet
  facet normal 1 0 0
    outer loop
      vertex 19 31.1 12.666666666666666
      vertex 19 28.048888741433622 18.445104767878853
      vertex 19 27.899038104712965 18.083333333333336
    endloop
  endfacet
  facet normal 1 0 0
    outer loop
      vertex 19 31.1 12.666666666666666
      vertex 19 28.1 18.833333333333336
      vertex 19 28.048888741433622 18.445104767878853
    endloop
  endfacet
  facet normal 1 0 0
    outer loop
      vertex 19 31.1 12.666666666666666
      vertex 19 31.1 30
      vertex 19 28.1 18.833333333333336
    endloop
  endfacet
  facet normal 0 1 0
    outer loop
      vertex 13 31.1 27.1323714380463
      vertex 19 31.1 30
      vertex 13.310660168528557 31.1 26.893993501861893
    endloop
  endfacet
  facet normal 0 1 0
    outer loop
      vertex 13.549038104712963 31.1 26.583333333333336
      vertex 19 31.1 30
      vertex 13.69888874143362 31.1 26.22156189878782
    endloop
  endfacet
  facet normal 0 1 0
    outer loop
      vertex 13.549038104712963 31.1 26.583333333333336
      vertex 13.310660168528557 31.1 26.893993501861893
      vertex 19 31.1 30
    endloop
  endfacet
  facet normal 0 1 0
    outer loop
      vertex 12.25 31.1 27.333333333333336
      vertex 19 31.1 30
      vertex 12.638228565454483 31.1 27.282222074766956
    endloop
  endfacet
  facet normal 0 1 0
    outer loop
      vertex 12.638228565454483 31.1 27.282222074766956
      vertex 19 31.1 30
      vertex 13 31.1 27.1323714380463
    endloop
  endfacet
  facet normal 0 1 0
    outer loop
      vertex 13.75 31.1 25.833333333333336
      vertex 13.69888874143362 31.1 26.22156189878782
      vertex 19 31.1 30
    endloop
  endfacet
  facet normal 1 0 0
    outer loop
      vertex 19 17.1 30
      vertex 19 26.6 25.333333333333336
      vertex 19 31.1 30
    endloop
  endfacet
  facet normal 0 1 0
    outer loop
      vertex 19 31.1 12.666666666666666
      vertex 13.75 31.1 25.833333333333336
      vertex 19 31.1 30
    endloop
  endfacet
  facet normal 1 0 0
    outer loop
      vertex 19 28.1 18.833333333333336
      vertex 19 31.1 30
      vertex 19 28.1 23.833333333333336
    endloop
  endfacet
  facet normal 1 0 0
    outer loop
      vertex 19 28.1 23.833333333333336
      vertex 19 31.1 30
      vertex 19 28.048888741433622 24.22156189878782
    endloop
  endfacet
  facet normal 1 0 0
    outer loop
      vertex 19 26.6 25.333333333333336
      vertex 19 26.988228565454484 25.282222074766956
      vertex 19 31.1 30
    endloop
  endfacet
  facet normal 1 0 0
    outer loop
      vertex 19 26.988228565454484 25.282222074766956
      vertex 19 27.35 25.1323714380463
      vertex 19 31.1 30
    endloop
  endfacet
  facet normal 1 0 0
    outer loop
      vertex 19 27.35 25.1323714380463
      vertex 19 27.66066016852856 24.893993501861893
      vertex 19 31.1 30
    endloop
  endfacet
  facet normal 1 0 0
    outer loop
      vertex 19 27.66066016852856 24.893993501861893
      vertex 19 27.899038104712965 24.583333333333336
      vertex 19 31.1 30
    endloop
  endfacet
  facet normal 1 0 0
    outer loop
      vertex 19 28.048888741433622 24.22156189878782
      vertex 19 31.1 30
      vertex 19 27.899038104712965 24.583333333333336
    endloop
  endfacet
  facet normal 0 0 1
    outer loop
      vertex 1.9000000000000004 29.1 14.666666666666666
      vertex 1.9000000000000004 19 14.666666666666666
      vertex 17.1 29.1 14.666666666666666
    endloop
  endfacet
  facet normal 0 -1 0
    outer loop
      vertex 1.9000000000000004 29.1 14.666666666666666
      vertex 17.1 29.1 14.666666666666666
      vertex 6.75 29.1 15.333333333333334
    endloop
  endfacet
  facet normal 1 0 0
    outer loop
      vertex 1.9000000000000004 20.1 18.833333333333336
      vertex 1.9000000000000004 17.1 17.344435884261312
      vertex 1.9000000000000004 19 17.344435884261312
    endloop
  endfacet
  facet normal 1 0 0
    outer loop
      vertex 1.9000000000000004 20.1 18.833333333333336
      vertex 1.9000000000000004 20.1 23.833333333333336
      vertex 1.9000000000000004 17.1 17.344435884261312
    endloop
  endfacet
  facet normal 1 0 0
    outer loop
      vertex 1.9000000000000004 20.1 23.833333333333336
      vertex 1.9000000000000004 18.016302200563004 23.89667105377021
      vertex 1.9000000000000004 17.1 17.344435884261312
    endloop
  endfacet
  facet normal 1 0 0
    outer loop
      vertex 1.9000000000000004 21.6 17.333333333333336
      vertex 1.9000000000000004 19 17.344435884261312
      vertex 1.9000000000000004 19 14.666666666666666
    endloop
  endfacet
  facet normal 1 0 0
    outer loop
      vertex 1.9000000000000004 20.539339831471445 17.77267316480478
      vertex 1.9000000000000004 19 17.344435884261312
      vertex 1.9000000000000004 20.85 17.534295228620373
    endloop
  endfacet
  facet normal 1 0 0
    outer loop
      vertex 1.9000000000000004 20.539339831471445 17.77267316480478
      vertex 1.9000000000000004 20.30096189528704 18.083333333333336
      vertex 1.9000000000000004 19 17.344435884261312
    endloop
  endfacet
  facet normal 1 0 0
    outer loop
      vertex 1.9000000000000004 20.85 17.534295228620373
      vertex 1.9000000000000004 19 17.344435884261312
      vertex 1.9000000000000004 21.21177143454552 17.384444591899715
    endloop
  endfacet
  facet normal 1 0 0
    outer loop
      vertex 1.9000000000000004 20.15111125856638 18.445104767878853
      vertex 1.9000000000000004 19 17.344435884261312
      vertex 1.9000000000000004 20.30096189528704 18.083333333333336
    endloop
  endfacet
  facet normal 1 0 0
    outer loop
      vertex 1.9000000000000004 20.15111125856638 18.445104767878853
      vertex 1.9000000000000004 20.1 18.833333333333336
      vertex 1.9000000000000004 19 17.344435884261312
    endloop
  endfacet
  facet normal 1 0 0
    outer loop
      vertex 1.9000000000000004 21.21177143454552 17.384444591899715
      vertex 1.9000000000000004 19 17.344435884261312
      vertex 1.9000000000000004 21.6 17.333333333333336
    endloop
  endfacet
  facet normal 1 0 0
    outer loop
      vertex 1.9000000000000004 21.6 17.333333333333336
      vertex 1.9000000000000004 19 14.666666666666666
      vertex 1.9000000000000004 29.1 14.666666666666666
    endloop
  endfacet
  facet normal 1 0 0
    outer loop
      vertex 1.9000000000000004 20.1 23.833333333333336
      vertex 1.9000000000000004 19 25.360349442162175
      vertex 1.9000000000000004 18.016302200563004 23.89667105377021
    endloop
  endfacet
  facet normal 1 0 0
    outer loop
      vertex 1.9000000000000004 20.85 25.1323714380463
      vertex 1.9000000000000004 17.1 28
      vertex 1.9000000000000004 19 26.284143866080946
    endloop
  endfacet
  facet normal 1 0 0
    outer loop
      vertex 1.9000000000000004 20.1 23.833333333333336
      vertex 1.9000000000000004 20.15111125856638 24.22156189878782
      vertex 1.9000000000000004 19 25.360349442162175
    endloop
  endfacet
  facet normal 1 0 0
    outer loop
      vertex 1.9000000000000004 20.15111125856638 24.22156189878782
      vertex 1.9000000000000004 20.30096189528704 24.583333333333336
      vertex 1.9000000000000004 19 25.360349442162175
    endloop
  endfacet
  facet normal 1 0 0
    outer loop
      vertex 1.9000000000000004 20.30096189528704 24.583333333333336
      vertex 1.9000000000000004 20.539339831471445 24.893993501861893
      vertex 1.9000000000000004 19 25.360349442162175
    endloop
  endfacet
  facet normal 1 0 0
    outer loop
      vertex 1.9000000000000004 20.539339831471445 24.893993501861893
      vertex 1.9000000000000004 19 26.284143866080946
      vertex 1.9000000000000004 19 25.360349442162175
    endloop
  endfacet
  facet normal 1 0 0
    outer loop
      vertex 1.9000000000000004 20.85 25.1323714380463
      vertex 1.9000000000000004 21.21177143454552 25.282222074766956
      vertex 1.9000000000000004 17.1 28
    endloop
  endfacet
  facet normal 1 0 0
    outer loop
      vertex 1.9000000000000004 20.539339831471445 24.893993501861893
      vertex 1.9000000000000004 20.85 25.1323714380463
      vertex 1.9000000000000004 19 26.284143866080946
    endloop
  endfacet
  facet normal 1 0 0
    outer loop
      vertex 1.9000000000000004 21.21177143454552 25.282222074766956
      vertex 1.9000000000000004 21.6 25.333333333333336
      vertex 1.9000000000000004 17.1 28
    endloop
  endfacet
  facet normal 1 0 0
    outer loop
      vertex 1.9000000000000004 21.6 25.333333333333336
      vertex 1.9000000000000004 29.1 28
      vertex 1.9000000000000004 17.1 28
    endloop
  endfacet
  facet normal 1 0 0
    outer loop
      vertex 1.9000000000000004 21.6 17.333333333333336
      vertex 1.9000000000000004 29.1 14.666666666666666
      vertex 1.9000000000000004 26.6 17.333333333333336
    endloop
  endfacet
  facet normal 1 0 0
    outer loop
      vertex 1.9000000000000004 26.6 17.333333333333336
      vertex 1.9000000000000004 29.1 14.666666666666666
      vertex 1.9000000000000004 26.988228565454484 17.384444591899715
    endloop
  endfacet
  facet normal 1 0 0
    outer loop
      vertex 1.9000000000000004 26.988228565454484 17.384444591899715
      vertex 1.9000000000000004 29.1 14.666666666666666
      vertex 1.9000000000000004 27.35 17.534295228620373
    endloop
  endfacet
  facet normal 1 0 0
    outer loop
      vertex 1.9000000000000004 27.35 17.534295228620373
      vertex 1.9000000000000004 29.1 14.666666666666666
      vertex 1.9000000000000004 27.66066016852856 17.77267316480478
    endloop
  endfacet
  facet normal 1 0 0
    outer loop
      vertex 1.9000000000000004 29.1 14.666666666666666
      vertex 1.9000000000000004 27.899038104712965 18.083333333333336
      vertex 1.9000000000000004 27.66066016852856 17.77267316480478
    endloop
  endfacet
  facet normal 1 0 0
    outer loop
      vertex 1.9000000000000004 29.1 14.666666666666666
      vertex 1.9000000000000004 28.048888741433622 18.445104767878853
      vertex 1.9000000000000004 27.899038104712965 18.083333333333336
    endloop
  endfacet
  facet normal 1 0 0
    outer loop
      vertex 1.9000000000000004 29.1 14.666666666666666
      vertex 1.9000000000000004 28.1 18.833333333333336
      vertex 1.9000000000000004 28.048888741433622 18.445104767878853
    endloop
  endfacet
  facet normal 1 0 0
    outer loop
      vertex 1.9000000000000004 29.1 14.666666666666666
      vertex 1.9000000000000004 29.1 28
      vertex 1.9000000000000004 28.1 18.833333333333336
    endloop
  endfacet
  facet normal 0 -1 0
    outer loop
      vertex 1.9000000000000004 29.1 14.666666666666666
      vertex 5.3011112585663795 29.1 16.445104767878853
      vertex 5.25 29.1 16.833333333333336
    endloop
  endfacet
  facet normal 0 -1 0
    outer loop
      vertex 1.9000000000000004 29.1 14.666666666666666
      vertex 5.450961895287037 29.1 16.083333333333336
      vertex 5.3011112585663795 29.1 16.445104767878853
    endloop
  endfacet
  facet normal 0 -1 0
    outer loop
      vertex 1.9000000000000004 29.1 14.666666666666666
      vertex 5.689339831471443 29.1 15.772673164804777
      vertex 5.450961895287037 29.1 16.083333333333336
    endloop
  endfacet
  facet normal 0 -1 0
    outer loop
      vertex 1.9000000000000004 29.1 14.666666666666666
      vertex 6 29.1 15.53429522862037
      vertex 5.689339831471443 29.1 15.772673164804777
    endloop
  endfacet
  facet normal 0 -1 0
    outer loop
      vertex 1.9000000000000004 29.1 14.666666666666666
      vertex 5.25 29.1 16.833333333333336
      vertex 5.25 29.1 25.833333333333336
    endloop
  endfacet
  facet normal 1 0 0
    outer loop
      vertex 1.9000000000000004 21.6 25.333333333333336
      vertex 1.9000000000000004 26.6 25.333333333333336
      vertex 1.9000000000000004 29.1 28
    endloop
  endfacet
  facet normal 1 0 0
    outer loop
      vertex 1.9000000000000004 28.1 18.833333333333336
      vertex 1.9000000000000004 29.1 28
      vertex 1.9000000000000004 28.1 23.833333333333336
    endloop
  endfacet
  facet normal 1 0 0
    outer loop
      vertex 1.9000000000000004 26.6 25.333333333333336
      vertex 1.9000000000000004 26.988228565454484 25.282222074766956
      vertex 1.9000000000000004 29.1 28
    endloop
  endfacet
  facet normal 1 0 0
    outer loop
      vertex 1.9000000000000004 26.988228565454484 25.282222074766956
      vertex 1.9000000000000004 27.35 25.1323714380463
      vertex 1.9000000000000004 29.1 28
    endloop
  endfacet
  facet normal 1 0 0
    outer loop
      vertex 1.9000000000000004 27.35 25.1323714380463
      vertex 1.9000000000000004 27.66066016852856 24.893993501861893
      vertex 1.9000000000000004 29.1 28
    endloop
  endfacet
  facet normal 1 0 0
    outer loop
      vertex 1.9000000000000004 28.1 23.833333333333336
      vertex 1.9000000000000004 29.1 28
      vertex 1.9000000000000004 28.048888741433622 24.22156189878782
    endloop
  endfacet
  facet normal 1 0 0
    outer loop
      vertex 1.9000000000000004 28.048888741433622 24.22156189878782
      vertex 1.9000000000000004 29.1 28
      vertex 1.9000000000000004 27.899038104712965 24.583333333333336
    endloop
  endfacet
  facet normal 1 0 0
    outer loop
      vertex 1.9000000000000004 27.66066016852856 24.893993501861893
      vertex 1.9000000000000004 27.899038104712965 24.583333333333336
      vertex 1.9000000000000004 29.1 28
    endloop
  endfacet
  facet normal 0 -1 0
    outer loop
      vertex 1.9000000000000004 29.1 14.666666666666666
      vertex 5.25 29.1 25.833333333333336
      vertex 1.9000000000000004 29.1 28
    endloop
  endfacet
  facet normal 0 -1 0
    outer loop
      vertex 1.9000000000000004 29.1 28
      vertex 5.25 29.1 25.833333333333336
      vertex 5.3011112585663795 29.1 26.22156189878782
    endloop
  endfacet
  facet normal 0 -1 0
    outer loop
      vertex 1.9000000000000004 29.1 28
      vertex 5.3011112585663795 29.1 26.22156189878782
      vertex 5.450961895287037 29.1 26.583333333333336
    endloop
  endfacet
  facet normal 0 -1 0
    outer loop
      vertex 1.9000000000000004 29.1 28
      vertex 5.450961895287037 29.1 26.583333333333336
      vertex 5.689339831471443 29.1 26.893993501861893
    endloop
  endfacet
  facet normal 0 -1 0
    outer loop
      vertex 1.9000000000000004 29.1 28
      vertex 5.689339831471443 29.1 26.893993501861893
      vertex 6 29.1 27.1323714380463
    endloop
  endfacet
  facet normal 0 0 -1
    outer loop
      vertex 1.9000000000000004 29.1 28
      vertex 17.1 17.1 28
      vertex 1.9000000000000004 17.1 28
    endloop
  endfacet
  facet normal 0 -1 0
    outer loop
      vertex 1.9000000000000004 29.1 14.666666666666666
      vertex 6.361771434545517 29.1 15.384444591899713
      vertex 6 29.1 15.53429522862037
    endloop
  endfacet
  facet normal 0 -1 0
    outer loop
      vertex 1.9000000000000004 29.1 14.666666666666666
      vertex 6.75 29.1 15.333333333333334
      vertex 6.361771434545517 29.1 15.384444591899713
    endloop
  endfacet
  facet normal 0 -1 0
    outer loop
      vertex 1.9000000000000004 29.1 28
      vertex 6 29.1 27.1323714380463
      vertex 6.361771434545517 29.1 27.282222074766956
    endloop
  endfacet
  facet normal 0 -1 0
    outer loop
      vertex 1.9000000000000004 29.1 28
      vertex 6.361771434545517 29.1 27.282222074766956
      vertex 6.75 29.1 27.333333333333336
    endloop
  endfacet
  facet normal 0 -1 0
    outer loop
      vertex 1.9000000000000004 29.1 28
      vertex 6.75 29.1 27.333333333333336
      vertex 12.25 29.1 27.333333333333336
    endloop
  endfacet
  facet normal 0 0 1
    outer loop
      vertex 17.1 29.1 14.666666666666666
      vertex 1.9000000000000004 19 14.666666666666666
      vertex 17.1 19 14.666666666666666
    endloop
  endfacet
  facet normal 0 -1 0
    outer loop
      vertex 6.75 29.1 15.333333333333334
      vertex 17.1 29.1 14.666666666666666
      vertex 12.25 29.1 15.333333333333334
    endloop
  endfacet
  facet normal 0 -1 0
    outer loop
      vertex 12.25 29.1 15.333333333333334
      vertex 17.1 29.1 14.666666666666666
      vertex 12.638228565454483 29.1 15.384444591899713
    endloop
  endfacet
  facet normal 0 -1 0
    outer loop
      vertex 12.638228565454483 29.1 15.384444591899713
      vertex 17.1 29.1 14.666666666666666
      vertex 13 29.1 15.53429522862037
    endloop
  endfacet
  facet normal 0 -1 0
    outer loop
      vertex 1.9000000000000004 29.1 28
      vertex 12.25 29.1 27.333333333333336
      vertex 17.1 29.1 28
    endloop
  endfacet
  facet normal 0 0 -1
    outer loop
      vertex 1.9000000000000004 29.1 28
      vertex 17.1 29.1 28
      vertex 17.1 17.1 28
    endloop
  endfacet
  facet normal 0 -1 0
    outer loop
      vertex 12.25 29.1 27.333333333333336
      vertex 12.638228565454483 29.1 27.282222074766956
      vertex 17.1 29.1 28
    endloop
  endfacet
  facet normal 0 -1 0
    outer loop
      vertex 12.638228565454483 29.1 27.282222074766956
      vertex 13 29.1 27.1323714380463
      vertex 17.1 29.1 28
    endloop
  endfacet
  facet normal -1 0 0
    outer loop
      vertex 17.1 20.1 18.833333333333336
      vertex 17.1 19 14.666666666666666
      vertex 17.1 19 17.344435884261312
    endloop
  endfacet
  facet normal -1 0 0
    outer loop
      vertex 17.1 20.1 23.833333333333336
      vertex 17.1 19 17.344435884261312
      vertex 17.1 19 26.284143866080946
    endloop
  endfacet
  facet normal -1 0 0
    outer loop
      vertex 17.1 20.539339831471445 17.77267316480478
      vertex 17.1 19 14.666666666666666
      vertex 17.1 20.30096189528704 18.083333333333336
    endloop
  endfacet
  facet normal -1 0 0
    outer loop
      vertex 17.1 20.539339831471445 17.77267316480478
      vertex 17.1 20.85 17.534295228620373
      vertex 17.1 19 14.666666666666666
    endloop
  endfacet
  facet normal -1 0 0
    outer loop
      vertex 17.1 20.85 17.534295228620373
      vertex 17.1 21.21177143454552 17.384444591899715
      vertex 17.1 19 14.666666666666666
    endloop
  endfacet
  facet normal -1 0 0
    outer loop
      vertex 17.1 21.21177143454552 17.384444591899715
      vertex 17.1 21.6 17.333333333333336
      vertex 17.1 19 14.666666666666666
    endloop
  endfacet
  facet normal -1 0 0
    outer loop
      vertex 17.1 20.15111125856638 18.445104767878853
      vertex 17.1 20.30096189528704 18.083333333333336
      vertex 17.1 19 14.666666666666666
    endloop
  endfacet
  facet normal -1 0 0
    outer loop
      vertex 17.1 20.15111125856638 18.445104767878853
      vertex 17.1 19 14.666666666666666
      vertex 17.1 20.1 18.833333333333336
    endloop
  endfacet
  facet normal -1 0 0
    outer loop
      vertex 17.1 21.6 17.333333333333336
      vertex 17.1 29.1 14.666666666666666
      vertex 17.1 19 14.666666666666666
    endloop
  endfacet
  facet normal -1 0 0
    outer loop
      vertex 17.1 20.1 18.833333333333336
      vertex 17.1 19 17.344435884261312
      vertex 17.1 20.1 23.833333333333336
    endloop
  endfacet
  facet normal -1 0 0
    outer loop
      vertex 17.1 20.85 25.1323714380463
      vertex 17.1 19 26.284143866080946
      vertex 17.1 17.1 28
    endloop
  endfacet
  facet normal -1 0 0
    outer loop
      vertex 17.1 20.1 23.833333333333336
      vertex 17.1 19 26.284143866080946
      vertex 17.1 20.15111125856638 24.22156189878782
    endloop
  endfacet
  facet normal -1 0 0
    outer loop
      vertex 17.1 20.15111125856638 24.22156189878782
      vertex 17.1 19 26.284143866080946
      vertex 17.1 20.30096189528704 24.583333333333336
    endloop
  endfacet
  facet normal -1 0 0
    outer loop
      vertex 17.1 20.30096189528704 24.583333333333336
      vertex 17.1 19 26.284143866080946
      vertex 17.1 20.539339831471445 24.893993501861893
    endloop
  endfacet
  facet normal -1 0 0
    outer loop
      vertex 17.1 20.85 25.1323714380463
      vertex 17.1 17.1 28
      vertex 17.1 21.21177143454552 25.282222074766956
    endloop
  endfacet
  facet normal -1 0 0
    outer loop
      vertex 17.1 20.539339831471445 24.893993501861893
      vertex 17.1 19 26.284143866080946
      vertex 17.1 20.85 25.1323714380463
    endloop
  endfacet
  facet normal -1 0 0
    outer loop
      vertex 17.1 21.21177143454552 25.282222074766956
      vertex 17.1 17.1 28
      vertex 17.1 21.6 25.333333333333336
    endloop
  endfacet
  facet normal -1 0 0
    outer loop
      vertex 17.1 21.6 25.333333333333336
      vertex 17.1 17.1 28
      vertex 17.1 29.1 28
    endloop
  endfacet
  facet normal 0 -1 0
    outer loop
      vertex 13 29.1 15.53429522862037
      vertex 17.1 29.1 14.666666666666666
      vertex 13.310660168528557 29.1 15.772673164804777
    endloop
  endfacet
  facet normal 0 -1 0
    outer loop
      vertex 13.310660168528557 29.1 15.772673164804777
      vertex 17.1 29.1 14.666666666666666
      vertex 13.549038104712963 29.1 16.083333333333336
    endloop
  endfacet
  facet normal 0 -1 0
    outer loop
      vertex 13.549038104712963 29.1 16.083333333333336
      vertex 17.1 29.1 14.666666666666666
      vertex 13.69888874143362 29.1 16.445104767878853
    endloop
  endfacet
  facet normal 0 -1 0
    outer loop
      vertex 13.69888874143362 29.1 16.445104767878853
      vertex 17.1 29.1 14.666666666666666
      vertex 13.75 29.1 16.833333333333336
    endloop
  endfacet
  facet normal 0 -1 0
    outer loop
      vertex 13.75 29.1 16.833333333333336
      vertex 17.1 29.1 14.666666666666666
      vertex 17.1 29.1 28
    endloop
  endfacet
  facet normal -1 0 0
    outer loop
      vertex 17.1 21.6 17.333333333333336
      vertex 17.1 26.6 17.333333333333336
      vertex 17.1 29.1 14.666666666666666
    endloop
  endfacet
  facet normal -1 0 0
    outer loop
      vertex 17.1 26.6 17.333333333333336
      vertex 17.1 26.988228565454484 17.384444591899715
      vertex 17.1 29.1 14.666666666666666
    endloop
  endfacet
  facet normal -1 0 0
    outer loop
      vertex 17.1 26.988228565454484 17.384444591899715
      vertex 17.1 27.35 17.534295228620373
      vertex 17.1 29.1 14.666666666666666
    endloop
  endfacet
  facet normal -1 0 0
    outer loop
      vertex 17.1 27.35 17.534295228620373
      vertex 17.1 27.66066016852856 17.77267316480478
      vertex 17.1 29.1 14.666666666666666
    endloop
  endfacet
  facet normal -1 0 0
    outer loop
      vertex 17.1 29.1 14.666666666666666
      vertex 17.1 27.66066016852856 17.77267316480478
      vertex 17.1 27.899038104712965 18.083333333333336
    endloop
  endfacet
  facet normal -1 0 0
    outer loop
      vertex 17.1 29.1 14.666666666666666
      vertex 17.1 27.899038104712965 18.083333333333336
      vertex 17.1 28.048888741433622 18.445104767878853
    endloop
  endfacet
  facet normal -1 0 0
    outer loop
      vertex 17.1 29.1 14.666666666666666
      vertex 17.1 28.048888741433622 18.445104767878853
      vertex 17.1 28.1 18.833333333333336
    endloop
  endfacet
  facet normal -1 0 0
    outer loop
      vertex 17.1 29.1 14.666666666666666
      vertex 17.1 28.1 18.833333333333336
      vertex 17.1 28.1 23.833333333333336
    endloop
  endfacet
  facet normal -1 0 0
    outer loop
      vertex 17.1 29.1 14.666666666666666
      vertex 17.1 28.1 23.833333333333336
      vertex 17.1 29.1 28
    endloop
  endfacet
  facet normal 0 -1 0
    outer loop
      vertex 13.75 29.1 16.833333333333336
      vertex 17.1 29.1 28
      vertex 13.75 29.1 25.833333333333336
    endloop
  endfacet
  facet normal 0 -1 0
    outer loop
      vertex 13.549038104712963 29.1 26.583333333333336
      vertex 17.1 29.1 28
      vertex 13.310660168528557 29.1 26.893993501861893
    endloop
  endfacet
  facet normal 0 -1 0
    outer loop
      vertex 13.549038104712963 29.1 26.583333333333336
      vertex 13.69888874143362 29.1 26.22156189878782
      vertex 17.1 29.1 28
    endloop
  endfacet
  facet normal 0 -1 0
    outer loop
      vertex 13 29.1 27.1323714380463
      vertex 13.310660168528557 29.1 26.893993501861893
      vertex 17.1 29.1 28
    endloop
  endfacet
  facet normal 0 -1 0
    outer loop
      vertex 13.75 29.1 25.833333333333336
      vertex 17.1 29.1 28
      vertex 13.69888874143362 29.1 26.22156189878782
    endloop
  endfacet
  facet normal -1 0 0
    outer loop
      vertex 17.1 21.6 25.333333333333336
      vertex 17.1 29.1 28
      vertex 17.1 26.6 25.333333333333336
    endloop
  endfacet
  facet normal -1 0 0
    outer loop
      vertex 17.1 26.6 25.333333333333336
      vertex 17.1 29.1 28
      vertex 17.1 26.988228565454484 25.282222074766956
    endloop
  endfacet
  facet normal -1 0 0
    outer loop
      vertex 17.1 26.988228565454484 25.282222074766956
      vertex 17.1 29.1 28
      vertex 17.1 27.35 25.1323714380463
    endloop
  endfacet
  facet normal -1 0 0
    outer loop
      vertex 17.1 27.35 25.1323714380463
      vertex 17.1 29.1 28
      vertex 17.1 27.66066016852856 24.893993501861893
    endloop
  endfacet
  facet normal -1 0 0
    outer loop
      vertex 17.1 28.1 23.833333333333336
      vertex 17.1 28.048888741433622 24.22156189878782
      vertex 17.1 29.1 28
    endloop
  endfacet
  facet normal -1 0 0
    outer loop
      vertex 17.1 28.048888741433622 24.22156189878782
      vertex 17.1 27.899038104712965 24.583333333333336
      vertex 17.1 29.1 28
    endloop
  endfacet
  facet normal -1 0 0
    outer loop
      vertex 17.1 27.66066016852856 24.893993501861893
      vertex 17.1 29.1 28
      vertex 17.1 27.899038104712965 24.583333333333336
    endloop
  endfacet
  facet normal 0 0.7933533343928048 0.6087614366957046
    outer loop
      vertex 0 20.539339831471445 17.77267316480478
      vertex 0 20.30096189528704 18.083333333333336
      vertex 1.9000000000000004 20.30096189528704 18.083333333333336
    endloop
  endfacet
  facet normal 0 0.991444861939091 0.13052618792631968
    outer loop
      vertex 0 20.15111125856638 18.445104767878853
      vertex 0 20.1 18.833333333333336
      vertex 1.9000000000000004 20.1 18.833333333333336
    endloop
  endfacet
  facet normal 0 0.9238795306578886 0.3826834368395885
    outer loop
      vertex 0 20.15111125856638 18.445104767878853
      vertex 1.9000000000000004 20.15111125856638 18.445104767878853
      vertex 0 20.30096189528704 18.083333333333336
    endloop
  endfacet
  facet normal 0 0.6087614366957046 0.7933533343928048
    outer loop
      vertex 0 20.539339831471445 17.77267316480478
      vertex 1.9000000000000004 20.539339831471445 17.77267316480478
      vertex 0 20.85 17.534295228620373
    endloop
  endfacet
  facet normal 0 0.38268343683958855 0.9238795306578887
    outer loop
      vertex 0 20.85 17.534295228620373
      vertex 1.9000000000000004 20.85 17.534295228620373
      vertex 0 21.21177143454552 17.384444591899715
    endloop
  endfacet
  facet normal 0 0.13052618792631968 0.991444861939091
    outer loop
      vertex 0 21.21177143454552 17.384444591899715
      vertex 1.9000000000000004 21.21177143454552 17.384444591899715
      vertex 0 21.6 17.333333333333336
    endloop
  endfacet
  facet normal 0 0 1
    outer loop
      vertex 0 21.6 17.333333333333336
      vertex 1.9000000000000004 21.6 17.333333333333336
      vertex 0 26.6 17.333333333333336
    endloop
  endfacet
  facet normal 0 0.9238795306578886 0.3826834368395885
    outer loop
      vertex 0 20.30096189528704 18.083333333333336
      vertex 1.9000000000000004 20.15111125856638 18.445104767878853
      vertex 1.9000000000000004 20.30096189528704 18.083333333333336
    endloop
  endfacet
  facet normal 0 0.991444861939091 0.13052618792631968
    outer loop
      vertex 0 20.15111125856638 18.445104767878853
      vertex 1.9000000000000004 20.1 18.833333333333336
      vertex 1.9000000000000004 20.15111125856638 18.445104767878853
    endloop
  endfacet
  facet normal 0 0.6087614366957046 0.7933533343928048
    outer loop
      vertex 1.9000000000000004 20.539339831471445 17.77267316480478
      vertex 1.9000000000000004 20.85 17.534295228620373
      vertex 0 20.85 17.534295228620373
    endloop
  endfacet
  facet normal 0 0.38268343683958855 0.9238795306578887
    outer loop
      vertex 0 21.21177143454552 17.384444591899715
      vertex 1.9000000000000004 20.85 17.534295228620373
      vertex 1.9000000000000004 21.21177143454552 17.384444591899715
    endloop
  endfacet
  facet normal 0 0.7933533343928048 0.6087614366957046
    outer loop
      vertex 0 20.539339831471445 17.77267316480478
      vertex 1.9000000000000004 20.30096189528704 18.083333333333336
      vertex 1.9000000000000004 20.539339831471445 17.77267316480478
    endloop
  endfacet
  facet normal 0 0.13052618792631968 0.991444861939091
    outer loop
      vertex 0 21.6 17.333333333333336
      vertex 1.9000000000000004 21.21177143454552 17.384444591899715
      vertex 1.9000000000000004 21.6 17.333333333333336
    endloop
  endfacet
  facet normal 0 1 0
    outer loop
      vertex 0 20.1 18.833333333333336
      vertex 0 20.1 23.833333333333336
      vertex 1.9000000000000004 20.1 23.833333333333336
    endloop
  endfacet
  facet normal 0 1 0
    outer loop
      vertex 0 20.1 18.833333333333336
      vertex 1.9000000000000004 20.1 23.833333333333336
      vertex 1.9000000000000004 20.1 18.833333333333336
    endloop
  endfacet
  facet normal 0 0.991444861939091 -0.13052618792631968
    outer loop
      vertex 0 20.1 23.833333333333336
      vertex 0 20.15111125856638 24.22156189878782
      vertex 1.9000000000000004 20.15111125856638 24.22156189878782
    endloop
  endfacet
  facet normal 0 0.9238795306578886 -0.3826834368395885
    outer loop
      vertex 0 20.15111125856638 24.22156189878782
      vertex 0 20.30096189528704 24.583333333333336
      vertex 1.9000000000000004 20.30096189528704 24.583333333333336
    endloop
  endfacet
  facet normal 0 0.7933533343928048 -0.6087614366957046
    outer loop
      vertex 0 20.30096189528704 24.583333333333336
      vertex 0 20.539339831471445 24.893993501861893
      vertex 1.9000000000000004 20.539339831471445 24.893993501861893
    endloop
  endfacet
  facet normal 0 0.6087614366957046 -0.7933533343928048
    outer loop
      vertex 0 20.539339831471445 24.893993501861893
      vertex 0 20.85 25.1323714380463
      vertex 1.9000000000000004 20.85 25.1323714380463
    endloop
  endfacet
  facet normal 0 0.38268343683958855 -0.9238795306578887
    outer loop
      vertex 0 20.85 25.1323714380463
      vertex 0 21.21177143454552 25.282222074766956
      vertex 1.9000000000000004 21.21177143454552 25.282222074766956
    endloop
  endfacet
  facet normal 0 0.13052618792631968 -0.991444861939091
    outer loop
      vertex 0 21.21177143454552 25.282222074766956
      vertex 0 21.6 25.333333333333336
      vertex 1.9000000000000004 21.6 25.333333333333336
    endloop
  endfacet
  facet normal 0 0.991444861939091 -0.13052618792631968
    outer loop
      vertex 0 20.1 23.833333333333336
      vertex 1.9000000000000004 20.15111125856638 24.22156189878782
      vertex 1.9000000000000004 20.1 23.833333333333336
    endloop
  endfacet
  facet normal 0 0.9238795306578886 -0.3826834368395885
    outer loop
      vertex 0 20.15111125856638 24.22156189878782
      vertex 1.9000000000000004 20.30096189528704 24.583333333333336
      vertex 1.9000000000000004 20.15111125856638 24.22156189878782
    endloop
  endfacet
  facet normal 0 0.7933533343928048 -0.6087614366957046
    outer loop
      vertex 0 20.30096189528704 24.583333333333336
      vertex 1.9000000000000004 20.539339831471445 24.893993501861893
      vertex 1.9000000000000004 20.30096189528704 24.583333333333336
    endloop
  endfacet
  facet normal 0 0.6087614366957046 -0.7933533343928048
    outer loop
      vertex 0 20.539339831471445 24.893993501861893
      vertex 1.9000000000000004 20.85 25.1323714380463
      vertex 1.9000000000000004 20.539339831471445 24.893993501861893
    endloop
  endfacet
  facet normal 0 0.38268343683958855 -0.9238795306578887
    outer loop
      vertex 0 20.85 25.1323714380463
      vertex 1.9000000000000004 21.21177143454552 25.282222074766956
      vertex 1.9000000000000004 20.85 25.1323714380463
    endloop
  endfacet
  facet normal 0 0.13052618792631968 -0.991444861939091
    outer loop
      vertex 0 21.21177143454552 25.282222074766956
      vertex 1.9000000000000004 21.6 25.333333333333336
      vertex 1.9000000000000004 21.21177143454552 25.282222074766956
    endloop
  endfacet
  facet normal 0 0 -1
    outer loop
      vertex 0 21.6 25.333333333333336
      vertex 1.9000000000000004 26.6 25.333333333333336
      vertex 1.9000000000000004 21.6 25.333333333333336
    endloop
  endfacet
  facet normal 0 -0.13052618792631968 0.991444861939091
    outer loop
      vertex 0 26.6 17.333333333333336
      vertex 1.9000000000000004 26.6 17.333333333333336
      vertex 0 26.988228565454484 17.384444591899715
    endloop
  endfacet
  facet normal 0 -0.38268343683958855 0.9238795306578887
    outer loop
      vertex 0 26.988228565454484 17.384444591899715
      vertex 1.9000000000000004 26.988228565454484 17.384444591899715
      vertex 0 27.35 17.534295228620373
    endloop
  endfacet
  facet normal 0 0 1
    outer loop
      vertex 1.9000000000000004 21.6 17.333333333333336
      vertex 1.9000000000000004 26.6 17.333333333333336
      vertex 0 26.6 17.333333333333336
    endloop
  endfacet
  facet normal 0 -0.13052618792631968 0.991444861939091
    outer loop
      vertex 0 26.988228565454484 17.384444591899715
      vertex 1.9000000000000004 26.6 17.333333333333336
      vertex 1.9000000000000004 26.988228565454484 17.384444591899715
    endloop
  endfacet
  facet normal 0 -0.6087614366957046 0.7933533343928048
    outer loop
      vertex 0 27.35 17.534295228620373
      vertex 1.9000000000000004 27.35 17.534295228620373
      vertex 0 27.66066016852856 17.77267316480478
    endloop
  endfacet
  facet normal 0 -0.7933533343928048 0.6087614366957046
    outer loop
      vertex 0 27.66066016852856 17.77267316480478
      vertex 1.9000000000000004 27.66066016852856 17.77267316480478
      vertex 0 27.899038104712965 18.083333333333336
    endloop
  endfacet
  facet normal 0 -0.9238795306578886 0.3826834368395885
    outer loop
      vertex 0 27.899038104712965 18.083333333333336
      vertex 1.9000000000000004 27.899038104712965 18.083333333333336
      vertex 0 28.048888741433622 18.445104767878853
    endloop
  endfacet
  facet normal 0 -0.991444861939091 0.13052618792631968
    outer loop
      vertex 0 28.048888741433622 18.445104767878853
      vertex 1.9000000000000004 28.048888741433622 18.445104767878853
      vertex 0 28.1 18.833333333333336
    endloop
  endfacet
  facet normal 0 -0.38268343683958855 0.9238795306578887
    outer loop
      vertex 0 27.35 17.534295228620373
      vertex 1.9000000000000004 26.988228565454484 17.384444591899715
      vertex 1.9000000000000004 27.35 17.534295228620373
    endloop
  endfacet
  facet normal 0 -0.6087614366957046 0.7933533343928048
    outer loop
      vertex 1.9000000000000004 27.35 17.534295228620373
      vertex 1.9000000000000004 27.66066016852856 17.77267316480478
      vertex 0 27.66066016852856 17.77267316480478
    endloop
  endfacet
  facet normal 0 -0.7933533343928048 0.6087614366957046
    outer loop
      vertex 0 27.899038104712965 18.083333333333336
      vertex 1.9000000000000004 27.66066016852856 17.77267316480478
      vertex 1.9000000000000004 27.899038104712965 18.083333333333336
    endloop
  endfacet
  facet normal 0 -0.9238795306578886 0.3826834368395885
    outer loop
      vertex 0 28.048888741433622 18.445104767878853
      vertex 1.9000000000000004 27.899038104712965 18.083333333333336
      vertex 1.9000000000000004 28.048888741433622 18.445104767878853
    endloop
  endfacet
  facet normal 0 -0.991444861939091 0.13052618792631968
    outer loop
      vertex 0 28.1 18.833333333333336
      vertex 1.9000000000000004 28.048888741433622 18.445104767878853
      vertex 1.9000000000000004 28.1 18.833333333333336
    endloop
  endfacet
  facet normal 0 -1 0
    outer loop
      vertex 0 28.1 18.833333333333336
      vertex 1.9000000000000004 28.1 18.833333333333336
      vertex 0 28.1 23.833333333333336
    endloop
  endfacet
  facet normal 0 -1 0
    outer loop
      vertex 1.9000000000000004 28.1 18.833333333333336
      vertex 1.9000000000000004 28.1 23.833333333333336
      vertex 0 28.1 23.833333333333336
    endloop
  endfacet
  facet normal 0 0 -1
    outer loop
      vertex 0 21.6 25.333333333333336
      vertex 0 26.6 25.333333333333336
      vertex 1.9000000000000004 26.6 25.333333333333336
    endloop
  endfacet
  facet normal 0 -0.13052618792631968 -0.991444861939091
    outer loop
      vertex 0 26.6 25.333333333333336
      vertex 0 26.988228565454484 25.282222074766956
      vertex 1.9000000000000004 26.988228565454484 25.282222074766956
    endloop
  endfacet
  facet normal 0 -0.38268343683958855 -0.9238795306578887
    outer loop
      vertex 0 26.988228565454484 25.282222074766956
      vertex 1.9000000000000004 27.35 25.1323714380463
      vertex 1.9000000000000004 26.988228565454484 25.282222074766956
    endloop
  endfacet
  facet normal 0 -0.13052618792631968 -0.991444861939091
    outer loop
      vertex 0 26.6 25.333333333333336
      vertex 1.9000000000000004 26.988228565454484 25.282222074766956
      vertex 1.9000000000000004 26.6 25.333333333333336
    endloop
  endfacet
  facet normal 0 -0.991444861939091 -0.13052618792631968
    outer loop
      vertex 0 28.1 23.833333333333336
      vertex 1.9000000000000004 28.1 23.833333333333336
      vertex 0 28.048888741433622 24.22156189878782
    endloop
  endfacet
  facet normal 0 -0.9238795306578886 -0.3826834368395885
    outer loop
      vertex 0 28.048888741433622 24.22156189878782
      vertex 1.9000000000000004 28.048888741433622 24.22156189878782
      vertex 0 27.899038104712965 24.583333333333336
    endloop
  endfacet
  facet normal 0 -0.38268343683958855 -0.9238795306578887
    outer loop
      vertex 0 26.988228565454484 25.282222074766956
      vertex 0 27.35 25.1323714380463
      vertex 1.9000000000000004 27.35 25.1323714380463
    endloop
  endfacet
  facet normal 0 -0.6087614366957046 -0.7933533343928048
    outer loop
      vertex 0 27.35 25.1323714380463
      vertex 0 27.66066016852856 24.893993501861893
      vertex 1.9000000000000004 27.66066016852856 24.893993501861893
    endloop
  endfacet
  facet normal 0 -0.7933533343928048 -0.6087614366957046
    outer loop
      vertex 0 27.66066016852856 24.893993501861893
      vertex 0 27.899038104712965 24.583333333333336
      vertex 1.9000000000000004 27.899038104712965 24.583333333333336
    endloop
  endfacet
  facet normal 0 -0.991444861939091 -0.13052618792631968
    outer loop
      vertex 0 28.048888741433622 24.22156189878782
      vertex 1.9000000000000004 28.1 23.833333333333336
      vertex 1.9000000000000004 28.048888741433622 24.22156189878782
    endloop
  endfacet
  facet normal 0 -0.6087614366957046 -0.7933533343928048
    outer loop
      vertex 0 27.35 25.1323714380463
      vertex 1.9000000000000004 27.66066016852856 24.893993501861893
      vertex 1.9000000000000004 27.35 25.1323714380463
    endloop
  endfacet
  facet normal 0 -0.7933533343928048 -0.6087614366957046
    outer loop
      vertex 0 27.66066016852856 24.893993501861893
      vertex 1.9000000000000004 27.899038104712965 24.583333333333336
      vertex 1.9000000000000004 27.66066016852856 24.893993501861893
    endloop
  endfacet
  facet normal 0 -0.9238795306578886 -0.3826834368395885
    outer loop
      vertex 0 27.899038104712965 24.583333333333336
      vertex 1.9000000000000004 28.048888741433622 24.22156189878782
      vertex 1.9000000000000004 27.899038104712965 24.583333333333336
    endloop
  endfacet
  facet normal 0 0.7933533343928048 0.6087614366957046
    outer loop
      vertex 17.1 20.539339831471445 17.77267316480478
      vertex 17.1 20.30096189528704 18.083333333333336
      vertex 19 20.30096189528704 18.083333333333336
    endloop
  endfacet
  facet normal 0 0.991444861939091 0.13052618792631965
    outer loop
      vertex 17.1 20.15111125856638 18.445104767878853
      vertex 17.1 20.1 18.833333333333336
      vertex 19 20.1 18.833333333333336
    endloop
  endfacet
  facet normal 0 0.9238795306578886 0.3826834368395886
    outer loop
      vertex 17.1 20.15111125856638 18.445104767878853
      vertex 19 20.15111125856638 18.445104767878853
      vertex 17.1 20.30096189528704 18.083333333333336
    endloop
  endfacet
  facet normal 0 0.6087614366957046 0.7933533343928048
    outer loop
      vertex 17.1 20.539339831471445 17.77267316480478
      vertex 19 20.539339831471445 17.77267316480478
      vertex 17.1 20.85 17.534295228620373
    endloop
  endfacet
  facet normal 0 0.3826834368395886 0.9238795306578886
    outer loop
      vertex 17.1 20.85 17.534295228620373
      vertex 19 20.85 17.534295228620373
      vertex 17.1 21.21177143454552 17.384444591899715
    endloop
  endfacet
  facet normal 0 0.13052618792631965 0.991444861939091
    outer loop
      vertex 17.1 21.21177143454552 17.384444591899715
      vertex 19 21.21177143454552 17.384444591899715
      vertex 17.1 21.6 17.333333333333336
    endloop
  endfacet
  facet normal 0 0 1
    outer loop
      vertex 17.1 21.6 17.333333333333336
      vertex 19 21.6 17.333333333333336
      vertex 17.1 26.6 17.333333333333336
    endloop
  endfacet
  facet normal 0 0.9238795306578886 0.3826834368395886
    outer loop
      vertex 17.1 20.30096189528704 18.083333333333336
      vertex 19 20.15111125856638 18.445104767878853
      vertex 19 20.30096189528704 18.083333333333336
    endloop
  endfacet
  facet normal 0 0.991444861939091 0.13052618792631965
    outer loop
      vertex 17.1 20.15111125856638 18.445104767878853
      vertex 19 20.1 18.833333333333336
      vertex 19 20.15111125856638 18.445104767878853
    endloop
  endfacet
  facet normal 0 0.6087614366957046 0.7933533343928048
    outer loop
      vertex 19 20.539339831471445 17.77267316480478
      vertex 19 20.85 17.534295228620373
      vertex 17.1 20.85 17.534295228620373
    endloop
  endfacet
  facet normal 0 0.3826834368395886 0.9238795306578886
    outer loop
      vertex 17.1 21.21177143454552 17.384444591899715
      vertex 19 20.85 17.534295228620373
      vertex 19 21.21177143454552 17.384444591899715
    endloop
  endfacet
  facet normal 0 0.7933533343928048 0.6087614366957046
    outer loop
      vertex 17.1 20.539339831471445 17.77267316480478
      vertex 19 20.30096189528704 18.083333333333336
      vertex 19 20.539339831471445 17.77267316480478
    endloop
  endfacet
  facet normal 0 0.13052618792631965 0.991444861939091
    outer loop
      vertex 17.1 21.6 17.333333333333336
      vertex 19 21.21177143454552 17.384444591899715
      vertex 19 21.6 17.333333333333336
    endloop
  endfacet
  facet normal 0 1 0
    outer loop
      vertex 17.1 20.1 18.833333333333336
      vertex 17.1 20.1 23.833333333333336
      vertex 19 20.1 23.833333333333336
    endloop
  endfacet
  facet normal 0 1 0
    outer loop
      vertex 17.1 20.1 18.833333333333336
      vertex 19 20.1 23.833333333333336
      vertex 19 20.1 18.833333333333336
    endloop
  endfacet
  facet normal 0 0.991444861939091 -0.13052618792631965
    outer loop
      vertex 17.1 20.1 23.833333333333336
      vertex 17.1 20.15111125856638 24.22156189878782
      vertex 19 20.15111125856638 24.22156189878782
    endloop
  endfacet
  facet normal 0 0.9238795306578886 -0.3826834368395886
    outer loop
      vertex 17.1 20.15111125856638 24.22156189878782
      vertex 17.1 20.30096189528704 24.583333333333336
      vertex 19 20.30096189528704 24.583333333333336
    endloop
  endfacet
  facet normal 0 0.7933533343928048 -0.6087614366957046
    outer loop
      vertex 17.1 20.30096189528704 24.583333333333336
      vertex 17.1 20.539339831471445 24.893993501861893
      vertex 19 20.539339831471445 24.893993501861893
    endloop
  endfacet
  facet normal 0 0.6087614366957046 -0.7933533343928048
    outer loop
      vertex 17.1 20.539339831471445 24.893993501861893
      vertex 17.1 20.85 25.1323714380463
      vertex 19 20.85 25.1323714380463
    endloop
  endfacet
  facet normal 0 0.3826834368395886 -0.9238795306578886
    outer loop
      vertex 17.1 20.85 25.1323714380463
      vertex 17.1 21.21177143454552 25.282222074766956
      vertex 19 21.21177143454552 25.282222074766956
    endloop
  endfacet
  facet normal 0 0.13052618792631965 -0.991444861939091
    outer loop
      vertex 17.1 21.21177143454552 25.282222074766956
      vertex 17.1 21.6 25.333333333333336
      vertex 19 21.6 25.333333333333336
    endloop
  endfacet
  facet normal 0 0.991444861939091 -0.13052618792631965
    outer loop
      vertex 17.1 20.1 23.833333333333336
      vertex 19 20.15111125856638 24.22156189878782
      vertex 19 20.1 23.833333333333336
    endloop
  endfacet
  facet normal 0 0.9238795306578886 -0.3826834368395886
    outer loop
      vertex 17.1 20.15111125856638 24.22156189878782
      vertex 19 20.30096189528704 24.583333333333336
      vertex 19 20.15111125856638 24.22156189878782
    endloop
  endfacet
  facet normal 0 0.7933533343928048 -0.6087614366957046
    outer loop
      vertex 17.1 20.30096189528704 24.583333333333336
      vertex 19 20.539339831471445 24.893993501861893
      vertex 19 20.30096189528704 24.583333333333336
    endloop
  endfacet
  facet normal 0 0.6087614366957046 -0.7933533343928048
    outer loop
      vertex 17.1 20.539339831471445 24.893993501861893
      vertex 19 20.85 25.1323714380463
      vertex 19 20.539339831471445 24.893993501861893
    endloop
  endfacet
  facet normal 0 0.3826834368395886 -0.9238795306578886
    outer loop
      vertex 17.1 20.85 25.1323714380463
      vertex 19 21.21177143454552 25.282222074766956
      vertex 19 20.85 25.1323714380463
    endloop
  endfacet
  facet normal 0 0.13052618792631965 -0.991444861939091
    outer loop
      vertex 17.1 21.21177143454552 25.282222074766956
      vertex 19 21.6 25.333333333333336
      vertex 19 21.21177143454552 25.282222074766956
    endloop
  endfacet
  facet normal 0 0 -1
    outer loop
      vertex 17.1 21.6 25.333333333333336
      vertex 19 26.6 25.333333333333336
      vertex 19 21.6 25.333333333333336
    endloop
  endfacet
  facet normal 0 -0.13052618792631965 0.991444861939091
    outer loop
      vertex 17.1 26.6 17.333333333333336
      vertex 19 26.6 17.333333333333336
      vertex 17.1 26.988228565454484 17.384444591899715
    endloop
  endfacet
  facet normal 0 -0.3826834368395886 0.9238795306578886
    outer loop
      vertex 17.1 26.988228565454484 17.384444591899715
      vertex 19 26.988228565454484 17.384444591899715
      vertex 17.1 27.35 17.534295228620373
    endloop
  endfacet
  facet normal 0 0 1
    outer loop
      vertex 19 21.6 17.333333333333336
      vertex 19 26.6 17.333333333333336
      vertex 17.1 26.6 17.333333333333336
    endloop
  endfacet
  facet normal 0 -0.13052618792631965 0.991444861939091
    outer loop
      vertex 17.1 26.988228565454484 17.384444591899715
      vertex 19 26.6 17.333333333333336
      vertex 19 26.988228565454484 17.384444591899715
    endloop
  endfacet
  facet normal 0 -0.6087614366957046 0.7933533343928048
    outer loop
      vertex 17.1 27.35 17.534295228620373
      vertex 19 27.35 17.534295228620373
      vertex 17.1 27.66066016852856 17.77267316480478
    endloop
  endfacet
  facet normal 0 -0.7933533343928048 0.6087614366957046
    outer loop
      vertex 17.1 27.66066016852856 17.77267316480478
      vertex 19 27.66066016852856 17.77267316480478
      vertex 17.1 27.899038104712965 18.083333333333336
    endloop
  endfacet
  facet normal 0 -0.9238795306578886 0.3826834368395886
    outer loop
      vertex 17.1 27.899038104712965 18.083333333333336
      vertex 19 27.899038104712965 18.083333333333336
      vertex 17.1 28.048888741433622 18.445104767878853
    endloop
  endfacet
  facet normal 0 -0.991444861939091 0.13052618792631965
    outer loop
      vertex 17.1 28.048888741433622 18.445104767878853
      vertex 19 28.048888741433622 18.445104767878853
      vertex 17.1 28.1 18.833333333333336
    endloop
  endfacet
  facet normal 0 -0.3826834368395886 0.9238795306578886
    outer loop
      vertex 17.1 27.35 17.534295228620373
      vertex 19 26.988228565454484 17.384444591899715
      vertex 19 27.35 17.534295228620373
    endloop
  endfacet
  facet normal 0 -0.6087614366957046 0.7933533343928048
    outer loop
      vertex 19 27.35 17.534295228620373
      vertex 19 27.66066016852856 17.77267316480478
      vertex 17.1 27.66066016852856 17.77267316480478
    endloop
  endfacet
  facet normal 0 -0.7933533343928048 0.6087614366957046
    outer loop
      vertex 17.1 27.899038104712965 18.083333333333336
      vertex 19 27.66066016852856 17.77267316480478
      vertex 19 27.899038104712965 18.083333333333336
    endloop
  endfacet
  facet normal 0 -0.9238795306578886 0.3826834368395886
    outer loop
      vertex 17.1 28.048888741433622 18.445104767878853
      vertex 19 27.899038104712965 18.083333333333336
      vertex 19 28.048888741433622 18.445104767878853
    endloop
  endfacet
  facet normal 0 -0.991444861939091 0.13052618792631965
    outer loop
      vertex 17.1 28.1 18.833333333333336
      vertex 19 28.048888741433622 18.445104767878853
      vertex 19 28.1 18.833333333333336
    endloop
  endfacet
  facet normal 0 -1 0
    outer loop
      vertex 17.1 28.1 18.833333333333336
      vertex 19 28.1 18.833333333333336
      vertex 17.1 28.1 23.833333333333336
    endloop
  endfacet
  facet normal 0 -1 0
    outer loop
      vertex 19 28.1 18.833333333333336
      vertex 19 28.1 23.833333333333336
      vertex 17.1 28.1 23.833333333333336
    endloop
  endfacet
  facet normal 0 0 -1
    outer loop
      vertex 17.1 21.6 25.333333333333336
      vertex 17.1 26.6 25.333333333333336
      vertex 19 26.6 25.333333333333336
    endloop
  endfacet
  facet normal 0 -0.13052618792631965 -0.991444861939091
    outer loop
      vertex 17.1 26.6 25.333333333333336
      vertex 17.1 26.988228565454484 25.282222074766956
      vertex 19 26.988228565454484 25.282222074766956
    endloop
  endfacet
  facet normal 0 -0.3826834368395886 -0.9238795306578886
    outer loop
      vertex 17.1 26.988228565454484 25.282222074766956
      vertex 19 27.35 25.1323714380463
      vertex 19 26.988228565454484 25.282222074766956
    endloop
  endfacet
  facet normal 0 -0.13052618792631965 -0.991444861939091
    outer loop
      vertex 17.1 26.6 25.333333333333336
      vertex 19 26.988228565454484 25.282222074766956
      vertex 19 26.6 25.333333333333336
    endloop
  endfacet
  facet normal 0 -0.991444861939091 -0.13052618792631965
    outer loop
      vertex 17.1 28.1 23.833333333333336
      vertex 19 28.1 23.833333333333336
      vertex 17.1 28.048888741433622 24.22156189878782
    endloop
  endfacet
  facet normal 0 -0.9238795306578886 -0.3826834368395886
    outer loop
      vertex 17.1 28.048888741433622 24.22156189878782
      vertex 19 28.048888741433622 24.22156189878782
      vertex 17.1 27.899038104712965 24.583333333333336
    endloop
  endfacet
  facet normal 0 -0.3826834368395886 -0.9238795306578886
    outer loop
      vertex 17.1 26.988228565454484 25.282222074766956
      vertex 17.1 27.35 25.1323714380463
      vertex 19 27.35 25.1323714380463
    endloop
  endfacet
  facet normal 0 -0.6087614366957046 -0.7933533343928048
    outer loop
      vertex 17.1 27.35 25.1323714380463
      vertex 17.1 27.66066016852856 24.893993501861893
      vertex 19 27.66066016852856 24.893993501861893
    endloop
  endfacet
  facet normal 0 -0.7933533343928048 -0.6087614366957046
    outer loop
      vertex 17.1 27.66066016852856 24.893993501861893
      vertex 17.1 27.899038104712965 24.583333333333336
      vertex 19 27.899038104712965 24.583333333333336
    endloop
  endfacet
  facet normal 0 -0.991444861939091 -0.13052618792631965
    outer loop
      vertex 17.1 28.048888741433622 24.22156189878782
      vertex 19 28.1 23.833333333333336
      vertex 19 28.048888741433622 24.22156189878782
    endloop
  endfacet
  facet normal 0 -0.6087614366957046 -0.7933533343928048
    outer loop
      vertex 17.1 27.35 25.1323714380463
      vertex 19 27.66066016852856 24.893993501861893
      vertex 19 27.35 25.1323714380463
    endloop
  endfacet
  facet normal 0 -0.7933533343928048 -0.6087614366957046
    outer loop
      vertex 17.1 27.66066016852856 24.893993501861893
      vertex 19 27.899038104712965 24.583333333333336
      vertex 19 27.66066016852856 24.893993501861893
    endloop
  endfacet
  facet normal 0 -0.9238795306578886 -0.3826834368395886
    outer loop
      vertex 17.1 27.899038104712965 24.583333333333336
      vertex 19 28.048888741433622 24.22156189878782
      vertex 19 27.899038104712965 24.583333333333336
    endloop
  endfacet
  facet normal 0.9914448619390909 0 0.13052618792631968
    outer loop
      vertex 5.3011112585663795 29.1 16.445104767878853
      vertex 5.3011112585663795 31.1 16.445104767878853
      vertex 5.25 29.1 16.833333333333336
    endloop
  endfacet
  facet normal 0.9914448619390909 0 0.13052618792631968
    outer loop
      vertex 5.25 29.1 16.833333333333336
      vertex 5.3011112585663795 31.1 16.445104767878853
      vertex 5.25 31.1 16.833333333333336
    endloop
  endfacet
  facet normal 0.7933533343928064 0 0.6087614366957024
    outer loop
      vertex 5.689339831471443 29.1 15.772673164804777
      vertex 5.689339831471443 31.1 15.772673164804777
      vertex 5.450961895287037 29.1 16.083333333333336
    endloop
  endfacet
  facet normal 0.6087614366957046 0 0.7933533343928049
    outer loop
      vertex 5.689339831471443 29.1 15.772673164804777
      vertex 6 29.1 15.53429522862037
      vertex 6 31.1 15.53429522862037
    endloop
  endfacet
  facet normal 0.9238795306578887 0 0.38268343683958855
    outer loop
      vertex 5.3011112585663795 29.1 16.445104767878853
      vertex 5.450961895287037 29.1 16.083333333333336
      vertex 5.450961895287037 31.1 16.083333333333336
    endloop
  endfacet
  facet normal 0.6087614366957046 0 0.7933533343928049
    outer loop
      vertex 5.689339831471443 29.1 15.772673164804777
      vertex 6 31.1 15.53429522862037
      vertex 5.689339831471443 31.1 15.772673164804777
    endloop
  endfacet
  facet normal 0.9238795306578887 0 0.38268343683958855
    outer loop
      vertex 5.3011112585663795 29.1 16.445104767878853
      vertex 5.450961895287037 31.1 16.083333333333336
      vertex 5.3011112585663795 31.1 16.445104767878853
    endloop
  endfacet
  facet normal 0.7933533343928064 0 0.6087614366957024
    outer loop
      vertex 5.450961895287037 29.1 16.083333333333336
      vertex 5.689339831471443 31.1 15.772673164804777
      vertex 5.450961895287037 31.1 16.083333333333336
    endloop
  endfacet
  facet normal 0.38268343683958855 0 0.9238795306578887
    outer loop
      vertex 6 29.1 15.53429522862037
      vertex 6.361771434545517 29.1 15.384444591899713
      vertex 6.361771434545517 31.1 15.384444591899713
    endloop
  endfacet
  facet normal 0.38268343683958855 0 0.9238795306578887
    outer loop
      vertex 6 29.1 15.53429522862037
      vertex 6.361771434545517 31.1 15.384444591899713
      vertex 6 31.1 15.53429522862037
    endloop
  endfacet
  facet normal 0.13052618792631968 0 0.9914448619390909
    outer loop
      vertex 6.361771434545517 29.1 15.384444591899713
      vertex 6.75 31.1 15.333333333333334
      vertex 6.361771434545517 31.1 15.384444591899713
    endloop
  endfacet
  facet normal 0.13052618792631968 0 0.9914448619390909
    outer loop
      vertex 6.361771434545517 29.1 15.384444591899713
      vertex 6.75 29.1 15.333333333333334
      vertex 6.75 31.1 15.333333333333334
    endloop
  endfacet
  facet normal 1 0 0
    outer loop
      vertex 5.25 29.1 16.833333333333336
      vertex 5.25 31.1 16.833333333333336
      vertex 5.25 29.1 25.833333333333336
    endloop
  endfacet
  facet normal 0 0 1
    outer loop
      vertex 6.75 29.1 15.333333333333334
      vertex 12.25 31.1 15.333333333333334
      vertex 6.75 31.1 15.333333333333334
    endloop
  endfacet
  facet normal 1 0 0
    outer loop
      vertex 5.25 31.1 16.833333333333336
      vertex 5.25 31.1 25.833333333333336
      vertex 5.25 29.1 25.833333333333336
    endloop
  endfacet
  facet normal 0.9914448619390909 0 -0.13052618792631968
    outer loop
      vertex 5.25 29.1 25.833333333333336
      vertex 5.25 31.1 25.833333333333336
      vertex 5.3011112585663795 29.1 26.22156189878782
    endloop
  endfacet
  facet normal 0.9914448619390909 0 -0.13052618792631968
    outer loop
      vertex 5.3011112585663795 29.1 26.22156189878782
      vertex 5.25 31.1 25.833333333333336
      vertex 5.3011112585663795 31.1 26.22156189878782
    endloop
  endfacet
  facet normal 0.9238795306578887 0 -0.38268343683958855
    outer loop
      vertex 5.3011112585663795 29.1 26.22156189878782
      vertex 5.3011112585663795 31.1 26.22156189878782
      vertex 5.450961895287037 29.1 26.583333333333336
    endloop
  endfacet
  facet normal 0.7933533343928049 0 -0.6087614366957046
    outer loop
      vertex 5.450961895287037 29.1 26.583333333333336
      vertex 5.450961895287037 31.1 26.583333333333336
      vertex 5.689339831471443 29.1 26.893993501861893
    endloop
  endfacet
  facet normal 0.6087614366957046 0 -0.7933533343928049
    outer loop
      vertex 5.689339831471443 29.1 26.893993501861893
      vertex 5.689339831471443 31.1 26.893993501861893
      vertex 6 29.1 27.1323714380463
    endloop
  endfacet
  facet normal 0.9238795306578887 0 -0.38268343683958855
    outer loop
      vertex 5.450961895287037 29.1 26.583333333333336
      vertex 5.3011112585663795 31.1 26.22156189878782
      vertex 5.450961895287037 31.1 26.583333333333336
    endloop
  endfacet
  facet normal 0.7933533343928049 0 -0.6087614366957046
    outer loop
      vertex 5.689339831471443 29.1 26.893993501861893
      vertex 5.450961895287037 31.1 26.583333333333336
      vertex 5.689339831471443 31.1 26.893993501861893
    endloop
  endfacet
  facet normal 0.6087614366957046 0 -0.7933533343928049
    outer loop
      vertex 6 29.1 27.1323714380463
      vertex 5.689339831471443 31.1 26.893993501861893
      vertex 6 31.1 27.1323714380463
    endloop
  endfacet
  facet normal 0.38268343683958855 0 -0.9238795306578887
    outer loop
      vertex 6 29.1 27.1323714380463
      vertex 6 31.1 27.1323714380463
      vertex 6.361771434545517 29.1 27.282222074766956
    endloop
  endfacet
  facet normal 0.13052618792631968 0 -0.9914448619390909
    outer loop
      vertex 6.361771434545517 29.1 27.282222074766956
      vertex 6.361771434545517 31.1 27.282222074766956
      vertex 6.75 29.1 27.333333333333336
    endloop
  endfacet
  facet normal 0.38268343683958855 0 -0.9238795306578887
    outer loop
      vertex 6.361771434545517 29.1 27.282222074766956
      vertex 6 31.1 27.1323714380463
      vertex 6.361771434545517 31.1 27.282222074766956
    endloop
  endfacet
  facet normal 0.13052618792631968 0 -0.9914448619390909
    outer loop
      vertex 6.75 29.1 27.333333333333336
      vertex 6.361771434545517 31.1 27.282222074766956
      vertex 6.75 31.1 27.333333333333336
    endloop
  endfacet
  facet normal 0 0 -1
    outer loop
      vertex 6.75 29.1 27.333333333333336
      vertex 6.75 31.1 27.333333333333336
      vertex 12.25 29.1 27.333333333333336
    endloop
  endfacet
  facet normal 0 0 1
    outer loop
      vertex 6.75 29.1 15.333333333333334
      vertex 12.25 29.1 15.333333333333334
      vertex 12.25 31.1 15.333333333333334
    endloop
  endfacet
  facet normal -0.13052618792631968 0 0.9914448619390909
    outer loop
      vertex 12.25 29.1 15.333333333333334
      vertex 12.638228565454483 31.1 15.384444591899713
      vertex 12.25 31.1 15.333333333333334
    endloop
  endfacet
  facet normal -0.13052618792631968 0 0.9914448619390909
    outer loop
      vertex 12.25 29.1 15.333333333333334
      vertex 12.638228565454483 29.1 15.384444591899713
      vertex 12.638228565454483 31.1 15.384444591899713
    endloop
  endfacet
  facet normal -0.38268343683958855 0 0.9238795306578887
    outer loop
      vertex 12.638228565454483 29.1 15.384444591899713
      vertex 13 29.1 15.53429522862037
      vertex 13 31.1 15.53429522862037
    endloop
  endfacet
  facet normal -0.38268343683958855 0 0.9238795306578887
    outer loop
      vertex 12.638228565454483 29.1 15.384444591899713
      vertex 13 31.1 15.53429522862037
      vertex 12.638228565454483 31.1 15.384444591899713
    endloop
  endfacet
  facet normal -0.6087614366957046 0 0.7933533343928049
    outer loop
      vertex 13 29.1 15.53429522862037
      vertex 13.310660168528557 29.1 15.772673164804777
      vertex 13.310660168528557 31.1 15.772673164804777
    endloop
  endfacet
  facet normal -0.7933533343928064 8.640851623178715e-18 0.6087614366957024
    outer loop
      vertex 13.310660168528557 29.1 15.772673164804777
      vertex 13.549038104712963 29.1 16.083333333333336
      vertex 13.549038104712963 31.1 16.083333333333336
    endloop
  endfacet
  facet normal -0.9238795306578887 0 0.38268343683958855
    outer loop
      vertex 13.549038104712963 29.1 16.083333333333336
      vertex 13.69888874143362 29.1 16.445104767878853
      vertex 13.69888874143362 31.1 16.445104767878853
    endloop
  endfacet
  facet normal -0.6087614366957046 0 0.7933533343928049
    outer loop
      vertex 13 29.1 15.53429522862037
      vertex 13.310660168528557 31.1 15.772673164804777
      vertex 13 31.1 15.53429522862037
    endloop
  endfacet
  facet normal -0.7933533343928064 0 0.6087614366957024
    outer loop
      vertex 13.310660168528557 29.1 15.772673164804777
      vertex 13.549038104712963 31.1 16.083333333333336
      vertex 13.310660168528557 31.1 15.772673164804777
    endloop
  endfacet
  facet normal -0.9238795306578887 0 0.38268343683958855
    outer loop
      vertex 13.549038104712963 29.1 16.083333333333336
      vertex 13.69888874143362 31.1 16.445104767878853
      vertex 13.549038104712963 31.1 16.083333333333336
    endloop
  endfacet
  facet normal -0.9914448619390909 0 0.13052618792631968
    outer loop
      vertex 13.69888874143362 29.1 16.445104767878853
      vertex 13.75 29.1 16.833333333333336
      vertex 13.75 31.1 16.833333333333336
    endloop
  endfacet
  facet normal -0.9914448619390909 0 0.13052618792631968
    outer loop
      vertex 13.69888874143362 29.1 16.445104767878853
      vertex 13.75 31.1 16.833333333333336
      vertex 13.69888874143362 31.1 16.445104767878853
    endloop
  endfacet
  facet normal -1 0 0
    outer loop
      vertex 13.75 29.1 16.833333333333336
      vertex 13.75 31.1 25.833333333333336
      vertex 13.75 31.1 16.833333333333336
    endloop
  endfacet
  facet normal 0 0 -1
    outer loop
      vertex 6.75 31.1 27.333333333333336
      vertex 12.25 31.1 27.333333333333336
      vertex 12.25 29.1 27.333333333333336
    endloop
  endfacet
  facet normal -1 0 0
    outer loop
      vertex 13.75 29.1 16.833333333333336
      vertex 13.75 29.1 25.833333333333336
      vertex 13.75 31.1 25.833333333333336
    endloop
  endfacet
  facet normal -0.9914448619390909 0 -0.13052618792631968
    outer loop
      vertex 13.75 29.1 25.833333333333336
      vertex 13.69888874143362 29.1 26.22156189878782
      vertex 13.69888874143362 31.1 26.22156189878782
    endloop
  endfacet
  facet normal -0.9914448619390909 0 -0.13052618792631968
    outer loop
      vertex 13.75 29.1 25.833333333333336
      vertex 13.69888874143362 31.1 26.22156189878782
      vertex 13.75 31.1 25.833333333333336
    endloop
  endfacet
  facet normal -0.13052618792631968 0 -0.9914448619390909
    outer loop
      vertex 12.25 29.1 27.333333333333336
      vertex 12.25 31.1 27.333333333333336
      vertex 12.638228565454483 29.1 27.282222074766956
    endloop
  endfacet
  facet normal -0.38268343683958855 0 -0.9238795306578887
    outer loop
      vertex 12.638228565454483 29.1 27.282222074766956
      vertex 12.638228565454483 31.1 27.282222074766956
      vertex 13 29.1 27.1323714380463
    endloop
  endfacet
  facet normal -0.38268343683958855 0 -0.9238795306578887
    outer loop
      vertex 13 29.1 27.1323714380463
      vertex 12.638228565454483 31.1 27.282222074766956
      vertex 13 31.1 27.1323714380463
    endloop
  endfacet
  facet normal -0.13052618792631968 0 -0.9914448619390909
    outer loop
      vertex 12.638228565454483 29.1 27.282222074766956
      vertex 12.25 31.1 27.333333333333336
      vertex 12.638228565454483 31.1 27.282222074766956
    endloop
  endfacet
  facet normal -0.6087614366957046 0 -0.7933533343928049
    outer loop
      vertex 13 29.1 27.1323714380463
      vertex 13 31.1 27.1323714380463
      vertex 13.310660168528557 29.1 26.893993501861893
    endloop
  endfacet
  facet normal -0.9238795306578887 0 -0.38268343683958855
    outer loop
      vertex 13.549038104712963 29.1 26.583333333333336
      vertex 13.549038104712963 31.1 26.583333333333336
      vertex 13.69888874143362 29.1 26.22156189878782
    endloop
  endfacet
  facet normal -0.7933533343928049 0 -0.6087614366957046
    outer loop
      vertex 13.549038104712963 29.1 26.583333333333336
      vertex 13.310660168528557 29.1 26.893993501861893
      vertex 13.310660168528557 31.1 26.893993501861893
    endloop
  endfacet
  facet normal -0.6087614366957046 0 -0.7933533343928049
    outer loop
      vertex 13.310660168528557 29.1 26.893993501861893
      vertex 13 31.1 27.1323714380463
      vertex 13.310660168528557 31.1 26.893993501861893
    endloop
  endfacet
  facet normal -0.7933533343928049 0 -0.6087614366957046
    outer loop
      vertex 13.549038104712963 29.1 26.583333333333336
      vertex 13.310660168528557 31.1 26.893993501861893
      vertex 13.549038104712963 31.1 26.583333333333336
    endloop
  endfacet
  facet normal -0.9238795306578887 0 -0.38268343683958855
    outer loop
      vertex 13.69888874143362 29.1 26.22156189878782
      vertex 13.549038104712963 31.1 26.583333333333336
      vertex 13.69888874143362 31.1 26.22156189878782
    endloop
  endfacet
endsolid OpenSCAD_Model
