solid OpenSCAD_Model
  facet normal 0.989176 0.146736 -1.75227e-18
    outer loop
      vertex 23.8844 2.35241 8
      vertex 23.5388 4.68217 0
      vertex 23.5388 4.68217 8
    endloop
  endfacet
  facet normal 0.989176 0.146736 -1.75227e-18
    outer loop
      vertex 23.5388 4.68217 0
      vertex 23.8844 2.35241 8
      vertex 23.8844 2.35241 0
    endloop
  endfacet
  facet normal 0.998795 0.0490819 -7.05381e-19
    outer loop
      vertex 24 0 8
      vertex 23.8844 2.35241 0
      vertex 23.8844 2.35241 8
    endloop
  endfacet
  facet normal 0.998795 0.0490819 -7.05381e-19
    outer loop
      vertex 23.8844 2.35241 0
      vertex 24 0 8
      vertex 24 0 0
    endloop
  endfacet
  facet normal 0.970039 0.242949 -2.95305e-18
    outer loop
      vertex 23.5388 4.68217 8
      vertex 22.9666 6.96683 0
      vertex 22.9666 6.96683 8
    endloop
  endfacet
  facet normal 0.970039 0.242949 -2.95305e-18
    outer loop
      vertex 22.9666 6.96683 0
      vertex 23.5388 4.68217 8
      vertex 23.5388 4.68217 0
    endloop
  endfacet
  facet normal 0.427559 -0.903988 0
    outer loop
      vertex 9.1844 -22.1731 0
      vertex 11.3135 -21.1661 8
      vertex 9.1844 -22.1731 8
    endloop
  endfacet
  facet normal 0.427559 -0.903988 0
    outer loop
      vertex 11.3135 -21.1661 8
      vertex 9.1844 -22.1731 0
      vertex 11.3135 -21.1661 0
    endloop
  endfacet
  facet normal -0.595732 0.803183 0
    outer loop
      vertex -13.3337 19.9553 0
      vertex -15.2254 18.5522 8
      vertex -13.3337 19.9553 8
    endloop
  endfacet
  facet normal -0.595732 0.803183 0
    outer loop
      vertex -15.2254 18.5522 8
      vertex -13.3337 19.9553 0
      vertex -15.2254 18.5522 0
    endloop
  endfacet
  facet normal 0.242949 0.970039 -0
    outer loop
      vertex 6.96683 22.9666 0
      vertex 4.68217 23.5388 8
      vertex 6.96683 22.9666 8
    endloop
  endfacet
  facet normal 0.242949 0.970039 0
    outer loop
      vertex 4.68217 23.5388 8
      vertex 6.96683 22.9666 0
      vertex 4.68217 23.5388 0
    endloop
  endfacet
  facet normal -0.903988 0.427559 -5.43549e-18
    outer loop
      vertex -22.1731 9.1844 0
      vertex -21.1661 11.3135 8
      vertex -21.1661 11.3135 0
    endloop
  endfacet
  facet normal -0.903988 0.427559 -5.43549e-18
    outer loop
      vertex -21.1661 11.3135 8
      vertex -22.1731 9.1844 0
      vertex -22.1731 9.1844 8
    endloop
  endfacet
  facet normal -0.970039 0.242949 2.95305e-18
    outer loop
      vertex -23.5388 4.68217 0
      vertex -22.9666 6.96683 8
      vertex -22.9666 6.96683 0
    endloop
  endfacet
  facet normal -0.970039 0.242949 2.95305e-18
    outer loop
      vertex -22.9666 6.96683 8
      vertex -23.5388 4.68217 0
      vertex -23.5388 4.68217 8
    endloop
  endfacet
  facet normal 0.514084 -0.85774 0
    outer loop
      vertex 11.3135 -21.1661 0
      vertex 13.3337 -19.9553 8
      vertex 11.3135 -21.1661 8
    endloop
  endfacet
  facet normal 0.514084 -0.85774 0
    outer loop
      vertex 13.3337 -19.9553 8
      vertex 11.3135 -21.1661 0
      vertex 13.3337 -19.9553 0
    endloop
  endfacet
  facet normal 0.242949 -0.970039 0
    outer loop
      vertex 4.68217 -23.5388 0
      vertex 6.96683 -22.9666 8
      vertex 4.68217 -23.5388 8
    endloop
  endfacet
  facet normal 0.242949 -0.970039 0
    outer loop
      vertex 6.96683 -22.9666 8
      vertex 4.68217 -23.5388 0
      vertex 6.96683 -22.9666 0
    endloop
  endfacet
  facet normal 0.0490819 0.998795 -0
    outer loop
      vertex 2.35241 23.8844 0
      vertex 0 24 8
      vertex 2.35241 23.8844 8
    endloop
  endfacet
  facet normal 0.0490819 0.998795 0
    outer loop
      vertex 0 24 8
      vertex 2.35241 23.8844 0
      vertex 0 24 0
    endloop
  endfacet
  facet normal 0.146736 0.989176 -0
    outer loop
      vertex 4.68217 23.5388 0
      vertex 2.35241 23.8844 8
      vertex 4.68217 23.5388 8
    endloop
  endfacet
  facet normal 0.146736 0.989176 0
    outer loop
      vertex 2.35241 23.8844 8
      vertex 4.68217 23.5388 0
      vertex 2.35241 23.8844 0
    endloop
  endfacet
  facet normal 0.427559 0.903988 -0
    outer loop
      vertex 11.3135 21.1661 0
      vertex 9.1844 22.1731 8
      vertex 11.3135 21.1661 8
    endloop
  endfacet
  facet normal 0.427559 0.903988 0
    outer loop
      vertex 9.1844 22.1731 8
      vertex 11.3135 21.1661 0
      vertex 9.1844 22.1731 0
    endloop
  endfacet
  facet normal 0.146736 -0.989176 0
    outer loop
      vertex 2.35241 -23.8844 0
      vertex 4.68217 -23.5388 8
      vertex 2.35241 -23.8844 8
    endloop
  endfacet
  facet normal 0.146736 -0.989176 0
    outer loop
      vertex 4.68217 -23.5388 8
      vertex 2.35241 -23.8844 0
      vertex 4.68217 -23.5388 0
    endloop
  endfacet
  facet normal 0.803183 -0.595732 3.81987e-18
    outer loop
      vertex 18.5522 -15.2254 8
      vertex 19.9553 -13.3337 0
      vertex 19.9553 -13.3337 8
    endloop
  endfacet
  facet normal 0.803183 -0.595732 3.81987e-18
    outer loop
      vertex 19.9553 -13.3337 0
      vertex 18.5522 -15.2254 8
      vertex 18.5522 -15.2254 0
    endloop
  endfacet
  facet normal -0.740984 -0.671522 2.83922e-18
    outer loop
      vertex -16.9706 -16.9706 0
      vertex -18.5522 -15.2254 8
      vertex -18.5522 -15.2254 0
    endloop
  endfacet
  facet normal -0.740984 -0.671522 2.83922e-18
    outer loop
      vertex -18.5522 -15.2254 8
      vertex -16.9706 -16.9706 0
      vertex -16.9706 -16.9706 8
    endloop
  endfacet
  facet normal -0.514084 0.85774 0
    outer loop
      vertex -11.3135 21.1661 0
      vertex -13.3337 19.9553 8
      vertex -11.3135 21.1661 8
    endloop
  endfacet
  facet normal -0.514084 0.85774 0
    outer loop
      vertex -13.3337 19.9553 8
      vertex -11.3135 21.1661 0
      vertex -13.3337 19.9553 0
    endloop
  endfacet
  facet normal 0.989176 -0.146736 1.75227e-18
    outer loop
      vertex 23.5388 -4.68217 8
      vertex 23.8844 -2.35241 0
      vertex 23.8844 -2.35241 8
    endloop
  endfacet
  facet normal 0.989176 -0.146736 1.75227e-18
    outer loop
      vertex 23.8844 -2.35241 0
      vertex 23.5388 -4.68217 8
      vertex 23.5388 -4.68217 0
    endloop
  endfacet
  facet normal -0.146736 -0.989176 0
    outer loop
      vertex -4.68217 -23.5388 0
      vertex -2.35241 -23.8844 8
      vertex -4.68217 -23.5388 8
    endloop
  endfacet
  facet normal -0.146736 -0.989176 -0
    outer loop
      vertex -2.35241 -23.8844 8
      vertex -4.68217 -23.5388 0
      vertex -2.35241 -23.8844 0
    endloop
  endfacet
  facet normal 0.595732 -0.803183 0
    outer loop
      vertex 13.3337 -19.9553 0
      vertex 15.2254 -18.5522 8
      vertex 13.3337 -19.9553 8
    endloop
  endfacet
  facet normal 0.595732 -0.803183 0
    outer loop
      vertex 15.2254 -18.5522 8
      vertex 13.3337 -19.9553 0
      vertex 15.2254 -18.5522 0
    endloop
  endfacet
  facet normal -0.0490819 -0.998795 0
    outer loop
      vertex -2.35241 -23.8844 0
      vertex 0 -24 8
      vertex -2.35241 -23.8844 8
    endloop
  endfacet
  facet normal -0.0490819 -0.998795 -0
    outer loop
      vertex 0 -24 8
      vertex -2.35241 -23.8844 0
      vertex 0 -24 0
    endloop
  endfacet
  facet normal 0.595732 0.803183 -0
    outer loop
      vertex 15.2254 18.5522 0
      vertex 13.3337 19.9553 8
      vertex 15.2254 18.5522 8
    endloop
  endfacet
  facet normal 0.595732 0.803183 0
    outer loop
      vertex 13.3337 19.9553 8
      vertex 15.2254 18.5522 0
      vertex 13.3337 19.9553 0
    endloop
  endfacet
  facet normal 0.970039 -0.242949 2.95305e-18
    outer loop
      vertex 22.9666 -6.96683 8
      vertex 23.5388 -4.68217 0
      vertex 23.5388 -4.68217 8
    endloop
  endfacet
  facet normal 0.970039 -0.242949 2.95305e-18
    outer loop
      vertex 23.5388 -4.68217 0
      vertex 22.9666 -6.96683 8
      vertex 22.9666 -6.96683 0
    endloop
  endfacet
  facet normal -0.989176 0.146736 1.75227e-18
    outer loop
      vertex -23.8844 2.35241 0
      vertex -23.5388 4.68217 8
      vertex -23.5388 4.68217 0
    endloop
  endfacet
  facet normal -0.989176 0.146736 1.75227e-18
    outer loop
      vertex -23.5388 4.68217 8
      vertex -23.8844 2.35241 0
      vertex -23.8844 2.35241 8
    endloop
  endfacet
  facet normal -0.85774 0.514084 8.22974e-18
    outer loop
      vertex -21.1661 11.3135 0
      vertex -19.9553 13.3337 8
      vertex -19.9553 13.3337 0
    endloop
  endfacet
  facet normal -0.85774 0.514084 8.22974e-18
    outer loop
      vertex -19.9553 13.3337 8
      vertex -21.1661 11.3135 0
      vertex -21.1661 11.3135 8
    endloop
  endfacet
  facet normal -0.941539 -0.336905 4.31172e-18
    outer loop
      vertex -22.1731 -9.1844 0
      vertex -22.9666 -6.96683 8
      vertex -22.9666 -6.96683 0
    endloop
  endfacet
  facet normal -0.941539 -0.336905 4.31172e-18
    outer loop
      vertex -22.9666 -6.96683 8
      vertex -22.1731 -9.1844 0
      vertex -22.1731 -9.1844 8
    endloop
  endfacet
  facet normal -0.146736 0.989176 0
    outer loop
      vertex -2.35241 23.8844 0
      vertex -4.68217 23.5388 8
      vertex -2.35241 23.8844 8
    endloop
  endfacet
  facet normal -0.146736 0.989176 0
    outer loop
      vertex -4.68217 23.5388 8
      vertex -2.35241 23.8844 0
      vertex -4.68217 23.5388 0
    endloop
  endfacet
  facet normal 0.803183 0.595732 -3.81987e-18
    outer loop
      vertex 19.9553 13.3337 8
      vertex 18.5522 15.2254 0
      vertex 18.5522 15.2254 8
    endloop
  endfacet
  facet normal 0.803183 0.595732 -3.81987e-18
    outer loop
      vertex 18.5522 15.2254 0
      vertex 19.9553 13.3337 8
      vertex 19.9553 13.3337 0
    endloop
  endfacet
  facet normal -0.970039 -0.242949 -2.95305e-18
    outer loop
      vertex -22.9666 -6.96683 0
      vertex -23.5388 -4.68217 8
      vertex -23.5388 -4.68217 0
    endloop
  endfacet
  facet normal -0.970039 -0.242949 -2.95305e-18
    outer loop
      vertex -23.5388 -4.68217 8
      vertex -22.9666 -6.96683 0
      vertex -22.9666 -6.96683 8
    endloop
  endfacet
  facet normal -0.998795 -0.0490819 -7.05381e-19
    outer loop
      vertex -23.8844 -2.35241 0
      vertex -24 0 8
      vertex -24 0 0
    endloop
  endfacet
  facet normal -0.998795 -0.0490819 -7.05381e-19
    outer loop
      vertex -24 0 8
      vertex -23.8844 -2.35241 0
      vertex -23.8844 -2.35241 8
    endloop
  endfacet
  facet normal 0.514084 0.85774 -0
    outer loop
      vertex 13.3337 19.9553 0
      vertex 11.3135 21.1661 8
      vertex 13.3337 19.9553 8
    endloop
  endfacet
  facet normal 0.514084 0.85774 0
    outer loop
      vertex 11.3135 21.1661 8
      vertex 13.3337 19.9553 0
      vertex 11.3135 21.1661 0
    endloop
  endfacet
  facet normal 0.998795 -0.0490819 7.05381e-19
    outer loop
      vertex 23.8844 -2.35241 8
      vertex 24 0 0
      vertex 24 0 8
    endloop
  endfacet
  facet normal 0.998795 -0.0490819 7.05381e-19
    outer loop
      vertex 24 0 0
      vertex 23.8844 -2.35241 8
      vertex 23.8844 -2.35241 0
    endloop
  endfacet
  facet normal 0.903988 -0.427559 -5.43549e-18
    outer loop
      vertex 21.1661 -11.3135 8
      vertex 22.1731 -9.1844 0
      vertex 22.1731 -9.1844 8
    endloop
  endfacet
  facet normal 0.903988 -0.427559 -5.43549e-18
    outer loop
      vertex 22.1731 -9.1844 0
      vertex 21.1661 -11.3135 8
      vertex 21.1661 -11.3135 0
    endloop
  endfacet
  facet normal 0.85774 0.514084 -8.22974e-18
    outer loop
      vertex 21.1661 11.3135 8
      vertex 19.9553 13.3337 0
      vertex 19.9553 13.3337 8
    endloop
  endfacet
  facet normal 0.85774 0.514084 -8.22974e-18
    outer loop
      vertex 19.9553 13.3337 0
      vertex 21.1661 11.3135 8
      vertex 21.1661 11.3135 0
    endloop
  endfacet
  facet normal 0.740984 0.671522 2.83922e-18
    outer loop
      vertex 18.5522 15.2254 8
      vertex 16.9706 16.9706 0
      vertex 16.9706 16.9706 8
    endloop
  endfacet
  facet normal 0.740984 0.671522 2.83922e-18
    outer loop
      vertex 16.9706 16.9706 0
      vertex 18.5522 15.2254 8
      vertex 18.5522 15.2254 0
    endloop
  endfacet
  facet normal -0.0490819 0.998795 0
    outer loop
      vertex 0 24 0
      vertex -2.35241 23.8844 8
      vertex 0 24 8
    endloop
  endfacet
  facet normal -0.0490819 0.998795 0
    outer loop
      vertex -2.35241 23.8844 8
      vertex 0 24 0
      vertex -2.35241 23.8844 0
    endloop
  endfacet
  facet normal -0.740984 0.671522 -2.83922e-18
    outer loop
      vertex -18.5522 15.2254 0
      vertex -16.9706 16.9706 8
      vertex -16.9706 16.9706 0
    endloop
  endfacet
  facet normal -0.740984 0.671522 -2.83922e-18
    outer loop
      vertex -16.9706 16.9706 8
      vertex -18.5522 15.2254 0
      vertex -18.5522 15.2254 8
    endloop
  endfacet
  facet normal -0.671522 -0.740984 0
    outer loop
      vertex -16.9706 -16.9706 0
      vertex -15.2254 -18.5522 8
      vertex -16.9706 -16.9706 8
    endloop
  endfacet
  facet normal -0.671522 -0.740984 -0
    outer loop
      vertex -15.2254 -18.5522 8
      vertex -16.9706 -16.9706 0
      vertex -15.2254 -18.5522 0
    endloop
  endfacet
  facet normal 0.0490819 -0.998795 0
    outer loop
      vertex 0 -24 0
      vertex 2.35241 -23.8844 8
      vertex 0 -24 8
    endloop
  endfacet
  facet normal 0.0490819 -0.998795 0
    outer loop
      vertex 2.35241 -23.8844 8
      vertex 0 -24 0
      vertex 2.35241 -23.8844 0
    endloop
  endfacet
  facet normal 0.941539 0.336905 4.31172e-18
    outer loop
      vertex 22.9666 6.96683 8
      vertex 22.1731 9.1844 0
      vertex 22.1731 9.1844 8
    endloop
  endfacet
  facet normal 0.941539 0.336905 4.31172e-18
    outer loop
      vertex 22.1731 9.1844 0
      vertex 22.9666 6.96683 8
      vertex 22.9666 6.96683 0
    endloop
  endfacet
  facet normal 0.85774 -0.514084 8.22974e-18
    outer loop
      vertex 19.9553 -13.3337 8
      vertex 21.1661 -11.3135 0
      vertex 21.1661 -11.3135 8
    endloop
  endfacet
  facet normal 0.85774 -0.514084 8.22974e-18
    outer loop
      vertex 21.1661 -11.3135 0
      vertex 19.9553 -13.3337 8
      vertex 19.9553 -13.3337 0
    endloop
  endfacet
  facet normal 0.671522 0.740984 -0
    outer loop
      vertex 16.9706 16.9706 0
      vertex 15.2254 18.5522 8
      vertex 16.9706 16.9706 8
    endloop
  endfacet
  facet normal 0.671522 0.740984 0
    outer loop
      vertex 15.2254 18.5522 8
      vertex 16.9706 16.9706 0
      vertex 15.2254 18.5522 0
    endloop
  endfacet
  facet normal -0.242949 0.970039 0
    outer loop
      vertex -4.68217 23.5388 0
      vertex -6.96683 22.9666 8
      vertex -4.68217 23.5388 8
    endloop
  endfacet
  facet normal -0.242949 0.970039 0
    outer loop
      vertex -6.96683 22.9666 8
      vertex -4.68217 23.5388 0
      vertex -6.96683 22.9666 0
    endloop
  endfacet
  facet normal 0.336905 -0.941539 0
    outer loop
      vertex 6.96683 -22.9666 0
      vertex 9.1844 -22.1731 8
      vertex 6.96683 -22.9666 8
    endloop
  endfacet
  facet normal 0.336905 -0.941539 0
    outer loop
      vertex 9.1844 -22.1731 8
      vertex 6.96683 -22.9666 0
      vertex 9.1844 -22.1731 0
    endloop
  endfacet
  facet normal -0.427559 0.903988 0
    outer loop
      vertex -9.1844 22.1731 0
      vertex -11.3135 21.1661 8
      vertex -9.1844 22.1731 8
    endloop
  endfacet
  facet normal -0.427559 0.903988 0
    outer loop
      vertex -11.3135 21.1661 8
      vertex -9.1844 22.1731 0
      vertex -11.3135 21.1661 0
    endloop
  endfacet
  facet normal 0.903988 0.427559 5.43549e-18
    outer loop
      vertex 22.1731 9.1844 8
      vertex 21.1661 11.3135 0
      vertex 21.1661 11.3135 8
    endloop
  endfacet
  facet normal 0.903988 0.427559 5.43549e-18
    outer loop
      vertex 21.1661 11.3135 0
      vertex 22.1731 9.1844 8
      vertex 22.1731 9.1844 0
    endloop
  endfacet
  facet normal -0.671522 0.740984 0
    outer loop
      vertex -15.2254 18.5522 0
      vertex -16.9706 16.9706 8
      vertex -15.2254 18.5522 8
    endloop
  endfacet
  facet normal -0.671522 0.740984 0
    outer loop
      vertex -16.9706 16.9706 8
      vertex -15.2254 18.5522 0
      vertex -16.9706 16.9706 0
    endloop
  endfacet
  facet normal 0.336905 0.941539 -0
    outer loop
      vertex 9.1844 22.1731 0
      vertex 6.96683 22.9666 8
      vertex 9.1844 22.1731 8
    endloop
  endfacet
  facet normal 0.336905 0.941539 0
    outer loop
      vertex 6.96683 22.9666 8
      vertex 9.1844 22.1731 0
      vertex 6.96683 22.9666 0
    endloop
  endfacet
  facet normal -0.336905 0.941539 0
    outer loop
      vertex -6.96683 22.9666 0
      vertex -9.1844 22.1731 8
      vertex -6.96683 22.9666 8
    endloop
  endfacet
  facet normal -0.336905 0.941539 0
    outer loop
      vertex -9.1844 22.1731 8
      vertex -6.96683 22.9666 0
      vertex -9.1844 22.1731 0
    endloop
  endfacet
  facet normal -0.85774 -0.514084 -8.22974e-18
    outer loop
      vertex -19.9553 -13.3337 0
      vertex -21.1661 -11.3135 8
      vertex -21.1661 -11.3135 0
    endloop
  endfacet
  facet normal -0.85774 -0.514084 -8.22974e-18
    outer loop
      vertex -21.1661 -11.3135 8
      vertex -19.9553 -13.3337 0
      vertex -19.9553 -13.3337 8
    endloop
  endfacet
  facet normal -0.514084 -0.85774 0
    outer loop
      vertex -13.3337 -19.9553 0
      vertex -11.3135 -21.1661 8
      vertex -13.3337 -19.9553 8
    endloop
  endfacet
  facet normal -0.514084 -0.85774 -0
    outer loop
      vertex -11.3135 -21.1661 8
      vertex -13.3337 -19.9553 0
      vertex -11.3135 -21.1661 0
    endloop
  endfacet
  facet normal -0.427559 -0.903988 0
    outer loop
      vertex -11.3135 -21.1661 0
      vertex -9.1844 -22.1731 8
      vertex -11.3135 -21.1661 8
    endloop
  endfacet
  facet normal -0.427559 -0.903988 -0
    outer loop
      vertex -9.1844 -22.1731 8
      vertex -11.3135 -21.1661 0
      vertex -9.1844 -22.1731 0
    endloop
  endfacet
  facet normal -0.803183 -0.595732 -3.81987e-18
    outer loop
      vertex -18.5522 -15.2254 0
      vertex -19.9553 -13.3337 8
      vertex -19.9553 -13.3337 0
    endloop
  endfacet
  facet normal -0.803183 -0.595732 -3.81987e-18
    outer loop
      vertex -19.9553 -13.3337 8
      vertex -18.5522 -15.2254 0
      vertex -18.5522 -15.2254 8
    endloop
  endfacet
  facet normal -0.242949 -0.970039 0
    outer loop
      vertex -6.96683 -22.9666 0
      vertex -4.68217 -23.5388 8
      vertex -6.96683 -22.9666 8
    endloop
  endfacet
  facet normal -0.242949 -0.970039 -0
    outer loop
      vertex -4.68217 -23.5388 8
      vertex -6.96683 -22.9666 0
      vertex -4.68217 -23.5388 0
    endloop
  endfacet
  facet normal -0.336905 -0.941539 0
    outer loop
      vertex -9.1844 -22.1731 0
      vertex -6.96683 -22.9666 8
      vertex -9.1844 -22.1731 8
    endloop
  endfacet
  facet normal -0.336905 -0.941539 -0
    outer loop
      vertex -6.96683 -22.9666 8
      vertex -9.1844 -22.1731 0
      vertex -6.96683 -22.9666 0
    endloop
  endfacet
  facet normal -0.989176 -0.146736 -1.75227e-18
    outer loop
      vertex -23.5388 -4.68217 0
      vertex -23.8844 -2.35241 8
      vertex -23.8844 -2.35241 0
    endloop
  endfacet
  facet normal -0.989176 -0.146736 -1.75227e-18
    outer loop
      vertex -23.8844 -2.35241 8
      vertex -23.5388 -4.68217 0
      vertex -23.5388 -4.68217 8
    endloop
  endfacet
  facet normal -0.595732 -0.803183 0
    outer loop
      vertex -15.2254 -18.5522 0
      vertex -13.3337 -19.9553 8
      vertex -15.2254 -18.5522 8
    endloop
  endfacet
  facet normal -0.595732 -0.803183 -0
    outer loop
      vertex -13.3337 -19.9553 8
      vertex -15.2254 -18.5522 0
      vertex -13.3337 -19.9553 0
    endloop
  endfacet
  facet normal -0.903988 -0.427559 5.43549e-18
    outer loop
      vertex -21.1661 -11.3135 0
      vertex -22.1731 -9.1844 8
      vertex -22.1731 -9.1844 0
    endloop
  endfacet
  facet normal -0.903988 -0.427559 5.43549e-18
    outer loop
      vertex -22.1731 -9.1844 8
      vertex -21.1661 -11.3135 0
      vertex -21.1661 -11.3135 8
    endloop
  endfacet
  facet normal -0.941539 0.336905 -4.31172e-18
    outer loop
      vertex -22.9666 6.96683 0
      vertex -22.1731 9.1844 8
      vertex -22.1731 9.1844 0
    endloop
  endfacet
  facet normal -0.941539 0.336905 -4.31172e-18
    outer loop
      vertex -22.1731 9.1844 8
      vertex -22.9666 6.96683 0
      vertex -22.9666 6.96683 8
    endloop
  endfacet
  facet normal 0.941539 -0.336905 -4.31172e-18
    outer loop
      vertex 22.1731 -9.1844 8
      vertex 22.9666 -6.96683 0
      vertex 22.9666 -6.96683 8
    endloop
  endfacet
  facet normal 0.941539 -0.336905 -4.31172e-18
    outer loop
      vertex 22.9666 -6.96683 0
      vertex 22.1731 -9.1844 8
      vertex 22.1731 -9.1844 0
    endloop
  endfacet
  facet normal -0.803183 0.595732 3.81987e-18
    outer loop
      vertex -19.9553 13.3337 0
      vertex -18.5522 15.2254 8
      vertex -18.5522 15.2254 0
    endloop
  endfacet
  facet normal -0.803183 0.595732 3.81987e-18
    outer loop
      vertex -18.5522 15.2254 8
      vertex -19.9553 13.3337 0
      vertex -19.9553 13.3337 8
    endloop
  endfacet
  facet normal -0.998795 0.0490819 7.05381e-19
    outer loop
      vertex -24 0 0
      vertex -23.8844 2.35241 8
      vertex -23.8844 2.35241 0
    endloop
  endfacet
  facet normal -0.998795 0.0490819 7.05381e-19
    outer loop
      vertex -23.8844 2.35241 8
      vertex -24 0 0
      vertex -24 0 8
    endloop
  endfacet
  facet normal 0.740984 -0.671522 -2.83922e-18
    outer loop
      vertex 16.9706 -16.9706 8
      vertex 18.5522 -15.2254 0
      vertex 18.5522 -15.2254 8
    endloop
  endfacet
  facet normal 0.740984 -0.671522 -2.83922e-18
    outer loop
      vertex 18.5522 -15.2254 0
      vertex 16.9706 -16.9706 8
      vertex 16.9706 -16.9706 0
    endloop
  endfacet
  facet normal 0.671522 -0.740984 0
    outer loop
      vertex 15.2254 -18.5522 0
      vertex 16.9706 -16.9706 8
      vertex 15.2254 -18.5522 8
    endloop
  endfacet
  facet normal 0.671522 -0.740984 0
    outer loop
      vertex 16.9706 -16.9706 8
      vertex 15.2254 -18.5522 0
      vertex 16.9706 -16.9706 0
    endloop
  endfacet
  facet normal 0 0 -1
    outer loop
      vertex 2 0 0
      vertex 24 0 0
      vertex 23.8844 -2.35241 0
    endloop
  endfacet
  facet normal 0 0 -1
    outer loop
      vertex 1.99037 -0.196033 0
      vertex 23.8844 -2.35241 0
      vertex 23.5388 -4.68217 0
    endloop
  endfacet
  facet normal 0 0 -1
    outer loop
      vertex 24 0 0
      vertex 2 0 0
      vertex 23.8844 2.35241 0
    endloop
  endfacet
  facet normal 0 0 -1
    outer loop
      vertex 1.96157 -0.390181 0
      vertex 23.5388 -4.68217 0
      vertex 22.9666 -6.96683 0
    endloop
  endfacet
  facet normal 0 0 -1
    outer loop
      vertex 1.99037 0.196033 0
      vertex 23.8844 2.35241 0
      vertex 2 0 0
    endloop
  endfacet
  facet normal 0 0 -1
    outer loop
      vertex 1.91388 -0.580569 0
      vertex 22.9666 -6.96683 0
      vertex 22.1731 -9.1844 0
    endloop
  endfacet
  facet normal -0 0 -1
    outer loop
      vertex 23.8844 2.35241 0
      vertex 1.99037 0.196033 0
      vertex 23.5388 4.68217 0
    endloop
  endfacet
  facet normal 0 0 -1
    outer loop
      vertex 1.84776 -0.765367 0
      vertex 22.1731 -9.1844 0
      vertex 21.1661 -11.3135 0
    endloop
  endfacet
  facet normal 0 0 -1
    outer loop
      vertex 1.96157 0.390181 0
      vertex 23.5388 4.68217 0
      vertex 1.99037 0.196033 0
    endloop
  endfacet
  facet normal 0 0 -1
    outer loop
      vertex 1.76384 -0.942793 0
      vertex 21.1661 -11.3135 0
      vertex 19.9553 -13.3337 0
    endloop
  endfacet
  facet normal -0 0 -1
    outer loop
      vertex 23.5388 4.68217 0
      vertex 1.96157 0.390181 0
      vertex 22.9666 6.96683 0
    endloop
  endfacet
  facet normal 0 0 -1
    outer loop
      vertex 1.66294 -1.11114 0
      vertex 19.9553 -13.3337 0
      vertex 18.5522 -15.2254 0
    endloop
  endfacet
  facet normal 0 0 -1
    outer loop
      vertex 1.91388 0.580569 0
      vertex 22.9666 6.96683 0
      vertex 1.96157 0.390181 0
    endloop
  endfacet
  facet normal 0 0 -1
    outer loop
      vertex 1.54602 -1.26879 0
      vertex 18.5522 -15.2254 0
      vertex 16.9706 -16.9706 0
    endloop
  endfacet
  facet normal -0 0 -1
    outer loop
      vertex 22.9666 6.96683 0
      vertex 1.91388 0.580569 0
      vertex 22.1731 9.1844 0
    endloop
  endfacet
  facet normal 0 0 -1
    outer loop
      vertex 1.41421 -1.41421 0
      vertex 16.9706 -16.9706 0
      vertex 15.2254 -18.5522 0
    endloop
  endfacet
  facet normal 0 0 -1
    outer loop
      vertex 1.84776 0.765367 0
      vertex 22.1731 9.1844 0
      vertex 1.91388 0.580569 0
    endloop
  endfacet
  facet normal 0 0 -1
    outer loop
      vertex 1.26879 -1.54602 0
      vertex 15.2254 -18.5522 0
      vertex 13.3337 -19.9553 0
    endloop
  endfacet
  facet normal -0 0 -1
    outer loop
      vertex 22.1731 9.1844 0
      vertex 1.84776 0.765367 0
      vertex 21.1661 11.3135 0
    endloop
  endfacet
  facet normal 0 0 -1
    outer loop
      vertex 1.11114 -1.66294 0
      vertex 13.3337 -19.9553 0
      vertex 11.3135 -21.1661 0
    endloop
  endfacet
  facet normal 0 0 -1
    outer loop
      vertex 1.76384 0.942793 0
      vertex 21.1661 11.3135 0
      vertex 1.84776 0.765367 0
    endloop
  endfacet
  facet normal 0 0 -1
    outer loop
      vertex 0.942793 -1.76384 0
      vertex 11.3135 -21.1661 0
      vertex 9.1844 -22.1731 0
    endloop
  endfacet
  facet normal -0 0 -1
    outer loop
      vertex 21.1661 11.3135 0
      vertex 1.76384 0.942793 0
      vertex 19.9553 13.3337 0
    endloop
  endfacet
  facet normal 0 0 -1
    outer loop
      vertex 0.765367 -1.84776 0
      vertex 9.1844 -22.1731 0
      vertex 6.96683 -22.9666 0
    endloop
  endfacet
  facet normal 0 0 -1
    outer loop
      vertex 1.66294 1.11114 0
      vertex 19.9553 13.3337 0
      vertex 1.76384 0.942793 0
    endloop
  endfacet
  facet normal 0 0 -1
    outer loop
      vertex 0.580569 -1.91388 0
      vertex 6.96683 -22.9666 0
      vertex 4.68217 -23.5388 0
    endloop
  endfacet
  facet normal -0 0 -1
    outer loop
      vertex 19.9553 13.3337 0
      vertex 1.66294 1.11114 0
      vertex 18.5522 15.2254 0
    endloop
  endfacet
  facet normal 0 0 -1
    outer loop
      vertex 0.390181 -1.96157 0
      vertex 4.68217 -23.5388 0
      vertex 2.35241 -23.8844 0
    endloop
  endfacet
  facet normal 0 0 -1
    outer loop
      vertex 1.54602 1.26879 0
      vertex 18.5522 15.2254 0
      vertex 1.66294 1.11114 0
    endloop
  endfacet
  facet normal -0 0 -1
    outer loop
      vertex 18.5522 15.2254 0
      vertex 1.54602 1.26879 0
      vertex 16.9706 16.9706 0
    endloop
  endfacet
  facet normal 0 0 -1
    outer loop
      vertex 23.8844 -2.35241 0
      vertex 1.99037 -0.196033 0
      vertex 2 0 0
    endloop
  endfacet
  facet normal 0 0 -1
    outer loop
      vertex 23.5388 -4.68217 0
      vertex 1.96157 -0.390181 0
      vertex 1.99037 -0.196033 0
    endloop
  endfacet
  facet normal 0 0 -1
    outer loop
      vertex 22.9666 -6.96683 0
      vertex 1.91388 -0.580569 0
      vertex 1.96157 -0.390181 0
    endloop
  endfacet
  facet normal 0 0 -1
    outer loop
      vertex 22.1731 -9.1844 0
      vertex 1.84776 -0.765367 0
      vertex 1.91388 -0.580569 0
    endloop
  endfacet
  facet normal 0 0 -1
    outer loop
      vertex 21.1661 -11.3135 0
      vertex 1.76384 -0.942793 0
      vertex 1.84776 -0.765367 0
    endloop
  endfacet
  facet normal 0 0 -1
    outer loop
      vertex 19.9553 -13.3337 0
      vertex 1.66294 -1.11114 0
      vertex 1.76384 -0.942793 0
    endloop
  endfacet
  facet normal 0 0 -1
    outer loop
      vertex 18.5522 -15.2254 0
      vertex 1.54602 -1.26879 0
      vertex 1.66294 -1.11114 0
    endloop
  endfacet
  facet normal 0 0 -1
    outer loop
      vertex 16.9706 -16.9706 0
      vertex 1.41421 -1.41421 0
      vertex 1.54602 -1.26879 0
    endloop
  endfacet
  facet normal 0 0 -1
    outer loop
      vertex 15.2254 -18.5522 0
      vertex 1.26879 -1.54602 0
      vertex 1.41421 -1.41421 0
    endloop
  endfacet
  facet normal 0 0 -1
    outer loop
      vertex 13.3337 -19.9553 0
      vertex 1.11114 -1.66294 0
      vertex 1.26879 -1.54602 0
    endloop
  endfacet
  facet normal 0 0 -1
    outer loop
      vertex 11.3135 -21.1661 0
      vertex 0.942793 -1.76384 0
      vertex 1.11114 -1.66294 0
    endloop
  endfacet
  facet normal 0 0 -1
    outer loop
      vertex 9.1844 -22.1731 0
      vertex 0.765367 -1.84776 0
      vertex 0.942793 -1.76384 0
    endloop
  endfacet
  facet normal 0 0 -1
    outer loop
      vertex 6.96683 -22.9666 0
      vertex 0.580569 -1.91388 0
      vertex 0.765367 -1.84776 0
    endloop
  endfacet
  facet normal 0 0 -1
    outer loop
      vertex 4.68217 -23.5388 0
      vertex 0.390181 -1.96157 0
      vertex 0.580569 -1.91388 0
    endloop
  endfacet
  facet normal 0 0 -1
    outer loop
      vertex 2.35241 -23.8844 0
      vertex 0.196033 -1.99037 0
      vertex 0.390181 -1.96157 0
    endloop
  endfacet
  facet normal 0 0 -1
    outer loop
      vertex 0 -24 0
      vertex 0.196033 -1.99037 0
      vertex 2.35241 -23.8844 0
    endloop
  endfacet
  facet normal 0 0 -1
    outer loop
      vertex 0 -24 0
      vertex 0 -2 0
      vertex 0.196033 -1.99037 0
    endloop
  endfacet
  facet normal 0 0 -1
    outer loop
      vertex 0 -24 0
      vertex -0.196033 -1.99037 0
      vertex 0 -2 0
    endloop
  endfacet
  facet normal 0 0 -1
    outer loop
      vertex -2.35241 -23.8844 0
      vertex -0.196033 -1.99037 0
      vertex 0 -24 0
    endloop
  endfacet
  facet normal -0 0 -1
    outer loop
      vertex -0.196033 -1.99037 0
      vertex -2.35241 -23.8844 0
      vertex -0.390181 -1.96157 0
    endloop
  endfacet
  facet normal 0 0 -1
    outer loop
      vertex -4.68217 -23.5388 0
      vertex -0.390181 -1.96157 0
      vertex -2.35241 -23.8844 0
    endloop
  endfacet
  facet normal -0 0 -1
    outer loop
      vertex -0.390181 -1.96157 0
      vertex -4.68217 -23.5388 0
      vertex -0.580569 -1.91388 0
    endloop
  endfacet
  facet normal 0 0 -1
    outer loop
      vertex -6.96683 -22.9666 0
      vertex -0.580569 -1.91388 0
      vertex -4.68217 -23.5388 0
    endloop
  endfacet
  facet normal -0 0 -1
    outer loop
      vertex -0.580569 -1.91388 0
      vertex -6.96683 -22.9666 0
      vertex -0.765367 -1.84776 0
    endloop
  endfacet
  facet normal 0 0 -1
    outer loop
      vertex -9.1844 -22.1731 0
      vertex -0.765367 -1.84776 0
      vertex -6.96683 -22.9666 0
    endloop
  endfacet
  facet normal -0 0 -1
    outer loop
      vertex -0.765367 -1.84776 0
      vertex -9.1844 -22.1731 0
      vertex -0.942793 -1.76384 0
    endloop
  endfacet
  facet normal 0 0 -1
    outer loop
      vertex -11.3135 -21.1661 0
      vertex -0.942793 -1.76384 0
      vertex -9.1844 -22.1731 0
    endloop
  endfacet
  facet normal -0 0 -1
    outer loop
      vertex -0.942793 -1.76384 0
      vertex -11.3135 -21.1661 0
      vertex -1.11114 -1.66294 0
    endloop
  endfacet
  facet normal 0 0 -1
    outer loop
      vertex -13.3337 -19.9553 0
      vertex -1.11114 -1.66294 0
      vertex -11.3135 -21.1661 0
    endloop
  endfacet
  facet normal -0 0 -1
    outer loop
      vertex -1.11114 -1.66294 0
      vertex -13.3337 -19.9553 0
      vertex -1.26879 -1.54602 0
    endloop
  endfacet
  facet normal 0 0 -1
    outer loop
      vertex -15.2254 -18.5522 0
      vertex -1.26879 -1.54602 0
      vertex -13.3337 -19.9553 0
    endloop
  endfacet
  facet normal -0 0 -1
    outer loop
      vertex -1.26879 -1.54602 0
      vertex -15.2254 -18.5522 0
      vertex -1.41421 -1.41421 0
    endloop
  endfacet
  facet normal -0 0 -1
    outer loop
      vertex -1.41421 -1.41421 0
      vertex -16.9706 -16.9706 0
      vertex -1.54602 -1.26879 0
    endloop
  endfacet
  facet normal 0 0 -1
    outer loop
      vertex -16.9706 -16.9706 0
      vertex -1.41421 -1.41421 0
      vertex -15.2254 -18.5522 0
    endloop
  endfacet
  facet normal 0 0 -1
    outer loop
      vertex 1.41421 1.41421 0
      vertex 16.9706 16.9706 0
      vertex 1.54602 1.26879 0
    endloop
  endfacet
  facet normal -0 0 -1
    outer loop
      vertex 16.9706 16.9706 0
      vertex 1.41421 1.41421 0
      vertex 15.2254 18.5522 0
    endloop
  endfacet
  facet normal 0 0 -1
    outer loop
      vertex 1.26879 1.54602 0
      vertex 15.2254 18.5522 0
      vertex 1.41421 1.41421 0
    endloop
  endfacet
  facet normal -0 0 -1
    outer loop
      vertex 15.2254 18.5522 0
      vertex 1.26879 1.54602 0
      vertex 13.3337 19.9553 0
    endloop
  endfacet
  facet normal 0 0 -1
    outer loop
      vertex 1.11114 1.66294 0
      vertex 13.3337 19.9553 0
      vertex 1.26879 1.54602 0
    endloop
  endfacet
  facet normal -0 0 -1
    outer loop
      vertex 13.3337 19.9553 0
      vertex 1.11114 1.66294 0
      vertex 11.3135 21.1661 0
    endloop
  endfacet
  facet normal 0 0 -1
    outer loop
      vertex 0.942793 1.76384 0
      vertex 11.3135 21.1661 0
      vertex 1.11114 1.66294 0
    endloop
  endfacet
  facet normal -0 0 -1
    outer loop
      vertex 11.3135 21.1661 0
      vertex 0.942793 1.76384 0
      vertex 9.1844 22.1731 0
    endloop
  endfacet
  facet normal 0 0 -1
    outer loop
      vertex 0.765367 1.84776 0
      vertex 9.1844 22.1731 0
      vertex 0.942793 1.76384 0
    endloop
  endfacet
  facet normal -0 0 -1
    outer loop
      vertex 9.1844 22.1731 0
      vertex 0.765367 1.84776 0
      vertex 6.96683 22.9666 0
    endloop
  endfacet
  facet normal 0 0 -1
    outer loop
      vertex 0.580569 1.91388 0
      vertex 6.96683 22.9666 0
      vertex 0.765367 1.84776 0
    endloop
  endfacet
  facet normal -0 0 -1
    outer loop
      vertex 6.96683 22.9666 0
      vertex 0.580569 1.91388 0
      vertex 4.68217 23.5388 0
    endloop
  endfacet
  facet normal 0 0 -1
    outer loop
      vertex 0.390181 1.96157 0
      vertex 4.68217 23.5388 0
      vertex 0.580569 1.91388 0
    endloop
  endfacet
  facet normal -0 0 -1
    outer loop
      vertex 4.68217 23.5388 0
      vertex 0.390181 1.96157 0
      vertex 2.35241 23.8844 0
    endloop
  endfacet
  facet normal 0 0 -1
    outer loop
      vertex 0.196033 1.99037 0
      vertex 2.35241 23.8844 0
      vertex 0.390181 1.96157 0
    endloop
  endfacet
  facet normal 0 0 -1
    outer loop
      vertex 0 2 0
      vertex 2.35241 23.8844 0
      vertex 0.196033 1.99037 0
    endloop
  endfacet
  facet normal 0 0 -1
    outer loop
      vertex 0 2 0
      vertex 0 24 0
      vertex 2.35241 23.8844 0
    endloop
  endfacet
  facet normal 0 0 -1
    outer loop
      vertex -0.196033 1.99037 0
      vertex 0 24 0
      vertex 0 2 0
    endloop
  endfacet
  facet normal 0 0 -1
    outer loop
      vertex -2.35241 23.8844 0
      vertex -0.196033 1.99037 0
      vertex -0.390181 1.96157 0
    endloop
  endfacet
  facet normal 0 0 -1
    outer loop
      vertex -4.68217 23.5388 0
      vertex -0.390181 1.96157 0
      vertex -0.580569 1.91388 0
    endloop
  endfacet
  facet normal 0 0 -1
    outer loop
      vertex -6.96683 22.9666 0
      vertex -0.580569 1.91388 0
      vertex -0.765367 1.84776 0
    endloop
  endfacet
  facet normal 0 0 -1
    outer loop
      vertex -9.1844 22.1731 0
      vertex -0.765367 1.84776 0
      vertex -0.942793 1.76384 0
    endloop
  endfacet
  facet normal 0 0 -1
    outer loop
      vertex -11.3135 21.1661 0
      vertex -0.942793 1.76384 0
      vertex -1.11114 1.66294 0
    endloop
  endfacet
  facet normal 0 0 -1
    outer loop
      vertex -13.3337 19.9553 0
      vertex -1.11114 1.66294 0
      vertex -1.26879 1.54602 0
    endloop
  endfacet
  facet normal 0 0 -1
    outer loop
      vertex -15.2254 18.5522 0
      vertex -1.26879 1.54602 0
      vertex -1.41421 1.41421 0
    endloop
  endfacet
  facet normal 0 0 -1
    outer loop
      vertex -16.9706 16.9706 0
      vertex -1.41421 1.41421 0
      vertex -1.54602 1.26879 0
    endloop
  endfacet
  facet normal 0 0 -1
    outer loop
      vertex -18.5522 15.2254 0
      vertex -1.54602 1.26879 0
      vertex -1.66294 1.11114 0
    endloop
  endfacet
  facet normal 0 0 -1
    outer loop
      vertex -19.9553 13.3337 0
      vertex -1.66294 1.11114 0
      vertex -1.76384 0.942793 0
    endloop
  endfacet
  facet normal 0 0 -1
    outer loop
      vertex -21.1661 11.3135 0
      vertex -1.76384 0.942793 0
      vertex -1.84776 0.765367 0
    endloop
  endfacet
  facet normal 0 0 -1
    outer loop
      vertex -22.1731 9.1844 0
      vertex -1.84776 0.765367 0
      vertex -1.91388 0.580569 0
    endloop
  endfacet
  facet normal 0 0 -1
    outer loop
      vertex -22.9666 6.96683 0
      vertex -1.91388 0.580569 0
      vertex -1.96157 0.390181 0
    endloop
  endfacet
  facet normal 0 0 -1
    outer loop
      vertex -23.5388 4.68217 0
      vertex -1.96157 0.390181 0
      vertex -1.99037 0.196033 0
    endloop
  endfacet
  facet normal 0 0 -1
    outer loop
      vertex -0.196033 1.99037 0
      vertex -2.35241 23.8844 0
      vertex 0 24 0
    endloop
  endfacet
  facet normal 0 0 -1
    outer loop
      vertex -23.8844 2.35241 0
      vertex -1.99037 0.196033 0
      vertex -2 0 0
    endloop
  endfacet
  facet normal 0 0 -1
    outer loop
      vertex -18.5522 -15.2254 0
      vertex -1.54602 -1.26879 0
      vertex -16.9706 -16.9706 0
    endloop
  endfacet
  facet normal -0 0 -1
    outer loop
      vertex -1.54602 -1.26879 0
      vertex -18.5522 -15.2254 0
      vertex -1.66294 -1.11114 0
    endloop
  endfacet
  facet normal 0 0 -1
    outer loop
      vertex -0.390181 1.96157 0
      vertex -4.68217 23.5388 0
      vertex -2.35241 23.8844 0
    endloop
  endfacet
  facet normal 0 0 -1
    outer loop
      vertex -19.9553 -13.3337 0
      vertex -1.66294 -1.11114 0
      vertex -18.5522 -15.2254 0
    endloop
  endfacet
  facet normal 0 0 -1
    outer loop
      vertex -0.580569 1.91388 0
      vertex -6.96683 22.9666 0
      vertex -4.68217 23.5388 0
    endloop
  endfacet
  facet normal -0 0 -1
    outer loop
      vertex -1.66294 -1.11114 0
      vertex -19.9553 -13.3337 0
      vertex -1.76384 -0.942793 0
    endloop
  endfacet
  facet normal 0 0 -1
    outer loop
      vertex -0.765367 1.84776 0
      vertex -9.1844 22.1731 0
      vertex -6.96683 22.9666 0
    endloop
  endfacet
  facet normal 0 0 -1
    outer loop
      vertex -21.1661 -11.3135 0
      vertex -1.76384 -0.942793 0
      vertex -19.9553 -13.3337 0
    endloop
  endfacet
  facet normal 0 0 -1
    outer loop
      vertex -0.942793 1.76384 0
      vertex -11.3135 21.1661 0
      vertex -9.1844 22.1731 0
    endloop
  endfacet
  facet normal -0 0 -1
    outer loop
      vertex -1.76384 -0.942793 0
      vertex -21.1661 -11.3135 0
      vertex -1.84776 -0.765367 0
    endloop
  endfacet
  facet normal 0 0 -1
    outer loop
      vertex -1.11114 1.66294 0
      vertex -13.3337 19.9553 0
      vertex -11.3135 21.1661 0
    endloop
  endfacet
  facet normal 0 0 -1
    outer loop
      vertex -22.1731 -9.1844 0
      vertex -1.84776 -0.765367 0
      vertex -21.1661 -11.3135 0
    endloop
  endfacet
  facet normal 0 0 -1
    outer loop
      vertex -1.26879 1.54602 0
      vertex -15.2254 18.5522 0
      vertex -13.3337 19.9553 0
    endloop
  endfacet
  facet normal -0 0 -1
    outer loop
      vertex -1.84776 -0.765367 0
      vertex -22.1731 -9.1844 0
      vertex -1.91388 -0.580569 0
    endloop
  endfacet
  facet normal 0 0 -1
    outer loop
      vertex -1.41421 1.41421 0
      vertex -16.9706 16.9706 0
      vertex -15.2254 18.5522 0
    endloop
  endfacet
  facet normal 0 0 -1
    outer loop
      vertex -22.9666 -6.96683 0
      vertex -1.91388 -0.580569 0
      vertex -22.1731 -9.1844 0
    endloop
  endfacet
  facet normal 0 0 -1
    outer loop
      vertex -1.54602 1.26879 0
      vertex -18.5522 15.2254 0
      vertex -16.9706 16.9706 0
    endloop
  endfacet
  facet normal -0 0 -1
    outer loop
      vertex -1.91388 -0.580569 0
      vertex -22.9666 -6.96683 0
      vertex -1.96157 -0.390181 0
    endloop
  endfacet
  facet normal 0 0 -1
    outer loop
      vertex -1.66294 1.11114 0
      vertex -19.9553 13.3337 0
      vertex -18.5522 15.2254 0
    endloop
  endfacet
  facet normal 0 0 -1
    outer loop
      vertex -23.5388 -4.68217 0
      vertex -1.96157 -0.390181 0
      vertex -22.9666 -6.96683 0
    endloop
  endfacet
  facet normal 0 0 -1
    outer loop
      vertex -1.76384 0.942793 0
      vertex -21.1661 11.3135 0
      vertex -19.9553 13.3337 0
    endloop
  endfacet
  facet normal -0 0 -1
    outer loop
      vertex -1.96157 -0.390181 0
      vertex -23.5388 -4.68217 0
      vertex -1.99037 -0.196033 0
    endloop
  endfacet
  facet normal 0 0 -1
    outer loop
      vertex -1.84776 0.765367 0
      vertex -22.1731 9.1844 0
      vertex -21.1661 11.3135 0
    endloop
  endfacet
  facet normal 0 0 -1
    outer loop
      vertex -23.8844 -2.35241 0
      vertex -1.99037 -0.196033 0
      vertex -23.5388 -4.68217 0
    endloop
  endfacet
  facet normal 0 0 -1
    outer loop
      vertex -1.91388 0.580569 0
      vertex -22.9666 6.96683 0
      vertex -22.1731 9.1844 0
    endloop
  endfacet
  facet normal -0 0 -1
    outer loop
      vertex -1.99037 -0.196033 0
      vertex -23.8844 -2.35241 0
      vertex -2 0 0
    endloop
  endfacet
  facet normal 0 0 -1
    outer loop
      vertex -1.96157 0.390181 0
      vertex -23.5388 4.68217 0
      vertex -22.9666 6.96683 0
    endloop
  endfacet
  facet normal 0 0 -1
    outer loop
      vertex -24 0 0
      vertex -2 0 0
      vertex -23.8844 -2.35241 0
    endloop
  endfacet
  facet normal 0 0 -1
    outer loop
      vertex -1.99037 0.196033 0
      vertex -23.8844 2.35241 0
      vertex -23.5388 4.68217 0
    endloop
  endfacet
  facet normal 0 0 -1
    outer loop
      vertex -2 0 0
      vertex -24 0 0
      vertex -23.8844 2.35241 0
    endloop
  endfacet
  facet normal -0.994004 0.0488402 0.097826
    outer loop
      vertex -23.9616 0 8.39018
      vertex -23.8462 2.34864 8.39018
      vertex -24 0 8
    endloop
  endfacet
  facet normal -0.994008 0.0488466 0.0977888
    outer loop
      vertex -23.8462 2.34864 8.39018
      vertex -23.8844 2.35241 8
      vertex -24 0 8
    endloop
  endfacet
  facet normal -0.955892 0.0469872 0.289935
    outer loop
      vertex -23.8478 0 8.76537
      vertex -23.7329 2.33749 8.76537
      vertex -23.9616 0 8.39018
    endloop
  endfacet
  facet normal -0.955859 0.046966 0.290046
    outer loop
      vertex -23.7329 2.33749 8.76537
      vertex -23.8462 2.34864 8.39018
      vertex -23.9616 0 8.39018
    endloop
  endfacet
  facet normal -0.881009 0.0432647 0.471118
    outer loop
      vertex -23.6629 0 9.11114
      vertex -23.549 2.31937 9.11114
      vertex -23.8478 0 8.76537
    endloop
  endfacet
  facet normal -0.881123 0.0433118 0.4709
    outer loop
      vertex -23.549 2.31937 9.11114
      vertex -23.7329 2.33749 8.76537
      vertex -23.8478 0 8.76537
    endloop
  endfacet
  facet normal -0.772483 0.0379343 0.633901
    outer loop
      vertex -23.4142 0 9.41421
      vertex -23.3015 2.29499 9.41421
      vertex -23.6629 0 9.11114
    endloop
  endfacet
  facet normal -0.772486 0.0379354 0.633897
    outer loop
      vertex -23.3015 2.29499 9.41421
      vertex -23.549 2.31937 9.11114
      vertex -23.6629 0 9.11114
    endloop
  endfacet
  facet normal -0.634059 0.0311251 0.772658
    outer loop
      vertex -23.1111 0 9.66294
      vertex -22.9999 2.26529 9.66294
      vertex -23.4142 0 9.41421
    endloop
  endfacet
  facet normal -0.634111 0.0311392 0.772615
    outer loop
      vertex -22.9999 2.26529 9.66294
      vertex -23.3015 2.29499 9.41421
      vertex -23.4142 0 9.41421
    endloop
  endfacet
  facet normal -0.471349 0.0231724 0.881643
    outer loop
      vertex -22.7654 0 9.84776
      vertex -22.6557 2.2314 9.84776
      vertex -23.1111 0 9.66294
    endloop
  endfacet
  facet normal -0.471176 0.0231294 0.881736
    outer loop
      vertex -22.6557 2.2314 9.84776
      vertex -22.9999 2.26529 9.66294
      vertex -23.1111 0 9.66294
    endloop
  endfacet
  facet normal -0.290242 0.0142567 0.956847
    outer loop
      vertex -22.3902 0 9.96157
      vertex -22.2824 2.19462 9.96157
      vertex -22.7654 0 9.84776
    endloop
  endfacet
  facet normal -0.290307 0.0142721 0.956827
    outer loop
      vertex -22.2824 2.19462 9.96157
      vertex -22.6557 2.2314 9.84776
      vertex -22.7654 0 9.84776
    endloop
  endfacet
  facet normal -0.0980126 0.00481341 0.995174
    outer loop
      vertex -22 0 10
      vertex -21.8941 2.15638 10
      vertex -22.3902 0 9.96157
    endloop
  endfacet
  facet normal -0.098018 0.00481466 0.995173
    outer loop
      vertex -21.8941 2.15638 10
      vertex -22.2824 2.19462 9.96157
      vertex -22.3902 0 9.96157
    endloop
  endfacet
  facet normal -0.984437 0.146013 0.0977907
    outer loop
      vertex -23.8462 2.34864 8.39018
      vertex -23.5012 4.67467 8.39018
      vertex -23.8844 2.35241 8
    endloop
  endfacet
  facet normal -0.984446 0.146034 0.097674
    outer loop
      vertex -23.5012 4.67467 8.39018
      vertex -23.5388 4.68217 8
      vertex -23.8844 2.35241 8
    endloop
  endfacet
  facet normal -0.946655 0.140425 0.290044
    outer loop
      vertex -23.7329 2.33749 8.76537
      vertex -23.3895 4.65247 8.76537
      vertex -23.8462 2.34864 8.39018
    endloop
  endfacet
  facet normal -0.94663 0.140405 0.290135
    outer loop
      vertex -23.3895 4.65247 8.76537
      vertex -23.5012 4.67467 8.39018
      vertex -23.8462 2.34864 8.39018
    endloop
  endfacet
  facet normal -0.872639 0.129431 0.470902
    outer loop
      vertex -23.549 2.31937 9.11114
      vertex -23.2083 4.61641 9.11114
      vertex -23.7329 2.33749 8.76537
    endloop
  endfacet
  facet normal -0.872678 0.129451 0.470825
    outer loop
      vertex -23.2083 4.61641 9.11114
      vertex -23.3895 4.65247 8.76537
      vertex -23.7329 2.33749 8.76537
    endloop
  endfacet
  facet normal -0.765044 0.113499 0.633898
    outer loop
      vertex -23.3015 2.29499 9.41421
      vertex -22.9643 4.56789 9.41421
      vertex -23.549 2.31937 9.11114
    endloop
  endfacet
  facet normal -0.764948 0.113458 0.63402
    outer loop
      vertex -22.9643 4.56789 9.41421
      vertex -23.2083 4.61641 9.11114
      vertex -23.549 2.31937 9.11114
    endloop
  endfacet
  facet normal -0.628003 0.093159 0.772615
    outer loop
      vertex -22.9999 2.26529 9.66294
      vertex -22.6671 4.50876 9.66294
      vertex -23.3015 2.29499 9.41421
    endloop
  endfacet
  facet normal -0.628043 0.0931744 0.77258
    outer loop
      vertex -22.6671 4.50876 9.66294
      vertex -22.9643 4.56789 9.41421
      vertex -23.3015 2.29499 9.41421
    endloop
  endfacet
  facet normal -0.466638 0.0692175 0.881736
    outer loop
      vertex -22.6557 2.2314 9.84776
      vertex -22.3279 4.4413 9.84776
      vertex -22.9999 2.26529 9.66294
    endloop
  endfacet
  facet normal -0.466658 0.0692248 0.881725
    outer loop
      vertex -22.3279 4.4413 9.84776
      vertex -22.6671 4.50876 9.66294
      vertex -22.9999 2.26529 9.66294
    endloop
  endfacet
  facet normal -0.287511 0.0426474 0.956827
    outer loop
      vertex -22.2824 2.19462 9.96157
      vertex -21.96 4.36811 9.96157
      vertex -22.6557 2.2314 9.84776
    endloop
  endfacet
  facet normal -0.287511 0.0426472 0.956827
    outer loop
      vertex -21.96 4.36811 9.96157
      vertex -22.3279 4.4413 9.84776
      vertex -22.6557 2.2314 9.84776
    endloop
  endfacet
  facet normal -0.097074 0.0144001 0.995173
    outer loop
      vertex -21.8941 2.15638 10
      vertex -21.5773 4.29199 10
      vertex -22.2824 2.19462 9.96157
    endloop
  endfacet
  facet normal -0.0970695 0.0143986 0.995173
    outer loop
      vertex -21.5773 4.29199 10
      vertex -21.96 4.36811 9.96157
      vertex -22.2824 2.19462 9.96157
    endloop
  endfacet
  facet normal -0.965389 0.241833 0.0976789
    outer loop
      vertex -23.5012 4.67467 8.39018
      vertex -22.9298 6.95568 8.39018
      vertex -23.5388 4.68217 8
    endloop
  endfacet
  facet normal -0.965374 0.241781 0.0979589
    outer loop
      vertex -22.9298 6.95568 8.39018
      vertex -22.9666 6.96683 8
      vertex -23.5388 4.68217 8
    endloop
  endfacet
  facet normal -0.928312 0.23251 0.290131
    outer loop
      vertex -23.3895 4.65247 8.76537
      vertex -22.8209 6.92264 8.76537
      vertex -23.5012 4.67467 8.39018
    endloop
  endfacet
  facet normal -0.92836 0.232557 0.289939
    outer loop
      vertex -22.8209 6.92264 8.76537
      vertex -22.9298 6.95568 8.39018
      vertex -23.5012 4.67467 8.39018
    endloop
  endfacet
  facet normal -0.855781 0.214384 0.470828
    outer loop
      vertex -23.2083 4.61641 9.11114
      vertex -22.644 6.86899 9.11114
      vertex -23.3895 4.65247 8.76537
    endloop
  endfacet
  facet normal -0.855684 0.21432 0.471032
    outer loop
      vertex -22.644 6.86899 9.11114
      vertex -22.8209 6.92264 8.76537
      vertex -23.3895 4.65247 8.76537
    endloop
  endfacet
  facet normal -0.750144 0.187898 0.634018
    outer loop
      vertex -22.9643 4.56789 9.41421
      vertex -22.406 6.79679 9.41421
      vertex -23.2083 4.61641 9.11114
    endloop
  endfacet
  facet normal -0.750219 0.187939 0.633917
    outer loop
      vertex -22.406 6.79679 9.41421
      vertex -22.644 6.86899 9.11114
      vertex -23.2083 4.61641 9.11114
    endloop
  endfacet
  facet normal -0.615887 0.154276 0.772581
    outer loop
      vertex -22.6671 4.50876 9.66294
      vertex -22.116 6.70881 9.66294
      vertex -22.9643 4.56789 9.41421
    endloop
  endfacet
  facet normal -0.615858 0.154261 0.772608
    outer loop
      vertex -22.116 6.70881 9.66294
      vertex -22.406 6.79679 9.41421
      vertex -22.9643 4.56789 9.41421
    endloop
  endfacet
  facet normal -0.457629 0.114622 0.881724
    outer loop
      vertex -22.3279 4.4413 9.84776
      vertex -21.7851 6.60844 9.84776
      vertex -22.6671 4.50876 9.66294
    endloop
  endfacet
  facet normal -0.457683 0.114647 0.881693
    outer loop
      vertex -21.7851 6.60844 9.84776
      vertex -22.116 6.70881 9.66294
      vertex -22.6671 4.50876 9.66294
    endloop
  endfacet
  facet normal -0.281945 0.0706245 0.956828
    outer loop
      vertex -21.96 4.36811 9.96157
      vertex -21.4261 6.49953 9.96157
      vertex -22.3279 4.4413 9.84776
    endloop
  endfacet
  facet normal -0.281915 0.0706108 0.956838
    outer loop
      vertex -21.4261 6.49953 9.96157
      vertex -21.7851 6.60844 9.84776
      vertex -22.3279 4.4413 9.84776
    endloop
  endfacet
  facet normal -0.0951907 0.0238446 0.995173
    outer loop
      vertex -21.5773 4.29199 10
      vertex -21.0527 6.38626 10
      vertex -21.96 4.36811 9.96157
    endloop
  endfacet
  facet normal -0.0951894 0.023844 0.995174
    outer loop
      vertex -21.0527 6.38626 10
      vertex -21.4261 6.49953 9.96157
      vertex -21.96 4.36811 9.96157
    endloop
  endfacet
  facet normal -0.937014 0.335274 0.0979559
    outer loop
      vertex -22.9298 6.95568 8.39018
      vertex -22.1376 9.1697 8.39018
      vertex -22.9666 6.96683 8
    endloop
  endfacet
  facet normal -0.937017 0.335287 0.0978852
    outer loop
      vertex -22.1376 9.1697 8.39018
      vertex -22.1731 9.1844 8
      vertex -22.9666 6.96683 8
    endloop
  endfacet
  facet normal -0.901103 0.32241 0.28994
    outer loop
      vertex -22.8209 6.92264 8.76537
      vertex -22.0325 9.12614 8.76537
      vertex -22.9298 6.95568 8.39018
    endloop
  endfacet
  facet normal -0.901121 0.322431 0.289861
    outer loop
      vertex -22.0325 9.12614 8.76537
      vertex -22.1376 9.1697 8.39018
      vertex -22.9298 6.95568 8.39018
    endloop
  endfacet
  facet normal -0.830554 0.297172 0.47103
    outer loop
      vertex -22.644 6.86899 9.11114
      vertex -21.8617 9.05541 9.11114
      vertex -22.8209 6.92264 8.76537
    endloop
  endfacet
  facet normal -0.830544 0.297164 0.471051
    outer loop
      vertex -21.8617 9.05541 9.11114
      vertex -22.0325 9.12614 8.76537
      vertex -22.8209 6.92264 8.76537
    endloop
  endfacet
  facet normal -0.72819 0.260554 0.633917
    outer loop
      vertex -22.406 6.79679 9.41421
      vertex -21.6319 8.96023 9.41421
      vertex -22.644 6.86899 9.11114
    endloop
  endfacet
  facet normal -0.728168 0.260538 0.633949
    outer loop
      vertex -21.6319 8.96023 9.41421
      vertex -21.8617 9.05541 9.11114
      vertex -22.644 6.86899 9.11114
    endloop
  endfacet
  facet normal -0.597768 0.213892 0.772608
    outer loop
      vertex -22.116 6.70881 9.66294
      vertex -21.3519 8.84425 9.66294
      vertex -22.406 6.79679 9.41421
    endloop
  endfacet
  facet normal -0.597749 0.21388 0.772627
    outer loop
      vertex -21.3519 8.84425 9.66294
      vertex -21.6319 8.96023 9.41421
      vertex -22.406 6.79679 9.41421
    endloop
  endfacet
  facet normal -0.444246 0.158945 0.881693
    outer loop
      vertex -21.7851 6.60844 9.84776
      vertex -21.0325 8.71193 9.84776
      vertex -22.116 6.70881 9.66294
    endloop
  endfacet
  facet normal -0.444306 0.158981 0.881656
    outer loop
      vertex -21.0325 8.71193 9.84776
      vertex -21.3519 8.84425 9.66294
      vertex -22.116 6.70881 9.66294
    endloop
  endfacet
  facet normal -0.273632 0.0979154 0.956838
    outer loop
      vertex -21.4261 6.49953 9.96157
      vertex -20.6858 8.56835 9.96157
      vertex -21.7851 6.60844 9.84776
    endloop
  endfacet
  facet normal -0.27357 0.0978795 0.956859
    outer loop
      vertex -20.6858 8.56835 9.96157
      vertex -21.0325 8.71193 9.84776
      vertex -21.7851 6.60844 9.84776
    endloop
  endfacet
  facet normal -0.0923932 0.0330617 0.995174
    outer loop
      vertex -21.0527 6.38626 10
      vertex -20.3253 8.41903 10
      vertex -21.4261 6.49953 9.96157
    endloop
  endfacet
  facet normal -0.0923932 0.0330617 0.995174
    outer loop
      vertex -20.3253 8.41903 10
      vertex -20.6858 8.56835 9.96157
      vertex -21.4261 6.49953 9.96157
    endloop
  endfacet
  facet normal -0.899645 0.425508 0.097884
    outer loop
      vertex -22.1376 9.1697 8.39018
      vertex -21.1322 11.2954 8.39018
      vertex -22.1731 9.1844 8
    endloop
  endfacet
  facet normal -0.899645 0.425505 0.0979025
    outer loop
      vertex -21.1322 11.2954 8.39018
      vertex -21.1661 11.3135 8
      vertex -22.1731 9.1844 8
    endloop
  endfacet
  facet normal -0.865168 0.409221 0.289866
    outer loop
      vertex -22.0325 9.12614 8.76537
      vertex -21.0318 11.2418 8.76537
      vertex -22.1376 9.1697 8.39018
    endloop
  endfacet
  facet normal -0.865147 0.409192 0.289969
    outer loop
      vertex -21.0318 11.2418 8.76537
      vertex -21.1322 11.2954 8.39018
      vertex -22.1376 9.1697 8.39018
    endloop
  endfacet
  facet normal -0.797407 0.377167 0.471048
    outer loop
      vertex -21.8617 9.05541 9.11114
      vertex -20.8688 11.1546 9.11114
      vertex -22.0325 9.12614 8.76537
    endloop
  endfacet
  facet normal -0.797415 0.377174 0.47103
    outer loop
      vertex -20.8688 11.1546 9.11114
      vertex -21.0318 11.2418 8.76537
      vertex -22.0325 9.12614 8.76537
    endloop
  endfacet
  facet normal -0.699127 0.330653 0.633949
    outer loop
      vertex -21.6319 8.96023 9.41421
      vertex -20.6495 11.0374 9.41421
      vertex -21.8617 9.05541 9.11114
    endloop
  endfacet
  facet normal -0.699203 0.330717 0.633831
    outer loop
      vertex -20.6495 11.0374 9.41421
      vertex -20.8688 11.1546 9.11114
      vertex -21.8617 9.05541 9.11114
    endloop
  endfacet
  facet normal -0.573907 0.271439 0.772627
    outer loop
      vertex -21.3519 8.84425 9.66294
      vertex -20.3822 10.8945 9.66294
      vertex -21.6319 8.96023 9.41421
    endloop
  endfacet
  facet normal -0.573878 0.271416 0.772656
    outer loop
      vertex -20.3822 10.8945 9.66294
      vertex -20.6495 11.0374 9.41421
      vertex -21.6319 8.96023 9.41421
    endloop
  endfacet
  facet normal -0.426583 0.201762 0.881657
    outer loop
      vertex -21.0325 8.71193 9.84776
      vertex -20.0773 10.7315 9.84776
      vertex -21.3519 8.84425 9.66294
    endloop
  endfacet
  facet normal -0.426575 0.201756 0.881662
    outer loop
      vertex -20.0773 10.7315 9.84776
      vertex -20.3822 10.8945 9.66294
      vertex -21.3519 8.84425 9.66294
    endloop
  endfacet
  facet normal -0.262661 0.12422 0.956859
    outer loop
      vertex -20.6858 8.56835 9.96157
      vertex -19.7464 10.5547 9.96157
      vertex -21.0325 8.71193 9.84776
    endloop
  endfacet
  facet normal -0.262708 0.124254 0.956841
    outer loop
      vertex -19.7464 10.5547 9.96157
      vertex -20.0773 10.7315 9.84776
      vertex -21.0325 8.71193 9.84776
    endloop
  endfacet
  facet normal -0.0887102 0.0419536 0.995174
    outer loop
      vertex -20.3253 8.41903 10
      vertex -19.4023 10.3707 10
      vertex -20.6858 8.56835 9.96157
    endloop
  endfacet
  facet normal -0.08871 0.0419534 0.995174
    outer loop
      vertex -19.4023 10.3707 10
      vertex -19.7464 10.5547 9.96157
      vertex -20.6858 8.56835 9.96157
    endloop
  endfacet
  facet normal -0.853605 0.511638 0.0978981
    outer loop
      vertex -21.1322 11.2954 8.39018
      vertex -19.9233 13.3123 8.39018
      vertex -21.1661 11.3135 8
    endloop
  endfacet
  facet normal -0.853606 0.511606 0.0980669
    outer loop
      vertex -19.9233 13.3123 8.39018
      vertex -19.9553 13.3337 8
      vertex -21.1661 11.3135 8
    endloop
  endfacet
  facet normal -0.820886 0.492008 0.289956
    outer loop
      vertex -21.0318 11.2418 8.76537
      vertex -19.8287 13.2491 8.76537
      vertex -21.1322 11.2954 8.39018
    endloop
  endfacet
  facet normal -0.820902 0.492036 0.289864
    outer loop
      vertex -19.8287 13.2491 8.76537
      vertex -19.9233 13.3123 8.39018
      vertex -21.1322 11.2954 8.39018
    endloop
  endfacet
  facet normal -0.756618 0.453484 0.471043
    outer loop
      vertex -20.8688 11.1546 9.11114
      vertex -19.675 13.1464 9.11114
      vertex -21.0318 11.2418 8.76537
    endloop
  endfacet
  facet normal -0.756624 0.453492 0.471026
    outer loop
      vertex -19.675 13.1464 9.11114
      vertex -19.8287 13.2491 8.76537
      vertex -21.0318 11.2418 8.76537
    endloop
  endfacet
  facet normal -0.663424 0.397657 0.633828
    outer loop
      vertex -20.6495 11.0374 9.41421
      vertex -19.4682 13.0082 9.41421
      vertex -20.8688 11.1546 9.11114
    endloop
  endfacet
  facet normal -0.663357 0.397588 0.633942
    outer loop
      vertex -19.4682 13.0082 9.41421
      vertex -19.675 13.1464 9.11114
      vertex -20.8688 11.1546 9.11114
    endloop
  endfacet
  facet normal -0.544508 0.326358 0.772659
    outer loop
      vertex -20.3822 10.8945 9.66294
      vertex -19.2162 12.8399 9.66294
      vertex -20.6495 11.0374 9.41421
    endloop
  endfacet
  facet normal -0.544568 0.326415 0.772592
    outer loop
      vertex -19.2162 12.8399 9.66294
      vertex -19.4682 13.0082 9.41421
      vertex -20.6495 11.0374 9.41421
    endloop
  endfacet
  facet normal -0.404742 0.242596 0.881664
    outer loop
      vertex -20.0773 10.7315 9.84776
      vertex -18.9287 12.6478 9.84776
      vertex -20.3822 10.8945 9.66294
    endloop
  endfacet
  facet normal -0.404713 0.24257 0.881684
    outer loop
      vertex -18.9287 12.6478 9.84776
      vertex -19.2162 12.8399 9.66294
      vertex -20.3822 10.8945 9.66294
    endloop
  endfacet
  facet normal -0.249268 0.149407 0.95684
    outer loop
      vertex -19.7464 10.5547 9.96157
      vertex -18.6168 12.4393 9.96157
      vertex -20.0773 10.7315 9.84776
    endloop
  endfacet
  facet normal -0.249268 0.149407 0.95684
    outer loop
      vertex -18.6168 12.4393 9.96157
      vertex -18.9287 12.6478 9.84776
      vertex -20.0773 10.7315 9.84776
    endloop
  endfacet
  facet normal -0.0841662 0.0504507 0.995174
    outer loop
      vertex -19.4023 10.3707 10
      vertex -18.2923 12.2225 10
      vertex -19.7464 10.5547 9.96157
    endloop
  endfacet
  facet normal -0.0841564 0.050442 0.995175
    outer loop
      vertex -18.2923 12.2225 10
      vertex -18.6168 12.4393 9.96157
      vertex -19.7464 10.5547 9.96157
    endloop
  endfacet
  facet normal -0.799342 0.59282 0.0980708
    outer loop
      vertex -19.9233 13.3123 8.39018
      vertex -18.5225 15.2011 8.39018
      vertex -19.9553 13.3337 8
    endloop
  endfacet
  facet normal -0.799335 0.592878 0.0977682
    outer loop
      vertex -18.5225 15.2011 8.39018
      vertex -18.5522 15.2254 8
      vertex -19.9553 13.3337 8
    endloop
  endfacet
  facet normal -0.768735 0.570111 0.289862
    outer loop
      vertex -19.8287 13.2491 8.76537
      vertex -18.4346 15.1289 8.76537
      vertex -19.9233 13.3123 8.39018
    endloop
  endfacet
  facet normal -0.768742 0.570126 0.289814
    outer loop
      vertex -18.4346 15.1289 8.76537
      vertex -18.5225 15.2011 8.39018
      vertex -19.9233 13.3123 8.39018
    endloop
  endfacet
  facet normal -0.708529 0.525471 0.471027
    outer loop
      vertex -19.675 13.1464 9.11114
      vertex -18.2917 15.0116 9.11114
      vertex -19.8287 13.2491 8.76537
    endloop
  endfacet
  facet normal -0.708515 0.52545 0.471071
    outer loop
      vertex -18.2917 15.0116 9.11114
      vertex -18.4346 15.1289 8.76537
      vertex -19.8287 13.2491 8.76537
    endloop
  endfacet
  facet normal -0.621182 0.460703 0.633945
    outer loop
      vertex -19.4682 13.0082 9.41421
      vertex -18.0994 14.8538 9.41421
      vertex -19.675 13.1464 9.11114
    endloop
  endfacet
  facet normal -0.621158 0.460674 0.633989
    outer loop
      vertex -18.0994 14.8538 9.41421
      vertex -18.2917 15.0116 9.11114
      vertex -19.675 13.1464 9.11114
    endloop
  endfacet
  facet normal -0.509974 0.378204 0.772585
    outer loop
      vertex -19.2162 12.8399 9.66294
      vertex -17.8652 14.6616 9.66294
      vertex -19.4682 13.0082 9.41421
    endloop
  endfacet
  facet normal -0.510024 0.378263 0.772524
    outer loop
      vertex -17.8652 14.6616 9.66294
      vertex -18.0994 14.8538 9.41421
      vertex -19.4682 13.0082 9.41421
    endloop
  endfacet
  facet normal -0.378987 0.281072 0.881684
    outer loop
      vertex -18.9287 12.6478 9.84776
      vertex -17.5979 14.4422 9.84776
      vertex -19.2162 12.8399 9.66294
    endloop
  endfacet
  facet normal -0.37896 0.281043 0.881705
    outer loop
      vertex -17.5979 14.4422 9.84776
      vertex -17.8652 14.6616 9.66294
      vertex -19.2162 12.8399 9.66294
    endloop
  endfacet
  facet normal -0.233416 0.173121 0.956842
    outer loop
      vertex -18.6168 12.4393 9.96157
      vertex -17.3078 14.2042 9.96157
      vertex -18.9287 12.6478 9.84776
    endloop
  endfacet
  facet normal -0.233385 0.173088 0.956855
    outer loop
      vertex -17.3078 14.2042 9.96157
      vertex -17.5979 14.4422 9.84776
      vertex -18.9287 12.6478 9.84776
    endloop
  endfacet
  facet normal -0.0788091 0.0584456 0.995175
    outer loop
      vertex -18.2923 12.2225 10
      vertex -17.0062 13.9567 10
      vertex -18.6168 12.4393 9.96157
    endloop
  endfacet
  facet normal -0.0788274 0.0584651 0.995172
    outer loop
      vertex -17.0062 13.9567 10
      vertex -17.3078 14.2042 9.96157
      vertex -18.6168 12.4393 9.96157
    endloop
  endfacet
  facet normal -0.737408 0.668336 0.0977538
    outer loop
      vertex -18.5225 15.2011 8.39018
      vertex -16.9434 16.9434 8.39018
      vertex -18.5522 15.2254 8
    endloop
  endfacet
  facet normal -0.737418 0.66829 0.0979939
    outer loop
      vertex -16.9434 16.9434 8.39018
      vertex -16.9706 16.9706 8
      vertex -18.5522 15.2254 8
    endloop
  endfacet
  facet normal -0.70913 0.642756 0.289825
    outer loop
      vertex -18.4346 15.1289 8.76537
      vertex -16.8629 16.8629 8.76537
      vertex -18.5225 15.2011 8.39018
    endloop
  endfacet
  facet normal -0.709107 0.642686 0.290038
    outer loop
      vertex -16.8629 16.8629 8.76537
      vertex -16.9434 16.9434 8.39018
      vertex -18.5225 15.2011 8.39018
    endloop
  endfacet
  facet normal -0.653581 0.592386 0.471075
    outer loop
      vertex -18.2917 15.0116 9.11114
      vertex -16.7322 16.7322 9.11114
      vertex -18.4346 15.1289 8.76537
    endloop
  endfacet
  facet normal -0.653602 0.592426 0.470995
    outer loop
      vertex -16.7322 16.7322 9.11114
      vertex -16.8629 16.8629 8.76537
      vertex -18.4346 15.1289 8.76537
    endloop
  endfacet
  facet normal -0.573003 0.519354 0.633987
    outer loop
      vertex -18.0994 14.8538 9.41421
      vertex -16.5563 16.5563 9.41421
      vertex -18.2917 15.0116 9.11114
    endloop
  endfacet
  facet normal -0.573 0.51935 0.633993
    outer loop
      vertex -16.5563 16.5563 9.41421
      vertex -16.7322 16.7322 9.11114
      vertex -18.2917 15.0116 9.11114
    endloop
  endfacet
  facet normal -0.47047 0.426458 0.772522
    outer loop
      vertex -17.8652 14.6616 9.66294
      vertex -16.342 16.342 9.66294
      vertex -18.0994 14.8538 9.41421
    endloop
  endfacet
  facet normal -0.470398 0.426356 0.772623
    outer loop
      vertex -16.342 16.342 9.66294
      vertex -16.5563 16.5563 9.41421
      vertex -18.0994 14.8538 9.41421
    endloop
  endfacet
  facet normal -0.349566 0.316855 0.881707
    outer loop
      vertex -17.5979 14.4422 9.84776
      vertex -16.0975 16.0975 9.84776
      vertex -17.8652 14.6616 9.66294
    endloop
  endfacet
  facet normal -0.34959 0.316886 0.881686
    outer loop
      vertex -16.0975 16.0975 9.84776
      vertex -16.342 16.342 9.66294
      vertex -17.8652 14.6616 9.66294
    endloop
  endfacet
  facet normal -0.215293 0.195139 0.956854
    outer loop
      vertex -17.3078 14.2042 9.96157
      vertex -15.8322 15.8322 9.96157
      vertex -17.5979 14.4422 9.84776
    endloop
  endfacet
  facet normal -0.215311 0.195162 0.956845
    outer loop
      vertex -15.8322 15.8322 9.96157
      vertex -16.0975 16.0975 9.84776
      vertex -17.5979 14.4422 9.84776
    endloop
  endfacet
  facet normal -0.0727168 0.0659115 0.995172
    outer loop
      vertex -17.0062 13.9567 10
      vertex -15.5563 15.5563 10
      vertex -17.3078 14.2042 9.96157
    endloop
  endfacet
  facet normal -0.072712 0.0659053 0.995173
    outer loop
      vertex -15.5563 15.5563 10
      vertex -15.8322 15.8322 9.96157
      vertex -17.3078 14.2042 9.96157
    endloop
  endfacet
  facet normal -0.66832 0.737391 0.0979941
    outer loop
      vertex -16.9434 16.9434 8.39018
      vertex -15.2011 18.5225 8.39018
      vertex -16.9706 16.9706 8
    endloop
  endfacet
  facet normal -0.668306 0.737435 0.097754
    outer loop
      vertex -15.2011 18.5225 8.39018
      vertex -15.2254 18.5522 8
      vertex -16.9706 16.9706 8
    endloop
  endfacet
  facet normal -0.642713 0.709082 0.290038
    outer loop
      vertex -16.8629 16.8629 8.76537
      vertex -15.1289 18.4346 8.76537
      vertex -16.9434 16.9434 8.39018
    endloop
  endfacet
  facet normal -0.642729 0.709155 0.289826
    outer loop
      vertex -15.1289 18.4346 8.76537
      vertex -15.2011 18.5225 8.39018
      vertex -16.9434 16.9434 8.39018
    endloop
  endfacet
  facet normal -0.592415 0.653612 0.470994
    outer loop
      vertex -16.7322 16.7322 9.11114
      vertex -15.0116 18.2917 9.11114
      vertex -16.8629 16.8629 8.76537
    endloop
  endfacet
  facet normal -0.592397 0.653571 0.471074
    outer loop
      vertex -15.0116 18.2917 9.11114
      vertex -15.1289 18.4346 8.76537
      vertex -16.8629 16.8629 8.76537
    endloop
  endfacet
  facet normal -0.519351 0.572999 0.633993
    outer loop
      vertex -16.5563 16.5563 9.41421
      vertex -14.8538 18.0994 9.41421
      vertex -16.7322 16.7322 9.11114
    endloop
  endfacet
  facet normal -0.519353 0.573003 0.633987
    outer loop
      vertex -14.8538 18.0994 9.41421
      vertex -15.0116 18.2917 9.11114
      vertex -16.7322 16.7322 9.11114
    endloop
  endfacet
  facet normal -0.426376 0.470379 0.772623
    outer loop
      vertex -16.342 16.342 9.66294
      vertex -14.6616 17.8652 9.66294
      vertex -16.5563 16.5563 9.41421
    endloop
  endfacet
  facet normal -0.426438 0.470488 0.772523
    outer loop
      vertex -14.6616 17.8652 9.66294
      vertex -14.8538 18.0994 9.41421
      vertex -16.5563 16.5563 9.41421
    endloop
  endfacet
  facet normal -0.31688 0.349595 0.881686
    outer loop
      vertex -16.0975 16.0975 9.84776
      vertex -14.4422 17.5979 9.84776
      vertex -16.342 16.342 9.66294
    endloop
  endfacet
  facet normal -0.31686 0.349562 0.881706
    outer loop
      vertex -14.4422 17.5979 9.84776
      vertex -14.6616 17.8652 9.66294
      vertex -16.342 16.342 9.66294
    endloop
  endfacet
  facet normal -0.195159 0.215315 0.956845
    outer loop
      vertex -15.8322 15.8322 9.96157
      vertex -14.2042 17.3078 9.96157
      vertex -16.0975 16.0975 9.84776
    endloop
  endfacet
  facet normal -0.195143 0.21529 0.956854
    outer loop
      vertex -14.2042 17.3078 9.96157
      vertex -14.4422 17.5979 9.84776
      vertex -16.0975 16.0975 9.84776
    endloop
  endfacet
  facet normal -0.0659063 0.072711 0.995173
    outer loop
      vertex -15.5563 15.5563 10
      vertex -13.9567 17.0062 10
      vertex -15.8322 15.8322 9.96157
    endloop
  endfacet
  facet normal -0.0659104 0.0727177 0.995172
    outer loop
      vertex -13.9567 17.0062 10
      vertex -14.2042 17.3078 9.96157
      vertex -15.8322 15.8322 9.96157
    endloop
  endfacet
  facet normal -0.592837 0.799366 0.097768
    outer loop
      vertex -15.2011 18.5225 8.39018
      vertex -13.3123 19.9233 8.39018
      vertex -15.2254 18.5522 8
    endloop
  endfacet
  facet normal -0.59286 0.799311 0.0980706
    outer loop
      vertex -13.3123 19.9233 8.39018
      vertex -13.3337 19.9553 8
      vertex -15.2254 18.5522 8
    endloop
  endfacet
  facet normal -0.570119 0.768747 0.289814
    outer loop
      vertex -15.1289 18.4346 8.76537
      vertex -13.2491 19.8287 8.76537
      vertex -15.2011 18.5225 8.39018
    endloop
  endfacet
  facet normal -0.570117 0.76873 0.289862
    outer loop
      vertex -13.2491 19.8287 8.76537
      vertex -13.3123 19.9233 8.39018
      vertex -15.2011 18.5225 8.39018
    endloop
  endfacet
  facet normal -0.525457 0.70851 0.471071
    outer loop
      vertex -15.0116 18.2917 9.11114
      vertex -13.1464 19.675 9.11114
      vertex -15.1289 18.4346 8.76537
    endloop
  endfacet
  facet normal -0.525464 0.708534 0.471027
    outer loop
      vertex -13.1464 19.675 9.11114
      vertex -13.2491 19.8287 8.76537
      vertex -15.1289 18.4346 8.76537
    endloop
  endfacet
  facet normal -0.460681 0.621152 0.633989
    outer loop
      vertex -14.8538 18.0994 9.41421
      vertex -13.0082 19.4682 9.41421
      vertex -15.0116 18.2917 9.11114
    endloop
  endfacet
  facet normal -0.460695 0.621188 0.633945
    outer loop
      vertex -13.0082 19.4682 9.41421
      vertex -13.1464 19.675 9.11114
      vertex -15.0116 18.2917 9.11114
    endloop
  endfacet
  facet normal -0.378249 0.510035 0.772523
    outer loop
      vertex -14.6616 17.8652 9.66294
      vertex -12.8399 19.2162 9.66294
      vertex -14.8538 18.0994 9.41421
    endloop
  endfacet
  facet normal -0.378218 0.509964 0.772585
    outer loop
      vertex -12.8399 19.2162 9.66294
      vertex -13.0082 19.4682 9.41421
      vertex -14.8538 18.0994 9.41421
    endloop
  endfacet
  facet normal -0.281049 0.378955 0.881705
    outer loop
      vertex -14.4422 17.5979 9.84776
      vertex -12.6478 18.9287 9.84776
      vertex -14.6616 17.8652 9.66294
    endloop
  endfacet
  facet normal -0.281066 0.378992 0.881684
    outer loop
      vertex -12.6478 18.9287 9.84776
      vertex -12.8399 19.2162 9.66294
      vertex -14.6616 17.8652 9.66294
    endloop
  endfacet
  facet normal -0.173094 0.233379 0.956856
    outer loop
      vertex -14.2042 17.3078 9.96157
      vertex -12.4393 18.6168 9.96157
      vertex -14.4422 17.5979 9.84776
    endloop
  endfacet
  facet normal -0.173114 0.233421 0.956842
    outer loop
      vertex -12.4393 18.6168 9.96157
      vertex -12.6478 18.9287 9.84776
      vertex -14.4422 17.5979 9.84776
    endloop
  endfacet
  facet normal -0.0584614 0.0788305 0.995172
    outer loop
      vertex -13.9567 17.0062 10
      vertex -12.2225 18.2923 10
      vertex -14.2042 17.3078 9.96157
    endloop
  endfacet
  facet normal -0.0584496 0.0788065 0.995175
    outer loop
      vertex -12.2225 18.2923 10
      vertex -12.4393 18.6168 9.96157
      vertex -14.2042 17.3078 9.96157
    endloop
  endfacet
  facet normal -0.51163 0.853591 0.098067
    outer loop
      vertex -13.3123 19.9233 8.39018
      vertex -11.2954 21.1322 8.39018
      vertex -13.3337 19.9553 8
    endloop
  endfacet
  facet normal -0.511614 0.85362 0.0978982
    outer loop
      vertex -11.2954 21.1322 8.39018
      vertex -11.3135 21.1661 8
      vertex -13.3337 19.9553 8
    endloop
  endfacet
  facet normal -0.492022 0.82091 0.289864
    outer loop
      vertex -13.2491 19.8287 8.76537
      vertex -11.2418 21.0318 8.76537
      vertex -13.3123 19.9233 8.39018
    endloop
  endfacet
  facet normal -0.492022 0.820878 0.289956
    outer loop
      vertex -11.2418 21.0318 8.76537
      vertex -11.2954 21.1322 8.39018
      vertex -13.3123 19.9233 8.39018
    endloop
  endfacet
  facet normal -0.453489 0.756626 0.471026
    outer loop
      vertex -13.1464 19.675 9.11114
      vertex -11.1546 20.8688 9.11114
      vertex -13.2491 19.8287 8.76537
    endloop
  endfacet
  facet normal -0.453487 0.756616 0.471043
    outer loop
      vertex -11.1546 20.8688 9.11114
      vertex -11.2418 21.0318 8.76537
      vertex -13.2491 19.8287 8.76537
    endloop
  endfacet
  facet normal -0.397609 0.663343 0.633942
    outer loop
      vertex -13.0082 19.4682 9.41421
      vertex -11.0374 20.6495 9.41421
      vertex -13.1464 19.675 9.11114
    endloop
  endfacet
  facet normal -0.397635 0.663436 0.633829
    outer loop
      vertex -11.0374 20.6495 9.41421
      vertex -11.1546 20.8688 9.11114
      vertex -13.1464 19.675 9.11114
    endloop
  endfacet
  facet normal -0.3264 0.544578 0.772592
    outer loop
      vertex -12.8399 19.2162 9.66294
      vertex -10.8945 20.3822 9.66294
      vertex -13.0082 19.4682 9.41421
    endloop
  endfacet
  facet normal -0.326373 0.544499 0.772659
    outer loop
      vertex -10.8945 20.3822 9.66294
      vertex -11.0374 20.6495 9.41421
      vertex -13.0082 19.4682 9.41421
    endloop
  endfacet
  facet normal -0.242576 0.404709 0.881684
    outer loop
      vertex -12.6478 18.9287 9.84776
      vertex -10.7315 20.0773 9.84776
      vertex -12.8399 19.2162 9.66294
    endloop
  endfacet
  facet normal -0.24259 0.404746 0.881664
    outer loop
      vertex -10.7315 20.0773 9.84776
      vertex -10.8945 20.3822 9.66294
      vertex -12.8399 19.2162 9.66294
    endloop
  endfacet
  facet normal -0.149407 0.249268 0.95684
    outer loop
      vertex -12.4393 18.6168 9.96157
      vertex -10.5547 19.7464 9.96157
      vertex -12.6478 18.9287 9.84776
    endloop
  endfacet
  facet normal -0.149407 0.249268 0.95684
    outer loop
      vertex -10.5547 19.7464 9.96157
      vertex -10.7315 20.0773 9.84776
      vertex -12.6478 18.9287 9.84776
    endloop
  endfacet
  facet normal -0.050444 0.0841551 0.995175
    outer loop
      vertex -12.2225 18.2923 10
      vertex -10.3707 19.4023 10
      vertex -12.4393 18.6168 9.96157
    endloop
  endfacet
  facet normal -0.0504486 0.0841673 0.995174
    outer loop
      vertex -10.3707 19.4023 10
      vertex -10.5547 19.7464 9.96157
      vertex -12.4393 18.6168 9.96157
    endloop
  endfacet
  facet normal -0.425508 0.899643 0.0979025
    outer loop
      vertex -11.2954 21.1322 8.39018
      vertex -9.1697 22.1376 8.39018
      vertex -11.3135 21.1661 8
    endloop
  endfacet
  facet normal -0.425506 0.899646 0.097884
    outer loop
      vertex -9.1697 22.1376 8.39018
      vertex -9.1844 22.1731 8
      vertex -11.3135 21.1661 8
    endloop
  endfacet
  facet normal -0.409208 0.86514 0.289969
    outer loop
      vertex -11.2418 21.0318 8.76537
      vertex -9.12614 22.0325 8.76537
      vertex -11.2954 21.1322 8.39018
    endloop
  endfacet
  facet normal -0.409205 0.865176 0.289866
    outer loop
      vertex -9.12614 22.0325 8.76537
      vertex -9.1697 22.1376 8.39018
      vertex -11.2954 21.1322 8.39018
    endloop
  endfacet
  facet normal -0.377171 0.797416 0.47103
    outer loop
      vertex -11.1546 20.8688 9.11114
      vertex -9.05541 21.8617 9.11114
      vertex -11.2418 21.0318 8.76537
    endloop
  endfacet
  facet normal -0.37717 0.797406 0.471048
    outer loop
      vertex -9.05541 21.8617 9.11114
      vertex -9.12614 22.0325 8.76537
      vertex -11.2418 21.0318 8.76537
    endloop
  endfacet
  facet normal -0.330694 0.699214 0.63383
    outer loop
      vertex -11.0374 20.6495 9.41421
      vertex -8.96023 21.6319 9.41421
      vertex -11.1546 20.8688 9.11114
    endloop
  endfacet
  facet normal -0.330676 0.699116 0.633948
    outer loop
      vertex -8.96023 21.6319 9.41421
      vertex -9.05541 21.8617 9.11114
      vertex -11.1546 20.8688 9.11114
    endloop
  endfacet
  facet normal -0.271423 0.573874 0.772657
    outer loop
      vertex -10.8945 20.3822 9.66294
      vertex -8.84425 21.3519 9.66294
      vertex -11.0374 20.6495 9.41421
    endloop
  endfacet
  facet normal -0.271431 0.57391 0.772627
    outer loop
      vertex -8.84425 21.3519 9.66294
      vertex -8.96023 21.6319 9.41421
      vertex -11.0374 20.6495 9.41421
    endloop
  endfacet
  facet normal -0.201757 0.426574 0.881662
    outer loop
      vertex -10.7315 20.0773 9.84776
      vertex -8.71193 21.0325 9.84776
      vertex -10.8945 20.3822 9.66294
    endloop
  endfacet
  facet normal -0.20176 0.426584 0.881657
    outer loop
      vertex -8.71193 21.0325 9.84776
      vertex -8.84425 21.3519 9.66294
      vertex -10.8945 20.3822 9.66294
    endloop
  endfacet
  facet normal -0.124244 0.262713 0.956841
    outer loop
      vertex -10.5547 19.7464 9.96157
      vertex -8.56835 20.6858 9.96157
      vertex -10.7315 20.0773 9.84776
    endloop
  endfacet
  facet normal -0.124229 0.262657 0.956859
    outer loop
      vertex -8.56835 20.6858 9.96157
      vertex -8.71193 21.0325 9.84776
      vertex -10.7315 20.0773 9.84776
    endloop
  endfacet
  facet normal -0.0419534 0.0887099 0.995174
    outer loop
      vertex -10.3707 19.4023 10
      vertex -8.41903 20.3253 10
      vertex -10.5547 19.7464 9.96157
    endloop
  endfacet
  facet normal -0.0419535 0.0887102 0.995174
    outer loop
      vertex -8.41903 20.3253 10
      vertex -8.56835 20.6858 9.96157
      vertex -10.5547 19.7464 9.96157
    endloop
  endfacet
  facet normal -0.335276 0.937021 0.0978851
    outer loop
      vertex -9.1697 22.1376 8.39018
      vertex -6.95568 22.9298 8.39018
      vertex -9.1844 22.1731 8
    endloop
  endfacet
  facet normal -0.335285 0.93701 0.0979558
    outer loop
      vertex -6.95568 22.9298 8.39018
      vertex -6.96683 22.9666 8
      vertex -9.1844 22.1731 8
    endloop
  endfacet
  facet normal -0.322418 0.901126 0.289861
    outer loop
      vertex -9.12614 22.0325 8.76537
      vertex -6.92264 22.8209 8.76537
      vertex -9.1697 22.1376 8.39018
    endloop
  endfacet
  facet normal -0.322423 0.901099 0.28994
    outer loop
      vertex -6.92264 22.8209 8.76537
      vertex -6.95568 22.9298 8.39018
      vertex -9.1697 22.1376 8.39018
    endloop
  endfacet
  facet normal -0.297168 0.830543 0.471051
    outer loop
      vertex -9.05541 21.8617 9.11114
      vertex -6.86899 22.644 9.11114
      vertex -9.12614 22.0325 8.76537
    endloop
  endfacet
  facet normal -0.297168 0.830555 0.471031
    outer loop
      vertex -6.86899 22.644 9.11114
      vertex -6.92264 22.8209 8.76537
      vertex -9.12614 22.0325 8.76537
    endloop
  endfacet
  facet normal -0.260545 0.728165 0.633949
    outer loop
      vertex -8.96023 21.6319 9.41421
      vertex -6.79679 22.406 9.41421
      vertex -9.05541 21.8617 9.11114
    endloop
  endfacet
  facet normal -0.260547 0.728192 0.633917
    outer loop
      vertex -6.79679 22.406 9.41421
      vertex -6.86899 22.644 9.11114
      vertex -9.05541 21.8617 9.11114
    endloop
  endfacet
  facet normal -0.213885 0.597747 0.772627
    outer loop
      vertex -8.84425 21.3519 9.66294
      vertex -6.70881 22.116 9.66294
      vertex -8.96023 21.6319 9.41421
    endloop
  endfacet
  facet normal -0.213888 0.597769 0.772609
    outer loop
      vertex -6.70881 22.116 9.66294
      vertex -6.79679 22.406 9.41421
      vertex -8.96023 21.6319 9.41421
    endloop
  endfacet
  facet normal -0.158968 0.444311 0.881656
    outer loop
      vertex -8.71193 21.0325 9.84776
      vertex -6.60844 21.7851 9.84776
      vertex -8.84425 21.3519 9.66294
    endloop
  endfacet
  facet normal -0.158958 0.444242 0.881692
    outer loop
      vertex -6.60844 21.7851 9.84776
      vertex -6.70881 22.116 9.66294
      vertex -8.84425 21.3519 9.66294
    endloop
  endfacet
  facet normal -0.0978915 0.273565 0.956859
    outer loop
      vertex -8.56835 20.6858 9.96157
      vertex -6.49953 21.4261 9.96157
      vertex -8.71193 21.0325 9.84776
    endloop
  endfacet
  facet normal -0.097903 0.273635 0.956838
    outer loop
      vertex -6.49953 21.4261 9.96157
      vertex -6.60844 21.7851 9.84776
      vertex -8.71193 21.0325 9.84776
    endloop
  endfacet
  facet normal -0.0330617 0.0923932 0.995174
    outer loop
      vertex -8.41903 20.3253 10
      vertex -6.38626 21.0527 10
      vertex -8.56835 20.6858 9.96157
    endloop
  endfacet
  facet normal -0.0330617 0.0923932 0.995174
    outer loop
      vertex -6.38626 21.0527 10
      vertex -6.49953 21.4261 9.96157
      vertex -8.56835 20.6858 9.96157
    endloop
  endfacet
  facet normal -0.241826 0.965362 0.0979591
    outer loop
      vertex -6.95568 22.9298 8.39018
      vertex -4.67467 23.5012 8.39018
      vertex -6.96683 22.9666 8
    endloop
  endfacet
  facet normal -0.241787 0.9654 0.0976792
    outer loop
      vertex -4.67467 23.5012 8.39018
      vertex -4.68217 23.5388 8
      vertex -6.96683 22.9666 8
    endloop
  endfacet
  facet normal -0.232525 0.928369 0.289938
    outer loop
      vertex -6.92264 22.8209 8.76537
      vertex -4.65247 23.3895 8.76537
      vertex -6.95568 22.9298 8.39018
    endloop
  endfacet
  facet normal -0.232543 0.928304 0.29013
    outer loop
      vertex -4.65247 23.3895 8.76537
      vertex -4.67467 23.5012 8.39018
      vertex -6.95568 22.9298 8.39018
    endloop
  endfacet
  facet normal -0.214357 0.855674 0.471033
    outer loop
      vertex -6.86899 22.644 9.11114
      vertex -4.61641 23.2083 9.11114
      vertex -6.92264 22.8209 8.76537
    endloop
  endfacet
  facet normal -0.214346 0.85579 0.470829
    outer loop
      vertex -4.61641 23.2083 9.11114
      vertex -4.65247 23.3895 8.76537
      vertex -6.92264 22.8209 8.76537
    endloop
  endfacet
  facet normal -0.187918 0.750224 0.633917
    outer loop
      vertex -6.79679 22.406 9.41421
      vertex -4.56789 22.9643 9.41421
      vertex -6.86899 22.644 9.11114
    endloop
  endfacet
  facet normal -0.187919 0.750139 0.634018
    outer loop
      vertex -4.56789 22.9643 9.41421
      vertex -4.61641 23.2083 9.11114
      vertex -6.86899 22.644 9.11114
    endloop
  endfacet
  facet normal -0.154268 0.615856 0.772608
    outer loop
      vertex -6.70881 22.116 9.66294
      vertex -4.50876 22.6671 9.66294
      vertex -6.79679 22.406 9.41421
    endloop
  endfacet
  facet normal -0.154269 0.615889 0.772581
    outer loop
      vertex -4.50876 22.6671 9.66294
      vertex -4.56789 22.9643 9.41421
      vertex -6.79679 22.406 9.41421
    endloop
  endfacet
  facet normal -0.114636 0.457686 0.881693
    outer loop
      vertex -6.60844 21.7851 9.84776
      vertex -4.4413 22.3279 9.84776
      vertex -6.70881 22.116 9.66294
    endloop
  endfacet
  facet normal -0.114633 0.457627 0.881724
    outer loop
      vertex -4.4413 22.3279 9.84776
      vertex -4.50876 22.6671 9.66294
      vertex -6.70881 22.116 9.66294
    endloop
  endfacet
  facet normal -0.0706165 0.281913 0.956838
    outer loop
      vertex -6.49953 21.4261 9.96157
      vertex -4.36811 21.96 9.96157
      vertex -6.60844 21.7851 9.84776
    endloop
  endfacet
  facet normal -0.0706186 0.281946 0.956828
    outer loop
      vertex -4.36811 21.96 9.96157
      vertex -4.4413 22.3279 9.84776
      vertex -6.60844 21.7851 9.84776
    endloop
  endfacet
  facet normal -0.0238443 0.0951893 0.995174
    outer loop
      vertex -6.38626 21.0527 10
      vertex -4.29199 21.5773 10
      vertex -6.49953 21.4261 9.96157
    endloop
  endfacet
  facet normal -0.0238443 0.0951907 0.995173
    outer loop
      vertex -4.29199 21.5773 10
      vertex -4.36811 21.96 9.96157
      vertex -6.49953 21.4261 9.96157
    endloop
  endfacet
  facet normal -0.146015 0.984449 0.0976739
    outer loop
      vertex -4.67467 23.5012 8.39018
      vertex -2.34864 23.8462 8.39018
      vertex -4.68217 23.5388 8
    endloop
  endfacet
  facet normal -0.146032 0.984435 0.0977906
    outer loop
      vertex -2.34864 23.8462 8.39018
      vertex -2.35241 23.8844 8
      vertex -4.68217 23.5388 8
    endloop
  endfacet
  facet normal -0.140421 0.946628 0.290135
    outer loop
      vertex -4.65247 23.3895 8.76537
      vertex -2.33749 23.7329 8.76537
      vertex -4.67467 23.5012 8.39018
    endloop
  endfacet
  facet normal -0.140409 0.946657 0.290045
    outer loop
      vertex -2.33749 23.7329 8.76537
      vertex -2.34864 23.8462 8.39018
      vertex -4.67467 23.5012 8.39018
    endloop
  endfacet
  facet normal -0.129437 0.87268 0.470825
    outer loop
      vertex -4.61641 23.2083 9.11114
      vertex -2.31937 23.549 9.11114
      vertex -4.65247 23.3895 8.76537
    endloop
  endfacet
  facet normal -0.129445 0.872637 0.470901
    outer loop
      vertex -2.31937 23.549 9.11114
      vertex -2.33749 23.7329 8.76537
      vertex -4.65247 23.3895 8.76537
    endloop
  endfacet
  facet normal -0.113485 0.764944 0.634021
    outer loop
      vertex -4.56789 22.9643 9.41421
      vertex -2.29499 23.3015 9.41421
      vertex -4.61641 23.2083 9.11114
    endloop
  endfacet
  facet normal -0.113473 0.765047 0.633898
    outer loop
      vertex -2.29499 23.3015 9.41421
      vertex -2.31937 23.549 9.11114
      vertex -4.61641 23.2083 9.11114
    endloop
  endfacet
  facet normal -0.0931652 0.628045 0.77258
    outer loop
      vertex -4.50876 22.6671 9.66294
      vertex -2.26529 22.9999 9.66294
      vertex -4.56789 22.9643 9.41421
    endloop
  endfacet
  facet normal -0.0931683 0.628002 0.772615
    outer loop
      vertex -2.26529 22.9999 9.66294
      vertex -2.29499 23.3015 9.41421
      vertex -4.56789 22.9643 9.41421
    endloop
  endfacet
  facet normal -0.0692207 0.466659 0.881724
    outer loop
      vertex -4.4413 22.3279 9.84776
      vertex -2.2314 22.6557 9.84776
      vertex -4.50876 22.6671 9.66294
    endloop
  endfacet
  facet normal -0.0692217 0.466637 0.881736
    outer loop
      vertex -2.2314 22.6557 9.84776
      vertex -2.26529 22.9999 9.66294
      vertex -4.50876 22.6671 9.66294
    endloop
  endfacet
  facet normal -0.0426473 0.287511 0.956827
    outer loop
      vertex -4.36811 21.96 9.96157
      vertex -2.19462 22.2824 9.96157
      vertex -4.4413 22.3279 9.84776
    endloop
  endfacet
  facet normal -0.0426473 0.287511 0.956827
    outer loop
      vertex -2.19462 22.2824 9.96157
      vertex -2.2314 22.6557 9.84776
      vertex -4.4413 22.3279 9.84776
    endloop
  endfacet
  facet normal -0.0143994 0.0970693 0.995173
    outer loop
      vertex -4.29199 21.5773 10
      vertex -2.15638 21.8941 10
      vertex -4.36811 21.96 9.96157
    endloop
  endfacet
  facet normal -0.0143993 0.0970741 0.995173
    outer loop
      vertex -2.15638 21.8941 10
      vertex -2.19462 22.2824 9.96157
      vertex -4.36811 21.96 9.96157
    endloop
  endfacet
  facet normal -0.0488404 0.994008 0.0977888
    outer loop
      vertex -2.34864 23.8462 8.39018
      vertex 0 23.9616 8.39018
      vertex -2.35241 23.8844 8
    endloop
  endfacet
  facet normal -0.0488464 0.994004 0.097826
    outer loop
      vertex 0 23.9616 8.39018
      vertex 0 24 8
      vertex -2.35241 23.8844 8
    endloop
  endfacet
  facet normal -0.0469855 0.955858 0.290047
    outer loop
      vertex -2.33749 23.7329 8.76537
      vertex 0 23.8478 8.76537
      vertex -2.34864 23.8462 8.39018
    endloop
  endfacet
  facet normal -0.0469676 0.955893 0.289935
    outer loop
      vertex 0 23.8478 8.76537
      vertex 0 23.9616 8.39018
      vertex -2.34864 23.8462 8.39018
    endloop
  endfacet
  facet normal -0.0432704 0.881125 0.4709
    outer loop
      vertex -2.31937 23.549 9.11114
      vertex 0 23.6629 9.11114
      vertex -2.33749 23.7329 8.76537
    endloop
  endfacet
  facet normal -0.0433062 0.881007 0.471117
    outer loop
      vertex 0 23.6629 9.11114
      vertex 0 23.8478 8.76537
      vertex -2.33749 23.7329 8.76537
    endloop
  endfacet
  facet normal -0.0379345 0.772486 0.633897
    outer loop
      vertex -2.29499 23.3015 9.41421
      vertex 0 23.4142 9.41421
      vertex -2.31937 23.549 9.11114
    endloop
  endfacet
  facet normal -0.0379352 0.772483 0.633901
    outer loop
      vertex 0 23.4142 9.41421
      vertex 0 23.6629 9.11114
      vertex -2.31937 23.549 9.11114
    endloop
  endfacet
  facet normal -0.0311277 0.634111 0.772615
    outer loop
      vertex -2.26529 22.9999 9.66294
      vertex 0 23.1111 9.66294
      vertex -2.29499 23.3015 9.41421
    endloop
  endfacet
  facet normal -0.0311367 0.634059 0.772658
    outer loop
      vertex 0 23.1111 9.66294
      vertex 0 23.4142 9.41421
      vertex -2.29499 23.3015 9.41421
    endloop
  endfacet
  facet normal -0.0231638 0.471173 0.881737
    outer loop
      vertex -2.2314 22.6557 9.84776
      vertex 0 22.7654 9.84776
      vertex -2.26529 22.9999 9.66294
    endloop
  endfacet
  facet normal -0.0231379 0.471349 0.881643
    outer loop
      vertex 0 22.7654 9.84776
      vertex 0 23.1111 9.66294
      vertex -2.26529 22.9999 9.66294
    endloop
  endfacet
  facet normal -0.01426 0.290308 0.956827
    outer loop
      vertex -2.19462 22.2824 9.96157
      vertex 0 22.3902 9.96157
      vertex -2.2314 22.6557 9.84776
    endloop
  endfacet
  facet normal -0.0142689 0.290242 0.956847
    outer loop
      vertex 0 22.3902 9.96157
      vertex 0 22.7654 9.84776
      vertex -2.2314 22.6557 9.84776
    endloop
  endfacet
  facet normal -0.00481368 0.0980181 0.995173
    outer loop
      vertex -2.15638 21.8941 10
      vertex 0 22 10
      vertex -2.19462 22.2824 9.96157
    endloop
  endfacet
  facet normal -0.00481439 0.0980126 0.995174
    outer loop
      vertex 0 22 10
      vertex 0 22.3902 9.96157
      vertex -2.19462 22.2824 9.96157
    endloop
  endfacet
  facet normal 0.0488402 0.994004 0.097826
    outer loop
      vertex 2.34864 23.8462 8.39018
      vertex 0 24 8
      vertex 0 23.9616 8.39018
    endloop
  endfacet
  facet normal 0.0488466 0.994008 0.0977888
    outer loop
      vertex 2.34864 23.8462 8.39018
      vertex 2.35241 23.8844 8
      vertex 0 24 8
    endloop
  endfacet
  facet normal 0.0469872 0.955892 0.289935
    outer loop
      vertex 2.33749 23.7329 8.76537
      vertex 0 23.9616 8.39018
      vertex 0 23.8478 8.76537
    endloop
  endfacet
  facet normal 0.046966 0.955859 0.290046
    outer loop
      vertex 2.33749 23.7329 8.76537
      vertex 2.34864 23.8462 8.39018
      vertex 0 23.9616 8.39018
    endloop
  endfacet
  facet normal 0.0432647 0.881009 0.471118
    outer loop
      vertex 2.31937 23.549 9.11114
      vertex 0 23.8478 8.76537
      vertex 0 23.6629 9.11114
    endloop
  endfacet
  facet normal 0.0433118 0.881123 0.4709
    outer loop
      vertex 2.31937 23.549 9.11114
      vertex 2.33749 23.7329 8.76537
      vertex 0 23.8478 8.76537
    endloop
  endfacet
  facet normal 0.0379343 0.772483 0.633901
    outer loop
      vertex 2.29499 23.3015 9.41421
      vertex 0 23.6629 9.11114
      vertex 0 23.4142 9.41421
    endloop
  endfacet
  facet normal 0.0379354 0.772486 0.633897
    outer loop
      vertex 2.29499 23.3015 9.41421
      vertex 2.31937 23.549 9.11114
      vertex 0 23.6629 9.11114
    endloop
  endfacet
  facet normal 0.0311251 0.634059 0.772658
    outer loop
      vertex 2.26529 22.9999 9.66294
      vertex 0 23.4142 9.41421
      vertex 0 23.1111 9.66294
    endloop
  endfacet
  facet normal 0.0311392 0.634111 0.772615
    outer loop
      vertex 2.26529 22.9999 9.66294
      vertex 2.29499 23.3015 9.41421
      vertex 0 23.4142 9.41421
    endloop
  endfacet
  facet normal 0.0231724 0.471349 0.881643
    outer loop
      vertex 2.2314 22.6557 9.84776
      vertex 0 23.1111 9.66294
      vertex 0 22.7654 9.84776
    endloop
  endfacet
  facet normal 0.0231294 0.471176 0.881736
    outer loop
      vertex 2.2314 22.6557 9.84776
      vertex 2.26529 22.9999 9.66294
      vertex 0 23.1111 9.66294
    endloop
  endfacet
  facet normal 0.0142567 0.290242 0.956847
    outer loop
      vertex 2.19462 22.2824 9.96157
      vertex 0 22.7654 9.84776
      vertex 0 22.3902 9.96157
    endloop
  endfacet
  facet normal 0.0142721 0.290307 0.956827
    outer loop
      vertex 2.19462 22.2824 9.96157
      vertex 2.2314 22.6557 9.84776
      vertex 0 22.7654 9.84776
    endloop
  endfacet
  facet normal 0.00481341 0.0980126 0.995174
    outer loop
      vertex 2.15638 21.8941 10
      vertex 0 22.3902 9.96157
      vertex 0 22 10
    endloop
  endfacet
  facet normal 0.00481466 0.098018 0.995173
    outer loop
      vertex 2.15638 21.8941 10
      vertex 2.19462 22.2824 9.96157
      vertex 0 22.3902 9.96157
    endloop
  endfacet
  facet normal 0.146013 0.984437 0.0977907
    outer loop
      vertex 4.67467 23.5012 8.39018
      vertex 2.35241 23.8844 8
      vertex 2.34864 23.8462 8.39018
    endloop
  endfacet
  facet normal 0.146034 0.984446 0.097674
    outer loop
      vertex 4.67467 23.5012 8.39018
      vertex 4.68217 23.5388 8
      vertex 2.35241 23.8844 8
    endloop
  endfacet
  facet normal 0.140425 0.946655 0.290044
    outer loop
      vertex 4.65247 23.3895 8.76537
      vertex 2.34864 23.8462 8.39018
      vertex 2.33749 23.7329 8.76537
    endloop
  endfacet
  facet normal 0.140405 0.94663 0.290135
    outer loop
      vertex 4.65247 23.3895 8.76537
      vertex 4.67467 23.5012 8.39018
      vertex 2.34864 23.8462 8.39018
    endloop
  endfacet
  facet normal 0.129431 0.872639 0.470902
    outer loop
      vertex 4.61641 23.2083 9.11114
      vertex 2.33749 23.7329 8.76537
      vertex 2.31937 23.549 9.11114
    endloop
  endfacet
  facet normal 0.129451 0.872678 0.470825
    outer loop
      vertex 4.61641 23.2083 9.11114
      vertex 4.65247 23.3895 8.76537
      vertex 2.33749 23.7329 8.76537
    endloop
  endfacet
  facet normal 0.113499 0.765044 0.633898
    outer loop
      vertex 4.56789 22.9643 9.41421
      vertex 2.31937 23.549 9.11114
      vertex 2.29499 23.3015 9.41421
    endloop
  endfacet
  facet normal 0.113458 0.764948 0.63402
    outer loop
      vertex 4.56789 22.9643 9.41421
      vertex 4.61641 23.2083 9.11114
      vertex 2.31937 23.549 9.11114
    endloop
  endfacet
  facet normal 0.093159 0.628003 0.772615
    outer loop
      vertex 4.50876 22.6671 9.66294
      vertex 2.29499 23.3015 9.41421
      vertex 2.26529 22.9999 9.66294
    endloop
  endfacet
  facet normal 0.0931744 0.628043 0.77258
    outer loop
      vertex 4.50876 22.6671 9.66294
      vertex 4.56789 22.9643 9.41421
      vertex 2.29499 23.3015 9.41421
    endloop
  endfacet
  facet normal 0.0692175 0.466638 0.881736
    outer loop
      vertex 4.4413 22.3279 9.84776
      vertex 2.26529 22.9999 9.66294
      vertex 2.2314 22.6557 9.84776
    endloop
  endfacet
  facet normal 0.0692248 0.466658 0.881725
    outer loop
      vertex 4.4413 22.3279 9.84776
      vertex 4.50876 22.6671 9.66294
      vertex 2.26529 22.9999 9.66294
    endloop
  endfacet
  facet normal 0.0426474 0.287511 0.956827
    outer loop
      vertex 4.36811 21.96 9.96157
      vertex 2.2314 22.6557 9.84776
      vertex 2.19462 22.2824 9.96157
    endloop
  endfacet
  facet normal 0.0426472 0.287511 0.956827
    outer loop
      vertex 4.36811 21.96 9.96157
      vertex 4.4413 22.3279 9.84776
      vertex 2.2314 22.6557 9.84776
    endloop
  endfacet
  facet normal 0.0144001 0.097074 0.995173
    outer loop
      vertex 4.29199 21.5773 10
      vertex 2.19462 22.2824 9.96157
      vertex 2.15638 21.8941 10
    endloop
  endfacet
  facet normal 0.0143986 0.0970695 0.995173
    outer loop
      vertex 4.29199 21.5773 10
      vertex 4.36811 21.96 9.96157
      vertex 2.19462 22.2824 9.96157
    endloop
  endfacet
  facet normal 0.241833 0.965389 0.0976789
    outer loop
      vertex 6.95568 22.9298 8.39018
      vertex 4.68217 23.5388 8
      vertex 4.67467 23.5012 8.39018
    endloop
  endfacet
  facet normal 0.241781 0.965374 0.0979589
    outer loop
      vertex 6.95568 22.9298 8.39018
      vertex 6.96683 22.9666 8
      vertex 4.68217 23.5388 8
    endloop
  endfacet
  facet normal 0.23251 0.928312 0.290131
    outer loop
      vertex 6.92264 22.8209 8.76537
      vertex 4.67467 23.5012 8.39018
      vertex 4.65247 23.3895 8.76537
    endloop
  endfacet
  facet normal 0.232557 0.92836 0.289939
    outer loop
      vertex 6.92264 22.8209 8.76537
      vertex 6.95568 22.9298 8.39018
      vertex 4.67467 23.5012 8.39018
    endloop
  endfacet
  facet normal 0.214384 0.855781 0.470828
    outer loop
      vertex 6.86899 22.644 9.11114
      vertex 4.65247 23.3895 8.76537
      vertex 4.61641 23.2083 9.11114
    endloop
  endfacet
  facet normal 0.21432 0.855684 0.471032
    outer loop
      vertex 6.86899 22.644 9.11114
      vertex 6.92264 22.8209 8.76537
      vertex 4.65247 23.3895 8.76537
    endloop
  endfacet
  facet normal 0.187898 0.750144 0.634018
    outer loop
      vertex 6.79679 22.406 9.41421
      vertex 4.61641 23.2083 9.11114
      vertex 4.56789 22.9643 9.41421
    endloop
  endfacet
  facet normal 0.187939 0.750219 0.633917
    outer loop
      vertex 6.79679 22.406 9.41421
      vertex 6.86899 22.644 9.11114
      vertex 4.61641 23.2083 9.11114
    endloop
  endfacet
  facet normal 0.154276 0.615887 0.772581
    outer loop
      vertex 6.70881 22.116 9.66294
      vertex 4.56789 22.9643 9.41421
      vertex 4.50876 22.6671 9.66294
    endloop
  endfacet
  facet normal 0.154261 0.615858 0.772608
    outer loop
      vertex 6.70881 22.116 9.66294
      vertex 6.79679 22.406 9.41421
      vertex 4.56789 22.9643 9.41421
    endloop
  endfacet
  facet normal 0.114622 0.457629 0.881724
    outer loop
      vertex 6.60844 21.7851 9.84776
      vertex 4.50876 22.6671 9.66294
      vertex 4.4413 22.3279 9.84776
    endloop
  endfacet
  facet normal 0.114647 0.457683 0.881693
    outer loop
      vertex 6.60844 21.7851 9.84776
      vertex 6.70881 22.116 9.66294
      vertex 4.50876 22.6671 9.66294
    endloop
  endfacet
  facet normal 0.0706245 0.281945 0.956828
    outer loop
      vertex 6.49953 21.4261 9.96157
      vertex 4.4413 22.3279 9.84776
      vertex 4.36811 21.96 9.96157
    endloop
  endfacet
  facet normal 0.0706108 0.281915 0.956838
    outer loop
      vertex 6.49953 21.4261 9.96157
      vertex 6.60844 21.7851 9.84776
      vertex 4.4413 22.3279 9.84776
    endloop
  endfacet
  facet normal 0.0238446 0.0951907 0.995173
    outer loop
      vertex 6.38626 21.0527 10
      vertex 4.36811 21.96 9.96157
      vertex 4.29199 21.5773 10
    endloop
  endfacet
  facet normal 0.023844 0.0951894 0.995174
    outer loop
      vertex 6.38626 21.0527 10
      vertex 6.49953 21.4261 9.96157
      vertex 4.36811 21.96 9.96157
    endloop
  endfacet
  facet normal 0.335274 0.937014 0.0979559
    outer loop
      vertex 9.1697 22.1376 8.39018
      vertex 6.96683 22.9666 8
      vertex 6.95568 22.9298 8.39018
    endloop
  endfacet
  facet normal 0.335287 0.937017 0.0978852
    outer loop
      vertex 9.1697 22.1376 8.39018
      vertex 9.1844 22.1731 8
      vertex 6.96683 22.9666 8
    endloop
  endfacet
  facet normal 0.32241 0.901103 0.28994
    outer loop
      vertex 9.12614 22.0325 8.76537
      vertex 6.95568 22.9298 8.39018
      vertex 6.92264 22.8209 8.76537
    endloop
  endfacet
  facet normal 0.322431 0.901121 0.289861
    outer loop
      vertex 9.12614 22.0325 8.76537
      vertex 9.1697 22.1376 8.39018
      vertex 6.95568 22.9298 8.39018
    endloop
  endfacet
  facet normal 0.297172 0.830554 0.47103
    outer loop
      vertex 9.05541 21.8617 9.11114
      vertex 6.92264 22.8209 8.76537
      vertex 6.86899 22.644 9.11114
    endloop
  endfacet
  facet normal 0.297164 0.830544 0.471051
    outer loop
      vertex 9.05541 21.8617 9.11114
      vertex 9.12614 22.0325 8.76537
      vertex 6.92264 22.8209 8.76537
    endloop
  endfacet
  facet normal 0.260554 0.72819 0.633917
    outer loop
      vertex 8.96023 21.6319 9.41421
      vertex 6.86899 22.644 9.11114
      vertex 6.79679 22.406 9.41421
    endloop
  endfacet
  facet normal 0.260538 0.728168 0.633949
    outer loop
      vertex 8.96023 21.6319 9.41421
      vertex 9.05541 21.8617 9.11114
      vertex 6.86899 22.644 9.11114
    endloop
  endfacet
  facet normal 0.213892 0.597768 0.772608
    outer loop
      vertex 8.84425 21.3519 9.66294
      vertex 6.79679 22.406 9.41421
      vertex 6.70881 22.116 9.66294
    endloop
  endfacet
  facet normal 0.21388 0.597749 0.772627
    outer loop
      vertex 8.84425 21.3519 9.66294
      vertex 8.96023 21.6319 9.41421
      vertex 6.79679 22.406 9.41421
    endloop
  endfacet
  facet normal 0.158945 0.444246 0.881693
    outer loop
      vertex 8.71193 21.0325 9.84776
      vertex 6.70881 22.116 9.66294
      vertex 6.60844 21.7851 9.84776
    endloop
  endfacet
  facet normal 0.158981 0.444306 0.881656
    outer loop
      vertex 8.71193 21.0325 9.84776
      vertex 8.84425 21.3519 9.66294
      vertex 6.70881 22.116 9.66294
    endloop
  endfacet
  facet normal 0.0979154 0.273632 0.956838
    outer loop
      vertex 8.56835 20.6858 9.96157
      vertex 6.60844 21.7851 9.84776
      vertex 6.49953 21.4261 9.96157
    endloop
  endfacet
  facet normal 0.0978795 0.27357 0.956859
    outer loop
      vertex 8.56835 20.6858 9.96157
      vertex 8.71193 21.0325 9.84776
      vertex 6.60844 21.7851 9.84776
    endloop
  endfacet
  facet normal 0.0330617 0.0923932 0.995174
    outer loop
      vertex 8.41903 20.3253 10
      vertex 6.49953 21.4261 9.96157
      vertex 6.38626 21.0527 10
    endloop
  endfacet
  facet normal 0.0330617 0.0923932 0.995174
    outer loop
      vertex 8.41903 20.3253 10
      vertex 8.56835 20.6858 9.96157
      vertex 6.49953 21.4261 9.96157
    endloop
  endfacet
  facet normal 0.425508 0.899645 0.097884
    outer loop
      vertex 11.2954 21.1322 8.39018
      vertex 9.1844 22.1731 8
      vertex 9.1697 22.1376 8.39018
    endloop
  endfacet
  facet normal 0.425505 0.899645 0.0979025
    outer loop
      vertex 11.2954 21.1322 8.39018
      vertex 11.3135 21.1661 8
      vertex 9.1844 22.1731 8
    endloop
  endfacet
  facet normal 0.409221 0.865168 0.289866
    outer loop
      vertex 11.2418 21.0318 8.76537
      vertex 9.1697 22.1376 8.39018
      vertex 9.12614 22.0325 8.76537
    endloop
  endfacet
  facet normal 0.409192 0.865147 0.289969
    outer loop
      vertex 11.2418 21.0318 8.76537
      vertex 11.2954 21.1322 8.39018
      vertex 9.1697 22.1376 8.39018
    endloop
  endfacet
  facet normal 0.377167 0.797407 0.471048
    outer loop
      vertex 11.1546 20.8688 9.11114
      vertex 9.12614 22.0325 8.76537
      vertex 9.05541 21.8617 9.11114
    endloop
  endfacet
  facet normal 0.377174 0.797415 0.47103
    outer loop
      vertex 11.1546 20.8688 9.11114
      vertex 11.2418 21.0318 8.76537
      vertex 9.12614 22.0325 8.76537
    endloop
  endfacet
  facet normal 0.330653 0.699127 0.633949
    outer loop
      vertex 11.0374 20.6495 9.41421
      vertex 9.05541 21.8617 9.11114
      vertex 8.96023 21.6319 9.41421
    endloop
  endfacet
  facet normal 0.330717 0.699203 0.633831
    outer loop
      vertex 11.0374 20.6495 9.41421
      vertex 11.1546 20.8688 9.11114
      vertex 9.05541 21.8617 9.11114
    endloop
  endfacet
  facet normal 0.271439 0.573907 0.772627
    outer loop
      vertex 10.8945 20.3822 9.66294
      vertex 8.96023 21.6319 9.41421
      vertex 8.84425 21.3519 9.66294
    endloop
  endfacet
  facet normal 0.271416 0.573878 0.772656
    outer loop
      vertex 10.8945 20.3822 9.66294
      vertex 11.0374 20.6495 9.41421
      vertex 8.96023 21.6319 9.41421
    endloop
  endfacet
  facet normal 0.201762 0.426583 0.881657
    outer loop
      vertex 10.7315 20.0773 9.84776
      vertex 8.84425 21.3519 9.66294
      vertex 8.71193 21.0325 9.84776
    endloop
  endfacet
  facet normal 0.201756 0.426575 0.881662
    outer loop
      vertex 10.7315 20.0773 9.84776
      vertex 10.8945 20.3822 9.66294
      vertex 8.84425 21.3519 9.66294
    endloop
  endfacet
  facet normal 0.12422 0.262661 0.956859
    outer loop
      vertex 10.5547 19.7464 9.96157
      vertex 8.71193 21.0325 9.84776
      vertex 8.56835 20.6858 9.96157
    endloop
  endfacet
  facet normal 0.124254 0.262708 0.956841
    outer loop
      vertex 10.5547 19.7464 9.96157
      vertex 10.7315 20.0773 9.84776
      vertex 8.71193 21.0325 9.84776
    endloop
  endfacet
  facet normal 0.0419536 0.0887102 0.995174
    outer loop
      vertex 10.3707 19.4023 10
      vertex 8.56835 20.6858 9.96157
      vertex 8.41903 20.3253 10
    endloop
  endfacet
  facet normal 0.0419534 0.08871 0.995174
    outer loop
      vertex 10.3707 19.4023 10
      vertex 10.5547 19.7464 9.96157
      vertex 8.56835 20.6858 9.96157
    endloop
  endfacet
  facet normal 0.511638 0.853605 0.0978981
    outer loop
      vertex 13.3123 19.9233 8.39018
      vertex 11.3135 21.1661 8
      vertex 11.2954 21.1322 8.39018
    endloop
  endfacet
  facet normal 0.511606 0.853606 0.0980669
    outer loop
      vertex 13.3123 19.9233 8.39018
      vertex 13.3337 19.9553 8
      vertex 11.3135 21.1661 8
    endloop
  endfacet
  facet normal 0.492008 0.820886 0.289956
    outer loop
      vertex 13.2491 19.8287 8.76537
      vertex 11.2954 21.1322 8.39018
      vertex 11.2418 21.0318 8.76537
    endloop
  endfacet
  facet normal 0.492036 0.820902 0.289864
    outer loop
      vertex 13.2491 19.8287 8.76537
      vertex 13.3123 19.9233 8.39018
      vertex 11.2954 21.1322 8.39018
    endloop
  endfacet
  facet normal 0.453484 0.756618 0.471043
    outer loop
      vertex 13.1464 19.675 9.11114
      vertex 11.2418 21.0318 8.76537
      vertex 11.1546 20.8688 9.11114
    endloop
  endfacet
  facet normal 0.453492 0.756624 0.471026
    outer loop
      vertex 13.1464 19.675 9.11114
      vertex 13.2491 19.8287 8.76537
      vertex 11.2418 21.0318 8.76537
    endloop
  endfacet
  facet normal 0.397657 0.663424 0.633828
    outer loop
      vertex 13.0082 19.4682 9.41421
      vertex 11.1546 20.8688 9.11114
      vertex 11.0374 20.6495 9.41421
    endloop
  endfacet
  facet normal 0.397588 0.663357 0.633942
    outer loop
      vertex 13.0082 19.4682 9.41421
      vertex 13.1464 19.675 9.11114
      vertex 11.1546 20.8688 9.11114
    endloop
  endfacet
  facet normal 0.326358 0.544508 0.772659
    outer loop
      vertex 12.8399 19.2162 9.66294
      vertex 11.0374 20.6495 9.41421
      vertex 10.8945 20.3822 9.66294
    endloop
  endfacet
  facet normal 0.326415 0.544568 0.772592
    outer loop
      vertex 12.8399 19.2162 9.66294
      vertex 13.0082 19.4682 9.41421
      vertex 11.0374 20.6495 9.41421
    endloop
  endfacet
  facet normal 0.242596 0.404742 0.881664
    outer loop
      vertex 12.6478 18.9287 9.84776
      vertex 10.8945 20.3822 9.66294
      vertex 10.7315 20.0773 9.84776
    endloop
  endfacet
  facet normal 0.24257 0.404713 0.881684
    outer loop
      vertex 12.6478 18.9287 9.84776
      vertex 12.8399 19.2162 9.66294
      vertex 10.8945 20.3822 9.66294
    endloop
  endfacet
  facet normal 0.149407 0.249268 0.95684
    outer loop
      vertex 12.4393 18.6168 9.96157
      vertex 10.7315 20.0773 9.84776
      vertex 10.5547 19.7464 9.96157
    endloop
  endfacet
  facet normal 0.149407 0.249268 0.95684
    outer loop
      vertex 12.4393 18.6168 9.96157
      vertex 12.6478 18.9287 9.84776
      vertex 10.7315 20.0773 9.84776
    endloop
  endfacet
  facet normal 0.0504507 0.0841662 0.995174
    outer loop
      vertex 12.2225 18.2923 10
      vertex 10.5547 19.7464 9.96157
      vertex 10.3707 19.4023 10
    endloop
  endfacet
  facet normal 0.050442 0.0841564 0.995175
    outer loop
      vertex 12.2225 18.2923 10
      vertex 12.4393 18.6168 9.96157
      vertex 10.5547 19.7464 9.96157
    endloop
  endfacet
  facet normal 0.59282 0.799342 0.0980708
    outer loop
      vertex 15.2011 18.5225 8.39018
      vertex 13.3337 19.9553 8
      vertex 13.3123 19.9233 8.39018
    endloop
  endfacet
  facet normal 0.592878 0.799335 0.0977682
    outer loop
      vertex 15.2011 18.5225 8.39018
      vertex 15.2254 18.5522 8
      vertex 13.3337 19.9553 8
    endloop
  endfacet
  facet normal 0.570111 0.768735 0.289862
    outer loop
      vertex 15.1289 18.4346 8.76537
      vertex 13.3123 19.9233 8.39018
      vertex 13.2491 19.8287 8.76537
    endloop
  endfacet
  facet normal 0.570126 0.768742 0.289814
    outer loop
      vertex 15.1289 18.4346 8.76537
      vertex 15.2011 18.5225 8.39018
      vertex 13.3123 19.9233 8.39018
    endloop
  endfacet
  facet normal 0.525471 0.708529 0.471027
    outer loop
      vertex 15.0116 18.2917 9.11114
      vertex 13.2491 19.8287 8.76537
      vertex 13.1464 19.675 9.11114
    endloop
  endfacet
  facet normal 0.52545 0.708515 0.471071
    outer loop
      vertex 15.0116 18.2917 9.11114
      vertex 15.1289 18.4346 8.76537
      vertex 13.2491 19.8287 8.76537
    endloop
  endfacet
  facet normal 0.460703 0.621182 0.633945
    outer loop
      vertex 14.8538 18.0994 9.41421
      vertex 13.1464 19.675 9.11114
      vertex 13.0082 19.4682 9.41421
    endloop
  endfacet
  facet normal 0.460674 0.621158 0.633989
    outer loop
      vertex 14.8538 18.0994 9.41421
      vertex 15.0116 18.2917 9.11114
      vertex 13.1464 19.675 9.11114
    endloop
  endfacet
  facet normal 0.378204 0.509974 0.772585
    outer loop
      vertex 14.6616 17.8652 9.66294
      vertex 13.0082 19.4682 9.41421
      vertex 12.8399 19.2162 9.66294
    endloop
  endfacet
  facet normal 0.378263 0.510024 0.772524
    outer loop
      vertex 14.6616 17.8652 9.66294
      vertex 14.8538 18.0994 9.41421
      vertex 13.0082 19.4682 9.41421
    endloop
  endfacet
  facet normal 0.281072 0.378987 0.881684
    outer loop
      vertex 14.4422 17.5979 9.84776
      vertex 12.8399 19.2162 9.66294
      vertex 12.6478 18.9287 9.84776
    endloop
  endfacet
  facet normal 0.281043 0.37896 0.881705
    outer loop
      vertex 14.4422 17.5979 9.84776
      vertex 14.6616 17.8652 9.66294
      vertex 12.8399 19.2162 9.66294
    endloop
  endfacet
  facet normal 0.173121 0.233416 0.956842
    outer loop
      vertex 14.2042 17.3078 9.96157
      vertex 12.6478 18.9287 9.84776
      vertex 12.4393 18.6168 9.96157
    endloop
  endfacet
  facet normal 0.173088 0.233385 0.956855
    outer loop
      vertex 14.2042 17.3078 9.96157
      vertex 14.4422 17.5979 9.84776
      vertex 12.6478 18.9287 9.84776
    endloop
  endfacet
  facet normal 0.0584456 0.0788091 0.995175
    outer loop
      vertex 13.9567 17.0062 10
      vertex 12.4393 18.6168 9.96157
      vertex 12.2225 18.2923 10
    endloop
  endfacet
  facet normal 0.0584651 0.0788274 0.995172
    outer loop
      vertex 13.9567 17.0062 10
      vertex 14.2042 17.3078 9.96157
      vertex 12.4393 18.6168 9.96157
    endloop
  endfacet
  facet normal 0.668336 0.737408 0.0977538
    outer loop
      vertex 16.9434 16.9434 8.39018
      vertex 15.2254 18.5522 8
      vertex 15.2011 18.5225 8.39018
    endloop
  endfacet
  facet normal 0.66829 0.737418 0.0979939
    outer loop
      vertex 16.9434 16.9434 8.39018
      vertex 16.9706 16.9706 8
      vertex 15.2254 18.5522 8
    endloop
  endfacet
  facet normal 0.642756 0.70913 0.289825
    outer loop
      vertex 16.8629 16.8629 8.76537
      vertex 15.2011 18.5225 8.39018
      vertex 15.1289 18.4346 8.76537
    endloop
  endfacet
  facet normal 0.642686 0.709107 0.290038
    outer loop
      vertex 16.8629 16.8629 8.76537
      vertex 16.9434 16.9434 8.39018
      vertex 15.2011 18.5225 8.39018
    endloop
  endfacet
  facet normal 0.592386 0.653581 0.471075
    outer loop
      vertex 16.7322 16.7322 9.11114
      vertex 15.1289 18.4346 8.76537
      vertex 15.0116 18.2917 9.11114
    endloop
  endfacet
  facet normal 0.592426 0.653602 0.470995
    outer loop
      vertex 16.7322 16.7322 9.11114
      vertex 16.8629 16.8629 8.76537
      vertex 15.1289 18.4346 8.76537
    endloop
  endfacet
  facet normal 0.519354 0.573003 0.633987
    outer loop
      vertex 16.5563 16.5563 9.41421
      vertex 15.0116 18.2917 9.11114
      vertex 14.8538 18.0994 9.41421
    endloop
  endfacet
  facet normal 0.51935 0.573 0.633993
    outer loop
      vertex 16.5563 16.5563 9.41421
      vertex 16.7322 16.7322 9.11114
      vertex 15.0116 18.2917 9.11114
    endloop
  endfacet
  facet normal 0.426458 0.47047 0.772522
    outer loop
      vertex 16.342 16.342 9.66294
      vertex 14.8538 18.0994 9.41421
      vertex 14.6616 17.8652 9.66294
    endloop
  endfacet
  facet normal 0.426356 0.470398 0.772623
    outer loop
      vertex 16.342 16.342 9.66294
      vertex 16.5563 16.5563 9.41421
      vertex 14.8538 18.0994 9.41421
    endloop
  endfacet
  facet normal 0.316855 0.349566 0.881707
    outer loop
      vertex 16.0975 16.0975 9.84776
      vertex 14.6616 17.8652 9.66294
      vertex 14.4422 17.5979 9.84776
    endloop
  endfacet
  facet normal 0.316886 0.34959 0.881686
    outer loop
      vertex 16.0975 16.0975 9.84776
      vertex 16.342 16.342 9.66294
      vertex 14.6616 17.8652 9.66294
    endloop
  endfacet
  facet normal 0.195139 0.215293 0.956854
    outer loop
      vertex 15.8322 15.8322 9.96157
      vertex 14.4422 17.5979 9.84776
      vertex 14.2042 17.3078 9.96157
    endloop
  endfacet
  facet normal 0.195162 0.215311 0.956845
    outer loop
      vertex 15.8322 15.8322 9.96157
      vertex 16.0975 16.0975 9.84776
      vertex 14.4422 17.5979 9.84776
    endloop
  endfacet
  facet normal 0.0659115 0.0727168 0.995172
    outer loop
      vertex 15.5563 15.5563 10
      vertex 14.2042 17.3078 9.96157
      vertex 13.9567 17.0062 10
    endloop
  endfacet
  facet normal 0.0659053 0.072712 0.995173
    outer loop
      vertex 15.5563 15.5563 10
      vertex 15.8322 15.8322 9.96157
      vertex 14.2042 17.3078 9.96157
    endloop
  endfacet
  facet normal 0.737391 0.66832 0.0979941
    outer loop
      vertex 18.5225 15.2011 8.39018
      vertex 16.9706 16.9706 8
      vertex 16.9434 16.9434 8.39018
    endloop
  endfacet
  facet normal 0.737435 0.668306 0.097754
    outer loop
      vertex 18.5225 15.2011 8.39018
      vertex 18.5522 15.2254 8
      vertex 16.9706 16.9706 8
    endloop
  endfacet
  facet normal 0.709082 0.642713 0.290038
    outer loop
      vertex 18.4346 15.1289 8.76537
      vertex 16.9434 16.9434 8.39018
      vertex 16.8629 16.8629 8.76537
    endloop
  endfacet
  facet normal 0.709155 0.642729 0.289826
    outer loop
      vertex 18.4346 15.1289 8.76537
      vertex 18.5225 15.2011 8.39018
      vertex 16.9434 16.9434 8.39018
    endloop
  endfacet
  facet normal 0.653612 0.592415 0.470994
    outer loop
      vertex 18.2917 15.0116 9.11114
      vertex 16.8629 16.8629 8.76537
      vertex 16.7322 16.7322 9.11114
    endloop
  endfacet
  facet normal 0.653571 0.592397 0.471074
    outer loop
      vertex 18.2917 15.0116 9.11114
      vertex 18.4346 15.1289 8.76537
      vertex 16.8629 16.8629 8.76537
    endloop
  endfacet
  facet normal 0.572999 0.519351 0.633993
    outer loop
      vertex 18.0994 14.8538 9.41421
      vertex 16.7322 16.7322 9.11114
      vertex 16.5563 16.5563 9.41421
    endloop
  endfacet
  facet normal 0.573003 0.519353 0.633987
    outer loop
      vertex 18.0994 14.8538 9.41421
      vertex 18.2917 15.0116 9.11114
      vertex 16.7322 16.7322 9.11114
    endloop
  endfacet
  facet normal 0.470379 0.426376 0.772623
    outer loop
      vertex 17.8652 14.6616 9.66294
      vertex 16.5563 16.5563 9.41421
      vertex 16.342 16.342 9.66294
    endloop
  endfacet
  facet normal 0.470488 0.426438 0.772523
    outer loop
      vertex 17.8652 14.6616 9.66294
      vertex 18.0994 14.8538 9.41421
      vertex 16.5563 16.5563 9.41421
    endloop
  endfacet
  facet normal 0.349595 0.31688 0.881686
    outer loop
      vertex 17.5979 14.4422 9.84776
      vertex 16.342 16.342 9.66294
      vertex 16.0975 16.0975 9.84776
    endloop
  endfacet
  facet normal 0.349562 0.31686 0.881706
    outer loop
      vertex 17.5979 14.4422 9.84776
      vertex 17.8652 14.6616 9.66294
      vertex 16.342 16.342 9.66294
    endloop
  endfacet
  facet normal 0.215315 0.195159 0.956845
    outer loop
      vertex 17.3078 14.2042 9.96157
      vertex 16.0975 16.0975 9.84776
      vertex 15.8322 15.8322 9.96157
    endloop
  endfacet
  facet normal 0.21529 0.195143 0.956854
    outer loop
      vertex 17.3078 14.2042 9.96157
      vertex 17.5979 14.4422 9.84776
      vertex 16.0975 16.0975 9.84776
    endloop
  endfacet
  facet normal 0.072711 0.0659063 0.995173
    outer loop
      vertex 17.0062 13.9567 10
      vertex 15.8322 15.8322 9.96157
      vertex 15.5563 15.5563 10
    endloop
  endfacet
  facet normal 0.0727177 0.0659104 0.995172
    outer loop
      vertex 17.0062 13.9567 10
      vertex 17.3078 14.2042 9.96157
      vertex 15.8322 15.8322 9.96157
    endloop
  endfacet
  facet normal 0.799366 0.592837 0.097768
    outer loop
      vertex 19.9233 13.3123 8.39018
      vertex 18.5522 15.2254 8
      vertex 18.5225 15.2011 8.39018
    endloop
  endfacet
  facet normal 0.799311 0.59286 0.0980706
    outer loop
      vertex 19.9233 13.3123 8.39018
      vertex 19.9553 13.3337 8
      vertex 18.5522 15.2254 8
    endloop
  endfacet
  facet normal 0.768747 0.570119 0.289814
    outer loop
      vertex 19.8287 13.2491 8.76537
      vertex 18.5225 15.2011 8.39018
      vertex 18.4346 15.1289 8.76537
    endloop
  endfacet
  facet normal 0.76873 0.570117 0.289862
    outer loop
      vertex 19.8287 13.2491 8.76537
      vertex 19.9233 13.3123 8.39018
      vertex 18.5225 15.2011 8.39018
    endloop
  endfacet
  facet normal 0.70851 0.525457 0.471071
    outer loop
      vertex 19.675 13.1464 9.11114
      vertex 18.4346 15.1289 8.76537
      vertex 18.2917 15.0116 9.11114
    endloop
  endfacet
  facet normal 0.708534 0.525464 0.471027
    outer loop
      vertex 19.675 13.1464 9.11114
      vertex 19.8287 13.2491 8.76537
      vertex 18.4346 15.1289 8.76537
    endloop
  endfacet
  facet normal 0.621152 0.460681 0.633989
    outer loop
      vertex 19.4682 13.0082 9.41421
      vertex 18.2917 15.0116 9.11114
      vertex 18.0994 14.8538 9.41421
    endloop
  endfacet
  facet normal 0.621188 0.460695 0.633945
    outer loop
      vertex 19.4682 13.0082 9.41421
      vertex 19.675 13.1464 9.11114
      vertex 18.2917 15.0116 9.11114
    endloop
  endfacet
  facet normal 0.510035 0.378249 0.772523
    outer loop
      vertex 19.2162 12.8399 9.66294
      vertex 18.0994 14.8538 9.41421
      vertex 17.8652 14.6616 9.66294
    endloop
  endfacet
  facet normal 0.509964 0.378218 0.772585
    outer loop
      vertex 19.2162 12.8399 9.66294
      vertex 19.4682 13.0082 9.41421
      vertex 18.0994 14.8538 9.41421
    endloop
  endfacet
  facet normal 0.378955 0.281049 0.881705
    outer loop
      vertex 18.9287 12.6478 9.84776
      vertex 17.8652 14.6616 9.66294
      vertex 17.5979 14.4422 9.84776
    endloop
  endfacet
  facet normal 0.378992 0.281066 0.881684
    outer loop
      vertex 18.9287 12.6478 9.84776
      vertex 19.2162 12.8399 9.66294
      vertex 17.8652 14.6616 9.66294
    endloop
  endfacet
  facet normal 0.233379 0.173094 0.956856
    outer loop
      vertex 18.6168 12.4393 9.96157
      vertex 17.5979 14.4422 9.84776
      vertex 17.3078 14.2042 9.96157
    endloop
  endfacet
  facet normal 0.233421 0.173114 0.956842
    outer loop
      vertex 18.6168 12.4393 9.96157
      vertex 18.9287 12.6478 9.84776
      vertex 17.5979 14.4422 9.84776
    endloop
  endfacet
  facet normal 0.0788305 0.0584614 0.995172
    outer loop
      vertex 18.2923 12.2225 10
      vertex 17.3078 14.2042 9.96157
      vertex 17.0062 13.9567 10
    endloop
  endfacet
  facet normal 0.0788065 0.0584496 0.995175
    outer loop
      vertex 18.2923 12.2225 10
      vertex 18.6168 12.4393 9.96157
      vertex 17.3078 14.2042 9.96157
    endloop
  endfacet
  facet normal 0.853591 0.51163 0.098067
    outer loop
      vertex 21.1322 11.2954 8.39018
      vertex 19.9553 13.3337 8
      vertex 19.9233 13.3123 8.39018
    endloop
  endfacet
  facet normal 0.85362 0.511614 0.0978982
    outer loop
      vertex 21.1322 11.2954 8.39018
      vertex 21.1661 11.3135 8
      vertex 19.9553 13.3337 8
    endloop
  endfacet
  facet normal 0.82091 0.492022 0.289864
    outer loop
      vertex 21.0318 11.2418 8.76537
      vertex 19.9233 13.3123 8.39018
      vertex 19.8287 13.2491 8.76537
    endloop
  endfacet
  facet normal 0.820878 0.492022 0.289956
    outer loop
      vertex 21.0318 11.2418 8.76537
      vertex 21.1322 11.2954 8.39018
      vertex 19.9233 13.3123 8.39018
    endloop
  endfacet
  facet normal 0.756626 0.453489 0.471026
    outer loop
      vertex 20.8688 11.1546 9.11114
      vertex 19.8287 13.2491 8.76537
      vertex 19.675 13.1464 9.11114
    endloop
  endfacet
  facet normal 0.756616 0.453487 0.471043
    outer loop
      vertex 20.8688 11.1546 9.11114
      vertex 21.0318 11.2418 8.76537
      vertex 19.8287 13.2491 8.76537
    endloop
  endfacet
  facet normal 0.663343 0.397609 0.633942
    outer loop
      vertex 20.6495 11.0374 9.41421
      vertex 19.675 13.1464 9.11114
      vertex 19.4682 13.0082 9.41421
    endloop
  endfacet
  facet normal 0.663436 0.397635 0.633829
    outer loop
      vertex 20.6495 11.0374 9.41421
      vertex 20.8688 11.1546 9.11114
      vertex 19.675 13.1464 9.11114
    endloop
  endfacet
  facet normal 0.544578 0.3264 0.772592
    outer loop
      vertex 20.3822 10.8945 9.66294
      vertex 19.4682 13.0082 9.41421
      vertex 19.2162 12.8399 9.66294
    endloop
  endfacet
  facet normal 0.544499 0.326373 0.772659
    outer loop
      vertex 20.3822 10.8945 9.66294
      vertex 20.6495 11.0374 9.41421
      vertex 19.4682 13.0082 9.41421
    endloop
  endfacet
  facet normal 0.404709 0.242576 0.881684
    outer loop
      vertex 20.0773 10.7315 9.84776
      vertex 19.2162 12.8399 9.66294
      vertex 18.9287 12.6478 9.84776
    endloop
  endfacet
  facet normal 0.404746 0.24259 0.881664
    outer loop
      vertex 20.0773 10.7315 9.84776
      vertex 20.3822 10.8945 9.66294
      vertex 19.2162 12.8399 9.66294
    endloop
  endfacet
  facet normal 0.249268 0.149407 0.95684
    outer loop
      vertex 19.7464 10.5547 9.96157
      vertex 18.9287 12.6478 9.84776
      vertex 18.6168 12.4393 9.96157
    endloop
  endfacet
  facet normal 0.249268 0.149407 0.95684
    outer loop
      vertex 19.7464 10.5547 9.96157
      vertex 20.0773 10.7315 9.84776
      vertex 18.9287 12.6478 9.84776
    endloop
  endfacet
  facet normal 0.0841551 0.050444 0.995175
    outer loop
      vertex 19.4023 10.3707 10
      vertex 18.6168 12.4393 9.96157
      vertex 18.2923 12.2225 10
    endloop
  endfacet
  facet normal 0.0841673 0.0504486 0.995174
    outer loop
      vertex 19.4023 10.3707 10
      vertex 19.7464 10.5547 9.96157
      vertex 18.6168 12.4393 9.96157
    endloop
  endfacet
  facet normal 0.899643 0.425508 0.0979025
    outer loop
      vertex 22.1376 9.1697 8.39018
      vertex 21.1661 11.3135 8
      vertex 21.1322 11.2954 8.39018
    endloop
  endfacet
  facet normal 0.899646 0.425506 0.097884
    outer loop
      vertex 22.1376 9.1697 8.39018
      vertex 22.1731 9.1844 8
      vertex 21.1661 11.3135 8
    endloop
  endfacet
  facet normal 0.86514 0.409208 0.289969
    outer loop
      vertex 22.0325 9.12614 8.76537
      vertex 21.1322 11.2954 8.39018
      vertex 21.0318 11.2418 8.76537
    endloop
  endfacet
  facet normal 0.865176 0.409205 0.289866
    outer loop
      vertex 22.0325 9.12614 8.76537
      vertex 22.1376 9.1697 8.39018
      vertex 21.1322 11.2954 8.39018
    endloop
  endfacet
  facet normal 0.797416 0.377171 0.47103
    outer loop
      vertex 21.8617 9.05541 9.11114
      vertex 21.0318 11.2418 8.76537
      vertex 20.8688 11.1546 9.11114
    endloop
  endfacet
  facet normal 0.797406 0.37717 0.471048
    outer loop
      vertex 21.8617 9.05541 9.11114
      vertex 22.0325 9.12614 8.76537
      vertex 21.0318 11.2418 8.76537
    endloop
  endfacet
  facet normal 0.699214 0.330694 0.63383
    outer loop
      vertex 21.6319 8.96023 9.41421
      vertex 20.8688 11.1546 9.11114
      vertex 20.6495 11.0374 9.41421
    endloop
  endfacet
  facet normal 0.699116 0.330676 0.633948
    outer loop
      vertex 21.6319 8.96023 9.41421
      vertex 21.8617 9.05541 9.11114
      vertex 20.8688 11.1546 9.11114
    endloop
  endfacet
  facet normal 0.573874 0.271423 0.772657
    outer loop
      vertex 21.3519 8.84425 9.66294
      vertex 20.6495 11.0374 9.41421
      vertex 20.3822 10.8945 9.66294
    endloop
  endfacet
  facet normal 0.57391 0.271431 0.772627
    outer loop
      vertex 21.3519 8.84425 9.66294
      vertex 21.6319 8.96023 9.41421
      vertex 20.6495 11.0374 9.41421
    endloop
  endfacet
  facet normal 0.426574 0.201757 0.881662
    outer loop
      vertex 21.0325 8.71193 9.84776
      vertex 20.3822 10.8945 9.66294
      vertex 20.0773 10.7315 9.84776
    endloop
  endfacet
  facet normal 0.426584 0.20176 0.881657
    outer loop
      vertex 21.0325 8.71193 9.84776
      vertex 21.3519 8.84425 9.66294
      vertex 20.3822 10.8945 9.66294
    endloop
  endfacet
  facet normal 0.262713 0.124244 0.956841
    outer loop
      vertex 20.6858 8.56835 9.96157
      vertex 20.0773 10.7315 9.84776
      vertex 19.7464 10.5547 9.96157
    endloop
  endfacet
  facet normal 0.262657 0.124229 0.956859
    outer loop
      vertex 20.6858 8.56835 9.96157
      vertex 21.0325 8.71193 9.84776
      vertex 20.0773 10.7315 9.84776
    endloop
  endfacet
  facet normal 0.0887099 0.0419534 0.995174
    outer loop
      vertex 20.3253 8.41903 10
      vertex 19.7464 10.5547 9.96157
      vertex 19.4023 10.3707 10
    endloop
  endfacet
  facet normal 0.0887102 0.0419535 0.995174
    outer loop
      vertex 20.3253 8.41903 10
      vertex 20.6858 8.56835 9.96157
      vertex 19.7464 10.5547 9.96157
    endloop
  endfacet
  facet normal 0.937021 0.335276 0.0978851
    outer loop
      vertex 22.9298 6.95568 8.39018
      vertex 22.1731 9.1844 8
      vertex 22.1376 9.1697 8.39018
    endloop
  endfacet
  facet normal 0.93701 0.335285 0.0979558
    outer loop
      vertex 22.9298 6.95568 8.39018
      vertex 22.9666 6.96683 8
      vertex 22.1731 9.1844 8
    endloop
  endfacet
  facet normal 0.901126 0.322418 0.289861
    outer loop
      vertex 22.8209 6.92264 8.76537
      vertex 22.1376 9.1697 8.39018
      vertex 22.0325 9.12614 8.76537
    endloop
  endfacet
  facet normal 0.901099 0.322423 0.28994
    outer loop
      vertex 22.8209 6.92264 8.76537
      vertex 22.9298 6.95568 8.39018
      vertex 22.1376 9.1697 8.39018
    endloop
  endfacet
  facet normal 0.830543 0.297168 0.471051
    outer loop
      vertex 22.644 6.86899 9.11114
      vertex 22.0325 9.12614 8.76537
      vertex 21.8617 9.05541 9.11114
    endloop
  endfacet
  facet normal 0.830555 0.297168 0.471031
    outer loop
      vertex 22.644 6.86899 9.11114
      vertex 22.8209 6.92264 8.76537
      vertex 22.0325 9.12614 8.76537
    endloop
  endfacet
  facet normal 0.728165 0.260545 0.633949
    outer loop
      vertex 22.406 6.79679 9.41421
      vertex 21.8617 9.05541 9.11114
      vertex 21.6319 8.96023 9.41421
    endloop
  endfacet
  facet normal 0.728192 0.260547 0.633917
    outer loop
      vertex 22.406 6.79679 9.41421
      vertex 22.644 6.86899 9.11114
      vertex 21.8617 9.05541 9.11114
    endloop
  endfacet
  facet normal 0.597747 0.213885 0.772627
    outer loop
      vertex 22.116 6.70881 9.66294
      vertex 21.6319 8.96023 9.41421
      vertex 21.3519 8.84425 9.66294
    endloop
  endfacet
  facet normal 0.597769 0.213888 0.772609
    outer loop
      vertex 22.116 6.70881 9.66294
      vertex 22.406 6.79679 9.41421
      vertex 21.6319 8.96023 9.41421
    endloop
  endfacet
  facet normal 0.444311 0.158968 0.881656
    outer loop
      vertex 21.7851 6.60844 9.84776
      vertex 21.3519 8.84425 9.66294
      vertex 21.0325 8.71193 9.84776
    endloop
  endfacet
  facet normal 0.444242 0.158958 0.881692
    outer loop
      vertex 21.7851 6.60844 9.84776
      vertex 22.116 6.70881 9.66294
      vertex 21.3519 8.84425 9.66294
    endloop
  endfacet
  facet normal 0.273565 0.0978915 0.956859
    outer loop
      vertex 21.4261 6.49953 9.96157
      vertex 21.0325 8.71193 9.84776
      vertex 20.6858 8.56835 9.96157
    endloop
  endfacet
  facet normal 0.273635 0.097903 0.956838
    outer loop
      vertex 21.4261 6.49953 9.96157
      vertex 21.7851 6.60844 9.84776
      vertex 21.0325 8.71193 9.84776
    endloop
  endfacet
  facet normal 0.0923932 0.0330617 0.995174
    outer loop
      vertex 21.0527 6.38626 10
      vertex 20.6858 8.56835 9.96157
      vertex 20.3253 8.41903 10
    endloop
  endfacet
  facet normal 0.0923932 0.0330617 0.995174
    outer loop
      vertex 21.0527 6.38626 10
      vertex 21.4261 6.49953 9.96157
      vertex 20.6858 8.56835 9.96157
    endloop
  endfacet
  facet normal 0.965362 0.241826 0.0979591
    outer loop
      vertex 23.5012 4.67467 8.39018
      vertex 22.9666 6.96683 8
      vertex 22.9298 6.95568 8.39018
    endloop
  endfacet
  facet normal 0.9654 0.241787 0.0976792
    outer loop
      vertex 23.5012 4.67467 8.39018
      vertex 23.5388 4.68217 8
      vertex 22.9666 6.96683 8
    endloop
  endfacet
  facet normal 0.928369 0.232525 0.289938
    outer loop
      vertex 23.3895 4.65247 8.76537
      vertex 22.9298 6.95568 8.39018
      vertex 22.8209 6.92264 8.76537
    endloop
  endfacet
  facet normal 0.928304 0.232543 0.29013
    outer loop
      vertex 23.3895 4.65247 8.76537
      vertex 23.5012 4.67467 8.39018
      vertex 22.9298 6.95568 8.39018
    endloop
  endfacet
  facet normal 0.855674 0.214357 0.471033
    outer loop
      vertex 23.2083 4.61641 9.11114
      vertex 22.8209 6.92264 8.76537
      vertex 22.644 6.86899 9.11114
    endloop
  endfacet
  facet normal 0.85579 0.214346 0.470829
    outer loop
      vertex 23.2083 4.61641 9.11114
      vertex 23.3895 4.65247 8.76537
      vertex 22.8209 6.92264 8.76537
    endloop
  endfacet
  facet normal 0.750224 0.187918 0.633917
    outer loop
      vertex 22.9643 4.56789 9.41421
      vertex 22.644 6.86899 9.11114
      vertex 22.406 6.79679 9.41421
    endloop
  endfacet
  facet normal 0.750139 0.187919 0.634018
    outer loop
      vertex 22.9643 4.56789 9.41421
      vertex 23.2083 4.61641 9.11114
      vertex 22.644 6.86899 9.11114
    endloop
  endfacet
  facet normal 0.615856 0.154268 0.772608
    outer loop
      vertex 22.6671 4.50876 9.66294
      vertex 22.406 6.79679 9.41421
      vertex 22.116 6.70881 9.66294
    endloop
  endfacet
  facet normal 0.615889 0.154269 0.772581
    outer loop
      vertex 22.6671 4.50876 9.66294
      vertex 22.9643 4.56789 9.41421
      vertex 22.406 6.79679 9.41421
    endloop
  endfacet
  facet normal 0.457686 0.114636 0.881693
    outer loop
      vertex 22.3279 4.4413 9.84776
      vertex 22.116 6.70881 9.66294
      vertex 21.7851 6.60844 9.84776
    endloop
  endfacet
  facet normal 0.457627 0.114633 0.881724
    outer loop
      vertex 22.3279 4.4413 9.84776
      vertex 22.6671 4.50876 9.66294
      vertex 22.116 6.70881 9.66294
    endloop
  endfacet
  facet normal 0.281913 0.0706165 0.956838
    outer loop
      vertex 21.96 4.36811 9.96157
      vertex 21.7851 6.60844 9.84776
      vertex 21.4261 6.49953 9.96157
    endloop
  endfacet
  facet normal 0.281946 0.0706186 0.956828
    outer loop
      vertex 21.96 4.36811 9.96157
      vertex 22.3279 4.4413 9.84776
      vertex 21.7851 6.60844 9.84776
    endloop
  endfacet
  facet normal 0.0951893 0.0238443 0.995174
    outer loop
      vertex 21.5773 4.29199 10
      vertex 21.4261 6.49953 9.96157
      vertex 21.0527 6.38626 10
    endloop
  endfacet
  facet normal 0.0951907 0.0238443 0.995173
    outer loop
      vertex 21.5773 4.29199 10
      vertex 21.96 4.36811 9.96157
      vertex 21.4261 6.49953 9.96157
    endloop
  endfacet
  facet normal 0.984449 0.146015 0.0976739
    outer loop
      vertex 23.8462 2.34864 8.39018
      vertex 23.5388 4.68217 8
      vertex 23.5012 4.67467 8.39018
    endloop
  endfacet
  facet normal 0.984435 0.146032 0.0977906
    outer loop
      vertex 23.8462 2.34864 8.39018
      vertex 23.8844 2.35241 8
      vertex 23.5388 4.68217 8
    endloop
  endfacet
  facet normal 0.946628 0.140421 0.290135
    outer loop
      vertex 23.7329 2.33749 8.76537
      vertex 23.5012 4.67467 8.39018
      vertex 23.3895 4.65247 8.76537
    endloop
  endfacet
  facet normal 0.946657 0.140409 0.290045
    outer loop
      vertex 23.7329 2.33749 8.76537
      vertex 23.8462 2.34864 8.39018
      vertex 23.5012 4.67467 8.39018
    endloop
  endfacet
  facet normal 0.87268 0.129437 0.470825
    outer loop
      vertex 23.549 2.31937 9.11114
      vertex 23.3895 4.65247 8.76537
      vertex 23.2083 4.61641 9.11114
    endloop
  endfacet
  facet normal 0.872637 0.129445 0.470901
    outer loop
      vertex 23.549 2.31937 9.11114
      vertex 23.7329 2.33749 8.76537
      vertex 23.3895 4.65247 8.76537
    endloop
  endfacet
  facet normal 0.764944 0.113485 0.634021
    outer loop
      vertex 23.3015 2.29499 9.41421
      vertex 23.2083 4.61641 9.11114
      vertex 22.9643 4.56789 9.41421
    endloop
  endfacet
  facet normal 0.765047 0.113473 0.633898
    outer loop
      vertex 23.3015 2.29499 9.41421
      vertex 23.549 2.31937 9.11114
      vertex 23.2083 4.61641 9.11114
    endloop
  endfacet
  facet normal 0.628045 0.0931652 0.77258
    outer loop
      vertex 22.9999 2.26529 9.66294
      vertex 22.9643 4.56789 9.41421
      vertex 22.6671 4.50876 9.66294
    endloop
  endfacet
  facet normal 0.628002 0.0931683 0.772615
    outer loop
      vertex 22.9999 2.26529 9.66294
      vertex 23.3015 2.29499 9.41421
      vertex 22.9643 4.56789 9.41421
    endloop
  endfacet
  facet normal 0.466659 0.0692207 0.881724
    outer loop
      vertex 22.6557 2.2314 9.84776
      vertex 22.6671 4.50876 9.66294
      vertex 22.3279 4.4413 9.84776
    endloop
  endfacet
  facet normal 0.466637 0.0692217 0.881736
    outer loop
      vertex 22.9999 2.26529 9.66294
      vertex 22.6671 4.50876 9.66294
      vertex 22.6557 2.2314 9.84776
    endloop
  endfacet
  facet normal 0.287511 0.0426473 0.956827
    outer loop
      vertex 22.2824 2.19462 9.96157
      vertex 22.3279 4.4413 9.84776
      vertex 21.96 4.36811 9.96157
    endloop
  endfacet
  facet normal 0.287511 0.0426473 0.956827
    outer loop
      vertex 22.6557 2.2314 9.84776
      vertex 22.3279 4.4413 9.84776
      vertex 22.2824 2.19462 9.96157
    endloop
  endfacet
  facet normal 0.0970693 0.0143994 0.995173
    outer loop
      vertex 21.8941 2.15638 10
      vertex 21.96 4.36811 9.96157
      vertex 21.5773 4.29199 10
    endloop
  endfacet
  facet normal 0.0970741 0.0143993 0.995173
    outer loop
      vertex 22.2824 2.19462 9.96157
      vertex 21.96 4.36811 9.96157
      vertex 21.8941 2.15638 10
    endloop
  endfacet
  facet normal 0.994008 0.0488404 0.0977888
    outer loop
      vertex 23.9616 0 8.39018
      vertex 23.8844 2.35241 8
      vertex 23.8462 2.34864 8.39018
    endloop
  endfacet
  facet normal 0.994004 0.0488464 0.097826
    outer loop
      vertex 23.9616 0 8.39018
      vertex 24 0 8
      vertex 23.8844 2.35241 8
    endloop
  endfacet
  facet normal 0.955858 0.0469855 0.290047
    outer loop
      vertex 23.8478 0 8.76537
      vertex 23.8462 2.34864 8.39018
      vertex 23.7329 2.33749 8.76537
    endloop
  endfacet
  facet normal 0.955893 0.0469676 0.289935
    outer loop
      vertex 23.8478 0 8.76537
      vertex 23.9616 0 8.39018
      vertex 23.8462 2.34864 8.39018
    endloop
  endfacet
  facet normal 0.881125 0.0432704 0.4709
    outer loop
      vertex 23.6629 0 9.11114
      vertex 23.7329 2.33749 8.76537
      vertex 23.549 2.31937 9.11114
    endloop
  endfacet
  facet normal 0.881007 0.0433062 0.471117
    outer loop
      vertex 23.8478 0 8.76537
      vertex 23.7329 2.33749 8.76537
      vertex 23.6629 0 9.11114
    endloop
  endfacet
  facet normal 0.772486 0.0379345 0.633897
    outer loop
      vertex 23.4142 0 9.41421
      vertex 23.549 2.31937 9.11114
      vertex 23.3015 2.29499 9.41421
    endloop
  endfacet
  facet normal 0.772483 0.0379352 0.633901
    outer loop
      vertex 23.6629 0 9.11114
      vertex 23.549 2.31937 9.11114
      vertex 23.4142 0 9.41421
    endloop
  endfacet
  facet normal 0.634111 0.0311277 0.772615
    outer loop
      vertex 23.1111 0 9.66294
      vertex 23.3015 2.29499 9.41421
      vertex 22.9999 2.26529 9.66294
    endloop
  endfacet
  facet normal 0.634059 0.0311367 0.772658
    outer loop
      vertex 23.4142 0 9.41421
      vertex 23.3015 2.29499 9.41421
      vertex 23.1111 0 9.66294
    endloop
  endfacet
  facet normal 0.471173 0.0231638 0.881737
    outer loop
      vertex 22.7654 0 9.84776
      vertex 22.9999 2.26529 9.66294
      vertex 22.6557 2.2314 9.84776
    endloop
  endfacet
  facet normal 0.471349 0.0231379 0.881643
    outer loop
      vertex 23.1111 0 9.66294
      vertex 22.9999 2.26529 9.66294
      vertex 22.7654 0 9.84776
    endloop
  endfacet
  facet normal 0.290308 0.01426 0.956827
    outer loop
      vertex 22.3902 0 9.96157
      vertex 22.6557 2.2314 9.84776
      vertex 22.2824 2.19462 9.96157
    endloop
  endfacet
  facet normal 0.290242 0.0142689 0.956847
    outer loop
      vertex 22.7654 0 9.84776
      vertex 22.6557 2.2314 9.84776
      vertex 22.3902 0 9.96157
    endloop
  endfacet
  facet normal 0.0980181 0.00481368 0.995173
    outer loop
      vertex 22 0 10
      vertex 22.2824 2.19462 9.96157
      vertex 21.8941 2.15638 10
    endloop
  endfacet
  facet normal 0.0980126 0.00481439 0.995174
    outer loop
      vertex 22.3902 0 9.96157
      vertex 22.2824 2.19462 9.96157
      vertex 22 0 10
    endloop
  endfacet
  facet normal 0.994004 -0.0488402 0.097826
    outer loop
      vertex 24 0 8
      vertex 23.9616 0 8.39018
      vertex 23.8462 -2.34864 8.39018
    endloop
  endfacet
  facet normal 0.994008 -0.0488466 0.0977888
    outer loop
      vertex 23.8844 -2.35241 8
      vertex 24 0 8
      vertex 23.8462 -2.34864 8.39018
    endloop
  endfacet
  facet normal 0.955892 -0.0469872 0.289935
    outer loop
      vertex 23.9616 0 8.39018
      vertex 23.8478 0 8.76537
      vertex 23.7329 -2.33749 8.76537
    endloop
  endfacet
  facet normal 0.955859 -0.046966 0.290046
    outer loop
      vertex 23.8462 -2.34864 8.39018
      vertex 23.9616 0 8.39018
      vertex 23.7329 -2.33749 8.76537
    endloop
  endfacet
  facet normal 0.881009 -0.0432647 0.471118
    outer loop
      vertex 23.8478 0 8.76537
      vertex 23.6629 0 9.11114
      vertex 23.549 -2.31937 9.11114
    endloop
  endfacet
  facet normal 0.881123 -0.0433118 0.4709
    outer loop
      vertex 23.7329 -2.33749 8.76537
      vertex 23.8478 0 8.76537
      vertex 23.549 -2.31937 9.11114
    endloop
  endfacet
  facet normal 0.772483 -0.0379343 0.633901
    outer loop
      vertex 23.6629 0 9.11114
      vertex 23.4142 0 9.41421
      vertex 23.3015 -2.29499 9.41421
    endloop
  endfacet
  facet normal 0.772486 -0.0379354 0.633897
    outer loop
      vertex 23.549 -2.31937 9.11114
      vertex 23.6629 0 9.11114
      vertex 23.3015 -2.29499 9.41421
    endloop
  endfacet
  facet normal 0.634059 -0.0311251 0.772658
    outer loop
      vertex 23.4142 0 9.41421
      vertex 23.1111 0 9.66294
      vertex 22.9999 -2.26529 9.66294
    endloop
  endfacet
  facet normal 0.634111 -0.0311392 0.772615
    outer loop
      vertex 23.3015 -2.29499 9.41421
      vertex 23.4142 0 9.41421
      vertex 22.9999 -2.26529 9.66294
    endloop
  endfacet
  facet normal 0.471349 -0.0231724 0.881643
    outer loop
      vertex 23.1111 0 9.66294
      vertex 22.7654 0 9.84776
      vertex 22.6557 -2.2314 9.84776
    endloop
  endfacet
  facet normal 0.471176 -0.0231294 0.881736
    outer loop
      vertex 22.9999 -2.26529 9.66294
      vertex 23.1111 0 9.66294
      vertex 22.6557 -2.2314 9.84776
    endloop
  endfacet
  facet normal 0.290242 -0.0142567 0.956847
    outer loop
      vertex 22.7654 0 9.84776
      vertex 22.3902 0 9.96157
      vertex 22.2824 -2.19462 9.96157
    endloop
  endfacet
  facet normal 0.290307 -0.0142721 0.956827
    outer loop
      vertex 22.6557 -2.2314 9.84776
      vertex 22.7654 0 9.84776
      vertex 22.2824 -2.19462 9.96157
    endloop
  endfacet
  facet normal 0.0980126 -0.00481341 0.995174
    outer loop
      vertex 22.3902 0 9.96157
      vertex 22 0 10
      vertex 21.8941 -2.15638 10
    endloop
  endfacet
  facet normal 0.098018 -0.00481466 0.995173
    outer loop
      vertex 22.2824 -2.19462 9.96157
      vertex 22.3902 0 9.96157
      vertex 21.8941 -2.15638 10
    endloop
  endfacet
  facet normal 0.984437 -0.146013 0.0977907
    outer loop
      vertex 23.8844 -2.35241 8
      vertex 23.8462 -2.34864 8.39018
      vertex 23.5012 -4.67467 8.39018
    endloop
  endfacet
  facet normal 0.984446 -0.146034 0.097674
    outer loop
      vertex 23.5388 -4.68217 8
      vertex 23.8844 -2.35241 8
      vertex 23.5012 -4.67467 8.39018
    endloop
  endfacet
  facet normal 0.946655 -0.140425 0.290044
    outer loop
      vertex 23.8462 -2.34864 8.39018
      vertex 23.7329 -2.33749 8.76537
      vertex 23.3895 -4.65247 8.76537
    endloop
  endfacet
  facet normal 0.94663 -0.140405 0.290135
    outer loop
      vertex 23.5012 -4.67467 8.39018
      vertex 23.8462 -2.34864 8.39018
      vertex 23.3895 -4.65247 8.76537
    endloop
  endfacet
  facet normal 0.872639 -0.129431 0.470902
    outer loop
      vertex 23.7329 -2.33749 8.76537
      vertex 23.549 -2.31937 9.11114
      vertex 23.2083 -4.61641 9.11114
    endloop
  endfacet
  facet normal 0.872678 -0.129451 0.470825
    outer loop
      vertex 23.3895 -4.65247 8.76537
      vertex 23.7329 -2.33749 8.76537
      vertex 23.2083 -4.61641 9.11114
    endloop
  endfacet
  facet normal 0.765044 -0.113499 0.633898
    outer loop
      vertex 23.549 -2.31937 9.11114
      vertex 23.3015 -2.29499 9.41421
      vertex 22.9643 -4.56789 9.41421
    endloop
  endfacet
  facet normal 0.764948 -0.113458 0.63402
    outer loop
      vertex 23.2083 -4.61641 9.11114
      vertex 23.549 -2.31937 9.11114
      vertex 22.9643 -4.56789 9.41421
    endloop
  endfacet
  facet normal 0.628003 -0.093159 0.772615
    outer loop
      vertex 23.3015 -2.29499 9.41421
      vertex 22.9999 -2.26529 9.66294
      vertex 22.6671 -4.50876 9.66294
    endloop
  endfacet
  facet normal 0.628043 -0.0931744 0.77258
    outer loop
      vertex 22.9643 -4.56789 9.41421
      vertex 23.3015 -2.29499 9.41421
      vertex 22.6671 -4.50876 9.66294
    endloop
  endfacet
  facet normal 0.466638 -0.0692175 0.881736
    outer loop
      vertex 22.9999 -2.26529 9.66294
      vertex 22.6557 -2.2314 9.84776
      vertex 22.3279 -4.4413 9.84776
    endloop
  endfacet
  facet normal 0.466658 -0.0692248 0.881725
    outer loop
      vertex 22.6671 -4.50876 9.66294
      vertex 22.9999 -2.26529 9.66294
      vertex 22.3279 -4.4413 9.84776
    endloop
  endfacet
  facet normal 0.287511 -0.0426474 0.956827
    outer loop
      vertex 22.6557 -2.2314 9.84776
      vertex 22.2824 -2.19462 9.96157
      vertex 21.96 -4.36811 9.96157
    endloop
  endfacet
  facet normal 0.287511 -0.0426472 0.956827
    outer loop
      vertex 22.3279 -4.4413 9.84776
      vertex 22.6557 -2.2314 9.84776
      vertex 21.96 -4.36811 9.96157
    endloop
  endfacet
  facet normal 0.097074 -0.0144001 0.995173
    outer loop
      vertex 22.2824 -2.19462 9.96157
      vertex 21.8941 -2.15638 10
      vertex 21.5773 -4.29199 10
    endloop
  endfacet
  facet normal 0.0970695 -0.0143986 0.995173
    outer loop
      vertex 21.96 -4.36811 9.96157
      vertex 22.2824 -2.19462 9.96157
      vertex 21.5773 -4.29199 10
    endloop
  endfacet
  facet normal 0.965389 -0.241833 0.0976789
    outer loop
      vertex 23.5388 -4.68217 8
      vertex 23.5012 -4.67467 8.39018
      vertex 22.9298 -6.95568 8.39018
    endloop
  endfacet
  facet normal 0.965374 -0.241781 0.0979589
    outer loop
      vertex 22.9666 -6.96683 8
      vertex 23.5388 -4.68217 8
      vertex 22.9298 -6.95568 8.39018
    endloop
  endfacet
  facet normal 0.928312 -0.23251 0.290131
    outer loop
      vertex 23.5012 -4.67467 8.39018
      vertex 23.3895 -4.65247 8.76537
      vertex 22.8209 -6.92264 8.76537
    endloop
  endfacet
  facet normal 0.92836 -0.232557 0.289939
    outer loop
      vertex 22.9298 -6.95568 8.39018
      vertex 23.5012 -4.67467 8.39018
      vertex 22.8209 -6.92264 8.76537
    endloop
  endfacet
  facet normal 0.855781 -0.214384 0.470828
    outer loop
      vertex 23.3895 -4.65247 8.76537
      vertex 23.2083 -4.61641 9.11114
      vertex 22.644 -6.86899 9.11114
    endloop
  endfacet
  facet normal 0.855684 -0.21432 0.471032
    outer loop
      vertex 22.8209 -6.92264 8.76537
      vertex 23.3895 -4.65247 8.76537
      vertex 22.644 -6.86899 9.11114
    endloop
  endfacet
  facet normal 0.750144 -0.187898 0.634018
    outer loop
      vertex 23.2083 -4.61641 9.11114
      vertex 22.9643 -4.56789 9.41421
      vertex 22.406 -6.79679 9.41421
    endloop
  endfacet
  facet normal 0.750219 -0.187939 0.633917
    outer loop
      vertex 22.644 -6.86899 9.11114
      vertex 23.2083 -4.61641 9.11114
      vertex 22.406 -6.79679 9.41421
    endloop
  endfacet
  facet normal 0.615887 -0.154276 0.772581
    outer loop
      vertex 22.9643 -4.56789 9.41421
      vertex 22.6671 -4.50876 9.66294
      vertex 22.116 -6.70881 9.66294
    endloop
  endfacet
  facet normal 0.615858 -0.154261 0.772608
    outer loop
      vertex 22.406 -6.79679 9.41421
      vertex 22.9643 -4.56789 9.41421
      vertex 22.116 -6.70881 9.66294
    endloop
  endfacet
  facet normal 0.457629 -0.114622 0.881724
    outer loop
      vertex 22.6671 -4.50876 9.66294
      vertex 22.3279 -4.4413 9.84776
      vertex 21.7851 -6.60844 9.84776
    endloop
  endfacet
  facet normal 0.457683 -0.114647 0.881693
    outer loop
      vertex 22.116 -6.70881 9.66294
      vertex 22.6671 -4.50876 9.66294
      vertex 21.7851 -6.60844 9.84776
    endloop
  endfacet
  facet normal 0.281945 -0.0706245 0.956828
    outer loop
      vertex 22.3279 -4.4413 9.84776
      vertex 21.96 -4.36811 9.96157
      vertex 21.4261 -6.49953 9.96157
    endloop
  endfacet
  facet normal 0.281915 -0.0706108 0.956838
    outer loop
      vertex 21.7851 -6.60844 9.84776
      vertex 22.3279 -4.4413 9.84776
      vertex 21.4261 -6.49953 9.96157
    endloop
  endfacet
  facet normal 0.0951907 -0.0238446 0.995173
    outer loop
      vertex 21.96 -4.36811 9.96157
      vertex 21.5773 -4.29199 10
      vertex 21.0527 -6.38626 10
    endloop
  endfacet
  facet normal 0.0951894 -0.023844 0.995174
    outer loop
      vertex 21.4261 -6.49953 9.96157
      vertex 21.96 -4.36811 9.96157
      vertex 21.0527 -6.38626 10
    endloop
  endfacet
  facet normal 0.937014 -0.335274 0.0979559
    outer loop
      vertex 22.9666 -6.96683 8
      vertex 22.9298 -6.95568 8.39018
      vertex 22.1376 -9.1697 8.39018
    endloop
  endfacet
  facet normal 0.937017 -0.335287 0.0978852
    outer loop
      vertex 22.1731 -9.1844 8
      vertex 22.9666 -6.96683 8
      vertex 22.1376 -9.1697 8.39018
    endloop
  endfacet
  facet normal 0.901103 -0.32241 0.28994
    outer loop
      vertex 22.9298 -6.95568 8.39018
      vertex 22.8209 -6.92264 8.76537
      vertex 22.0325 -9.12614 8.76537
    endloop
  endfacet
  facet normal 0.901121 -0.322431 0.289861
    outer loop
      vertex 22.1376 -9.1697 8.39018
      vertex 22.9298 -6.95568 8.39018
      vertex 22.0325 -9.12614 8.76537
    endloop
  endfacet
  facet normal 0.830554 -0.297172 0.47103
    outer loop
      vertex 22.8209 -6.92264 8.76537
      vertex 22.644 -6.86899 9.11114
      vertex 21.8617 -9.05541 9.11114
    endloop
  endfacet
  facet normal 0.830544 -0.297164 0.471051
    outer loop
      vertex 22.0325 -9.12614 8.76537
      vertex 22.8209 -6.92264 8.76537
      vertex 21.8617 -9.05541 9.11114
    endloop
  endfacet
  facet normal 0.72819 -0.260554 0.633917
    outer loop
      vertex 22.644 -6.86899 9.11114
      vertex 22.406 -6.79679 9.41421
      vertex 21.6319 -8.96023 9.41421
    endloop
  endfacet
  facet normal 0.728168 -0.260538 0.633949
    outer loop
      vertex 21.8617 -9.05541 9.11114
      vertex 22.644 -6.86899 9.11114
      vertex 21.6319 -8.96023 9.41421
    endloop
  endfacet
  facet normal 0.597768 -0.213892 0.772608
    outer loop
      vertex 22.406 -6.79679 9.41421
      vertex 22.116 -6.70881 9.66294
      vertex 21.3519 -8.84425 9.66294
    endloop
  endfacet
  facet normal 0.597749 -0.21388 0.772627
    outer loop
      vertex 21.6319 -8.96023 9.41421
      vertex 22.406 -6.79679 9.41421
      vertex 21.3519 -8.84425 9.66294
    endloop
  endfacet
  facet normal 0.444246 -0.158945 0.881693
    outer loop
      vertex 22.116 -6.70881 9.66294
      vertex 21.7851 -6.60844 9.84776
      vertex 21.0325 -8.71193 9.84776
    endloop
  endfacet
  facet normal 0.444306 -0.158981 0.881656
    outer loop
      vertex 21.3519 -8.84425 9.66294
      vertex 22.116 -6.70881 9.66294
      vertex 21.0325 -8.71193 9.84776
    endloop
  endfacet
  facet normal 0.273632 -0.0979154 0.956838
    outer loop
      vertex 21.7851 -6.60844 9.84776
      vertex 21.4261 -6.49953 9.96157
      vertex 20.6858 -8.56835 9.96157
    endloop
  endfacet
  facet normal 0.27357 -0.0978795 0.956859
    outer loop
      vertex 21.0325 -8.71193 9.84776
      vertex 21.7851 -6.60844 9.84776
      vertex 20.6858 -8.56835 9.96157
    endloop
  endfacet
  facet normal 0.0923932 -0.0330617 0.995174
    outer loop
      vertex 21.4261 -6.49953 9.96157
      vertex 21.0527 -6.38626 10
      vertex 20.3253 -8.41903 10
    endloop
  endfacet
  facet normal 0.0923932 -0.0330617 0.995174
    outer loop
      vertex 20.6858 -8.56835 9.96157
      vertex 21.4261 -6.49953 9.96157
      vertex 20.3253 -8.41903 10
    endloop
  endfacet
  facet normal 0.899645 -0.425508 0.097884
    outer loop
      vertex 22.1731 -9.1844 8
      vertex 22.1376 -9.1697 8.39018
      vertex 21.1322 -11.2954 8.39018
    endloop
  endfacet
  facet normal 0.899645 -0.425505 0.0979025
    outer loop
      vertex 21.1661 -11.3135 8
      vertex 22.1731 -9.1844 8
      vertex 21.1322 -11.2954 8.39018
    endloop
  endfacet
  facet normal 0.865168 -0.409221 0.289866
    outer loop
      vertex 22.1376 -9.1697 8.39018
      vertex 22.0325 -9.12614 8.76537
      vertex 21.0318 -11.2418 8.76537
    endloop
  endfacet
  facet normal 0.865147 -0.409192 0.289969
    outer loop
      vertex 21.1322 -11.2954 8.39018
      vertex 22.1376 -9.1697 8.39018
      vertex 21.0318 -11.2418 8.76537
    endloop
  endfacet
  facet normal 0.797407 -0.377167 0.471048
    outer loop
      vertex 22.0325 -9.12614 8.76537
      vertex 21.8617 -9.05541 9.11114
      vertex 20.8688 -11.1546 9.11114
    endloop
  endfacet
  facet normal 0.797415 -0.377174 0.47103
    outer loop
      vertex 21.0318 -11.2418 8.76537
      vertex 22.0325 -9.12614 8.76537
      vertex 20.8688 -11.1546 9.11114
    endloop
  endfacet
  facet normal 0.699127 -0.330653 0.633949
    outer loop
      vertex 21.8617 -9.05541 9.11114
      vertex 21.6319 -8.96023 9.41421
      vertex 20.6495 -11.0374 9.41421
    endloop
  endfacet
  facet normal 0.699203 -0.330717 0.633831
    outer loop
      vertex 20.8688 -11.1546 9.11114
      vertex 21.8617 -9.05541 9.11114
      vertex 20.6495 -11.0374 9.41421
    endloop
  endfacet
  facet normal 0.573907 -0.271439 0.772627
    outer loop
      vertex 21.6319 -8.96023 9.41421
      vertex 21.3519 -8.84425 9.66294
      vertex 20.3822 -10.8945 9.66294
    endloop
  endfacet
  facet normal 0.573878 -0.271416 0.772656
    outer loop
      vertex 20.6495 -11.0374 9.41421
      vertex 21.6319 -8.96023 9.41421
      vertex 20.3822 -10.8945 9.66294
    endloop
  endfacet
  facet normal 0.426583 -0.201762 0.881657
    outer loop
      vertex 21.3519 -8.84425 9.66294
      vertex 21.0325 -8.71193 9.84776
      vertex 20.0773 -10.7315 9.84776
    endloop
  endfacet
  facet normal 0.426575 -0.201756 0.881662
    outer loop
      vertex 20.3822 -10.8945 9.66294
      vertex 21.3519 -8.84425 9.66294
      vertex 20.0773 -10.7315 9.84776
    endloop
  endfacet
  facet normal 0.262661 -0.12422 0.956859
    outer loop
      vertex 21.0325 -8.71193 9.84776
      vertex 20.6858 -8.56835 9.96157
      vertex 19.7464 -10.5547 9.96157
    endloop
  endfacet
  facet normal 0.262708 -0.124254 0.956841
    outer loop
      vertex 20.0773 -10.7315 9.84776
      vertex 21.0325 -8.71193 9.84776
      vertex 19.7464 -10.5547 9.96157
    endloop
  endfacet
  facet normal 0.0887102 -0.0419536 0.995174
    outer loop
      vertex 20.6858 -8.56835 9.96157
      vertex 20.3253 -8.41903 10
      vertex 19.4023 -10.3707 10
    endloop
  endfacet
  facet normal 0.08871 -0.0419534 0.995174
    outer loop
      vertex 19.7464 -10.5547 9.96157
      vertex 20.6858 -8.56835 9.96157
      vertex 19.4023 -10.3707 10
    endloop
  endfacet
  facet normal 0.853605 -0.511638 0.0978981
    outer loop
      vertex 21.1661 -11.3135 8
      vertex 21.1322 -11.2954 8.39018
      vertex 19.9233 -13.3123 8.39018
    endloop
  endfacet
  facet normal 0.853606 -0.511606 0.0980669
    outer loop
      vertex 19.9553 -13.3337 8
      vertex 21.1661 -11.3135 8
      vertex 19.9233 -13.3123 8.39018
    endloop
  endfacet
  facet normal 0.820886 -0.492008 0.289956
    outer loop
      vertex 21.1322 -11.2954 8.39018
      vertex 21.0318 -11.2418 8.76537
      vertex 19.8287 -13.2491 8.76537
    endloop
  endfacet
  facet normal 0.820902 -0.492036 0.289864
    outer loop
      vertex 19.9233 -13.3123 8.39018
      vertex 21.1322 -11.2954 8.39018
      vertex 19.8287 -13.2491 8.76537
    endloop
  endfacet
  facet normal 0.756618 -0.453484 0.471043
    outer loop
      vertex 21.0318 -11.2418 8.76537
      vertex 20.8688 -11.1546 9.11114
      vertex 19.675 -13.1464 9.11114
    endloop
  endfacet
  facet normal 0.756624 -0.453492 0.471026
    outer loop
      vertex 19.8287 -13.2491 8.76537
      vertex 21.0318 -11.2418 8.76537
      vertex 19.675 -13.1464 9.11114
    endloop
  endfacet
  facet normal 0.663424 -0.397657 0.633828
    outer loop
      vertex 20.8688 -11.1546 9.11114
      vertex 20.6495 -11.0374 9.41421
      vertex 19.4682 -13.0082 9.41421
    endloop
  endfacet
  facet normal 0.663357 -0.397588 0.633942
    outer loop
      vertex 19.675 -13.1464 9.11114
      vertex 20.8688 -11.1546 9.11114
      vertex 19.4682 -13.0082 9.41421
    endloop
  endfacet
  facet normal 0.544508 -0.326358 0.772659
    outer loop
      vertex 20.6495 -11.0374 9.41421
      vertex 20.3822 -10.8945 9.66294
      vertex 19.2162 -12.8399 9.66294
    endloop
  endfacet
  facet normal 0.544568 -0.326415 0.772592
    outer loop
      vertex 19.4682 -13.0082 9.41421
      vertex 20.6495 -11.0374 9.41421
      vertex 19.2162 -12.8399 9.66294
    endloop
  endfacet
  facet normal 0.404742 -0.242596 0.881664
    outer loop
      vertex 20.3822 -10.8945 9.66294
      vertex 20.0773 -10.7315 9.84776
      vertex 18.9287 -12.6478 9.84776
    endloop
  endfacet
  facet normal 0.404713 -0.24257 0.881684
    outer loop
      vertex 19.2162 -12.8399 9.66294
      vertex 20.3822 -10.8945 9.66294
      vertex 18.9287 -12.6478 9.84776
    endloop
  endfacet
  facet normal 0.249268 -0.149407 0.95684
    outer loop
      vertex 20.0773 -10.7315 9.84776
      vertex 19.7464 -10.5547 9.96157
      vertex 18.6168 -12.4393 9.96157
    endloop
  endfacet
  facet normal 0.249268 -0.149407 0.95684
    outer loop
      vertex 18.9287 -12.6478 9.84776
      vertex 20.0773 -10.7315 9.84776
      vertex 18.6168 -12.4393 9.96157
    endloop
  endfacet
  facet normal 0.0841662 -0.0504507 0.995174
    outer loop
      vertex 19.7464 -10.5547 9.96157
      vertex 19.4023 -10.3707 10
      vertex 18.2923 -12.2225 10
    endloop
  endfacet
  facet normal 0.0841564 -0.050442 0.995175
    outer loop
      vertex 18.6168 -12.4393 9.96157
      vertex 19.7464 -10.5547 9.96157
      vertex 18.2923 -12.2225 10
    endloop
  endfacet
  facet normal 0.799342 -0.59282 0.0980708
    outer loop
      vertex 19.9553 -13.3337 8
      vertex 19.9233 -13.3123 8.39018
      vertex 18.5225 -15.2011 8.39018
    endloop
  endfacet
  facet normal 0.799335 -0.592878 0.0977682
    outer loop
      vertex 18.5522 -15.2254 8
      vertex 19.9553 -13.3337 8
      vertex 18.5225 -15.2011 8.39018
    endloop
  endfacet
  facet normal 0.768735 -0.570111 0.289862
    outer loop
      vertex 19.9233 -13.3123 8.39018
      vertex 19.8287 -13.2491 8.76537
      vertex 18.4346 -15.1289 8.76537
    endloop
  endfacet
  facet normal 0.768742 -0.570126 0.289814
    outer loop
      vertex 18.5225 -15.2011 8.39018
      vertex 19.9233 -13.3123 8.39018
      vertex 18.4346 -15.1289 8.76537
    endloop
  endfacet
  facet normal 0.708529 -0.525471 0.471027
    outer loop
      vertex 19.8287 -13.2491 8.76537
      vertex 19.675 -13.1464 9.11114
      vertex 18.2917 -15.0116 9.11114
    endloop
  endfacet
  facet normal 0.708515 -0.52545 0.471071
    outer loop
      vertex 18.4346 -15.1289 8.76537
      vertex 19.8287 -13.2491 8.76537
      vertex 18.2917 -15.0116 9.11114
    endloop
  endfacet
  facet normal 0.621182 -0.460703 0.633945
    outer loop
      vertex 19.675 -13.1464 9.11114
      vertex 19.4682 -13.0082 9.41421
      vertex 18.0994 -14.8538 9.41421
    endloop
  endfacet
  facet normal 0.621158 -0.460674 0.633989
    outer loop
      vertex 18.2917 -15.0116 9.11114
      vertex 19.675 -13.1464 9.11114
      vertex 18.0994 -14.8538 9.41421
    endloop
  endfacet
  facet normal 0.509974 -0.378204 0.772585
    outer loop
      vertex 19.4682 -13.0082 9.41421
      vertex 19.2162 -12.8399 9.66294
      vertex 17.8652 -14.6616 9.66294
    endloop
  endfacet
  facet normal 0.510024 -0.378263 0.772524
    outer loop
      vertex 18.0994 -14.8538 9.41421
      vertex 19.4682 -13.0082 9.41421
      vertex 17.8652 -14.6616 9.66294
    endloop
  endfacet
  facet normal 0.378987 -0.281072 0.881684
    outer loop
      vertex 19.2162 -12.8399 9.66294
      vertex 18.9287 -12.6478 9.84776
      vertex 17.5979 -14.4422 9.84776
    endloop
  endfacet
  facet normal 0.37896 -0.281043 0.881705
    outer loop
      vertex 17.8652 -14.6616 9.66294
      vertex 19.2162 -12.8399 9.66294
      vertex 17.5979 -14.4422 9.84776
    endloop
  endfacet
  facet normal 0.233416 -0.173121 0.956842
    outer loop
      vertex 18.9287 -12.6478 9.84776
      vertex 18.6168 -12.4393 9.96157
      vertex 17.3078 -14.2042 9.96157
    endloop
  endfacet
  facet normal 0.233385 -0.173088 0.956855
    outer loop
      vertex 17.5979 -14.4422 9.84776
      vertex 18.9287 -12.6478 9.84776
      vertex 17.3078 -14.2042 9.96157
    endloop
  endfacet
  facet normal 0.0788091 -0.0584456 0.995175
    outer loop
      vertex 18.6168 -12.4393 9.96157
      vertex 18.2923 -12.2225 10
      vertex 17.0062 -13.9567 10
    endloop
  endfacet
  facet normal 0.0788274 -0.0584651 0.995172
    outer loop
      vertex 17.3078 -14.2042 9.96157
      vertex 18.6168 -12.4393 9.96157
      vertex 17.0062 -13.9567 10
    endloop
  endfacet
  facet normal 0.737408 -0.668336 0.0977538
    outer loop
      vertex 18.5522 -15.2254 8
      vertex 18.5225 -15.2011 8.39018
      vertex 16.9434 -16.9434 8.39018
    endloop
  endfacet
  facet normal 0.737418 -0.66829 0.0979939
    outer loop
      vertex 16.9706 -16.9706 8
      vertex 18.5522 -15.2254 8
      vertex 16.9434 -16.9434 8.39018
    endloop
  endfacet
  facet normal 0.70913 -0.642756 0.289825
    outer loop
      vertex 18.5225 -15.2011 8.39018
      vertex 18.4346 -15.1289 8.76537
      vertex 16.8629 -16.8629 8.76537
    endloop
  endfacet
  facet normal 0.709107 -0.642686 0.290038
    outer loop
      vertex 16.9434 -16.9434 8.39018
      vertex 18.5225 -15.2011 8.39018
      vertex 16.8629 -16.8629 8.76537
    endloop
  endfacet
  facet normal 0.653581 -0.592386 0.471075
    outer loop
      vertex 18.4346 -15.1289 8.76537
      vertex 18.2917 -15.0116 9.11114
      vertex 16.7322 -16.7322 9.11114
    endloop
  endfacet
  facet normal 0.653602 -0.592426 0.470995
    outer loop
      vertex 16.8629 -16.8629 8.76537
      vertex 18.4346 -15.1289 8.76537
      vertex 16.7322 -16.7322 9.11114
    endloop
  endfacet
  facet normal 0.573003 -0.519354 0.633987
    outer loop
      vertex 18.2917 -15.0116 9.11114
      vertex 18.0994 -14.8538 9.41421
      vertex 16.5563 -16.5563 9.41421
    endloop
  endfacet
  facet normal 0.573 -0.51935 0.633993
    outer loop
      vertex 16.7322 -16.7322 9.11114
      vertex 18.2917 -15.0116 9.11114
      vertex 16.5563 -16.5563 9.41421
    endloop
  endfacet
  facet normal 0.47047 -0.426458 0.772522
    outer loop
      vertex 18.0994 -14.8538 9.41421
      vertex 17.8652 -14.6616 9.66294
      vertex 16.342 -16.342 9.66294
    endloop
  endfacet
  facet normal 0.470398 -0.426356 0.772623
    outer loop
      vertex 16.5563 -16.5563 9.41421
      vertex 18.0994 -14.8538 9.41421
      vertex 16.342 -16.342 9.66294
    endloop
  endfacet
  facet normal 0.349566 -0.316855 0.881707
    outer loop
      vertex 17.8652 -14.6616 9.66294
      vertex 17.5979 -14.4422 9.84776
      vertex 16.0975 -16.0975 9.84776
    endloop
  endfacet
  facet normal 0.34959 -0.316886 0.881686
    outer loop
      vertex 16.342 -16.342 9.66294
      vertex 17.8652 -14.6616 9.66294
      vertex 16.0975 -16.0975 9.84776
    endloop
  endfacet
  facet normal 0.215293 -0.195139 0.956854
    outer loop
      vertex 17.5979 -14.4422 9.84776
      vertex 17.3078 -14.2042 9.96157
      vertex 15.8322 -15.8322 9.96157
    endloop
  endfacet
  facet normal 0.215311 -0.195162 0.956845
    outer loop
      vertex 16.0975 -16.0975 9.84776
      vertex 17.5979 -14.4422 9.84776
      vertex 15.8322 -15.8322 9.96157
    endloop
  endfacet
  facet normal 0.0727168 -0.0659115 0.995172
    outer loop
      vertex 17.3078 -14.2042 9.96157
      vertex 17.0062 -13.9567 10
      vertex 15.5563 -15.5563 10
    endloop
  endfacet
  facet normal 0.072712 -0.0659053 0.995173
    outer loop
      vertex 15.8322 -15.8322 9.96157
      vertex 17.3078 -14.2042 9.96157
      vertex 15.5563 -15.5563 10
    endloop
  endfacet
  facet normal 0.66832 -0.737391 0.0979941
    outer loop
      vertex 16.9706 -16.9706 8
      vertex 16.9434 -16.9434 8.39018
      vertex 15.2011 -18.5225 8.39018
    endloop
  endfacet
  facet normal 0.668306 -0.737435 0.097754
    outer loop
      vertex 15.2254 -18.5522 8
      vertex 16.9706 -16.9706 8
      vertex 15.2011 -18.5225 8.39018
    endloop
  endfacet
  facet normal 0.642713 -0.709082 0.290038
    outer loop
      vertex 16.9434 -16.9434 8.39018
      vertex 16.8629 -16.8629 8.76537
      vertex 15.1289 -18.4346 8.76537
    endloop
  endfacet
  facet normal 0.642729 -0.709155 0.289826
    outer loop
      vertex 15.2011 -18.5225 8.39018
      vertex 16.9434 -16.9434 8.39018
      vertex 15.1289 -18.4346 8.76537
    endloop
  endfacet
  facet normal 0.592415 -0.653612 0.470994
    outer loop
      vertex 16.8629 -16.8629 8.76537
      vertex 16.7322 -16.7322 9.11114
      vertex 15.0116 -18.2917 9.11114
    endloop
  endfacet
  facet normal 0.592397 -0.653571 0.471074
    outer loop
      vertex 15.1289 -18.4346 8.76537
      vertex 16.8629 -16.8629 8.76537
      vertex 15.0116 -18.2917 9.11114
    endloop
  endfacet
  facet normal 0.519351 -0.572999 0.633993
    outer loop
      vertex 16.7322 -16.7322 9.11114
      vertex 16.5563 -16.5563 9.41421
      vertex 14.8538 -18.0994 9.41421
    endloop
  endfacet
  facet normal 0.519353 -0.573003 0.633987
    outer loop
      vertex 15.0116 -18.2917 9.11114
      vertex 16.7322 -16.7322 9.11114
      vertex 14.8538 -18.0994 9.41421
    endloop
  endfacet
  facet normal 0.426376 -0.470379 0.772623
    outer loop
      vertex 16.5563 -16.5563 9.41421
      vertex 16.342 -16.342 9.66294
      vertex 14.6616 -17.8652 9.66294
    endloop
  endfacet
  facet normal 0.426438 -0.470488 0.772523
    outer loop
      vertex 14.8538 -18.0994 9.41421
      vertex 16.5563 -16.5563 9.41421
      vertex 14.6616 -17.8652 9.66294
    endloop
  endfacet
  facet normal 0.31688 -0.349595 0.881686
    outer loop
      vertex 16.342 -16.342 9.66294
      vertex 16.0975 -16.0975 9.84776
      vertex 14.4422 -17.5979 9.84776
    endloop
  endfacet
  facet normal 0.31686 -0.349562 0.881706
    outer loop
      vertex 14.6616 -17.8652 9.66294
      vertex 16.342 -16.342 9.66294
      vertex 14.4422 -17.5979 9.84776
    endloop
  endfacet
  facet normal 0.195159 -0.215315 0.956845
    outer loop
      vertex 16.0975 -16.0975 9.84776
      vertex 15.8322 -15.8322 9.96157
      vertex 14.2042 -17.3078 9.96157
    endloop
  endfacet
  facet normal 0.195143 -0.21529 0.956854
    outer loop
      vertex 14.4422 -17.5979 9.84776
      vertex 16.0975 -16.0975 9.84776
      vertex 14.2042 -17.3078 9.96157
    endloop
  endfacet
  facet normal 0.0659063 -0.072711 0.995173
    outer loop
      vertex 15.8322 -15.8322 9.96157
      vertex 15.5563 -15.5563 10
      vertex 13.9567 -17.0062 10
    endloop
  endfacet
  facet normal 0.0659104 -0.0727177 0.995172
    outer loop
      vertex 14.2042 -17.3078 9.96157
      vertex 15.8322 -15.8322 9.96157
      vertex 13.9567 -17.0062 10
    endloop
  endfacet
  facet normal 0.592837 -0.799366 0.097768
    outer loop
      vertex 15.2254 -18.5522 8
      vertex 15.2011 -18.5225 8.39018
      vertex 13.3123 -19.9233 8.39018
    endloop
  endfacet
  facet normal 0.59286 -0.799311 0.0980706
    outer loop
      vertex 13.3337 -19.9553 8
      vertex 15.2254 -18.5522 8
      vertex 13.3123 -19.9233 8.39018
    endloop
  endfacet
  facet normal 0.570119 -0.768747 0.289814
    outer loop
      vertex 15.2011 -18.5225 8.39018
      vertex 15.1289 -18.4346 8.76537
      vertex 13.2491 -19.8287 8.76537
    endloop
  endfacet
  facet normal 0.570117 -0.76873 0.289862
    outer loop
      vertex 13.3123 -19.9233 8.39018
      vertex 15.2011 -18.5225 8.39018
      vertex 13.2491 -19.8287 8.76537
    endloop
  endfacet
  facet normal 0.525457 -0.70851 0.471071
    outer loop
      vertex 15.1289 -18.4346 8.76537
      vertex 15.0116 -18.2917 9.11114
      vertex 13.1464 -19.675 9.11114
    endloop
  endfacet
  facet normal 0.525464 -0.708534 0.471027
    outer loop
      vertex 13.2491 -19.8287 8.76537
      vertex 15.1289 -18.4346 8.76537
      vertex 13.1464 -19.675 9.11114
    endloop
  endfacet
  facet normal 0.460681 -0.621152 0.633989
    outer loop
      vertex 15.0116 -18.2917 9.11114
      vertex 14.8538 -18.0994 9.41421
      vertex 13.0082 -19.4682 9.41421
    endloop
  endfacet
  facet normal 0.460695 -0.621188 0.633945
    outer loop
      vertex 13.1464 -19.675 9.11114
      vertex 15.0116 -18.2917 9.11114
      vertex 13.0082 -19.4682 9.41421
    endloop
  endfacet
  facet normal 0.378249 -0.510035 0.772523
    outer loop
      vertex 14.8538 -18.0994 9.41421
      vertex 14.6616 -17.8652 9.66294
      vertex 12.8399 -19.2162 9.66294
    endloop
  endfacet
  facet normal 0.378218 -0.509964 0.772585
    outer loop
      vertex 13.0082 -19.4682 9.41421
      vertex 14.8538 -18.0994 9.41421
      vertex 12.8399 -19.2162 9.66294
    endloop
  endfacet
  facet normal 0.281049 -0.378955 0.881705
    outer loop
      vertex 14.6616 -17.8652 9.66294
      vertex 14.4422 -17.5979 9.84776
      vertex 12.6478 -18.9287 9.84776
    endloop
  endfacet
  facet normal 0.281066 -0.378992 0.881684
    outer loop
      vertex 12.8399 -19.2162 9.66294
      vertex 14.6616 -17.8652 9.66294
      vertex 12.6478 -18.9287 9.84776
    endloop
  endfacet
  facet normal 0.173094 -0.233379 0.956856
    outer loop
      vertex 14.4422 -17.5979 9.84776
      vertex 14.2042 -17.3078 9.96157
      vertex 12.4393 -18.6168 9.96157
    endloop
  endfacet
  facet normal 0.173114 -0.233421 0.956842
    outer loop
      vertex 12.6478 -18.9287 9.84776
      vertex 14.4422 -17.5979 9.84776
      vertex 12.4393 -18.6168 9.96157
    endloop
  endfacet
  facet normal 0.0584614 -0.0788305 0.995172
    outer loop
      vertex 14.2042 -17.3078 9.96157
      vertex 13.9567 -17.0062 10
      vertex 12.2225 -18.2923 10
    endloop
  endfacet
  facet normal 0.0584496 -0.0788065 0.995175
    outer loop
      vertex 12.4393 -18.6168 9.96157
      vertex 14.2042 -17.3078 9.96157
      vertex 12.2225 -18.2923 10
    endloop
  endfacet
  facet normal 0.51163 -0.853591 0.098067
    outer loop
      vertex 13.3337 -19.9553 8
      vertex 13.3123 -19.9233 8.39018
      vertex 11.2954 -21.1322 8.39018
    endloop
  endfacet
  facet normal 0.511614 -0.85362 0.0978982
    outer loop
      vertex 11.3135 -21.1661 8
      vertex 13.3337 -19.9553 8
      vertex 11.2954 -21.1322 8.39018
    endloop
  endfacet
  facet normal 0.492022 -0.82091 0.289864
    outer loop
      vertex 13.3123 -19.9233 8.39018
      vertex 13.2491 -19.8287 8.76537
      vertex 11.2418 -21.0318 8.76537
    endloop
  endfacet
  facet normal 0.492022 -0.820878 0.289956
    outer loop
      vertex 11.2954 -21.1322 8.39018
      vertex 13.3123 -19.9233 8.39018
      vertex 11.2418 -21.0318 8.76537
    endloop
  endfacet
  facet normal 0.453489 -0.756626 0.471026
    outer loop
      vertex 13.2491 -19.8287 8.76537
      vertex 13.1464 -19.675 9.11114
      vertex 11.1546 -20.8688 9.11114
    endloop
  endfacet
  facet normal 0.453487 -0.756616 0.471043
    outer loop
      vertex 11.2418 -21.0318 8.76537
      vertex 13.2491 -19.8287 8.76537
      vertex 11.1546 -20.8688 9.11114
    endloop
  endfacet
  facet normal 0.397609 -0.663343 0.633942
    outer loop
      vertex 13.1464 -19.675 9.11114
      vertex 13.0082 -19.4682 9.41421
      vertex 11.0374 -20.6495 9.41421
    endloop
  endfacet
  facet normal 0.397635 -0.663436 0.633829
    outer loop
      vertex 11.1546 -20.8688 9.11114
      vertex 13.1464 -19.675 9.11114
      vertex 11.0374 -20.6495 9.41421
    endloop
  endfacet
  facet normal 0.3264 -0.544578 0.772592
    outer loop
      vertex 13.0082 -19.4682 9.41421
      vertex 12.8399 -19.2162 9.66294
      vertex 10.8945 -20.3822 9.66294
    endloop
  endfacet
  facet normal 0.326373 -0.544499 0.772659
    outer loop
      vertex 11.0374 -20.6495 9.41421
      vertex 13.0082 -19.4682 9.41421
      vertex 10.8945 -20.3822 9.66294
    endloop
  endfacet
  facet normal 0.242576 -0.404709 0.881684
    outer loop
      vertex 12.8399 -19.2162 9.66294
      vertex 12.6478 -18.9287 9.84776
      vertex 10.7315 -20.0773 9.84776
    endloop
  endfacet
  facet normal 0.24259 -0.404746 0.881664
    outer loop
      vertex 10.8945 -20.3822 9.66294
      vertex 12.8399 -19.2162 9.66294
      vertex 10.7315 -20.0773 9.84776
    endloop
  endfacet
  facet normal 0.149407 -0.249268 0.95684
    outer loop
      vertex 12.6478 -18.9287 9.84776
      vertex 12.4393 -18.6168 9.96157
      vertex 10.5547 -19.7464 9.96157
    endloop
  endfacet
  facet normal 0.149407 -0.249268 0.95684
    outer loop
      vertex 10.7315 -20.0773 9.84776
      vertex 12.6478 -18.9287 9.84776
      vertex 10.5547 -19.7464 9.96157
    endloop
  endfacet
  facet normal 0.050444 -0.0841551 0.995175
    outer loop
      vertex 12.4393 -18.6168 9.96157
      vertex 12.2225 -18.2923 10
      vertex 10.3707 -19.4023 10
    endloop
  endfacet
  facet normal 0.0504486 -0.0841673 0.995174
    outer loop
      vertex 10.5547 -19.7464 9.96157
      vertex 12.4393 -18.6168 9.96157
      vertex 10.3707 -19.4023 10
    endloop
  endfacet
  facet normal 0.425508 -0.899643 0.0979025
    outer loop
      vertex 11.3135 -21.1661 8
      vertex 11.2954 -21.1322 8.39018
      vertex 9.1697 -22.1376 8.39018
    endloop
  endfacet
  facet normal 0.425506 -0.899646 0.097884
    outer loop
      vertex 9.1844 -22.1731 8
      vertex 11.3135 -21.1661 8
      vertex 9.1697 -22.1376 8.39018
    endloop
  endfacet
  facet normal 0.409208 -0.86514 0.289969
    outer loop
      vertex 11.2954 -21.1322 8.39018
      vertex 11.2418 -21.0318 8.76537
      vertex 9.12614 -22.0325 8.76537
    endloop
  endfacet
  facet normal 0.409205 -0.865176 0.289866
    outer loop
      vertex 9.1697 -22.1376 8.39018
      vertex 11.2954 -21.1322 8.39018
      vertex 9.12614 -22.0325 8.76537
    endloop
  endfacet
  facet normal 0.377171 -0.797416 0.47103
    outer loop
      vertex 11.2418 -21.0318 8.76537
      vertex 11.1546 -20.8688 9.11114
      vertex 9.05541 -21.8617 9.11114
    endloop
  endfacet
  facet normal 0.37717 -0.797406 0.471048
    outer loop
      vertex 9.12614 -22.0325 8.76537
      vertex 11.2418 -21.0318 8.76537
      vertex 9.05541 -21.8617 9.11114
    endloop
  endfacet
  facet normal 0.330694 -0.699214 0.63383
    outer loop
      vertex 11.1546 -20.8688 9.11114
      vertex 11.0374 -20.6495 9.41421
      vertex 8.96023 -21.6319 9.41421
    endloop
  endfacet
  facet normal 0.330676 -0.699116 0.633948
    outer loop
      vertex 9.05541 -21.8617 9.11114
      vertex 11.1546 -20.8688 9.11114
      vertex 8.96023 -21.6319 9.41421
    endloop
  endfacet
  facet normal 0.271423 -0.573874 0.772657
    outer loop
      vertex 11.0374 -20.6495 9.41421
      vertex 10.8945 -20.3822 9.66294
      vertex 8.84425 -21.3519 9.66294
    endloop
  endfacet
  facet normal 0.271431 -0.57391 0.772627
    outer loop
      vertex 8.96023 -21.6319 9.41421
      vertex 11.0374 -20.6495 9.41421
      vertex 8.84425 -21.3519 9.66294
    endloop
  endfacet
  facet normal 0.201757 -0.426574 0.881662
    outer loop
      vertex 10.8945 -20.3822 9.66294
      vertex 10.7315 -20.0773 9.84776
      vertex 8.71193 -21.0325 9.84776
    endloop
  endfacet
  facet normal 0.20176 -0.426584 0.881657
    outer loop
      vertex 8.84425 -21.3519 9.66294
      vertex 10.8945 -20.3822 9.66294
      vertex 8.71193 -21.0325 9.84776
    endloop
  endfacet
  facet normal 0.124244 -0.262713 0.956841
    outer loop
      vertex 10.7315 -20.0773 9.84776
      vertex 10.5547 -19.7464 9.96157
      vertex 8.56835 -20.6858 9.96157
    endloop
  endfacet
  facet normal 0.124229 -0.262657 0.956859
    outer loop
      vertex 8.71193 -21.0325 9.84776
      vertex 10.7315 -20.0773 9.84776
      vertex 8.56835 -20.6858 9.96157
    endloop
  endfacet
  facet normal 0.0419534 -0.0887099 0.995174
    outer loop
      vertex 10.5547 -19.7464 9.96157
      vertex 10.3707 -19.4023 10
      vertex 8.41903 -20.3253 10
    endloop
  endfacet
  facet normal 0.0419535 -0.0887102 0.995174
    outer loop
      vertex 8.56835 -20.6858 9.96157
      vertex 10.5547 -19.7464 9.96157
      vertex 8.41903 -20.3253 10
    endloop
  endfacet
  facet normal 0.335276 -0.937021 0.0978851
    outer loop
      vertex 9.1844 -22.1731 8
      vertex 9.1697 -22.1376 8.39018
      vertex 6.95568 -22.9298 8.39018
    endloop
  endfacet
  facet normal 0.335285 -0.93701 0.0979558
    outer loop
      vertex 6.96683 -22.9666 8
      vertex 9.1844 -22.1731 8
      vertex 6.95568 -22.9298 8.39018
    endloop
  endfacet
  facet normal 0.322418 -0.901126 0.289861
    outer loop
      vertex 9.1697 -22.1376 8.39018
      vertex 9.12614 -22.0325 8.76537
      vertex 6.92264 -22.8209 8.76537
    endloop
  endfacet
  facet normal 0.322423 -0.901099 0.28994
    outer loop
      vertex 6.95568 -22.9298 8.39018
      vertex 9.1697 -22.1376 8.39018
      vertex 6.92264 -22.8209 8.76537
    endloop
  endfacet
  facet normal 0.297168 -0.830543 0.471051
    outer loop
      vertex 9.12614 -22.0325 8.76537
      vertex 9.05541 -21.8617 9.11114
      vertex 6.86899 -22.644 9.11114
    endloop
  endfacet
  facet normal 0.297168 -0.830555 0.471031
    outer loop
      vertex 6.92264 -22.8209 8.76537
      vertex 9.12614 -22.0325 8.76537
      vertex 6.86899 -22.644 9.11114
    endloop
  endfacet
  facet normal 0.260545 -0.728165 0.633949
    outer loop
      vertex 9.05541 -21.8617 9.11114
      vertex 8.96023 -21.6319 9.41421
      vertex 6.79679 -22.406 9.41421
    endloop
  endfacet
  facet normal 0.260547 -0.728192 0.633917
    outer loop
      vertex 6.86899 -22.644 9.11114
      vertex 9.05541 -21.8617 9.11114
      vertex 6.79679 -22.406 9.41421
    endloop
  endfacet
  facet normal 0.213885 -0.597747 0.772627
    outer loop
      vertex 8.96023 -21.6319 9.41421
      vertex 8.84425 -21.3519 9.66294
      vertex 6.70881 -22.116 9.66294
    endloop
  endfacet
  facet normal 0.213888 -0.597769 0.772609
    outer loop
      vertex 6.79679 -22.406 9.41421
      vertex 8.96023 -21.6319 9.41421
      vertex 6.70881 -22.116 9.66294
    endloop
  endfacet
  facet normal 0.158968 -0.444311 0.881656
    outer loop
      vertex 8.84425 -21.3519 9.66294
      vertex 8.71193 -21.0325 9.84776
      vertex 6.60844 -21.7851 9.84776
    endloop
  endfacet
  facet normal 0.158958 -0.444242 0.881692
    outer loop
      vertex 6.70881 -22.116 9.66294
      vertex 8.84425 -21.3519 9.66294
      vertex 6.60844 -21.7851 9.84776
    endloop
  endfacet
  facet normal 0.0978915 -0.273565 0.956859
    outer loop
      vertex 8.71193 -21.0325 9.84776
      vertex 8.56835 -20.6858 9.96157
      vertex 6.49953 -21.4261 9.96157
    endloop
  endfacet
  facet normal 0.097903 -0.273635 0.956838
    outer loop
      vertex 6.60844 -21.7851 9.84776
      vertex 8.71193 -21.0325 9.84776
      vertex 6.49953 -21.4261 9.96157
    endloop
  endfacet
  facet normal 0.0330617 -0.0923932 0.995174
    outer loop
      vertex 8.56835 -20.6858 9.96157
      vertex 8.41903 -20.3253 10
      vertex 6.38626 -21.0527 10
    endloop
  endfacet
  facet normal 0.0330617 -0.0923932 0.995174
    outer loop
      vertex 6.49953 -21.4261 9.96157
      vertex 8.56835 -20.6858 9.96157
      vertex 6.38626 -21.0527 10
    endloop
  endfacet
  facet normal 0.241826 -0.965362 0.0979591
    outer loop
      vertex 6.96683 -22.9666 8
      vertex 6.95568 -22.9298 8.39018
      vertex 4.67467 -23.5012 8.39018
    endloop
  endfacet
  facet normal 0.241787 -0.9654 0.0976792
    outer loop
      vertex 4.68217 -23.5388 8
      vertex 6.96683 -22.9666 8
      vertex 4.67467 -23.5012 8.39018
    endloop
  endfacet
  facet normal 0.232525 -0.928369 0.289938
    outer loop
      vertex 6.95568 -22.9298 8.39018
      vertex 6.92264 -22.8209 8.76537
      vertex 4.65247 -23.3895 8.76537
    endloop
  endfacet
  facet normal 0.232543 -0.928304 0.29013
    outer loop
      vertex 4.67467 -23.5012 8.39018
      vertex 6.95568 -22.9298 8.39018
      vertex 4.65247 -23.3895 8.76537
    endloop
  endfacet
  facet normal 0.214357 -0.855674 0.471033
    outer loop
      vertex 6.92264 -22.8209 8.76537
      vertex 6.86899 -22.644 9.11114
      vertex 4.61641 -23.2083 9.11114
    endloop
  endfacet
  facet normal 0.214346 -0.85579 0.470829
    outer loop
      vertex 4.65247 -23.3895 8.76537
      vertex 6.92264 -22.8209 8.76537
      vertex 4.61641 -23.2083 9.11114
    endloop
  endfacet
  facet normal 0.187918 -0.750224 0.633917
    outer loop
      vertex 6.86899 -22.644 9.11114
      vertex 6.79679 -22.406 9.41421
      vertex 4.56789 -22.9643 9.41421
    endloop
  endfacet
  facet normal 0.187919 -0.750139 0.634018
    outer loop
      vertex 4.61641 -23.2083 9.11114
      vertex 6.86899 -22.644 9.11114
      vertex 4.56789 -22.9643 9.41421
    endloop
  endfacet
  facet normal 0.154268 -0.615856 0.772608
    outer loop
      vertex 6.79679 -22.406 9.41421
      vertex 6.70881 -22.116 9.66294
      vertex 4.50876 -22.6671 9.66294
    endloop
  endfacet
  facet normal 0.154269 -0.615889 0.772581
    outer loop
      vertex 4.56789 -22.9643 9.41421
      vertex 6.79679 -22.406 9.41421
      vertex 4.50876 -22.6671 9.66294
    endloop
  endfacet
  facet normal 0.114636 -0.457686 0.881693
    outer loop
      vertex 6.70881 -22.116 9.66294
      vertex 6.60844 -21.7851 9.84776
      vertex 4.4413 -22.3279 9.84776
    endloop
  endfacet
  facet normal 0.114633 -0.457627 0.881724
    outer loop
      vertex 4.50876 -22.6671 9.66294
      vertex 6.70881 -22.116 9.66294
      vertex 4.4413 -22.3279 9.84776
    endloop
  endfacet
  facet normal 0.0706165 -0.281913 0.956838
    outer loop
      vertex 6.60844 -21.7851 9.84776
      vertex 6.49953 -21.4261 9.96157
      vertex 4.36811 -21.96 9.96157
    endloop
  endfacet
  facet normal 0.0706186 -0.281946 0.956828
    outer loop
      vertex 4.4413 -22.3279 9.84776
      vertex 6.60844 -21.7851 9.84776
      vertex 4.36811 -21.96 9.96157
    endloop
  endfacet
  facet normal 0.0238443 -0.0951893 0.995174
    outer loop
      vertex 6.49953 -21.4261 9.96157
      vertex 6.38626 -21.0527 10
      vertex 4.29199 -21.5773 10
    endloop
  endfacet
  facet normal 0.0238443 -0.0951907 0.995173
    outer loop
      vertex 4.36811 -21.96 9.96157
      vertex 6.49953 -21.4261 9.96157
      vertex 4.29199 -21.5773 10
    endloop
  endfacet
  facet normal 0.146015 -0.984449 0.0976739
    outer loop
      vertex 4.68217 -23.5388 8
      vertex 4.67467 -23.5012 8.39018
      vertex 2.34864 -23.8462 8.39018
    endloop
  endfacet
  facet normal 0.146032 -0.984435 0.0977906
    outer loop
      vertex 2.35241 -23.8844 8
      vertex 4.68217 -23.5388 8
      vertex 2.34864 -23.8462 8.39018
    endloop
  endfacet
  facet normal 0.140421 -0.946628 0.290135
    outer loop
      vertex 4.67467 -23.5012 8.39018
      vertex 4.65247 -23.3895 8.76537
      vertex 2.33749 -23.7329 8.76537
    endloop
  endfacet
  facet normal 0.140409 -0.946657 0.290045
    outer loop
      vertex 2.34864 -23.8462 8.39018
      vertex 4.67467 -23.5012 8.39018
      vertex 2.33749 -23.7329 8.76537
    endloop
  endfacet
  facet normal 0.129437 -0.87268 0.470825
    outer loop
      vertex 4.65247 -23.3895 8.76537
      vertex 4.61641 -23.2083 9.11114
      vertex 2.31937 -23.549 9.11114
    endloop
  endfacet
  facet normal 0.129445 -0.872637 0.470901
    outer loop
      vertex 2.33749 -23.7329 8.76537
      vertex 4.65247 -23.3895 8.76537
      vertex 2.31937 -23.549 9.11114
    endloop
  endfacet
  facet normal 0.113485 -0.764944 0.634021
    outer loop
      vertex 4.61641 -23.2083 9.11114
      vertex 4.56789 -22.9643 9.41421
      vertex 2.29499 -23.3015 9.41421
    endloop
  endfacet
  facet normal 0.113473 -0.765047 0.633898
    outer loop
      vertex 2.31937 -23.549 9.11114
      vertex 4.61641 -23.2083 9.11114
      vertex 2.29499 -23.3015 9.41421
    endloop
  endfacet
  facet normal 0.0931652 -0.628045 0.77258
    outer loop
      vertex 4.56789 -22.9643 9.41421
      vertex 4.50876 -22.6671 9.66294
      vertex 2.26529 -22.9999 9.66294
    endloop
  endfacet
  facet normal 0.0931683 -0.628002 0.772615
    outer loop
      vertex 2.29499 -23.3015 9.41421
      vertex 4.56789 -22.9643 9.41421
      vertex 2.26529 -22.9999 9.66294
    endloop
  endfacet
  facet normal 0.0692207 -0.466659 0.881724
    outer loop
      vertex 4.50876 -22.6671 9.66294
      vertex 4.4413 -22.3279 9.84776
      vertex 2.2314 -22.6557 9.84776
    endloop
  endfacet
  facet normal 0.0692217 -0.466637 0.881736
    outer loop
      vertex 2.26529 -22.9999 9.66294
      vertex 4.50876 -22.6671 9.66294
      vertex 2.2314 -22.6557 9.84776
    endloop
  endfacet
  facet normal 0.0426473 -0.287511 0.956827
    outer loop
      vertex 4.4413 -22.3279 9.84776
      vertex 4.36811 -21.96 9.96157
      vertex 2.19462 -22.2824 9.96157
    endloop
  endfacet
  facet normal 0.0426473 -0.287511 0.956827
    outer loop
      vertex 2.2314 -22.6557 9.84776
      vertex 4.4413 -22.3279 9.84776
      vertex 2.19462 -22.2824 9.96157
    endloop
  endfacet
  facet normal 0.0143994 -0.0970693 0.995173
    outer loop
      vertex 4.36811 -21.96 9.96157
      vertex 4.29199 -21.5773 10
      vertex 2.15638 -21.8941 10
    endloop
  endfacet
  facet normal 0.0143993 -0.0970741 0.995173
    outer loop
      vertex 2.19462 -22.2824 9.96157
      vertex 4.36811 -21.96 9.96157
      vertex 2.15638 -21.8941 10
    endloop
  endfacet
  facet normal 0.0488404 -0.994008 0.0977888
    outer loop
      vertex 2.35241 -23.8844 8
      vertex 2.34864 -23.8462 8.39018
      vertex 0 -23.9616 8.39018
    endloop
  endfacet
  facet normal 0.0488464 -0.994004 0.097826
    outer loop
      vertex 2.35241 -23.8844 8
      vertex 0 -23.9616 8.39018
      vertex 0 -24 8
    endloop
  endfacet
  facet normal 0.0469855 -0.955858 0.290047
    outer loop
      vertex 2.34864 -23.8462 8.39018
      vertex 2.33749 -23.7329 8.76537
      vertex 0 -23.8478 8.76537
    endloop
  endfacet
  facet normal 0.0469676 -0.955893 0.289935
    outer loop
      vertex 2.34864 -23.8462 8.39018
      vertex 0 -23.8478 8.76537
      vertex 0 -23.9616 8.39018
    endloop
  endfacet
  facet normal 0.0432704 -0.881125 0.4709
    outer loop
      vertex 2.33749 -23.7329 8.76537
      vertex 2.31937 -23.549 9.11114
      vertex 0 -23.6629 9.11114
    endloop
  endfacet
  facet normal 0.0433062 -0.881007 0.471117
    outer loop
      vertex 2.33749 -23.7329 8.76537
      vertex 0 -23.6629 9.11114
      vertex 0 -23.8478 8.76537
    endloop
  endfacet
  facet normal 0.0379345 -0.772486 0.633897
    outer loop
      vertex 2.31937 -23.549 9.11114
      vertex 2.29499 -23.3015 9.41421
      vertex 0 -23.4142 9.41421
    endloop
  endfacet
  facet normal 0.0379352 -0.772483 0.633901
    outer loop
      vertex 2.31937 -23.549 9.11114
      vertex 0 -23.4142 9.41421
      vertex 0 -23.6629 9.11114
    endloop
  endfacet
  facet normal 0.0311277 -0.634111 0.772615
    outer loop
      vertex 2.29499 -23.3015 9.41421
      vertex 2.26529 -22.9999 9.66294
      vertex 0 -23.1111 9.66294
    endloop
  endfacet
  facet normal 0.0311367 -0.634059 0.772658
    outer loop
      vertex 2.29499 -23.3015 9.41421
      vertex 0 -23.1111 9.66294
      vertex 0 -23.4142 9.41421
    endloop
  endfacet
  facet normal 0.0231638 -0.471173 0.881737
    outer loop
      vertex 2.26529 -22.9999 9.66294
      vertex 2.2314 -22.6557 9.84776
      vertex 0 -22.7654 9.84776
    endloop
  endfacet
  facet normal 0.0231379 -0.471349 0.881643
    outer loop
      vertex 2.26529 -22.9999 9.66294
      vertex 0 -22.7654 9.84776
      vertex 0 -23.1111 9.66294
    endloop
  endfacet
  facet normal 0.01426 -0.290308 0.956827
    outer loop
      vertex 2.2314 -22.6557 9.84776
      vertex 2.19462 -22.2824 9.96157
      vertex 0 -22.3902 9.96157
    endloop
  endfacet
  facet normal 0.0142689 -0.290242 0.956847
    outer loop
      vertex 2.2314 -22.6557 9.84776
      vertex 0 -22.3902 9.96157
      vertex 0 -22.7654 9.84776
    endloop
  endfacet
  facet normal 0.00481368 -0.0980181 0.995173
    outer loop
      vertex 2.19462 -22.2824 9.96157
      vertex 2.15638 -21.8941 10
      vertex 0 -22 10
    endloop
  endfacet
  facet normal 0.00481439 -0.0980126 0.995174
    outer loop
      vertex 2.19462 -22.2824 9.96157
      vertex 0 -22 10
      vertex 0 -22.3902 9.96157
    endloop
  endfacet
  facet normal -0.0488402 -0.994004 0.097826
    outer loop
      vertex 0 -24 8
      vertex 0 -23.9616 8.39018
      vertex -2.34864 -23.8462 8.39018
    endloop
  endfacet
  facet normal -0.0488466 -0.994008 0.0977888
    outer loop
      vertex 0 -24 8
      vertex -2.34864 -23.8462 8.39018
      vertex -2.35241 -23.8844 8
    endloop
  endfacet
  facet normal -0.0469872 -0.955892 0.289935
    outer loop
      vertex 0 -23.9616 8.39018
      vertex 0 -23.8478 8.76537
      vertex -2.33749 -23.7329 8.76537
    endloop
  endfacet
  facet normal -0.046966 -0.955859 0.290046
    outer loop
      vertex 0 -23.9616 8.39018
      vertex -2.33749 -23.7329 8.76537
      vertex -2.34864 -23.8462 8.39018
    endloop
  endfacet
  facet normal -0.0432647 -0.881009 0.471118
    outer loop
      vertex 0 -23.8478 8.76537
      vertex 0 -23.6629 9.11114
      vertex -2.31937 -23.549 9.11114
    endloop
  endfacet
  facet normal -0.0433118 -0.881123 0.4709
    outer loop
      vertex 0 -23.8478 8.76537
      vertex -2.31937 -23.549 9.11114
      vertex -2.33749 -23.7329 8.76537
    endloop
  endfacet
  facet normal -0.0379343 -0.772483 0.633901
    outer loop
      vertex 0 -23.6629 9.11114
      vertex 0 -23.4142 9.41421
      vertex -2.29499 -23.3015 9.41421
    endloop
  endfacet
  facet normal -0.0379354 -0.772486 0.633897
    outer loop
      vertex 0 -23.6629 9.11114
      vertex -2.29499 -23.3015 9.41421
      vertex -2.31937 -23.549 9.11114
    endloop
  endfacet
  facet normal -0.0311251 -0.634059 0.772658
    outer loop
      vertex 0 -23.4142 9.41421
      vertex 0 -23.1111 9.66294
      vertex -2.26529 -22.9999 9.66294
    endloop
  endfacet
  facet normal -0.0311392 -0.634111 0.772615
    outer loop
      vertex 0 -23.4142 9.41421
      vertex -2.26529 -22.9999 9.66294
      vertex -2.29499 -23.3015 9.41421
    endloop
  endfacet
  facet normal -0.0231724 -0.471349 0.881643
    outer loop
      vertex 0 -23.1111 9.66294
      vertex 0 -22.7654 9.84776
      vertex -2.2314 -22.6557 9.84776
    endloop
  endfacet
  facet normal -0.0231294 -0.471176 0.881736
    outer loop
      vertex 0 -23.1111 9.66294
      vertex -2.2314 -22.6557 9.84776
      vertex -2.26529 -22.9999 9.66294
    endloop
  endfacet
  facet normal -0.0142567 -0.290242 0.956847
    outer loop
      vertex 0 -22.7654 9.84776
      vertex 0 -22.3902 9.96157
      vertex -2.19462 -22.2824 9.96157
    endloop
  endfacet
  facet normal -0.0142721 -0.290307 0.956827
    outer loop
      vertex 0 -22.7654 9.84776
      vertex -2.19462 -22.2824 9.96157
      vertex -2.2314 -22.6557 9.84776
    endloop
  endfacet
  facet normal -0.00481341 -0.0980126 0.995174
    outer loop
      vertex 0 -22.3902 9.96157
      vertex 0 -22 10
      vertex -2.15638 -21.8941 10
    endloop
  endfacet
  facet normal -0.00481466 -0.098018 0.995173
    outer loop
      vertex 0 -22.3902 9.96157
      vertex -2.15638 -21.8941 10
      vertex -2.19462 -22.2824 9.96157
    endloop
  endfacet
  facet normal -0.146013 -0.984437 0.0977907
    outer loop
      vertex -2.35241 -23.8844 8
      vertex -2.34864 -23.8462 8.39018
      vertex -4.67467 -23.5012 8.39018
    endloop
  endfacet
  facet normal -0.146034 -0.984446 0.097674
    outer loop
      vertex -2.35241 -23.8844 8
      vertex -4.67467 -23.5012 8.39018
      vertex -4.68217 -23.5388 8
    endloop
  endfacet
  facet normal -0.140425 -0.946655 0.290044
    outer loop
      vertex -2.34864 -23.8462 8.39018
      vertex -2.33749 -23.7329 8.76537
      vertex -4.65247 -23.3895 8.76537
    endloop
  endfacet
  facet normal -0.140405 -0.94663 0.290135
    outer loop
      vertex -2.34864 -23.8462 8.39018
      vertex -4.65247 -23.3895 8.76537
      vertex -4.67467 -23.5012 8.39018
    endloop
  endfacet
  facet normal -0.129431 -0.872639 0.470902
    outer loop
      vertex -2.33749 -23.7329 8.76537
      vertex -2.31937 -23.549 9.11114
      vertex -4.61641 -23.2083 9.11114
    endloop
  endfacet
  facet normal -0.129451 -0.872678 0.470825
    outer loop
      vertex -2.33749 -23.7329 8.76537
      vertex -4.61641 -23.2083 9.11114
      vertex -4.65247 -23.3895 8.76537
    endloop
  endfacet
  facet normal -0.113499 -0.765044 0.633898
    outer loop
      vertex -2.31937 -23.549 9.11114
      vertex -2.29499 -23.3015 9.41421
      vertex -4.56789 -22.9643 9.41421
    endloop
  endfacet
  facet normal -0.113458 -0.764948 0.63402
    outer loop
      vertex -2.31937 -23.549 9.11114
      vertex -4.56789 -22.9643 9.41421
      vertex -4.61641 -23.2083 9.11114
    endloop
  endfacet
  facet normal -0.093159 -0.628003 0.772615
    outer loop
      vertex -2.29499 -23.3015 9.41421
      vertex -2.26529 -22.9999 9.66294
      vertex -4.50876 -22.6671 9.66294
    endloop
  endfacet
  facet normal -0.0931744 -0.628043 0.77258
    outer loop
      vertex -2.29499 -23.3015 9.41421
      vertex -4.50876 -22.6671 9.66294
      vertex -4.56789 -22.9643 9.41421
    endloop
  endfacet
  facet normal -0.0692175 -0.466638 0.881736
    outer loop
      vertex -2.26529 -22.9999 9.66294
      vertex -2.2314 -22.6557 9.84776
      vertex -4.4413 -22.3279 9.84776
    endloop
  endfacet
  facet normal -0.0692248 -0.466658 0.881725
    outer loop
      vertex -2.26529 -22.9999 9.66294
      vertex -4.4413 -22.3279 9.84776
      vertex -4.50876 -22.6671 9.66294
    endloop
  endfacet
  facet normal -0.0426474 -0.287511 0.956827
    outer loop
      vertex -2.2314 -22.6557 9.84776
      vertex -2.19462 -22.2824 9.96157
      vertex -4.36811 -21.96 9.96157
    endloop
  endfacet
  facet normal -0.0426472 -0.287511 0.956827
    outer loop
      vertex -2.2314 -22.6557 9.84776
      vertex -4.36811 -21.96 9.96157
      vertex -4.4413 -22.3279 9.84776
    endloop
  endfacet
  facet normal -0.0144001 -0.097074 0.995173
    outer loop
      vertex -2.19462 -22.2824 9.96157
      vertex -2.15638 -21.8941 10
      vertex -4.29199 -21.5773 10
    endloop
  endfacet
  facet normal -0.0143986 -0.0970695 0.995173
    outer loop
      vertex -2.19462 -22.2824 9.96157
      vertex -4.29199 -21.5773 10
      vertex -4.36811 -21.96 9.96157
    endloop
  endfacet
  facet normal -0.241833 -0.965389 0.0976789
    outer loop
      vertex -4.68217 -23.5388 8
      vertex -4.67467 -23.5012 8.39018
      vertex -6.95568 -22.9298 8.39018
    endloop
  endfacet
  facet normal -0.241781 -0.965374 0.0979589
    outer loop
      vertex -4.68217 -23.5388 8
      vertex -6.95568 -22.9298 8.39018
      vertex -6.96683 -22.9666 8
    endloop
  endfacet
  facet normal -0.23251 -0.928312 0.290131
    outer loop
      vertex -4.67467 -23.5012 8.39018
      vertex -4.65247 -23.3895 8.76537
      vertex -6.92264 -22.8209 8.76537
    endloop
  endfacet
  facet normal -0.232557 -0.92836 0.289939
    outer loop
      vertex -4.67467 -23.5012 8.39018
      vertex -6.92264 -22.8209 8.76537
      vertex -6.95568 -22.9298 8.39018
    endloop
  endfacet
  facet normal -0.214384 -0.855781 0.470828
    outer loop
      vertex -4.65247 -23.3895 8.76537
      vertex -4.61641 -23.2083 9.11114
      vertex -6.86899 -22.644 9.11114
    endloop
  endfacet
  facet normal -0.21432 -0.855684 0.471032
    outer loop
      vertex -4.65247 -23.3895 8.76537
      vertex -6.86899 -22.644 9.11114
      vertex -6.92264 -22.8209 8.76537
    endloop
  endfacet
  facet normal -0.187898 -0.750144 0.634018
    outer loop
      vertex -4.61641 -23.2083 9.11114
      vertex -4.56789 -22.9643 9.41421
      vertex -6.79679 -22.406 9.41421
    endloop
  endfacet
  facet normal -0.187939 -0.750219 0.633917
    outer loop
      vertex -4.61641 -23.2083 9.11114
      vertex -6.79679 -22.406 9.41421
      vertex -6.86899 -22.644 9.11114
    endloop
  endfacet
  facet normal -0.154276 -0.615887 0.772581
    outer loop
      vertex -4.56789 -22.9643 9.41421
      vertex -4.50876 -22.6671 9.66294
      vertex -6.70881 -22.116 9.66294
    endloop
  endfacet
  facet normal -0.154261 -0.615858 0.772608
    outer loop
      vertex -4.56789 -22.9643 9.41421
      vertex -6.70881 -22.116 9.66294
      vertex -6.79679 -22.406 9.41421
    endloop
  endfacet
  facet normal -0.114622 -0.457629 0.881724
    outer loop
      vertex -4.50876 -22.6671 9.66294
      vertex -4.4413 -22.3279 9.84776
      vertex -6.60844 -21.7851 9.84776
    endloop
  endfacet
  facet normal -0.114647 -0.457683 0.881693
    outer loop
      vertex -4.50876 -22.6671 9.66294
      vertex -6.60844 -21.7851 9.84776
      vertex -6.70881 -22.116 9.66294
    endloop
  endfacet
  facet normal -0.0706245 -0.281945 0.956828
    outer loop
      vertex -4.4413 -22.3279 9.84776
      vertex -4.36811 -21.96 9.96157
      vertex -6.49953 -21.4261 9.96157
    endloop
  endfacet
  facet normal -0.0706108 -0.281915 0.956838
    outer loop
      vertex -4.4413 -22.3279 9.84776
      vertex -6.49953 -21.4261 9.96157
      vertex -6.60844 -21.7851 9.84776
    endloop
  endfacet
  facet normal -0.0238446 -0.0951907 0.995173
    outer loop
      vertex -4.36811 -21.96 9.96157
      vertex -4.29199 -21.5773 10
      vertex -6.38626 -21.0527 10
    endloop
  endfacet
  facet normal -0.023844 -0.0951894 0.995174
    outer loop
      vertex -4.36811 -21.96 9.96157
      vertex -6.38626 -21.0527 10
      vertex -6.49953 -21.4261 9.96157
    endloop
  endfacet
  facet normal -0.335274 -0.937014 0.0979559
    outer loop
      vertex -6.96683 -22.9666 8
      vertex -6.95568 -22.9298 8.39018
      vertex -9.1697 -22.1376 8.39018
    endloop
  endfacet
  facet normal -0.335287 -0.937017 0.0978852
    outer loop
      vertex -6.96683 -22.9666 8
      vertex -9.1697 -22.1376 8.39018
      vertex -9.1844 -22.1731 8
    endloop
  endfacet
  facet normal -0.32241 -0.901103 0.28994
    outer loop
      vertex -6.95568 -22.9298 8.39018
      vertex -6.92264 -22.8209 8.76537
      vertex -9.12614 -22.0325 8.76537
    endloop
  endfacet
  facet normal -0.322431 -0.901121 0.289861
    outer loop
      vertex -6.95568 -22.9298 8.39018
      vertex -9.12614 -22.0325 8.76537
      vertex -9.1697 -22.1376 8.39018
    endloop
  endfacet
  facet normal -0.297172 -0.830554 0.47103
    outer loop
      vertex -6.92264 -22.8209 8.76537
      vertex -6.86899 -22.644 9.11114
      vertex -9.05541 -21.8617 9.11114
    endloop
  endfacet
  facet normal -0.297164 -0.830544 0.471051
    outer loop
      vertex -6.92264 -22.8209 8.76537
      vertex -9.05541 -21.8617 9.11114
      vertex -9.12614 -22.0325 8.76537
    endloop
  endfacet
  facet normal -0.260554 -0.72819 0.633917
    outer loop
      vertex -6.86899 -22.644 9.11114
      vertex -6.79679 -22.406 9.41421
      vertex -8.96023 -21.6319 9.41421
    endloop
  endfacet
  facet normal -0.260538 -0.728168 0.633949
    outer loop
      vertex -6.86899 -22.644 9.11114
      vertex -8.96023 -21.6319 9.41421
      vertex -9.05541 -21.8617 9.11114
    endloop
  endfacet
  facet normal -0.213892 -0.597768 0.772608
    outer loop
      vertex -6.79679 -22.406 9.41421
      vertex -6.70881 -22.116 9.66294
      vertex -8.84425 -21.3519 9.66294
    endloop
  endfacet
  facet normal -0.21388 -0.597749 0.772627
    outer loop
      vertex -6.79679 -22.406 9.41421
      vertex -8.84425 -21.3519 9.66294
      vertex -8.96023 -21.6319 9.41421
    endloop
  endfacet
  facet normal -0.158945 -0.444246 0.881693
    outer loop
      vertex -6.70881 -22.116 9.66294
      vertex -6.60844 -21.7851 9.84776
      vertex -8.71193 -21.0325 9.84776
    endloop
  endfacet
  facet normal -0.158981 -0.444306 0.881656
    outer loop
      vertex -6.70881 -22.116 9.66294
      vertex -8.71193 -21.0325 9.84776
      vertex -8.84425 -21.3519 9.66294
    endloop
  endfacet
  facet normal -0.0979154 -0.273632 0.956838
    outer loop
      vertex -6.60844 -21.7851 9.84776
      vertex -6.49953 -21.4261 9.96157
      vertex -8.56835 -20.6858 9.96157
    endloop
  endfacet
  facet normal -0.0978795 -0.27357 0.956859
    outer loop
      vertex -6.60844 -21.7851 9.84776
      vertex -8.56835 -20.6858 9.96157
      vertex -8.71193 -21.0325 9.84776
    endloop
  endfacet
  facet normal -0.0330617 -0.0923932 0.995174
    outer loop
      vertex -6.49953 -21.4261 9.96157
      vertex -6.38626 -21.0527 10
      vertex -8.41903 -20.3253 10
    endloop
  endfacet
  facet normal -0.0330617 -0.0923932 0.995174
    outer loop
      vertex -6.49953 -21.4261 9.96157
      vertex -8.41903 -20.3253 10
      vertex -8.56835 -20.6858 9.96157
    endloop
  endfacet
  facet normal -0.425508 -0.899645 0.097884
    outer loop
      vertex -9.1844 -22.1731 8
      vertex -9.1697 -22.1376 8.39018
      vertex -11.2954 -21.1322 8.39018
    endloop
  endfacet
  facet normal -0.425505 -0.899645 0.0979025
    outer loop
      vertex -9.1844 -22.1731 8
      vertex -11.2954 -21.1322 8.39018
      vertex -11.3135 -21.1661 8
    endloop
  endfacet
  facet normal -0.409221 -0.865168 0.289866
    outer loop
      vertex -9.1697 -22.1376 8.39018
      vertex -9.12614 -22.0325 8.76537
      vertex -11.2418 -21.0318 8.76537
    endloop
  endfacet
  facet normal -0.409192 -0.865147 0.289969
    outer loop
      vertex -9.1697 -22.1376 8.39018
      vertex -11.2418 -21.0318 8.76537
      vertex -11.2954 -21.1322 8.39018
    endloop
  endfacet
  facet normal -0.377167 -0.797407 0.471048
    outer loop
      vertex -9.12614 -22.0325 8.76537
      vertex -9.05541 -21.8617 9.11114
      vertex -11.1546 -20.8688 9.11114
    endloop
  endfacet
  facet normal -0.377174 -0.797415 0.47103
    outer loop
      vertex -9.12614 -22.0325 8.76537
      vertex -11.1546 -20.8688 9.11114
      vertex -11.2418 -21.0318 8.76537
    endloop
  endfacet
  facet normal -0.330653 -0.699127 0.633949
    outer loop
      vertex -9.05541 -21.8617 9.11114
      vertex -8.96023 -21.6319 9.41421
      vertex -11.0374 -20.6495 9.41421
    endloop
  endfacet
  facet normal -0.330717 -0.699203 0.633831
    outer loop
      vertex -9.05541 -21.8617 9.11114
      vertex -11.0374 -20.6495 9.41421
      vertex -11.1546 -20.8688 9.11114
    endloop
  endfacet
  facet normal -0.271439 -0.573907 0.772627
    outer loop
      vertex -8.96023 -21.6319 9.41421
      vertex -8.84425 -21.3519 9.66294
      vertex -10.8945 -20.3822 9.66294
    endloop
  endfacet
  facet normal -0.271416 -0.573878 0.772656
    outer loop
      vertex -8.96023 -21.6319 9.41421
      vertex -10.8945 -20.3822 9.66294
      vertex -11.0374 -20.6495 9.41421
    endloop
  endfacet
  facet normal -0.201762 -0.426583 0.881657
    outer loop
      vertex -8.84425 -21.3519 9.66294
      vertex -8.71193 -21.0325 9.84776
      vertex -10.7315 -20.0773 9.84776
    endloop
  endfacet
  facet normal -0.201756 -0.426575 0.881662
    outer loop
      vertex -8.84425 -21.3519 9.66294
      vertex -10.7315 -20.0773 9.84776
      vertex -10.8945 -20.3822 9.66294
    endloop
  endfacet
  facet normal -0.12422 -0.262661 0.956859
    outer loop
      vertex -8.71193 -21.0325 9.84776
      vertex -8.56835 -20.6858 9.96157
      vertex -10.5547 -19.7464 9.96157
    endloop
  endfacet
  facet normal -0.124254 -0.262708 0.956841
    outer loop
      vertex -8.71193 -21.0325 9.84776
      vertex -10.5547 -19.7464 9.96157
      vertex -10.7315 -20.0773 9.84776
    endloop
  endfacet
  facet normal -0.0419536 -0.0887102 0.995174
    outer loop
      vertex -8.56835 -20.6858 9.96157
      vertex -8.41903 -20.3253 10
      vertex -10.3707 -19.4023 10
    endloop
  endfacet
  facet normal -0.0419534 -0.08871 0.995174
    outer loop
      vertex -8.56835 -20.6858 9.96157
      vertex -10.3707 -19.4023 10
      vertex -10.5547 -19.7464 9.96157
    endloop
  endfacet
  facet normal -0.511638 -0.853605 0.0978981
    outer loop
      vertex -11.3135 -21.1661 8
      vertex -11.2954 -21.1322 8.39018
      vertex -13.3123 -19.9233 8.39018
    endloop
  endfacet
  facet normal -0.511606 -0.853606 0.0980669
    outer loop
      vertex -11.3135 -21.1661 8
      vertex -13.3123 -19.9233 8.39018
      vertex -13.3337 -19.9553 8
    endloop
  endfacet
  facet normal -0.492008 -0.820886 0.289956
    outer loop
      vertex -11.2954 -21.1322 8.39018
      vertex -11.2418 -21.0318 8.76537
      vertex -13.2491 -19.8287 8.76537
    endloop
  endfacet
  facet normal -0.492036 -0.820902 0.289864
    outer loop
      vertex -11.2954 -21.1322 8.39018
      vertex -13.2491 -19.8287 8.76537
      vertex -13.3123 -19.9233 8.39018
    endloop
  endfacet
  facet normal -0.453484 -0.756618 0.471043
    outer loop
      vertex -11.2418 -21.0318 8.76537
      vertex -11.1546 -20.8688 9.11114
      vertex -13.1464 -19.675 9.11114
    endloop
  endfacet
  facet normal -0.453492 -0.756624 0.471026
    outer loop
      vertex -11.2418 -21.0318 8.76537
      vertex -13.1464 -19.675 9.11114
      vertex -13.2491 -19.8287 8.76537
    endloop
  endfacet
  facet normal -0.397657 -0.663424 0.633828
    outer loop
      vertex -11.1546 -20.8688 9.11114
      vertex -11.0374 -20.6495 9.41421
      vertex -13.0082 -19.4682 9.41421
    endloop
  endfacet
  facet normal -0.397588 -0.663357 0.633942
    outer loop
      vertex -11.1546 -20.8688 9.11114
      vertex -13.0082 -19.4682 9.41421
      vertex -13.1464 -19.675 9.11114
    endloop
  endfacet
  facet normal -0.326358 -0.544508 0.772659
    outer loop
      vertex -11.0374 -20.6495 9.41421
      vertex -10.8945 -20.3822 9.66294
      vertex -12.8399 -19.2162 9.66294
    endloop
  endfacet
  facet normal -0.326415 -0.544568 0.772592
    outer loop
      vertex -11.0374 -20.6495 9.41421
      vertex -12.8399 -19.2162 9.66294
      vertex -13.0082 -19.4682 9.41421
    endloop
  endfacet
  facet normal -0.242596 -0.404742 0.881664
    outer loop
      vertex -10.8945 -20.3822 9.66294
      vertex -10.7315 -20.0773 9.84776
      vertex -12.6478 -18.9287 9.84776
    endloop
  endfacet
  facet normal -0.24257 -0.404713 0.881684
    outer loop
      vertex -10.8945 -20.3822 9.66294
      vertex -12.6478 -18.9287 9.84776
      vertex -12.8399 -19.2162 9.66294
    endloop
  endfacet
  facet normal -0.149407 -0.249268 0.95684
    outer loop
      vertex -10.7315 -20.0773 9.84776
      vertex -10.5547 -19.7464 9.96157
      vertex -12.4393 -18.6168 9.96157
    endloop
  endfacet
  facet normal -0.149407 -0.249268 0.95684
    outer loop
      vertex -10.7315 -20.0773 9.84776
      vertex -12.4393 -18.6168 9.96157
      vertex -12.6478 -18.9287 9.84776
    endloop
  endfacet
  facet normal -0.0504507 -0.0841662 0.995174
    outer loop
      vertex -10.5547 -19.7464 9.96157
      vertex -10.3707 -19.4023 10
      vertex -12.2225 -18.2923 10
    endloop
  endfacet
  facet normal -0.050442 -0.0841564 0.995175
    outer loop
      vertex -10.5547 -19.7464 9.96157
      vertex -12.2225 -18.2923 10
      vertex -12.4393 -18.6168 9.96157
    endloop
  endfacet
  facet normal -0.59282 -0.799342 0.0980708
    outer loop
      vertex -13.3337 -19.9553 8
      vertex -13.3123 -19.9233 8.39018
      vertex -15.2011 -18.5225 8.39018
    endloop
  endfacet
  facet normal -0.592878 -0.799335 0.0977682
    outer loop
      vertex -13.3337 -19.9553 8
      vertex -15.2011 -18.5225 8.39018
      vertex -15.2254 -18.5522 8
    endloop
  endfacet
  facet normal -0.570111 -0.768735 0.289862
    outer loop
      vertex -13.3123 -19.9233 8.39018
      vertex -13.2491 -19.8287 8.76537
      vertex -15.1289 -18.4346 8.76537
    endloop
  endfacet
  facet normal -0.570126 -0.768742 0.289814
    outer loop
      vertex -13.3123 -19.9233 8.39018
      vertex -15.1289 -18.4346 8.76537
      vertex -15.2011 -18.5225 8.39018
    endloop
  endfacet
  facet normal -0.525471 -0.708529 0.471027
    outer loop
      vertex -13.2491 -19.8287 8.76537
      vertex -13.1464 -19.675 9.11114
      vertex -15.0116 -18.2917 9.11114
    endloop
  endfacet
  facet normal -0.52545 -0.708515 0.471071
    outer loop
      vertex -13.2491 -19.8287 8.76537
      vertex -15.0116 -18.2917 9.11114
      vertex -15.1289 -18.4346 8.76537
    endloop
  endfacet
  facet normal -0.460703 -0.621182 0.633945
    outer loop
      vertex -13.1464 -19.675 9.11114
      vertex -13.0082 -19.4682 9.41421
      vertex -14.8538 -18.0994 9.41421
    endloop
  endfacet
  facet normal -0.460674 -0.621158 0.633989
    outer loop
      vertex -13.1464 -19.675 9.11114
      vertex -14.8538 -18.0994 9.41421
      vertex -15.0116 -18.2917 9.11114
    endloop
  endfacet
  facet normal -0.378204 -0.509974 0.772585
    outer loop
      vertex -13.0082 -19.4682 9.41421
      vertex -12.8399 -19.2162 9.66294
      vertex -14.6616 -17.8652 9.66294
    endloop
  endfacet
  facet normal -0.378263 -0.510024 0.772524
    outer loop
      vertex -13.0082 -19.4682 9.41421
      vertex -14.6616 -17.8652 9.66294
      vertex -14.8538 -18.0994 9.41421
    endloop
  endfacet
  facet normal -0.281072 -0.378987 0.881684
    outer loop
      vertex -12.8399 -19.2162 9.66294
      vertex -12.6478 -18.9287 9.84776
      vertex -14.4422 -17.5979 9.84776
    endloop
  endfacet
  facet normal -0.281043 -0.37896 0.881705
    outer loop
      vertex -12.8399 -19.2162 9.66294
      vertex -14.4422 -17.5979 9.84776
      vertex -14.6616 -17.8652 9.66294
    endloop
  endfacet
  facet normal -0.173121 -0.233416 0.956842
    outer loop
      vertex -12.6478 -18.9287 9.84776
      vertex -12.4393 -18.6168 9.96157
      vertex -14.2042 -17.3078 9.96157
    endloop
  endfacet
  facet normal -0.173088 -0.233385 0.956855
    outer loop
      vertex -12.6478 -18.9287 9.84776
      vertex -14.2042 -17.3078 9.96157
      vertex -14.4422 -17.5979 9.84776
    endloop
  endfacet
  facet normal -0.0584456 -0.0788091 0.995175
    outer loop
      vertex -12.4393 -18.6168 9.96157
      vertex -12.2225 -18.2923 10
      vertex -13.9567 -17.0062 10
    endloop
  endfacet
  facet normal -0.0584651 -0.0788274 0.995172
    outer loop
      vertex -12.4393 -18.6168 9.96157
      vertex -13.9567 -17.0062 10
      vertex -14.2042 -17.3078 9.96157
    endloop
  endfacet
  facet normal -0.668336 -0.737408 0.0977538
    outer loop
      vertex -15.2254 -18.5522 8
      vertex -15.2011 -18.5225 8.39018
      vertex -16.9434 -16.9434 8.39018
    endloop
  endfacet
  facet normal -0.66829 -0.737418 0.0979939
    outer loop
      vertex -15.2254 -18.5522 8
      vertex -16.9434 -16.9434 8.39018
      vertex -16.9706 -16.9706 8
    endloop
  endfacet
  facet normal -0.642756 -0.70913 0.289825
    outer loop
      vertex -15.2011 -18.5225 8.39018
      vertex -15.1289 -18.4346 8.76537
      vertex -16.8629 -16.8629 8.76537
    endloop
  endfacet
  facet normal -0.642686 -0.709107 0.290038
    outer loop
      vertex -15.2011 -18.5225 8.39018
      vertex -16.8629 -16.8629 8.76537
      vertex -16.9434 -16.9434 8.39018
    endloop
  endfacet
  facet normal -0.592386 -0.653581 0.471075
    outer loop
      vertex -15.1289 -18.4346 8.76537
      vertex -15.0116 -18.2917 9.11114
      vertex -16.7322 -16.7322 9.11114
    endloop
  endfacet
  facet normal -0.592426 -0.653602 0.470995
    outer loop
      vertex -15.1289 -18.4346 8.76537
      vertex -16.7322 -16.7322 9.11114
      vertex -16.8629 -16.8629 8.76537
    endloop
  endfacet
  facet normal -0.519354 -0.573003 0.633987
    outer loop
      vertex -15.0116 -18.2917 9.11114
      vertex -14.8538 -18.0994 9.41421
      vertex -16.5563 -16.5563 9.41421
    endloop
  endfacet
  facet normal -0.51935 -0.573 0.633993
    outer loop
      vertex -15.0116 -18.2917 9.11114
      vertex -16.5563 -16.5563 9.41421
      vertex -16.7322 -16.7322 9.11114
    endloop
  endfacet
  facet normal -0.426458 -0.47047 0.772522
    outer loop
      vertex -14.8538 -18.0994 9.41421
      vertex -14.6616 -17.8652 9.66294
      vertex -16.342 -16.342 9.66294
    endloop
  endfacet
  facet normal -0.426356 -0.470398 0.772623
    outer loop
      vertex -14.8538 -18.0994 9.41421
      vertex -16.342 -16.342 9.66294
      vertex -16.5563 -16.5563 9.41421
    endloop
  endfacet
  facet normal -0.316855 -0.349566 0.881707
    outer loop
      vertex -14.6616 -17.8652 9.66294
      vertex -14.4422 -17.5979 9.84776
      vertex -16.0975 -16.0975 9.84776
    endloop
  endfacet
  facet normal -0.316886 -0.34959 0.881686
    outer loop
      vertex -14.6616 -17.8652 9.66294
      vertex -16.0975 -16.0975 9.84776
      vertex -16.342 -16.342 9.66294
    endloop
  endfacet
  facet normal -0.195139 -0.215293 0.956854
    outer loop
      vertex -14.4422 -17.5979 9.84776
      vertex -14.2042 -17.3078 9.96157
      vertex -15.8322 -15.8322 9.96157
    endloop
  endfacet
  facet normal -0.195162 -0.215311 0.956845
    outer loop
      vertex -14.4422 -17.5979 9.84776
      vertex -15.8322 -15.8322 9.96157
      vertex -16.0975 -16.0975 9.84776
    endloop
  endfacet
  facet normal -0.0659115 -0.0727168 0.995172
    outer loop
      vertex -14.2042 -17.3078 9.96157
      vertex -13.9567 -17.0062 10
      vertex -15.5563 -15.5563 10
    endloop
  endfacet
  facet normal -0.0659053 -0.072712 0.995173
    outer loop
      vertex -14.2042 -17.3078 9.96157
      vertex -15.5563 -15.5563 10
      vertex -15.8322 -15.8322 9.96157
    endloop
  endfacet
  facet normal -0.737391 -0.66832 0.0979941
    outer loop
      vertex -16.9706 -16.9706 8
      vertex -16.9434 -16.9434 8.39018
      vertex -18.5225 -15.2011 8.39018
    endloop
  endfacet
  facet normal -0.737435 -0.668306 0.097754
    outer loop
      vertex -16.9706 -16.9706 8
      vertex -18.5225 -15.2011 8.39018
      vertex -18.5522 -15.2254 8
    endloop
  endfacet
  facet normal -0.709082 -0.642713 0.290038
    outer loop
      vertex -16.9434 -16.9434 8.39018
      vertex -16.8629 -16.8629 8.76537
      vertex -18.4346 -15.1289 8.76537
    endloop
  endfacet
  facet normal -0.709155 -0.642729 0.289826
    outer loop
      vertex -16.9434 -16.9434 8.39018
      vertex -18.4346 -15.1289 8.76537
      vertex -18.5225 -15.2011 8.39018
    endloop
  endfacet
  facet normal -0.653612 -0.592415 0.470994
    outer loop
      vertex -16.8629 -16.8629 8.76537
      vertex -16.7322 -16.7322 9.11114
      vertex -18.2917 -15.0116 9.11114
    endloop
  endfacet
  facet normal -0.653571 -0.592397 0.471074
    outer loop
      vertex -16.8629 -16.8629 8.76537
      vertex -18.2917 -15.0116 9.11114
      vertex -18.4346 -15.1289 8.76537
    endloop
  endfacet
  facet normal -0.572999 -0.519351 0.633993
    outer loop
      vertex -16.7322 -16.7322 9.11114
      vertex -16.5563 -16.5563 9.41421
      vertex -18.0994 -14.8538 9.41421
    endloop
  endfacet
  facet normal -0.573003 -0.519353 0.633987
    outer loop
      vertex -16.7322 -16.7322 9.11114
      vertex -18.0994 -14.8538 9.41421
      vertex -18.2917 -15.0116 9.11114
    endloop
  endfacet
  facet normal -0.470379 -0.426376 0.772623
    outer loop
      vertex -16.5563 -16.5563 9.41421
      vertex -16.342 -16.342 9.66294
      vertex -17.8652 -14.6616 9.66294
    endloop
  endfacet
  facet normal -0.470488 -0.426438 0.772523
    outer loop
      vertex -16.5563 -16.5563 9.41421
      vertex -17.8652 -14.6616 9.66294
      vertex -18.0994 -14.8538 9.41421
    endloop
  endfacet
  facet normal -0.349595 -0.31688 0.881686
    outer loop
      vertex -16.342 -16.342 9.66294
      vertex -16.0975 -16.0975 9.84776
      vertex -17.5979 -14.4422 9.84776
    endloop
  endfacet
  facet normal -0.349562 -0.31686 0.881706
    outer loop
      vertex -16.342 -16.342 9.66294
      vertex -17.5979 -14.4422 9.84776
      vertex -17.8652 -14.6616 9.66294
    endloop
  endfacet
  facet normal -0.215315 -0.195159 0.956845
    outer loop
      vertex -16.0975 -16.0975 9.84776
      vertex -15.8322 -15.8322 9.96157
      vertex -17.3078 -14.2042 9.96157
    endloop
  endfacet
  facet normal -0.21529 -0.195143 0.956854
    outer loop
      vertex -16.0975 -16.0975 9.84776
      vertex -17.3078 -14.2042 9.96157
      vertex -17.5979 -14.4422 9.84776
    endloop
  endfacet
  facet normal -0.072711 -0.0659063 0.995173
    outer loop
      vertex -15.8322 -15.8322 9.96157
      vertex -15.5563 -15.5563 10
      vertex -17.0062 -13.9567 10
    endloop
  endfacet
  facet normal -0.0727177 -0.0659104 0.995172
    outer loop
      vertex -15.8322 -15.8322 9.96157
      vertex -17.0062 -13.9567 10
      vertex -17.3078 -14.2042 9.96157
    endloop
  endfacet
  facet normal -0.799366 -0.592837 0.097768
    outer loop
      vertex -18.5522 -15.2254 8
      vertex -18.5225 -15.2011 8.39018
      vertex -19.9233 -13.3123 8.39018
    endloop
  endfacet
  facet normal -0.799311 -0.59286 0.0980706
    outer loop
      vertex -18.5522 -15.2254 8
      vertex -19.9233 -13.3123 8.39018
      vertex -19.9553 -13.3337 8
    endloop
  endfacet
  facet normal -0.768747 -0.570119 0.289814
    outer loop
      vertex -18.5225 -15.2011 8.39018
      vertex -18.4346 -15.1289 8.76537
      vertex -19.8287 -13.2491 8.76537
    endloop
  endfacet
  facet normal -0.76873 -0.570117 0.289862
    outer loop
      vertex -18.5225 -15.2011 8.39018
      vertex -19.8287 -13.2491 8.76537
      vertex -19.9233 -13.3123 8.39018
    endloop
  endfacet
  facet normal -0.70851 -0.525457 0.471071
    outer loop
      vertex -18.4346 -15.1289 8.76537
      vertex -18.2917 -15.0116 9.11114
      vertex -19.675 -13.1464 9.11114
    endloop
  endfacet
  facet normal -0.708534 -0.525464 0.471027
    outer loop
      vertex -18.4346 -15.1289 8.76537
      vertex -19.675 -13.1464 9.11114
      vertex -19.8287 -13.2491 8.76537
    endloop
  endfacet
  facet normal -0.621152 -0.460681 0.633989
    outer loop
      vertex -18.2917 -15.0116 9.11114
      vertex -18.0994 -14.8538 9.41421
      vertex -19.4682 -13.0082 9.41421
    endloop
  endfacet
  facet normal -0.621188 -0.460695 0.633945
    outer loop
      vertex -18.2917 -15.0116 9.11114
      vertex -19.4682 -13.0082 9.41421
      vertex -19.675 -13.1464 9.11114
    endloop
  endfacet
  facet normal -0.510035 -0.378249 0.772523
    outer loop
      vertex -18.0994 -14.8538 9.41421
      vertex -17.8652 -14.6616 9.66294
      vertex -19.2162 -12.8399 9.66294
    endloop
  endfacet
  facet normal -0.509964 -0.378218 0.772585
    outer loop
      vertex -18.0994 -14.8538 9.41421
      vertex -19.2162 -12.8399 9.66294
      vertex -19.4682 -13.0082 9.41421
    endloop
  endfacet
  facet normal -0.378955 -0.281049 0.881705
    outer loop
      vertex -17.8652 -14.6616 9.66294
      vertex -17.5979 -14.4422 9.84776
      vertex -18.9287 -12.6478 9.84776
    endloop
  endfacet
  facet normal -0.378992 -0.281066 0.881684
    outer loop
      vertex -17.8652 -14.6616 9.66294
      vertex -18.9287 -12.6478 9.84776
      vertex -19.2162 -12.8399 9.66294
    endloop
  endfacet
  facet normal -0.233379 -0.173094 0.956856
    outer loop
      vertex -17.5979 -14.4422 9.84776
      vertex -17.3078 -14.2042 9.96157
      vertex -18.6168 -12.4393 9.96157
    endloop
  endfacet
  facet normal -0.233421 -0.173114 0.956842
    outer loop
      vertex -17.5979 -14.4422 9.84776
      vertex -18.6168 -12.4393 9.96157
      vertex -18.9287 -12.6478 9.84776
    endloop
  endfacet
  facet normal -0.0788305 -0.0584614 0.995172
    outer loop
      vertex -17.3078 -14.2042 9.96157
      vertex -17.0062 -13.9567 10
      vertex -18.2923 -12.2225 10
    endloop
  endfacet
  facet normal -0.0788065 -0.0584496 0.995175
    outer loop
      vertex -17.3078 -14.2042 9.96157
      vertex -18.2923 -12.2225 10
      vertex -18.6168 -12.4393 9.96157
    endloop
  endfacet
  facet normal -0.853591 -0.51163 0.098067
    outer loop
      vertex -19.9553 -13.3337 8
      vertex -19.9233 -13.3123 8.39018
      vertex -21.1322 -11.2954 8.39018
    endloop
  endfacet
  facet normal -0.85362 -0.511614 0.0978982
    outer loop
      vertex -19.9553 -13.3337 8
      vertex -21.1322 -11.2954 8.39018
      vertex -21.1661 -11.3135 8
    endloop
  endfacet
  facet normal -0.82091 -0.492022 0.289864
    outer loop
      vertex -19.9233 -13.3123 8.39018
      vertex -19.8287 -13.2491 8.76537
      vertex -21.0318 -11.2418 8.76537
    endloop
  endfacet
  facet normal -0.820878 -0.492022 0.289956
    outer loop
      vertex -19.9233 -13.3123 8.39018
      vertex -21.0318 -11.2418 8.76537
      vertex -21.1322 -11.2954 8.39018
    endloop
  endfacet
  facet normal -0.756626 -0.453489 0.471026
    outer loop
      vertex -19.8287 -13.2491 8.76537
      vertex -19.675 -13.1464 9.11114
      vertex -20.8688 -11.1546 9.11114
    endloop
  endfacet
  facet normal -0.756616 -0.453487 0.471043
    outer loop
      vertex -19.8287 -13.2491 8.76537
      vertex -20.8688 -11.1546 9.11114
      vertex -21.0318 -11.2418 8.76537
    endloop
  endfacet
  facet normal -0.663343 -0.397609 0.633942
    outer loop
      vertex -19.675 -13.1464 9.11114
      vertex -19.4682 -13.0082 9.41421
      vertex -20.6495 -11.0374 9.41421
    endloop
  endfacet
  facet normal -0.663436 -0.397635 0.633829
    outer loop
      vertex -19.675 -13.1464 9.11114
      vertex -20.6495 -11.0374 9.41421
      vertex -20.8688 -11.1546 9.11114
    endloop
  endfacet
  facet normal -0.544578 -0.3264 0.772592
    outer loop
      vertex -19.4682 -13.0082 9.41421
      vertex -19.2162 -12.8399 9.66294
      vertex -20.3822 -10.8945 9.66294
    endloop
  endfacet
  facet normal -0.544499 -0.326373 0.772659
    outer loop
      vertex -19.4682 -13.0082 9.41421
      vertex -20.3822 -10.8945 9.66294
      vertex -20.6495 -11.0374 9.41421
    endloop
  endfacet
  facet normal -0.404709 -0.242576 0.881684
    outer loop
      vertex -19.2162 -12.8399 9.66294
      vertex -18.9287 -12.6478 9.84776
      vertex -20.0773 -10.7315 9.84776
    endloop
  endfacet
  facet normal -0.404746 -0.24259 0.881664
    outer loop
      vertex -19.2162 -12.8399 9.66294
      vertex -20.0773 -10.7315 9.84776
      vertex -20.3822 -10.8945 9.66294
    endloop
  endfacet
  facet normal -0.249268 -0.149407 0.95684
    outer loop
      vertex -18.9287 -12.6478 9.84776
      vertex -18.6168 -12.4393 9.96157
      vertex -19.7464 -10.5547 9.96157
    endloop
  endfacet
  facet normal -0.249268 -0.149407 0.95684
    outer loop
      vertex -18.9287 -12.6478 9.84776
      vertex -19.7464 -10.5547 9.96157
      vertex -20.0773 -10.7315 9.84776
    endloop
  endfacet
  facet normal -0.0841551 -0.050444 0.995175
    outer loop
      vertex -18.6168 -12.4393 9.96157
      vertex -18.2923 -12.2225 10
      vertex -19.4023 -10.3707 10
    endloop
  endfacet
  facet normal -0.0841673 -0.0504486 0.995174
    outer loop
      vertex -18.6168 -12.4393 9.96157
      vertex -19.4023 -10.3707 10
      vertex -19.7464 -10.5547 9.96157
    endloop
  endfacet
  facet normal -0.899643 -0.425508 0.0979025
    outer loop
      vertex -21.1661 -11.3135 8
      vertex -21.1322 -11.2954 8.39018
      vertex -22.1376 -9.1697 8.39018
    endloop
  endfacet
  facet normal -0.899646 -0.425506 0.097884
    outer loop
      vertex -21.1661 -11.3135 8
      vertex -22.1376 -9.1697 8.39018
      vertex -22.1731 -9.1844 8
    endloop
  endfacet
  facet normal -0.86514 -0.409208 0.289969
    outer loop
      vertex -21.1322 -11.2954 8.39018
      vertex -21.0318 -11.2418 8.76537
      vertex -22.0325 -9.12614 8.76537
    endloop
  endfacet
  facet normal -0.865176 -0.409205 0.289866
    outer loop
      vertex -21.1322 -11.2954 8.39018
      vertex -22.0325 -9.12614 8.76537
      vertex -22.1376 -9.1697 8.39018
    endloop
  endfacet
  facet normal -0.797416 -0.377171 0.47103
    outer loop
      vertex -21.0318 -11.2418 8.76537
      vertex -20.8688 -11.1546 9.11114
      vertex -21.8617 -9.05541 9.11114
    endloop
  endfacet
  facet normal -0.797406 -0.37717 0.471048
    outer loop
      vertex -21.0318 -11.2418 8.76537
      vertex -21.8617 -9.05541 9.11114
      vertex -22.0325 -9.12614 8.76537
    endloop
  endfacet
  facet normal -0.699214 -0.330694 0.63383
    outer loop
      vertex -20.8688 -11.1546 9.11114
      vertex -20.6495 -11.0374 9.41421
      vertex -21.6319 -8.96023 9.41421
    endloop
  endfacet
  facet normal -0.699116 -0.330676 0.633948
    outer loop
      vertex -20.8688 -11.1546 9.11114
      vertex -21.6319 -8.96023 9.41421
      vertex -21.8617 -9.05541 9.11114
    endloop
  endfacet
  facet normal -0.573874 -0.271423 0.772657
    outer loop
      vertex -20.6495 -11.0374 9.41421
      vertex -20.3822 -10.8945 9.66294
      vertex -21.3519 -8.84425 9.66294
    endloop
  endfacet
  facet normal -0.57391 -0.271431 0.772627
    outer loop
      vertex -20.6495 -11.0374 9.41421
      vertex -21.3519 -8.84425 9.66294
      vertex -21.6319 -8.96023 9.41421
    endloop
  endfacet
  facet normal -0.426574 -0.201757 0.881662
    outer loop
      vertex -20.3822 -10.8945 9.66294
      vertex -20.0773 -10.7315 9.84776
      vertex -21.0325 -8.71193 9.84776
    endloop
  endfacet
  facet normal -0.426584 -0.20176 0.881657
    outer loop
      vertex -20.3822 -10.8945 9.66294
      vertex -21.0325 -8.71193 9.84776
      vertex -21.3519 -8.84425 9.66294
    endloop
  endfacet
  facet normal -0.262713 -0.124244 0.956841
    outer loop
      vertex -20.0773 -10.7315 9.84776
      vertex -19.7464 -10.5547 9.96157
      vertex -20.6858 -8.56835 9.96157
    endloop
  endfacet
  facet normal -0.262657 -0.124229 0.956859
    outer loop
      vertex -20.0773 -10.7315 9.84776
      vertex -20.6858 -8.56835 9.96157
      vertex -21.0325 -8.71193 9.84776
    endloop
  endfacet
  facet normal -0.0887099 -0.0419534 0.995174
    outer loop
      vertex -19.7464 -10.5547 9.96157
      vertex -19.4023 -10.3707 10
      vertex -20.3253 -8.41903 10
    endloop
  endfacet
  facet normal -0.0887102 -0.0419535 0.995174
    outer loop
      vertex -19.7464 -10.5547 9.96157
      vertex -20.3253 -8.41903 10
      vertex -20.6858 -8.56835 9.96157
    endloop
  endfacet
  facet normal -0.937021 -0.335276 0.0978851
    outer loop
      vertex -22.1731 -9.1844 8
      vertex -22.1376 -9.1697 8.39018
      vertex -22.9298 -6.95568 8.39018
    endloop
  endfacet
  facet normal -0.93701 -0.335285 0.0979558
    outer loop
      vertex -22.1731 -9.1844 8
      vertex -22.9298 -6.95568 8.39018
      vertex -22.9666 -6.96683 8
    endloop
  endfacet
  facet normal -0.901126 -0.322418 0.289861
    outer loop
      vertex -22.1376 -9.1697 8.39018
      vertex -22.0325 -9.12614 8.76537
      vertex -22.8209 -6.92264 8.76537
    endloop
  endfacet
  facet normal -0.901099 -0.322423 0.28994
    outer loop
      vertex -22.1376 -9.1697 8.39018
      vertex -22.8209 -6.92264 8.76537
      vertex -22.9298 -6.95568 8.39018
    endloop
  endfacet
  facet normal -0.830543 -0.297168 0.471051
    outer loop
      vertex -22.0325 -9.12614 8.76537
      vertex -21.8617 -9.05541 9.11114
      vertex -22.644 -6.86899 9.11114
    endloop
  endfacet
  facet normal -0.830555 -0.297168 0.471031
    outer loop
      vertex -22.0325 -9.12614 8.76537
      vertex -22.644 -6.86899 9.11114
      vertex -22.8209 -6.92264 8.76537
    endloop
  endfacet
  facet normal -0.728165 -0.260545 0.633949
    outer loop
      vertex -21.8617 -9.05541 9.11114
      vertex -21.6319 -8.96023 9.41421
      vertex -22.406 -6.79679 9.41421
    endloop
  endfacet
  facet normal -0.728192 -0.260547 0.633917
    outer loop
      vertex -21.8617 -9.05541 9.11114
      vertex -22.406 -6.79679 9.41421
      vertex -22.644 -6.86899 9.11114
    endloop
  endfacet
  facet normal -0.597747 -0.213885 0.772627
    outer loop
      vertex -21.6319 -8.96023 9.41421
      vertex -21.3519 -8.84425 9.66294
      vertex -22.116 -6.70881 9.66294
    endloop
  endfacet
  facet normal -0.597769 -0.213888 0.772609
    outer loop
      vertex -21.6319 -8.96023 9.41421
      vertex -22.116 -6.70881 9.66294
      vertex -22.406 -6.79679 9.41421
    endloop
  endfacet
  facet normal -0.444311 -0.158968 0.881656
    outer loop
      vertex -21.3519 -8.84425 9.66294
      vertex -21.0325 -8.71193 9.84776
      vertex -21.7851 -6.60844 9.84776
    endloop
  endfacet
  facet normal -0.444242 -0.158958 0.881692
    outer loop
      vertex -21.3519 -8.84425 9.66294
      vertex -21.7851 -6.60844 9.84776
      vertex -22.116 -6.70881 9.66294
    endloop
  endfacet
  facet normal -0.273565 -0.0978915 0.956859
    outer loop
      vertex -21.0325 -8.71193 9.84776
      vertex -20.6858 -8.56835 9.96157
      vertex -21.4261 -6.49953 9.96157
    endloop
  endfacet
  facet normal -0.273635 -0.097903 0.956838
    outer loop
      vertex -21.0325 -8.71193 9.84776
      vertex -21.4261 -6.49953 9.96157
      vertex -21.7851 -6.60844 9.84776
    endloop
  endfacet
  facet normal -0.0923932 -0.0330617 0.995174
    outer loop
      vertex -20.6858 -8.56835 9.96157
      vertex -20.3253 -8.41903 10
      vertex -21.0527 -6.38626 10
    endloop
  endfacet
  facet normal -0.0923932 -0.0330617 0.995174
    outer loop
      vertex -20.6858 -8.56835 9.96157
      vertex -21.0527 -6.38626 10
      vertex -21.4261 -6.49953 9.96157
    endloop
  endfacet
  facet normal -0.965362 -0.241826 0.0979591
    outer loop
      vertex -22.9666 -6.96683 8
      vertex -22.9298 -6.95568 8.39018
      vertex -23.5012 -4.67467 8.39018
    endloop
  endfacet
  facet normal -0.9654 -0.241787 0.0976792
    outer loop
      vertex -22.9666 -6.96683 8
      vertex -23.5012 -4.67467 8.39018
      vertex -23.5388 -4.68217 8
    endloop
  endfacet
  facet normal -0.928369 -0.232525 0.289938
    outer loop
      vertex -22.9298 -6.95568 8.39018
      vertex -22.8209 -6.92264 8.76537
      vertex -23.3895 -4.65247 8.76537
    endloop
  endfacet
  facet normal -0.928304 -0.232543 0.29013
    outer loop
      vertex -22.9298 -6.95568 8.39018
      vertex -23.3895 -4.65247 8.76537
      vertex -23.5012 -4.67467 8.39018
    endloop
  endfacet
  facet normal -0.855674 -0.214357 0.471033
    outer loop
      vertex -22.8209 -6.92264 8.76537
      vertex -22.644 -6.86899 9.11114
      vertex -23.2083 -4.61641 9.11114
    endloop
  endfacet
  facet normal -0.85579 -0.214346 0.470829
    outer loop
      vertex -22.8209 -6.92264 8.76537
      vertex -23.2083 -4.61641 9.11114
      vertex -23.3895 -4.65247 8.76537
    endloop
  endfacet
  facet normal -0.750224 -0.187918 0.633917
    outer loop
      vertex -22.644 -6.86899 9.11114
      vertex -22.406 -6.79679 9.41421
      vertex -22.9643 -4.56789 9.41421
    endloop
  endfacet
  facet normal -0.750139 -0.187919 0.634018
    outer loop
      vertex -22.644 -6.86899 9.11114
      vertex -22.9643 -4.56789 9.41421
      vertex -23.2083 -4.61641 9.11114
    endloop
  endfacet
  facet normal -0.615856 -0.154268 0.772608
    outer loop
      vertex -22.406 -6.79679 9.41421
      vertex -22.116 -6.70881 9.66294
      vertex -22.6671 -4.50876 9.66294
    endloop
  endfacet
  facet normal -0.615889 -0.154269 0.772581
    outer loop
      vertex -22.406 -6.79679 9.41421
      vertex -22.6671 -4.50876 9.66294
      vertex -22.9643 -4.56789 9.41421
    endloop
  endfacet
  facet normal -0.457686 -0.114636 0.881693
    outer loop
      vertex -22.116 -6.70881 9.66294
      vertex -21.7851 -6.60844 9.84776
      vertex -22.3279 -4.4413 9.84776
    endloop
  endfacet
  facet normal -0.457627 -0.114633 0.881724
    outer loop
      vertex -22.116 -6.70881 9.66294
      vertex -22.3279 -4.4413 9.84776
      vertex -22.6671 -4.50876 9.66294
    endloop
  endfacet
  facet normal -0.281913 -0.0706165 0.956838
    outer loop
      vertex -21.7851 -6.60844 9.84776
      vertex -21.4261 -6.49953 9.96157
      vertex -21.96 -4.36811 9.96157
    endloop
  endfacet
  facet normal -0.281946 -0.0706186 0.956828
    outer loop
      vertex -21.7851 -6.60844 9.84776
      vertex -21.96 -4.36811 9.96157
      vertex -22.3279 -4.4413 9.84776
    endloop
  endfacet
  facet normal -0.0951893 -0.0238443 0.995174
    outer loop
      vertex -21.4261 -6.49953 9.96157
      vertex -21.0527 -6.38626 10
      vertex -21.5773 -4.29199 10
    endloop
  endfacet
  facet normal -0.0951907 -0.0238443 0.995173
    outer loop
      vertex -21.4261 -6.49953 9.96157
      vertex -21.5773 -4.29199 10
      vertex -21.96 -4.36811 9.96157
    endloop
  endfacet
  facet normal -0.984449 -0.146015 0.0976739
    outer loop
      vertex -23.5388 -4.68217 8
      vertex -23.5012 -4.67467 8.39018
      vertex -23.8462 -2.34864 8.39018
    endloop
  endfacet
  facet normal -0.984435 -0.146032 0.0977906
    outer loop
      vertex -23.5388 -4.68217 8
      vertex -23.8462 -2.34864 8.39018
      vertex -23.8844 -2.35241 8
    endloop
  endfacet
  facet normal -0.946628 -0.140421 0.290135
    outer loop
      vertex -23.5012 -4.67467 8.39018
      vertex -23.3895 -4.65247 8.76537
      vertex -23.7329 -2.33749 8.76537
    endloop
  endfacet
  facet normal -0.946657 -0.140409 0.290045
    outer loop
      vertex -23.5012 -4.67467 8.39018
      vertex -23.7329 -2.33749 8.76537
      vertex -23.8462 -2.34864 8.39018
    endloop
  endfacet
  facet normal -0.87268 -0.129437 0.470825
    outer loop
      vertex -23.3895 -4.65247 8.76537
      vertex -23.2083 -4.61641 9.11114
      vertex -23.549 -2.31937 9.11114
    endloop
  endfacet
  facet normal -0.872637 -0.129445 0.470901
    outer loop
      vertex -23.3895 -4.65247 8.76537
      vertex -23.549 -2.31937 9.11114
      vertex -23.7329 -2.33749 8.76537
    endloop
  endfacet
  facet normal -0.764944 -0.113485 0.634021
    outer loop
      vertex -23.2083 -4.61641 9.11114
      vertex -22.9643 -4.56789 9.41421
      vertex -23.3015 -2.29499 9.41421
    endloop
  endfacet
  facet normal -0.765047 -0.113473 0.633898
    outer loop
      vertex -23.2083 -4.61641 9.11114
      vertex -23.3015 -2.29499 9.41421
      vertex -23.549 -2.31937 9.11114
    endloop
  endfacet
  facet normal -0.628045 -0.0931652 0.77258
    outer loop
      vertex -22.9643 -4.56789 9.41421
      vertex -22.6671 -4.50876 9.66294
      vertex -22.9999 -2.26529 9.66294
    endloop
  endfacet
  facet normal -0.628002 -0.0931683 0.772615
    outer loop
      vertex -22.9643 -4.56789 9.41421
      vertex -22.9999 -2.26529 9.66294
      vertex -23.3015 -2.29499 9.41421
    endloop
  endfacet
  facet normal -0.466659 -0.0692207 0.881724
    outer loop
      vertex -22.3279 -4.4413 9.84776
      vertex -22.6557 -2.2314 9.84776
      vertex -22.6671 -4.50876 9.66294
    endloop
  endfacet
  facet normal -0.466637 -0.0692217 0.881736
    outer loop
      vertex -22.6671 -4.50876 9.66294
      vertex -22.6557 -2.2314 9.84776
      vertex -22.9999 -2.26529 9.66294
    endloop
  endfacet
  facet normal -0.287511 -0.0426473 0.956827
    outer loop
      vertex -21.96 -4.36811 9.96157
      vertex -22.2824 -2.19462 9.96157
      vertex -22.3279 -4.4413 9.84776
    endloop
  endfacet
  facet normal -0.287511 -0.0426473 0.956827
    outer loop
      vertex -22.3279 -4.4413 9.84776
      vertex -22.2824 -2.19462 9.96157
      vertex -22.6557 -2.2314 9.84776
    endloop
  endfacet
  facet normal -0.0970693 -0.0143994 0.995173
    outer loop
      vertex -21.5773 -4.29199 10
      vertex -21.8941 -2.15638 10
      vertex -21.96 -4.36811 9.96157
    endloop
  endfacet
  facet normal -0.0970741 -0.0143993 0.995173
    outer loop
      vertex -21.96 -4.36811 9.96157
      vertex -21.8941 -2.15638 10
      vertex -22.2824 -2.19462 9.96157
    endloop
  endfacet
  facet normal -0.994008 -0.0488404 0.0977888
    outer loop
      vertex -23.8844 -2.35241 8
      vertex -23.8462 -2.34864 8.39018
      vertex -23.9616 0 8.39018
    endloop
  endfacet
  facet normal -0.994004 -0.0488464 0.097826
    outer loop
      vertex -23.8844 -2.35241 8
      vertex -23.9616 0 8.39018
      vertex -24 0 8
    endloop
  endfacet
  facet normal -0.955858 -0.0469855 0.290047
    outer loop
      vertex -23.8462 -2.34864 8.39018
      vertex -23.7329 -2.33749 8.76537
      vertex -23.8478 0 8.76537
    endloop
  endfacet
  facet normal -0.955893 -0.0469676 0.289935
    outer loop
      vertex -23.8462 -2.34864 8.39018
      vertex -23.8478 0 8.76537
      vertex -23.9616 0 8.39018
    endloop
  endfacet
  facet normal -0.881125 -0.0432704 0.4709
    outer loop
      vertex -23.549 -2.31937 9.11114
      vertex -23.6629 0 9.11114
      vertex -23.7329 -2.33749 8.76537
    endloop
  endfacet
  facet normal -0.881007 -0.0433062 0.471117
    outer loop
      vertex -23.7329 -2.33749 8.76537
      vertex -23.6629 0 9.11114
      vertex -23.8478 0 8.76537
    endloop
  endfacet
  facet normal -0.772486 -0.0379345 0.633897
    outer loop
      vertex -23.3015 -2.29499 9.41421
      vertex -23.4142 0 9.41421
      vertex -23.549 -2.31937 9.11114
    endloop
  endfacet
  facet normal -0.772483 -0.0379352 0.633901
    outer loop
      vertex -23.549 -2.31937 9.11114
      vertex -23.4142 0 9.41421
      vertex -23.6629 0 9.11114
    endloop
  endfacet
  facet normal -0.634111 -0.0311277 0.772615
    outer loop
      vertex -22.9999 -2.26529 9.66294
      vertex -23.1111 0 9.66294
      vertex -23.3015 -2.29499 9.41421
    endloop
  endfacet
  facet normal -0.634059 -0.0311367 0.772658
    outer loop
      vertex -23.3015 -2.29499 9.41421
      vertex -23.1111 0 9.66294
      vertex -23.4142 0 9.41421
    endloop
  endfacet
  facet normal -0.471173 -0.0231638 0.881737
    outer loop
      vertex -22.6557 -2.2314 9.84776
      vertex -22.7654 0 9.84776
      vertex -22.9999 -2.26529 9.66294
    endloop
  endfacet
  facet normal -0.471349 -0.0231379 0.881643
    outer loop
      vertex -22.9999 -2.26529 9.66294
      vertex -22.7654 0 9.84776
      vertex -23.1111 0 9.66294
    endloop
  endfacet
  facet normal -0.290308 -0.01426 0.956827
    outer loop
      vertex -22.2824 -2.19462 9.96157
      vertex -22.3902 0 9.96157
      vertex -22.6557 -2.2314 9.84776
    endloop
  endfacet
  facet normal -0.290242 -0.0142689 0.956847
    outer loop
      vertex -22.6557 -2.2314 9.84776
      vertex -22.3902 0 9.96157
      vertex -22.7654 0 9.84776
    endloop
  endfacet
  facet normal -0.0980181 -0.00481368 0.995173
    outer loop
      vertex -21.8941 -2.15638 10
      vertex -22 0 10
      vertex -22.2824 -2.19462 9.96157
    endloop
  endfacet
  facet normal -0.0980126 -0.00481439 0.995174
    outer loop
      vertex -22.2824 -2.19462 9.96157
      vertex -22 0 10
      vertex -22.3902 0 9.96157
    endloop
  endfacet
  facet normal 0 0 1
    outer loop
      vertex 3.88571 0 10
      vertex 22 0 10
      vertex 21.8941 2.15638 10
    endloop
  endfacet
  facet normal 0 0 1
    outer loop
      vertex 3.867 0.380866 10
      vertex 21.8941 2.15638 10
      vertex 21.5773 4.29199 10
    endloop
  endfacet
  facet normal 0 0 1
    outer loop
      vertex 22 0 10
      vertex 3.88571 0 10
      vertex 21.8941 -2.15638 10
    endloop
  endfacet
  facet normal 0 0 1
    outer loop
      vertex 3.80424 0.785263 10
      vertex 21.5773 4.29199 10
      vertex 21.0527 6.38626 10
    endloop
  endfacet
  facet normal -0 0 1
    outer loop
      vertex 3.86838 -0.352861 10
      vertex 21.8941 -2.15638 10
      vertex 3.88571 0 10
    endloop
  endfacet
  facet normal 0 0 1
    outer loop
      vertex 3.7184 1.12796 10
      vertex 21.0527 6.38626 10
      vertex 20.3253 8.41903 10
    endloop
  endfacet
  facet normal -0 0 1
    outer loop
      vertex 3.867 -0.380866 10
      vertex 21.8941 -2.15638 10
      vertex 3.86838 -0.352861 10
    endloop
  endfacet
  facet normal 0 0 1
    outer loop
      vertex 3.58993 1.487 10
      vertex 20.3253 8.41903 10
      vertex 19.4023 10.3707 10
    endloop
  endfacet
  facet normal 0 0 1
    outer loop
      vertex 21.8941 -2.15638 10
      vertex 3.867 -0.380866 10
      vertex 21.5773 -4.29199 10
    endloop
  endfacet
  facet normal 0 0 1
    outer loop
      vertex 3.41248 1.85576 10
      vertex 19.4023 10.3707 10
      vertex 18.2923 12.2225 10
    endloop
  endfacet
  facet normal -0 0 1
    outer loop
      vertex 3.81517 -0.73033 10
      vertex 21.5773 -4.29199 10
      vertex 3.867 -0.380866 10
    endloop
  endfacet
  facet normal 0 0 1
    outer loop
      vertex 3.23085 2.15879 10
      vertex 18.2923 12.2225 10
      vertex 17.0062 13.9567 10
    endloop
  endfacet
  facet normal -0 0 1
    outer loop
      vertex 3.81105 -0.758065 10
      vertex 21.5773 -4.29199 10
      vertex 3.81517 -0.73033 10
    endloop
  endfacet
  facet normal 0 0 1
    outer loop
      vertex 2.98487 2.48585 10
      vertex 17.0062 13.9567 10
      vertex 15.5563 15.5563 10
    endloop
  endfacet
  facet normal -0 0 1
    outer loop
      vertex 3.80424 -0.785263 10
      vertex 21.5773 -4.29199 10
      vertex 3.81105 -0.758065 10
    endloop
  endfacet
  facet normal 0 0 1
    outer loop
      vertex 2.74761 2.74761 10
      vertex 15.5563 15.5563 10
      vertex 13.9567 17.0062 10
    endloop
  endfacet
  facet normal 0 0 1
    outer loop
      vertex 21.5773 -4.29199 10
      vertex 3.80424 -0.785263 10
      vertex 21.0527 -6.38626 10
    endloop
  endfacet
  facet normal 0 0 1
    outer loop
      vertex 2.44255 3.0204 10
      vertex 13.9567 17.0062 10
      vertex 12.2225 18.2923 10
    endloop
  endfacet
  facet normal -0 0 1
    outer loop
      vertex 3.7184 -1.12796 10
      vertex 21.0527 -6.38626 10
      vertex 3.80424 -0.785263 10
    endloop
  endfacet
  facet normal 0 0 1
    outer loop
      vertex 2.15879 3.23085 10
      vertex 12.2225 18.2923 10
      vertex 10.3707 19.4023 10
    endloop
  endfacet
  facet normal 0 0 1
    outer loop
      vertex 21.0527 -6.38626 10
      vertex 3.7184 -1.12796 10
      vertex 20.3253 -8.41903 10
    endloop
  endfacet
  facet normal 0 0 1
    outer loop
      vertex 1.80637 3.43888 10
      vertex 10.3707 19.4023 10
      vertex 8.41903 20.3253 10
    endloop
  endfacet
  facet normal -0 0 1
    outer loop
      vertex 3.59938 -1.4606 10
      vertex 20.3253 -8.41903 10
      vertex 3.7184 -1.12796 10
    endloop
  endfacet
  facet normal 0 0 1
    outer loop
      vertex 1.4606 3.59938 10
      vertex 8.41903 20.3253 10
      vertex 6.38626 21.0527 10
    endloop
  endfacet
  facet normal -0 0 1
    outer loop
      vertex 3.58993 -1.487 10
      vertex 20.3253 -8.41903 10
      vertex 3.59938 -1.4606 10
    endloop
  endfacet
  facet normal 0 0 1
    outer loop
      vertex 1.12796 3.7184 10
      vertex 6.38626 21.0527 10
      vertex 4.29199 21.5773 10
    endloop
  endfacet
  facet normal 0 0 1
    outer loop
      vertex 20.3253 -8.41903 10
      vertex 3.58993 -1.487 10
      vertex 19.4023 -10.3707 10
    endloop
  endfacet
  facet normal -0 0 1
    outer loop
      vertex 3.43888 -1.80637 10
      vertex 19.4023 -10.3707 10
      vertex 3.58993 -1.487 10
    endloop
  endfacet
  facet normal 0 0 1
    outer loop
      vertex 21.8941 2.15638 10
      vertex 3.86838 0.352861 10
      vertex 3.88571 0 10
    endloop
  endfacet
  facet normal 0 0 1
    outer loop
      vertex 21.8941 2.15638 10
      vertex 3.867 0.380866 10
      vertex 3.86838 0.352861 10
    endloop
  endfacet
  facet normal 0 0 1
    outer loop
      vertex 21.5773 4.29199 10
      vertex 3.81517 0.73033 10
      vertex 3.867 0.380866 10
    endloop
  endfacet
  facet normal 0 0 1
    outer loop
      vertex 21.5773 4.29199 10
      vertex 3.81105 0.758065 10
      vertex 3.81517 0.73033 10
    endloop
  endfacet
  facet normal 0 0 1
    outer loop
      vertex 21.5773 4.29199 10
      vertex 3.80424 0.785263 10
      vertex 3.81105 0.758065 10
    endloop
  endfacet
  facet normal 0 0 1
    outer loop
      vertex 21.0527 6.38626 10
      vertex 3.7184 1.12796 10
      vertex 3.80424 0.785263 10
    endloop
  endfacet
  facet normal 0 0 1
    outer loop
      vertex 20.3253 8.41903 10
      vertex 3.59938 1.4606 10
      vertex 3.7184 1.12796 10
    endloop
  endfacet
  facet normal 0 0 1
    outer loop
      vertex 20.3253 8.41903 10
      vertex 3.58993 1.487 10
      vertex 3.59938 1.4606 10
    endloop
  endfacet
  facet normal 0 0 1
    outer loop
      vertex 19.4023 10.3707 10
      vertex 3.43888 1.80637 10
      vertex 3.58993 1.487 10
    endloop
  endfacet
  facet normal 0 0 1
    outer loop
      vertex 19.4023 10.3707 10
      vertex 3.42689 1.83171 10
      vertex 3.43888 1.80637 10
    endloop
  endfacet
  facet normal 0 0 1
    outer loop
      vertex 19.4023 10.3707 10
      vertex 3.41248 1.85576 10
      vertex 3.42689 1.83171 10
    endloop
  endfacet
  facet normal 0 0 1
    outer loop
      vertex 18.2923 12.2225 10
      vertex 3.23085 2.15879 10
      vertex 3.41248 1.85576 10
    endloop
  endfacet
  facet normal 0 0 1
    outer loop
      vertex 17.0062 13.9567 10
      vertex 3.0204 2.44255 10
      vertex 3.23085 2.15879 10
    endloop
  endfacet
  facet normal 0 0 1
    outer loop
      vertex 17.0062 13.9567 10
      vertex 3.0037 2.46507 10
      vertex 3.0204 2.44255 10
    endloop
  endfacet
  facet normal 0 0 1
    outer loop
      vertex 17.0062 13.9567 10
      vertex 2.98487 2.48585 10
      vertex 3.0037 2.46507 10
    endloop
  endfacet
  facet normal 0 0 1
    outer loop
      vertex 15.5563 15.5563 10
      vertex 2.74761 2.74761 10
      vertex 2.98487 2.48585 10
    endloop
  endfacet
  facet normal 0 0 1
    outer loop
      vertex 13.9567 17.0062 10
      vertex 2.48585 2.98487 10
      vertex 2.74761 2.74761 10
    endloop
  endfacet
  facet normal 0 0 1
    outer loop
      vertex 13.9567 17.0062 10
      vertex 2.46507 3.0037 10
      vertex 2.48585 2.98487 10
    endloop
  endfacet
  facet normal 0 0 1
    outer loop
      vertex 13.9567 17.0062 10
      vertex 2.44255 3.0204 10
      vertex 2.46507 3.0037 10
    endloop
  endfacet
  facet normal 0 0 1
    outer loop
      vertex 12.2225 18.2923 10
      vertex 2.15879 3.23085 10
      vertex 2.44255 3.0204 10
    endloop
  endfacet
  facet normal 0 0 1
    outer loop
      vertex 0.73033 3.81517 10
      vertex 4.29199 21.5773 10
      vertex 2.15638 21.8941 10
    endloop
  endfacet
  facet normal 0 0 1
    outer loop
      vertex 10.3707 19.4023 10
      vertex 1.85576 3.41248 10
      vertex 2.15879 3.23085 10
    endloop
  endfacet
  facet normal 0 0 1
    outer loop
      vertex 10.3707 19.4023 10
      vertex 1.83171 3.42689 10
      vertex 1.85576 3.41248 10
    endloop
  endfacet
  facet normal 0 0 1
    outer loop
      vertex 10.3707 19.4023 10
      vertex 1.80637 3.43888 10
      vertex 1.83171 3.42689 10
    endloop
  endfacet
  facet normal 0 0 1
    outer loop
      vertex 8.41903 20.3253 10
      vertex 1.487 3.58993 10
      vertex 1.80637 3.43888 10
    endloop
  endfacet
  facet normal 0 0 1
    outer loop
      vertex 8.41903 20.3253 10
      vertex 1.4606 3.59938 10
      vertex 1.487 3.58993 10
    endloop
  endfacet
  facet normal 0 0 1
    outer loop
      vertex 6.38626 21.0527 10
      vertex 1.12796 3.7184 10
      vertex 1.4606 3.59938 10
    endloop
  endfacet
  facet normal 0 0 1
    outer loop
      vertex 4.29199 21.5773 10
      vertex 0.785263 3.80424 10
      vertex 1.12796 3.7184 10
    endloop
  endfacet
  facet normal 0 0 1
    outer loop
      vertex 4.29199 21.5773 10
      vertex 0.758065 3.81105 10
      vertex 0.785263 3.80424 10
    endloop
  endfacet
  facet normal 0 0 1
    outer loop
      vertex 4.29199 21.5773 10
      vertex 0.73033 3.81517 10
      vertex 0.758065 3.81105 10
    endloop
  endfacet
  facet normal 0 0 1
    outer loop
      vertex 2.15638 21.8941 10
      vertex 0.380866 3.867 10
      vertex 0.73033 3.81517 10
    endloop
  endfacet
  facet normal 0 0 1
    outer loop
      vertex 2.15638 21.8941 10
      vertex 0.352861 3.86838 10
      vertex 0.380866 3.867 10
    endloop
  endfacet
  facet normal 0 0 1
    outer loop
      vertex 0 22 10
      vertex 0.352861 3.86838 10
      vertex 2.15638 21.8941 10
    endloop
  endfacet
  facet normal 0 0 1
    outer loop
      vertex 0 22 10
      vertex 0 3.88571 10
      vertex 0.352861 3.86838 10
    endloop
  endfacet
  facet normal 0 0 1
    outer loop
      vertex 0 22 10
      vertex -0.352861 3.86838 10
      vertex 0 3.88571 10
    endloop
  endfacet
  facet normal -0 0 1
    outer loop
      vertex -2.15638 21.8941 10
      vertex -0.352861 3.86838 10
      vertex 0 22 10
    endloop
  endfacet
  facet normal 0 0 1
    outer loop
      vertex -0.352861 3.86838 10
      vertex -2.15638 21.8941 10
      vertex -0.380866 3.867 10
    endloop
  endfacet
  facet normal 0 0 1
    outer loop
      vertex -0.380866 3.867 10
      vertex -2.15638 21.8941 10
      vertex -0.73033 3.81517 10
    endloop
  endfacet
  facet normal -0 0 1
    outer loop
      vertex -4.29199 21.5773 10
      vertex -0.73033 3.81517 10
      vertex -2.15638 21.8941 10
    endloop
  endfacet
  facet normal 0 0 1
    outer loop
      vertex -0.73033 3.81517 10
      vertex -4.29199 21.5773 10
      vertex -0.758065 3.81105 10
    endloop
  endfacet
  facet normal 0 0 1
    outer loop
      vertex -0.758065 3.81105 10
      vertex -4.29199 21.5773 10
      vertex -0.785263 3.80424 10
    endloop
  endfacet
  facet normal 0 0 1
    outer loop
      vertex -0.785263 3.80424 10
      vertex -4.29199 21.5773 10
      vertex -1.12796 3.7184 10
    endloop
  endfacet
  facet normal -0 0 1
    outer loop
      vertex -6.38626 21.0527 10
      vertex -1.12796 3.7184 10
      vertex -4.29199 21.5773 10
    endloop
  endfacet
  facet normal 0 0 1
    outer loop
      vertex -1.12796 3.7184 10
      vertex -6.38626 21.0527 10
      vertex -1.4606 3.59938 10
    endloop
  endfacet
  facet normal -0 0 1
    outer loop
      vertex -8.41903 20.3253 10
      vertex -1.4606 3.59938 10
      vertex -6.38626 21.0527 10
    endloop
  endfacet
  facet normal 0 0 1
    outer loop
      vertex -1.4606 3.59938 10
      vertex -8.41903 20.3253 10
      vertex -1.487 3.58993 10
    endloop
  endfacet
  facet normal 0 0 1
    outer loop
      vertex -1.487 3.58993 10
      vertex -8.41903 20.3253 10
      vertex -1.80637 3.43888 10
    endloop
  endfacet
  facet normal -0 0 1
    outer loop
      vertex -10.3707 19.4023 10
      vertex -1.80637 3.43888 10
      vertex -8.41903 20.3253 10
    endloop
  endfacet
  facet normal 0 0 1
    outer loop
      vertex -1.80637 3.43888 10
      vertex -10.3707 19.4023 10
      vertex -1.83171 3.42689 10
    endloop
  endfacet
  facet normal 0 0 1
    outer loop
      vertex -1.83171 3.42689 10
      vertex -10.3707 19.4023 10
      vertex -1.85576 3.41248 10
    endloop
  endfacet
  facet normal 0 0 1
    outer loop
      vertex -1.85576 3.41248 10
      vertex -10.3707 19.4023 10
      vertex -2.15879 3.23085 10
    endloop
  endfacet
  facet normal -0 0 1
    outer loop
      vertex -12.2225 18.2923 10
      vertex -2.15879 3.23085 10
      vertex -10.3707 19.4023 10
    endloop
  endfacet
  facet normal 0 0 1
    outer loop
      vertex -2.15879 3.23085 10
      vertex -12.2225 18.2923 10
      vertex -2.44255 3.0204 10
    endloop
  endfacet
  facet normal -0 0 1
    outer loop
      vertex -13.9567 17.0062 10
      vertex -2.44255 3.0204 10
      vertex -12.2225 18.2923 10
    endloop
  endfacet
  facet normal 0 0 1
    outer loop
      vertex -2.44255 3.0204 10
      vertex -13.9567 17.0062 10
      vertex -2.46507 3.0037 10
    endloop
  endfacet
  facet normal 0 0 1
    outer loop
      vertex -2.46507 3.0037 10
      vertex -13.9567 17.0062 10
      vertex -2.48585 2.98487 10
    endloop
  endfacet
  facet normal 0 0 1
    outer loop
      vertex -2.48585 2.98487 10
      vertex -13.9567 17.0062 10
      vertex -2.74761 2.74761 10
    endloop
  endfacet
  facet normal -0 0 1
    outer loop
      vertex -15.5563 15.5563 10
      vertex -2.74761 2.74761 10
      vertex -13.9567 17.0062 10
    endloop
  endfacet
  facet normal 0 0 1
    outer loop
      vertex -2.74761 2.74761 10
      vertex -15.5563 15.5563 10
      vertex -2.98487 2.48585 10
    endloop
  endfacet
  facet normal -0 0 1
    outer loop
      vertex -17.0062 13.9567 10
      vertex -2.98487 2.48585 10
      vertex -15.5563 15.5563 10
    endloop
  endfacet
  facet normal 0 0 1
    outer loop
      vertex -2.98487 2.48585 10
      vertex -17.0062 13.9567 10
      vertex -3.0037 2.46507 10
    endloop
  endfacet
  facet normal 0 0 1
    outer loop
      vertex -3.0037 2.46507 10
      vertex -17.0062 13.9567 10
      vertex -3.0204 2.44255 10
    endloop
  endfacet
  facet normal 0 0 1
    outer loop
      vertex -3.0204 2.44255 10
      vertex -17.0062 13.9567 10
      vertex -3.23085 2.15879 10
    endloop
  endfacet
  facet normal -0 0 1
    outer loop
      vertex -18.2923 12.2225 10
      vertex -3.23085 2.15879 10
      vertex -17.0062 13.9567 10
    endloop
  endfacet
  facet normal 0 0 1
    outer loop
      vertex -3.23085 2.15879 10
      vertex -18.2923 12.2225 10
      vertex -3.41248 1.85576 10
    endloop
  endfacet
  facet normal 0 0 1
    outer loop
      vertex -3.42689 1.83171 10
      vertex -19.4023 10.3707 10
      vertex -3.43888 1.80637 10
    endloop
  endfacet
  facet normal 0 0 1
    outer loop
      vertex -3.41248 1.85576 10
      vertex -19.4023 10.3707 10
      vertex -3.42689 1.83171 10
    endloop
  endfacet
  facet normal -0 0 1
    outer loop
      vertex -19.4023 10.3707 10
      vertex -3.41248 1.85576 10
      vertex -18.2923 12.2225 10
    endloop
  endfacet
  facet normal -0 0 1
    outer loop
      vertex 3.42689 -1.83171 10
      vertex 19.4023 -10.3707 10
      vertex 3.43888 -1.80637 10
    endloop
  endfacet
  facet normal -0 0 1
    outer loop
      vertex 3.41248 -1.85576 10
      vertex 19.4023 -10.3707 10
      vertex 3.42689 -1.83171 10
    endloop
  endfacet
  facet normal 0 0 1
    outer loop
      vertex 19.4023 -10.3707 10
      vertex 3.41248 -1.85576 10
      vertex 18.2923 -12.2225 10
    endloop
  endfacet
  facet normal -0 0 1
    outer loop
      vertex 3.23085 -2.15879 10
      vertex 18.2923 -12.2225 10
      vertex 3.41248 -1.85576 10
    endloop
  endfacet
  facet normal 0 0 1
    outer loop
      vertex 18.2923 -12.2225 10
      vertex 3.23085 -2.15879 10
      vertex 17.0062 -13.9567 10
    endloop
  endfacet
  facet normal -0 0 1
    outer loop
      vertex 3.0204 -2.44255 10
      vertex 17.0062 -13.9567 10
      vertex 3.23085 -2.15879 10
    endloop
  endfacet
  facet normal -0 0 1
    outer loop
      vertex 3.0037 -2.46507 10
      vertex 17.0062 -13.9567 10
      vertex 3.0204 -2.44255 10
    endloop
  endfacet
  facet normal -0 0 1
    outer loop
      vertex 2.98487 -2.48585 10
      vertex 17.0062 -13.9567 10
      vertex 3.0037 -2.46507 10
    endloop
  endfacet
  facet normal 0 0 1
    outer loop
      vertex 17.0062 -13.9567 10
      vertex 2.98487 -2.48585 10
      vertex 15.5563 -15.5563 10
    endloop
  endfacet
  facet normal -0 0 1
    outer loop
      vertex 2.74761 -2.74761 10
      vertex 15.5563 -15.5563 10
      vertex 2.98487 -2.48585 10
    endloop
  endfacet
  facet normal 0 0 1
    outer loop
      vertex 15.5563 -15.5563 10
      vertex 2.74761 -2.74761 10
      vertex 13.9567 -17.0062 10
    endloop
  endfacet
  facet normal -0 0 1
    outer loop
      vertex 2.48585 -2.98487 10
      vertex 13.9567 -17.0062 10
      vertex 2.74761 -2.74761 10
    endloop
  endfacet
  facet normal -0 0 1
    outer loop
      vertex 2.46507 -3.0037 10
      vertex 13.9567 -17.0062 10
      vertex 2.48585 -2.98487 10
    endloop
  endfacet
  facet normal -0 0 1
    outer loop
      vertex 2.44255 -3.0204 10
      vertex 13.9567 -17.0062 10
      vertex 2.46507 -3.0037 10
    endloop
  endfacet
  facet normal 0 0 1
    outer loop
      vertex 13.9567 -17.0062 10
      vertex 2.44255 -3.0204 10
      vertex 12.2225 -18.2923 10
    endloop
  endfacet
  facet normal -0 0 1
    outer loop
      vertex 2.15879 -3.23085 10
      vertex 12.2225 -18.2923 10
      vertex 2.44255 -3.0204 10
    endloop
  endfacet
  facet normal 0 0 1
    outer loop
      vertex 12.2225 -18.2923 10
      vertex 2.15879 -3.23085 10
      vertex 10.3707 -19.4023 10
    endloop
  endfacet
  facet normal -0 0 1
    outer loop
      vertex 1.85576 -3.41248 10
      vertex 10.3707 -19.4023 10
      vertex 2.15879 -3.23085 10
    endloop
  endfacet
  facet normal -0 0 1
    outer loop
      vertex 1.83171 -3.42689 10
      vertex 10.3707 -19.4023 10
      vertex 1.85576 -3.41248 10
    endloop
  endfacet
  facet normal -0 0 1
    outer loop
      vertex 1.80637 -3.43888 10
      vertex 10.3707 -19.4023 10
      vertex 1.83171 -3.42689 10
    endloop
  endfacet
  facet normal 0 0 1
    outer loop
      vertex 10.3707 -19.4023 10
      vertex 1.80637 -3.43888 10
      vertex 8.41903 -20.3253 10
    endloop
  endfacet
  facet normal -0 0 1
    outer loop
      vertex 1.487 -3.58993 10
      vertex 8.41903 -20.3253 10
      vertex 1.80637 -3.43888 10
    endloop
  endfacet
  facet normal -0 0 1
    outer loop
      vertex 1.4606 -3.59938 10
      vertex 8.41903 -20.3253 10
      vertex 1.487 -3.58993 10
    endloop
  endfacet
  facet normal 0 0 1
    outer loop
      vertex 8.41903 -20.3253 10
      vertex 1.4606 -3.59938 10
      vertex 6.38626 -21.0527 10
    endloop
  endfacet
  facet normal -0 0 1
    outer loop
      vertex 1.12796 -3.7184 10
      vertex 6.38626 -21.0527 10
      vertex 1.4606 -3.59938 10
    endloop
  endfacet
  facet normal 0 0 1
    outer loop
      vertex 6.38626 -21.0527 10
      vertex 1.12796 -3.7184 10
      vertex 4.29199 -21.5773 10
    endloop
  endfacet
  facet normal -0 0 1
    outer loop
      vertex 0.785263 -3.80424 10
      vertex 4.29199 -21.5773 10
      vertex 1.12796 -3.7184 10
    endloop
  endfacet
  facet normal -0 0 1
    outer loop
      vertex 0.758065 -3.81105 10
      vertex 4.29199 -21.5773 10
      vertex 0.785263 -3.80424 10
    endloop
  endfacet
  facet normal -0 0 1
    outer loop
      vertex 0.73033 -3.81517 10
      vertex 4.29199 -21.5773 10
      vertex 0.758065 -3.81105 10
    endloop
  endfacet
  facet normal 0 0 1
    outer loop
      vertex 4.29199 -21.5773 10
      vertex 0.73033 -3.81517 10
      vertex 2.15638 -21.8941 10
    endloop
  endfacet
  facet normal -0 0 1
    outer loop
      vertex 0.380866 -3.867 10
      vertex 2.15638 -21.8941 10
      vertex 0.73033 -3.81517 10
    endloop
  endfacet
  facet normal -0 0 1
    outer loop
      vertex 0.352861 -3.86838 10
      vertex 2.15638 -21.8941 10
      vertex 0.380866 -3.867 10
    endloop
  endfacet
  facet normal -0 0 1
    outer loop
      vertex 0 -3.88571 10
      vertex 2.15638 -21.8941 10
      vertex 0.352861 -3.86838 10
    endloop
  endfacet
  facet normal 0 0 1
    outer loop
      vertex 0 -3.88571 10
      vertex 0 -22 10
      vertex 2.15638 -21.8941 10
    endloop
  endfacet
  facet normal 0 0 1
    outer loop
      vertex -0.352861 -3.86838 10
      vertex 0 -22 10
      vertex 0 -3.88571 10
    endloop
  endfacet
  facet normal 0 0 1
    outer loop
      vertex -2.15638 -21.8941 10
      vertex -0.352861 -3.86838 10
      vertex -0.380866 -3.867 10
    endloop
  endfacet
  facet normal 0 0 1
    outer loop
      vertex -2.15638 -21.8941 10
      vertex -0.380866 -3.867 10
      vertex -0.73033 -3.81517 10
    endloop
  endfacet
  facet normal 0 0 1
    outer loop
      vertex -4.29199 -21.5773 10
      vertex -0.73033 -3.81517 10
      vertex -0.758065 -3.81105 10
    endloop
  endfacet
  facet normal 0 0 1
    outer loop
      vertex -4.29199 -21.5773 10
      vertex -0.758065 -3.81105 10
      vertex -0.785263 -3.80424 10
    endloop
  endfacet
  facet normal 0 0 1
    outer loop
      vertex -4.29199 -21.5773 10
      vertex -0.785263 -3.80424 10
      vertex -1.12796 -3.7184 10
    endloop
  endfacet
  facet normal 0 0 1
    outer loop
      vertex -6.38626 -21.0527 10
      vertex -1.12796 -3.7184 10
      vertex -1.4606 -3.59938 10
    endloop
  endfacet
  facet normal 0 0 1
    outer loop
      vertex -8.41903 -20.3253 10
      vertex -1.4606 -3.59938 10
      vertex -1.487 -3.58993 10
    endloop
  endfacet
  facet normal 0 0 1
    outer loop
      vertex -8.41903 -20.3253 10
      vertex -1.487 -3.58993 10
      vertex -1.80637 -3.43888 10
    endloop
  endfacet
  facet normal 0 0 1
    outer loop
      vertex -10.3707 -19.4023 10
      vertex -1.80637 -3.43888 10
      vertex -1.83171 -3.42689 10
    endloop
  endfacet
  facet normal 0 0 1
    outer loop
      vertex -10.3707 -19.4023 10
      vertex -1.83171 -3.42689 10
      vertex -1.85576 -3.41248 10
    endloop
  endfacet
  facet normal 0 0 1
    outer loop
      vertex -0.352861 -3.86838 10
      vertex -2.15638 -21.8941 10
      vertex 0 -22 10
    endloop
  endfacet
  facet normal 0 0 1
    outer loop
      vertex -10.3707 -19.4023 10
      vertex -1.85576 -3.41248 10
      vertex -2.15879 -3.23085 10
    endloop
  endfacet
  facet normal 0 0 1
    outer loop
      vertex -12.2225 -18.2923 10
      vertex -2.15879 -3.23085 10
      vertex -2.44255 -3.0204 10
    endloop
  endfacet
  facet normal 0 0 1
    outer loop
      vertex -13.9567 -17.0062 10
      vertex -2.44255 -3.0204 10
      vertex -2.46507 -3.0037 10
    endloop
  endfacet
  facet normal 0 0 1
    outer loop
      vertex -13.9567 -17.0062 10
      vertex -2.46507 -3.0037 10
      vertex -2.48585 -2.98487 10
    endloop
  endfacet
  facet normal 0 0 1
    outer loop
      vertex -13.9567 -17.0062 10
      vertex -2.48585 -2.98487 10
      vertex -2.74761 -2.74761 10
    endloop
  endfacet
  facet normal 0 0 1
    outer loop
      vertex -15.5563 -15.5563 10
      vertex -2.74761 -2.74761 10
      vertex -2.98487 -2.48585 10
    endloop
  endfacet
  facet normal 0 0 1
    outer loop
      vertex -17.0062 -13.9567 10
      vertex -2.98487 -2.48585 10
      vertex -3.0037 -2.46507 10
    endloop
  endfacet
  facet normal 0 0 1
    outer loop
      vertex -17.0062 -13.9567 10
      vertex -3.0037 -2.46507 10
      vertex -3.0204 -2.44255 10
    endloop
  endfacet
  facet normal 0 0 1
    outer loop
      vertex -17.0062 -13.9567 10
      vertex -3.0204 -2.44255 10
      vertex -3.23085 -2.15879 10
    endloop
  endfacet
  facet normal 0 0 1
    outer loop
      vertex -18.2923 -12.2225 10
      vertex -3.23085 -2.15879 10
      vertex -3.41248 -1.85576 10
    endloop
  endfacet
  facet normal 0 0 1
    outer loop
      vertex -19.4023 -10.3707 10
      vertex -3.41248 -1.85576 10
      vertex -3.42689 -1.83171 10
    endloop
  endfacet
  facet normal 0 0 1
    outer loop
      vertex -19.4023 -10.3707 10
      vertex -3.42689 -1.83171 10
      vertex -3.43888 -1.80637 10
    endloop
  endfacet
  facet normal 0 0 1
    outer loop
      vertex -19.4023 -10.3707 10
      vertex -3.43888 -1.80637 10
      vertex -3.58993 -1.487 10
    endloop
  endfacet
  facet normal 0 0 1
    outer loop
      vertex -20.3253 -8.41903 10
      vertex -3.58993 -1.487 10
      vertex -3.59938 -1.4606 10
    endloop
  endfacet
  facet normal 0 0 1
    outer loop
      vertex -20.3253 -8.41903 10
      vertex -3.59938 -1.4606 10
      vertex -3.7184 -1.12796 10
    endloop
  endfacet
  facet normal 0 0 1
    outer loop
      vertex -21.0527 -6.38626 10
      vertex -3.7184 -1.12796 10
      vertex -3.80424 -0.785263 10
    endloop
  endfacet
  facet normal 0 0 1
    outer loop
      vertex -21.5773 -4.29199 10
      vertex -3.80424 -0.785263 10
      vertex -3.81105 -0.758065 10
    endloop
  endfacet
  facet normal 0 0 1
    outer loop
      vertex -21.5773 -4.29199 10
      vertex -3.81105 -0.758065 10
      vertex -3.81517 -0.73033 10
    endloop
  endfacet
  facet normal 0 0 1
    outer loop
      vertex -21.5773 -4.29199 10
      vertex -3.81517 -0.73033 10
      vertex -3.867 -0.380866 10
    endloop
  endfacet
  facet normal 0 0 1
    outer loop
      vertex -0.73033 -3.81517 10
      vertex -4.29199 -21.5773 10
      vertex -2.15638 -21.8941 10
    endloop
  endfacet
  facet normal 0 0 1
    outer loop
      vertex -21.8941 -2.15638 10
      vertex -3.867 -0.380866 10
      vertex -3.86838 -0.352861 10
    endloop
  endfacet
  facet normal 0 0 1
    outer loop
      vertex -21.8941 -2.15638 10
      vertex -3.86838 -0.352861 10
      vertex -3.88571 0 10
    endloop
  endfacet
  facet normal 0 0 1
    outer loop
      vertex -3.43888 1.80637 10
      vertex -19.4023 10.3707 10
      vertex -3.58993 1.487 10
    endloop
  endfacet
  facet normal -0 0 1
    outer loop
      vertex -20.3253 8.41903 10
      vertex -3.58993 1.487 10
      vertex -19.4023 10.3707 10
    endloop
  endfacet
  facet normal 0 0 1
    outer loop
      vertex -1.12796 -3.7184 10
      vertex -6.38626 -21.0527 10
      vertex -4.29199 -21.5773 10
    endloop
  endfacet
  facet normal 0 0 1
    outer loop
      vertex -3.58993 1.487 10
      vertex -20.3253 8.41903 10
      vertex -3.59938 1.4606 10
    endloop
  endfacet
  facet normal 0 0 1
    outer loop
      vertex -1.4606 -3.59938 10
      vertex -8.41903 -20.3253 10
      vertex -6.38626 -21.0527 10
    endloop
  endfacet
  facet normal 0 0 1
    outer loop
      vertex -3.59938 1.4606 10
      vertex -20.3253 8.41903 10
      vertex -3.7184 1.12796 10
    endloop
  endfacet
  facet normal 0 0 1
    outer loop
      vertex -1.80637 -3.43888 10
      vertex -10.3707 -19.4023 10
      vertex -8.41903 -20.3253 10
    endloop
  endfacet
  facet normal -0 0 1
    outer loop
      vertex -21.0527 6.38626 10
      vertex -3.7184 1.12796 10
      vertex -20.3253 8.41903 10
    endloop
  endfacet
  facet normal 0 0 1
    outer loop
      vertex -2.15879 -3.23085 10
      vertex -12.2225 -18.2923 10
      vertex -10.3707 -19.4023 10
    endloop
  endfacet
  facet normal 0 0 1
    outer loop
      vertex -3.7184 1.12796 10
      vertex -21.0527 6.38626 10
      vertex -3.80424 0.785263 10
    endloop
  endfacet
  facet normal 0 0 1
    outer loop
      vertex -2.44255 -3.0204 10
      vertex -13.9567 -17.0062 10
      vertex -12.2225 -18.2923 10
    endloop
  endfacet
  facet normal -0 0 1
    outer loop
      vertex -21.5773 4.29199 10
      vertex -3.80424 0.785263 10
      vertex -21.0527 6.38626 10
    endloop
  endfacet
  facet normal 0 0 1
    outer loop
      vertex -2.74761 -2.74761 10
      vertex -15.5563 -15.5563 10
      vertex -13.9567 -17.0062 10
    endloop
  endfacet
  facet normal 0 0 1
    outer loop
      vertex -3.80424 0.785263 10
      vertex -21.5773 4.29199 10
      vertex -3.81105 0.758065 10
    endloop
  endfacet
  facet normal 0 0 1
    outer loop
      vertex -2.98487 -2.48585 10
      vertex -17.0062 -13.9567 10
      vertex -15.5563 -15.5563 10
    endloop
  endfacet
  facet normal 0 0 1
    outer loop
      vertex -3.81105 0.758065 10
      vertex -21.5773 4.29199 10
      vertex -3.81517 0.73033 10
    endloop
  endfacet
  facet normal 0 0 1
    outer loop
      vertex -3.23085 -2.15879 10
      vertex -18.2923 -12.2225 10
      vertex -17.0062 -13.9567 10
    endloop
  endfacet
  facet normal 0 0 1
    outer loop
      vertex -3.81517 0.73033 10
      vertex -21.5773 4.29199 10
      vertex -3.867 0.380866 10
    endloop
  endfacet
  facet normal 0 0 1
    outer loop
      vertex -3.41248 -1.85576 10
      vertex -19.4023 -10.3707 10
      vertex -18.2923 -12.2225 10
    endloop
  endfacet
  facet normal -0 0 1
    outer loop
      vertex -21.8941 2.15638 10
      vertex -3.867 0.380866 10
      vertex -21.5773 4.29199 10
    endloop
  endfacet
  facet normal 0 0 1
    outer loop
      vertex -3.58993 -1.487 10
      vertex -20.3253 -8.41903 10
      vertex -19.4023 -10.3707 10
    endloop
  endfacet
  facet normal 0 0 1
    outer loop
      vertex -3.867 0.380866 10
      vertex -21.8941 2.15638 10
      vertex -3.86838 0.352861 10
    endloop
  endfacet
  facet normal 0 0 1
    outer loop
      vertex -3.7184 -1.12796 10
      vertex -21.0527 -6.38626 10
      vertex -20.3253 -8.41903 10
    endloop
  endfacet
  facet normal 0 0 1
    outer loop
      vertex -3.86838 0.352861 10
      vertex -21.8941 2.15638 10
      vertex -3.88571 0 10
    endloop
  endfacet
  facet normal 0 0 1
    outer loop
      vertex -3.80424 -0.785263 10
      vertex -21.5773 -4.29199 10
      vertex -21.0527 -6.38626 10
    endloop
  endfacet
  facet normal 0 0 1
    outer loop
      vertex -22 0 10
      vertex -3.88571 0 10
      vertex -21.8941 2.15638 10
    endloop
  endfacet
  facet normal 0 0 1
    outer loop
      vertex -3.867 -0.380866 10
      vertex -21.8941 -2.15638 10
      vertex -21.5773 -4.29199 10
    endloop
  endfacet
  facet normal 0 0 1
    outer loop
      vertex -3.88571 0 10
      vertex -22 0 10
      vertex -21.8941 -2.15638 10
    endloop
  endfacet
  facet normal -0.989176 -0.146735 -4.45088e-20
    outer loop
      vertex 1.99037 0.196033 0
      vertex 1.96157 0.390181 7
      vertex 1.96157 0.390181 0
    endloop
  endfacet
  facet normal -0.989176 -0.146735 -4.45088e-20
    outer loop
      vertex 1.96157 0.390181 7
      vertex 1.99037 0.196033 0
      vertex 1.99037 0.196033 7
    endloop
  endfacet
  facet normal -0.998796 -0.0490652 7.51126e-20
    outer loop
      vertex 2 0 0
      vertex 1.99037 0.196033 7
      vertex 1.99037 0.196033 0
    endloop
  endfacet
  facet normal -0.998796 -0.0490652 7.51126e-20
    outer loop
      vertex 1.99037 0.196033 7
      vertex 2 0 0
      vertex 2 0 7
    endloop
  endfacet
  facet normal -0.970031 -0.242982 4.6511e-19
    outer loop
      vertex 1.96157 0.390181 0
      vertex 1.91388 0.580569 7
      vertex 1.91388 0.580569 0
    endloop
  endfacet
  facet normal -0.970031 -0.242982 4.6511e-19
    outer loop
      vertex 1.91388 0.580569 7
      vertex 1.96157 0.390181 0
      vertex 1.96157 0.390181 7
    endloop
  endfacet
  facet normal 0.51409 0.857736 -0
    outer loop
      vertex -0.942793 -1.76384 0
      vertex -1.11114 -1.66294 7
      vertex -0.942793 -1.76384 7
    endloop
  endfacet
  facet normal 0.51409 0.857736 0
    outer loop
      vertex -1.11114 -1.66294 7
      vertex -0.942793 -1.76384 0
      vertex -1.11114 -1.66294 0
    endloop
  endfacet
  facet normal 0.51409 -0.857736 0
    outer loop
      vertex -1.11114 1.66294 0
      vertex -0.942793 1.76384 7
      vertex -1.11114 1.66294 7
    endloop
  endfacet
  facet normal 0.51409 -0.857736 0
    outer loop
      vertex -0.942793 1.76384 7
      vertex -1.11114 1.66294 0
      vertex -0.942793 1.76384 0
    endloop
  endfacet
  facet normal 0.941547 -0.336882 -2.94418e-19
    outer loop
      vertex -1.91388 0.580569 7
      vertex -1.84776 0.765367 0
      vertex -1.84776 0.765367 7
    endloop
  endfacet
  facet normal 0.941547 -0.336882 -2.94418e-19
    outer loop
      vertex -1.84776 0.765367 0
      vertex -1.91388 0.580569 7
      vertex -1.91388 0.580569 0
    endloop
  endfacet
  facet normal -0.336882 -0.941547 0
    outer loop
      vertex 0.580569 1.91388 0
      vertex 0.765367 1.84776 7
      vertex 0.580569 1.91388 7
    endloop
  endfacet
  facet normal -0.336882 -0.941547 -0
    outer loop
      vertex 0.765367 1.84776 7
      vertex 0.580569 1.91388 0
      vertex 0.765367 1.84776 0
    endloop
  endfacet
  facet normal 0.941547 0.336882 2.94418e-19
    outer loop
      vertex -1.84776 -0.765367 7
      vertex -1.91388 -0.580569 0
      vertex -1.91388 -0.580569 7
    endloop
  endfacet
  facet normal 0.941547 0.336882 2.94418e-19
    outer loop
      vertex -1.91388 -0.580569 0
      vertex -1.84776 -0.765367 7
      vertex -1.84776 -0.765367 0
    endloop
  endfacet
  facet normal 0.146735 -0.989176 0
    outer loop
      vertex -0.390181 1.96157 0
      vertex -0.196033 1.99037 7
      vertex -0.390181 1.96157 7
    endloop
  endfacet
  facet normal 0.146735 -0.989176 0
    outer loop
      vertex -0.196033 1.99037 7
      vertex -0.390181 1.96157 0
      vertex -0.196033 1.99037 0
    endloop
  endfacet
  facet normal -0.146735 0.989176 0
    outer loop
      vertex 0.390181 -1.96157 0
      vertex 0.196033 -1.99037 7
      vertex 0.390181 -1.96157 7
    endloop
  endfacet
  facet normal -0.146735 0.989176 0
    outer loop
      vertex 0.196033 -1.99037 7
      vertex 0.390181 -1.96157 0
      vertex 0.196033 -1.99037 0
    endloop
  endfacet
  facet normal 0.740928 -0.671584 -1.67738e-19
    outer loop
      vertex -1.54602 1.26879 7
      vertex -1.41421 1.41421 0
      vertex -1.41421 1.41421 7
    endloop
  endfacet
  facet normal 0.740928 -0.671584 -1.67738e-19
    outer loop
      vertex -1.41421 1.41421 0
      vertex -1.54602 1.26879 7
      vertex -1.54602 1.26879 0
    endloop
  endfacet
  facet normal -0.427571 0.903982 0
    outer loop
      vertex 0.942793 -1.76384 0
      vertex 0.765367 -1.84776 7
      vertex 0.942793 -1.76384 7
    endloop
  endfacet
  facet normal -0.427571 0.903982 0
    outer loop
      vertex 0.765367 -1.84776 7
      vertex 0.942793 -1.76384 0
      vertex 0.765367 -1.84776 0
    endloop
  endfacet
  facet normal -0.80321 0.595695 -6.73807e-19
    outer loop
      vertex 1.54602 -1.26879 0
      vertex 1.66294 -1.11114 7
      vertex 1.66294 -1.11114 0
    endloop
  endfacet
  facet normal -0.80321 0.595695 -6.73807e-19
    outer loop
      vertex 1.66294 -1.11114 7
      vertex 1.54602 -1.26879 0
      vertex 1.54602 -1.26879 7
    endloop
  endfacet
  facet normal -0.989176 0.146735 4.45088e-20
    outer loop
      vertex 1.96157 -0.390181 0
      vertex 1.99037 -0.196033 7
      vertex 1.99037 -0.196033 0
    endloop
  endfacet
  facet normal -0.989176 0.146735 4.45088e-20
    outer loop
      vertex 1.99037 -0.196033 7
      vertex 1.96157 -0.390181 0
      vertex 1.96157 -0.390181 7
    endloop
  endfacet
  facet normal -0.671584 0.740928 0
    outer loop
      vertex 1.41421 -1.41421 0
      vertex 1.26879 -1.54602 7
      vertex 1.41421 -1.41421 7
    endloop
  endfacet
  facet normal -0.671584 0.740928 0
    outer loop
      vertex 1.26879 -1.54602 7
      vertex 1.41421 -1.41421 0
      vertex 1.26879 -1.54602 0
    endloop
  endfacet
  facet normal -0.0490652 -0.998796 0
    outer loop
      vertex 0 2 0
      vertex 0.196033 1.99037 7
      vertex 0 2 7
    endloop
  endfacet
  facet normal -0.0490652 -0.998796 -0
    outer loop
      vertex 0.196033 1.99037 7
      vertex 0 2 0
      vertex 0.196033 1.99037 0
    endloop
  endfacet
  facet normal -0.427571 -0.903982 0
    outer loop
      vertex 0.765367 1.84776 0
      vertex 0.942793 1.76384 7
      vertex 0.765367 1.84776 7
    endloop
  endfacet
  facet normal -0.427571 -0.903982 -0
    outer loop
      vertex 0.942793 1.76384 7
      vertex 0.765367 1.84776 0
      vertex 0.942793 1.76384 0
    endloop
  endfacet
  facet normal 0.427571 -0.903982 0
    outer loop
      vertex -0.942793 1.76384 0
      vertex -0.765367 1.84776 7
      vertex -0.942793 1.76384 7
    endloop
  endfacet
  facet normal 0.427571 -0.903982 0
    outer loop
      vertex -0.765367 1.84776 7
      vertex -0.942793 1.76384 0
      vertex -0.765367 1.84776 0
    endloop
  endfacet
  facet normal 0.857736 0.51409 2.48294e-19
    outer loop
      vertex -1.66294 -1.11114 7
      vertex -1.76384 -0.942793 0
      vertex -1.76384 -0.942793 7
    endloop
  endfacet
  facet normal 0.857736 0.51409 2.48294e-19
    outer loop
      vertex -1.76384 -0.942793 0
      vertex -1.66294 -1.11114 7
      vertex -1.66294 -1.11114 0
    endloop
  endfacet
  facet normal 0.242982 0.970031 -0
    outer loop
      vertex -0.390181 -1.96157 0
      vertex -0.580569 -1.91388 7
      vertex -0.390181 -1.96157 7
    endloop
  endfacet
  facet normal 0.242982 0.970031 0
    outer loop
      vertex -0.580569 -1.91388 7
      vertex -0.390181 -1.96157 0
      vertex -0.580569 -1.91388 0
    endloop
  endfacet
  facet normal -0.740928 0.671584 -1.67738e-19
    outer loop
      vertex 1.41421 -1.41421 0
      vertex 1.54602 -1.26879 7
      vertex 1.54602 -1.26879 0
    endloop
  endfacet
  facet normal -0.740928 0.671584 -1.67738e-19
    outer loop
      vertex 1.54602 -1.26879 7
      vertex 1.41421 -1.41421 0
      vertex 1.41421 -1.41421 7
    endloop
  endfacet
  facet normal 0.970031 0.242982 4.6511e-19
    outer loop
      vertex -1.91388 -0.580569 7
      vertex -1.96157 -0.390181 0
      vertex -1.96157 -0.390181 7
    endloop
  endfacet
  facet normal 0.970031 0.242982 4.6511e-19
    outer loop
      vertex -1.96157 -0.390181 0
      vertex -1.91388 -0.580569 7
      vertex -1.91388 -0.580569 0
    endloop
  endfacet
  facet normal 0.671584 0.740928 -0
    outer loop
      vertex -1.26879 -1.54602 0
      vertex -1.41421 -1.41421 7
      vertex -1.26879 -1.54602 7
    endloop
  endfacet
  facet normal 0.671584 0.740928 0
    outer loop
      vertex -1.41421 -1.41421 7
      vertex -1.26879 -1.54602 0
      vertex -1.41421 -1.41421 0
    endloop
  endfacet
  facet normal -0.970031 0.242982 -4.6511e-19
    outer loop
      vertex 1.91388 -0.580569 0
      vertex 1.96157 -0.390181 7
      vertex 1.96157 -0.390181 0
    endloop
  endfacet
  facet normal -0.970031 0.242982 -4.6511e-19
    outer loop
      vertex 1.96157 -0.390181 7
      vertex 1.91388 -0.580569 0
      vertex 1.91388 -0.580569 7
    endloop
  endfacet
  facet normal 0.336882 -0.941547 0
    outer loop
      vertex -0.765367 1.84776 0
      vertex -0.580569 1.91388 7
      vertex -0.765367 1.84776 7
    endloop
  endfacet
  facet normal 0.336882 -0.941547 0
    outer loop
      vertex -0.580569 1.91388 7
      vertex -0.765367 1.84776 0
      vertex -0.580569 1.91388 0
    endloop
  endfacet
  facet normal 0.595695 -0.80321 0
    outer loop
      vertex -1.26879 1.54602 0
      vertex -1.11114 1.66294 7
      vertex -1.26879 1.54602 7
    endloop
  endfacet
  facet normal 0.595695 -0.80321 0
    outer loop
      vertex -1.11114 1.66294 7
      vertex -1.26879 1.54602 0
      vertex -1.11114 1.66294 0
    endloop
  endfacet
  facet normal -0.242982 0.970031 0
    outer loop
      vertex 0.580569 -1.91388 0
      vertex 0.390181 -1.96157 7
      vertex 0.580569 -1.91388 7
    endloop
  endfacet
  facet normal -0.242982 0.970031 0
    outer loop
      vertex 0.390181 -1.96157 7
      vertex 0.580569 -1.91388 0
      vertex 0.390181 -1.96157 0
    endloop
  endfacet
  facet normal 0.242982 -0.970031 0
    outer loop
      vertex -0.580569 1.91388 0
      vertex -0.390181 1.96157 7
      vertex -0.580569 1.91388 7
    endloop
  endfacet
  facet normal 0.242982 -0.970031 0
    outer loop
      vertex -0.390181 1.96157 7
      vertex -0.580569 1.91388 0
      vertex -0.390181 1.96157 0
    endloop
  endfacet
  facet normal -0.80321 -0.595695 6.73807e-19
    outer loop
      vertex 1.66294 1.11114 0
      vertex 1.54602 1.26879 7
      vertex 1.54602 1.26879 0
    endloop
  endfacet
  facet normal -0.80321 -0.595695 6.73807e-19
    outer loop
      vertex 1.54602 1.26879 7
      vertex 1.66294 1.11114 0
      vertex 1.66294 1.11114 7
    endloop
  endfacet
  facet normal 0.857736 -0.51409 -2.48294e-19
    outer loop
      vertex -1.76384 0.942793 7
      vertex -1.66294 1.11114 0
      vertex -1.66294 1.11114 7
    endloop
  endfacet
  facet normal 0.857736 -0.51409 -2.48294e-19
    outer loop
      vertex -1.66294 1.11114 0
      vertex -1.76384 0.942793 7
      vertex -1.76384 0.942793 0
    endloop
  endfacet
  facet normal -0.146735 -0.989176 0
    outer loop
      vertex 0.196033 1.99037 0
      vertex 0.390181 1.96157 7
      vertex 0.196033 1.99037 7
    endloop
  endfacet
  facet normal -0.146735 -0.989176 -0
    outer loop
      vertex 0.390181 1.96157 7
      vertex 0.196033 1.99037 0
      vertex 0.390181 1.96157 0
    endloop
  endfacet
  facet normal -0.998796 0.0490652 -7.51126e-20
    outer loop
      vertex 1.99037 -0.196033 0
      vertex 2 0 7
      vertex 2 0 0
    endloop
  endfacet
  facet normal -0.998796 0.0490652 -7.51126e-20
    outer loop
      vertex 2 0 7
      vertex 1.99037 -0.196033 0
      vertex 1.99037 -0.196033 7
    endloop
  endfacet
  facet normal -0.903982 0.427571 3.4303e-19
    outer loop
      vertex 1.76384 -0.942793 0
      vertex 1.84776 -0.765367 7
      vertex 1.84776 -0.765367 0
    endloop
  endfacet
  facet normal -0.903982 0.427571 3.4303e-19
    outer loop
      vertex 1.84776 -0.765367 7
      vertex 1.76384 -0.942793 0
      vertex 1.76384 -0.942793 7
    endloop
  endfacet
  facet normal -0.242982 -0.970031 0
    outer loop
      vertex 0.390181 1.96157 0
      vertex 0.580569 1.91388 7
      vertex 0.390181 1.96157 7
    endloop
  endfacet
  facet normal -0.242982 -0.970031 -0
    outer loop
      vertex 0.580569 1.91388 7
      vertex 0.390181 1.96157 0
      vertex 0.580569 1.91388 0
    endloop
  endfacet
  facet normal -0.51409 -0.857736 0
    outer loop
      vertex 0.942793 1.76384 0
      vertex 1.11114 1.66294 7
      vertex 0.942793 1.76384 7
    endloop
  endfacet
  facet normal -0.51409 -0.857736 -0
    outer loop
      vertex 1.11114 1.66294 7
      vertex 0.942793 1.76384 0
      vertex 1.11114 1.66294 0
    endloop
  endfacet
  facet normal -0.595695 -0.80321 0
    outer loop
      vertex 1.11114 1.66294 0
      vertex 1.26879 1.54602 7
      vertex 1.11114 1.66294 7
    endloop
  endfacet
  facet normal -0.595695 -0.80321 -0
    outer loop
      vertex 1.26879 1.54602 7
      vertex 1.11114 1.66294 0
      vertex 1.26879 1.54602 0
    endloop
  endfacet
  facet normal -0.0490652 0.998796 0
    outer loop
      vertex 0.196033 -1.99037 0
      vertex 0 -2 7
      vertex 0.196033 -1.99037 7
    endloop
  endfacet
  facet normal -0.0490652 0.998796 0
    outer loop
      vertex 0 -2 7
      vertex 0.196033 -1.99037 0
      vertex 0 -2 0
    endloop
  endfacet
  facet normal -0.941547 -0.336882 2.94418e-19
    outer loop
      vertex 1.91388 0.580569 0
      vertex 1.84776 0.765367 7
      vertex 1.84776 0.765367 0
    endloop
  endfacet
  facet normal -0.941547 -0.336882 2.94418e-19
    outer loop
      vertex 1.84776 0.765367 7
      vertex 1.91388 0.580569 0
      vertex 1.91388 0.580569 7
    endloop
  endfacet
  facet normal -0.857736 0.51409 -2.48294e-19
    outer loop
      vertex 1.66294 -1.11114 0
      vertex 1.76384 -0.942793 7
      vertex 1.76384 -0.942793 0
    endloop
  endfacet
  facet normal -0.857736 0.51409 -2.48294e-19
    outer loop
      vertex 1.76384 -0.942793 7
      vertex 1.66294 -1.11114 0
      vertex 1.66294 -1.11114 7
    endloop
  endfacet
  facet normal -0.941547 0.336882 -2.94418e-19
    outer loop
      vertex 1.84776 -0.765367 0
      vertex 1.91388 -0.580569 7
      vertex 1.91388 -0.580569 0
    endloop
  endfacet
  facet normal -0.941547 0.336882 -2.94418e-19
    outer loop
      vertex 1.91388 -0.580569 7
      vertex 1.84776 -0.765367 0
      vertex 1.84776 -0.765367 7
    endloop
  endfacet
  facet normal -0.740928 -0.671584 1.67738e-19
    outer loop
      vertex 1.54602 1.26879 0
      vertex 1.41421 1.41421 7
      vertex 1.41421 1.41421 0
    endloop
  endfacet
  facet normal -0.740928 -0.671584 1.67738e-19
    outer loop
      vertex 1.41421 1.41421 7
      vertex 1.54602 1.26879 0
      vertex 1.54602 1.26879 7
    endloop
  endfacet
  facet normal -0.903982 -0.427571 -3.4303e-19
    outer loop
      vertex 1.84776 0.765367 0
      vertex 1.76384 0.942793 7
      vertex 1.76384 0.942793 0
    endloop
  endfacet
  facet normal -0.903982 -0.427571 -3.4303e-19
    outer loop
      vertex 1.76384 0.942793 7
      vertex 1.84776 0.765367 0
      vertex 1.84776 0.765367 7
    endloop
  endfacet
  facet normal -0.595695 0.80321 0
    outer loop
      vertex 1.26879 -1.54602 0
      vertex 1.11114 -1.66294 7
      vertex 1.26879 -1.54602 7
    endloop
  endfacet
  facet normal -0.595695 0.80321 0
    outer loop
      vertex 1.11114 -1.66294 7
      vertex 1.26879 -1.54602 0
      vertex 1.11114 -1.66294 0
    endloop
  endfacet
  facet normal -0.857736 -0.51409 2.48294e-19
    outer loop
      vertex 1.76384 0.942793 0
      vertex 1.66294 1.11114 7
      vertex 1.66294 1.11114 0
    endloop
  endfacet
  facet normal -0.857736 -0.51409 2.48294e-19
    outer loop
      vertex 1.66294 1.11114 7
      vertex 1.76384 0.942793 0
      vertex 1.76384 0.942793 7
    endloop
  endfacet
  facet normal 0.671584 -0.740928 0
    outer loop
      vertex -1.41421 1.41421 0
      vertex -1.26879 1.54602 7
      vertex -1.41421 1.41421 7
    endloop
  endfacet
  facet normal 0.671584 -0.740928 0
    outer loop
      vertex -1.26879 1.54602 7
      vertex -1.41421 1.41421 0
      vertex -1.26879 1.54602 0
    endloop
  endfacet
  facet normal 0.903982 -0.427571 3.4303e-19
    outer loop
      vertex -1.84776 0.765367 7
      vertex -1.76384 0.942793 0
      vertex -1.76384 0.942793 7
    endloop
  endfacet
  facet normal 0.903982 -0.427571 3.4303e-19
    outer loop
      vertex -1.76384 0.942793 0
      vertex -1.84776 0.765367 7
      vertex -1.84776 0.765367 0
    endloop
  endfacet
  facet normal -0.671584 -0.740928 0
    outer loop
      vertex 1.26879 1.54602 0
      vertex 1.41421 1.41421 7
      vertex 1.26879 1.54602 7
    endloop
  endfacet
  facet normal -0.671584 -0.740928 -0
    outer loop
      vertex 1.41421 1.41421 7
      vertex 1.26879 1.54602 0
      vertex 1.41421 1.41421 0
    endloop
  endfacet
  facet normal 0.0490652 -0.998796 0
    outer loop
      vertex -0.196033 1.99037 0
      vertex 0 2 7
      vertex -0.196033 1.99037 7
    endloop
  endfacet
  facet normal 0.0490652 -0.998796 0
    outer loop
      vertex 0 2 7
      vertex -0.196033 1.99037 0
      vertex 0 2 0
    endloop
  endfacet
  facet normal 0.740928 0.671584 1.67738e-19
    outer loop
      vertex -1.41421 -1.41421 7
      vertex -1.54602 -1.26879 0
      vertex -1.54602 -1.26879 7
    endloop
  endfacet
  facet normal 0.740928 0.671584 1.67738e-19
    outer loop
      vertex -1.54602 -1.26879 0
      vertex -1.41421 -1.41421 7
      vertex -1.41421 -1.41421 0
    endloop
  endfacet
  facet normal 0.989176 0.146735 -4.45088e-20
    outer loop
      vertex -1.96157 -0.390181 7
      vertex -1.99037 -0.196033 0
      vertex -1.99037 -0.196033 7
    endloop
  endfacet
  facet normal 0.989176 0.146735 -4.45088e-20
    outer loop
      vertex -1.99037 -0.196033 0
      vertex -1.96157 -0.390181 7
      vertex -1.96157 -0.390181 0
    endloop
  endfacet
  facet normal 0.80321 0.595695 6.73807e-19
    outer loop
      vertex -1.54602 -1.26879 7
      vertex -1.66294 -1.11114 0
      vertex -1.66294 -1.11114 7
    endloop
  endfacet
  facet normal 0.80321 0.595695 6.73807e-19
    outer loop
      vertex -1.66294 -1.11114 0
      vertex -1.54602 -1.26879 7
      vertex -1.54602 -1.26879 0
    endloop
  endfacet
  facet normal -0.336882 0.941547 0
    outer loop
      vertex 0.765367 -1.84776 0
      vertex 0.580569 -1.91388 7
      vertex 0.765367 -1.84776 7
    endloop
  endfacet
  facet normal -0.336882 0.941547 0
    outer loop
      vertex 0.580569 -1.91388 7
      vertex 0.765367 -1.84776 0
      vertex 0.580569 -1.91388 0
    endloop
  endfacet
  facet normal 0.998796 0.0490652 7.51126e-20
    outer loop
      vertex -1.99037 -0.196033 7
      vertex -2 0 0
      vertex -2 0 7
    endloop
  endfacet
  facet normal 0.998796 0.0490652 7.51126e-20
    outer loop
      vertex -2 0 0
      vertex -1.99037 -0.196033 7
      vertex -1.99037 -0.196033 0
    endloop
  endfacet
  facet normal 0.970031 -0.242982 -4.6511e-19
    outer loop
      vertex -1.96157 0.390181 7
      vertex -1.91388 0.580569 0
      vertex -1.91388 0.580569 7
    endloop
  endfacet
  facet normal 0.970031 -0.242982 -4.6511e-19
    outer loop
      vertex -1.91388 0.580569 0
      vertex -1.96157 0.390181 7
      vertex -1.96157 0.390181 0
    endloop
  endfacet
  facet normal 0.80321 -0.595695 -6.73807e-19
    outer loop
      vertex -1.66294 1.11114 7
      vertex -1.54602 1.26879 0
      vertex -1.54602 1.26879 7
    endloop
  endfacet
  facet normal 0.80321 -0.595695 -6.73807e-19
    outer loop
      vertex -1.54602 1.26879 0
      vertex -1.66294 1.11114 7
      vertex -1.66294 1.11114 0
    endloop
  endfacet
  facet normal -0.51409 0.857736 0
    outer loop
      vertex 1.11114 -1.66294 0
      vertex 0.942793 -1.76384 7
      vertex 1.11114 -1.66294 7
    endloop
  endfacet
  facet normal -0.51409 0.857736 0
    outer loop
      vertex 0.942793 -1.76384 7
      vertex 1.11114 -1.66294 0
      vertex 0.942793 -1.76384 0
    endloop
  endfacet
  facet normal 0.427571 0.903982 -0
    outer loop
      vertex -0.765367 -1.84776 0
      vertex -0.942793 -1.76384 7
      vertex -0.765367 -1.84776 7
    endloop
  endfacet
  facet normal 0.427571 0.903982 0
    outer loop
      vertex -0.942793 -1.76384 7
      vertex -0.765367 -1.84776 0
      vertex -0.942793 -1.76384 0
    endloop
  endfacet
  facet normal 0.0490652 0.998796 -0
    outer loop
      vertex 0 -2 0
      vertex -0.196033 -1.99037 7
      vertex 0 -2 7
    endloop
  endfacet
  facet normal 0.0490652 0.998796 0
    outer loop
      vertex -0.196033 -1.99037 7
      vertex 0 -2 0
      vertex -0.196033 -1.99037 0
    endloop
  endfacet
  facet normal 0.146735 0.989176 -0
    outer loop
      vertex -0.196033 -1.99037 0
      vertex -0.390181 -1.96157 7
      vertex -0.196033 -1.99037 7
    endloop
  endfacet
  facet normal 0.146735 0.989176 0
    outer loop
      vertex -0.390181 -1.96157 7
      vertex -0.196033 -1.99037 0
      vertex -0.390181 -1.96157 0
    endloop
  endfacet
  facet normal 0.903982 0.427571 -3.4303e-19
    outer loop
      vertex -1.76384 -0.942793 7
      vertex -1.84776 -0.765367 0
      vertex -1.84776 -0.765367 7
    endloop
  endfacet
  facet normal 0.903982 0.427571 -3.4303e-19
    outer loop
      vertex -1.84776 -0.765367 0
      vertex -1.76384 -0.942793 7
      vertex -1.76384 -0.942793 0
    endloop
  endfacet
  facet normal 0.989176 -0.146735 4.45088e-20
    outer loop
      vertex -1.99037 0.196033 7
      vertex -1.96157 0.390181 0
      vertex -1.96157 0.390181 7
    endloop
  endfacet
  facet normal 0.989176 -0.146735 4.45088e-20
    outer loop
      vertex -1.96157 0.390181 0
      vertex -1.99037 0.196033 7
      vertex -1.99037 0.196033 0
    endloop
  endfacet
  facet normal 0.998796 -0.0490652 -7.51126e-20
    outer loop
      vertex -2 0 7
      vertex -1.99037 0.196033 0
      vertex -1.99037 0.196033 7
    endloop
  endfacet
  facet normal 0.998796 -0.0490652 -7.51126e-20
    outer loop
      vertex -1.99037 0.196033 0
      vertex -2 0 7
      vertex -2 0 0
    endloop
  endfacet
  facet normal 0.336882 0.941547 -0
    outer loop
      vertex -0.580569 -1.91388 0
      vertex -0.765367 -1.84776 7
      vertex -0.580569 -1.91388 7
    endloop
  endfacet
  facet normal 0.336882 0.941547 0
    outer loop
      vertex -0.765367 -1.84776 7
      vertex -0.580569 -1.91388 0
      vertex -0.765367 -1.84776 0
    endloop
  endfacet
  facet normal 0.595695 0.80321 -0
    outer loop
      vertex -1.11114 -1.66294 0
      vertex -1.26879 -1.54602 7
      vertex -1.11114 -1.66294 7
    endloop
  endfacet
  facet normal 0.595695 0.80321 0
    outer loop
      vertex -1.26879 -1.54602 7
      vertex -1.11114 -1.66294 0
      vertex -1.26879 -1.54602 0
    endloop
  endfacet
  facet normal -0.765551 -0.362232 0.531714
    outer loop
      vertex 1.76384 0.942793 7
      vertex 3.43888 1.80637 10
      vertex 3.42689 1.83171 10
    endloop
  endfacet
  facet normal -0.765605 -0.36212 0.531712
    outer loop
      vertex 3.43888 1.80637 10
      vertex 1.76384 0.942793 7
      vertex 1.84776 0.765367 7
    endloop
  endfacet
  facet normal 0.837757 0.124273 0.531713
    outer loop
      vertex -3.81517 -0.73033 10
      vertex -1.96157 -0.390181 7
      vertex -1.99037 -0.196033 7
    endloop
  endfacet
  facet normal 0.83773 0.124444 0.531716
    outer loop
      vertex -1.96157 -0.390181 7
      vertex -3.81517 -0.73033 10
      vertex -3.81105 -0.758065 10
    endloop
  endfacet
  facet normal -0.845906 -0.0415448 0.531711
    outer loop
      vertex 3.88571 0 10
      vertex 3.86838 0.352861 10
      vertex 2 0 7
    endloop
  endfacet
  facet normal -0.845898 -0.0416832 0.531714
    outer loop
      vertex 1.99037 0.196033 7
      vertex 3.86838 0.352861 10
      vertex 3.867 0.380866 10
    endloop
  endfacet
  facet normal -0.845905 -0.0415546 0.531712
    outer loop
      vertex 3.86838 0.352861 10
      vertex 1.99037 0.196033 7
      vertex 2 0 7
    endloop
  endfacet
  facet normal -0.285425 0.797379 0.531714
    outer loop
      vertex 0.765367 -1.84776 7
      vertex 1.4606 -3.59938 10
      vertex 1.487 -3.58993 10
    endloop
  endfacet
  facet normal -0.285314 0.79742 0.531712
    outer loop
      vertex 1.4606 -3.59938 10
      vertex 0.765367 -1.84776 7
      vertex 0.580569 -1.91388 7
    endloop
  endfacet
  facet normal 0.435396 0.726439 0.531712
    outer loop
      vertex -1.11114 -1.66294 7
      vertex -1.83171 -3.42689 10
      vertex -0.942793 -1.76384 7
    endloop
  endfacet
  facet normal 0.435293 0.726495 0.53172
    outer loop
      vertex -1.83171 -3.42689 10
      vertex -1.11114 -1.66294 7
      vertex -1.85576 -3.41248 10
    endloop
  endfacet
  facet normal -0.845905 0.0415546 0.531712
    outer loop
      vertex 1.99037 -0.196033 7
      vertex 3.86838 -0.352861 10
      vertex 2 0 7
    endloop
  endfacet
  facet normal -0.845898 0.0416832 0.531714
    outer loop
      vertex 3.86838 -0.352861 10
      vertex 1.99037 -0.196033 7
      vertex 3.867 -0.380866 10
    endloop
  endfacet
  facet normal 0.68026 0.50451 0.531711
    outer loop
      vertex -3.0204 -2.44255 10
      vertex -1.54602 -1.26879 7
      vertex -1.66294 -1.11114 7
    endloop
  endfacet
  facet normal 0.680286 0.504475 0.531711
    outer loop
      vertex -1.54602 -1.26879 7
      vertex -3.0204 -2.44255 10
      vertex -3.0037 -2.46507 10
    endloop
  endfacet
  facet normal 0.765605 0.36212 0.531712
    outer loop
      vertex -3.43888 -1.80637 10
      vertex -1.76384 -0.942793 7
      vertex -1.84776 -0.765367 7
    endloop
  endfacet
  facet normal 0.765551 0.362232 0.531714
    outer loop
      vertex -1.76384 -0.942793 7
      vertex -3.43888 -1.80637 10
      vertex -3.42689 -1.83171 10
    endloop
  endfacet
  facet normal 0.845905 0.0415546 0.531712
    outer loop
      vertex -3.86838 -0.352861 10
      vertex -1.99037 -0.196033 7
      vertex -2 0 7
    endloop
  endfacet
  facet normal 0.845898 0.0416832 0.531714
    outer loop
      vertex -1.99037 -0.196033 7
      vertex -3.86838 -0.352861 10
      vertex -3.867 -0.380866 10
    endloop
  endfacet
  facet normal -0.435293 0.726495 0.53172
    outer loop
      vertex 1.11114 -1.66294 7
      vertex 1.83171 -3.42689 10
      vertex 1.85576 -3.41248 10
    endloop
  endfacet
  facet normal -0.435396 0.726439 0.531712
    outer loop
      vertex 1.83171 -3.42689 10
      vertex 1.11114 -1.66294 7
      vertex 0.942793 -1.76384 7
    endloop
  endfacet
  facet normal -0.362232 0.765551 0.531714
    outer loop
      vertex 0.942793 -1.76384 7
      vertex 1.80637 -3.43888 10
      vertex 1.83171 -3.42689 10
    endloop
  endfacet
  facet normal -0.36212 0.765605 0.531712
    outer loop
      vertex 1.80637 -3.43888 10
      vertex 0.942793 -1.76384 7
      vertex 0.765367 -1.84776 7
    endloop
  endfacet
  facet normal -0.205707 0.82156 0.531717
    outer loop
      vertex 0.580569 -1.91388 7
      vertex 0.758065 -3.81105 10
      vertex 0.785263 -3.80424 10
    endloop
  endfacet
  facet normal -0.205787 0.821544 0.531712
    outer loop
      vertex 0.758065 -3.81105 10
      vertex 0.580569 -1.91388 7
      vertex 0.390181 -1.96157 7
    endloop
  endfacet
  facet normal -0.205783 0.821544 0.531712
    outer loop
      vertex 0.785263 -3.80424 10
      vertex 1.12796 -3.7184 10
      vertex 0.580569 -1.91388 7
    endloop
  endfacet
  facet normal 0.797418 0.285319 0.531712
    outer loop
      vertex -3.59938 -1.4606 10
      vertex -1.91388 -0.580569 7
      vertex -3.7184 -1.12796 10
    endloop
  endfacet
  facet normal -0.362106 -0.765612 0.531711
    outer loop
      vertex 1.80637 3.43888 10
      vertex 1.487 3.58993 10
      vertex 0.765367 1.84776 7
    endloop
  endfacet
  facet normal 0.124251 -0.837762 0.531711
    outer loop
      vertex -0.196033 1.99037 7
      vertex -0.380866 3.867 10
      vertex -0.73033 3.81517 10
    endloop
  endfacet
  facet normal -0.124251 0.837762 0.531711
    outer loop
      vertex 0.380866 -3.867 10
      vertex 0.73033 -3.81517 10
      vertex 0.196033 -1.99037 7
    endloop
  endfacet
  facet normal 0.205707 -0.82156 0.531717
    outer loop
      vertex -0.580569 1.91388 7
      vertex -0.758065 3.81105 10
      vertex -0.785263 3.80424 10
    endloop
  endfacet
  facet normal 0.205787 -0.821544 0.531712
    outer loop
      vertex -0.758065 3.81105 10
      vertex -0.580569 1.91388 7
      vertex -0.390181 1.96157 7
    endloop
  endfacet
  facet normal 0.568693 -0.627585 0.531719
    outer loop
      vertex -1.41421 1.41421 7
      vertex -2.46507 3.0037 10
      vertex -2.48585 2.98487 10
    endloop
  endfacet
  facet normal 0.568782 -0.627511 0.531711
    outer loop
      vertex -2.46507 3.0037 10
      vertex -1.41421 1.41421 7
      vertex -1.26879 1.54602 7
    endloop
  endfacet
  facet normal -0.285319 0.797418 0.531712
    outer loop
      vertex 1.12796 -3.7184 10
      vertex 1.4606 -3.59938 10
      vertex 0.580569 -1.91388 7
    endloop
  endfacet
  facet normal 0.36212 0.765605 0.531712
    outer loop
      vertex -0.942793 -1.76384 7
      vertex -1.80637 -3.43888 10
      vertex -0.765367 -1.84776 7
    endloop
  endfacet
  facet normal 0.362232 0.765551 0.531714
    outer loop
      vertex -1.80637 -3.43888 10
      vertex -0.942793 -1.76384 7
      vertex -1.83171 -3.42689 10
    endloop
  endfacet
  facet normal -0.765605 0.36212 0.531712
    outer loop
      vertex 1.76384 -0.942793 7
      vertex 3.43888 -1.80637 10
      vertex 1.84776 -0.765367 7
    endloop
  endfacet
  facet normal -0.765551 0.362232 0.531714
    outer loop
      vertex 3.43888 -1.80637 10
      vertex 1.76384 -0.942793 7
      vertex 3.42689 -1.83171 10
    endloop
  endfacet
  facet normal -0.435408 0.726431 0.531711
    outer loop
      vertex 1.85576 -3.41248 10
      vertex 2.15879 -3.23085 10
      vertex 1.11114 -1.66294 7
    endloop
  endfacet
  facet normal 0.435408 -0.726431 0.531711
    outer loop
      vertex -1.11114 1.66294 7
      vertex -1.85576 3.41248 10
      vertex -2.15879 3.23085 10
    endloop
  endfacet
  facet normal -0.680258 0.504512 0.531712
    outer loop
      vertex 3.0204 -2.44255 10
      vertex 3.23085 -2.15879 10
      vertex 1.66294 -1.11114 7
    endloop
  endfacet
  facet normal -0.50451 -0.68026 0.531711
    outer loop
      vertex 1.26879 1.54602 7
      vertex 2.44255 3.0204 10
      vertex 1.11114 1.66294 7
    endloop
  endfacet
  facet normal -0.504475 -0.680286 0.531711
    outer loop
      vertex 2.44255 3.0204 10
      vertex 1.26879 1.54602 7
      vertex 2.46507 3.0037 10
    endloop
  endfacet
  facet normal 0.821544 0.205783 0.531712
    outer loop
      vertex -3.7184 -1.12796 10
      vertex -1.91388 -0.580569 7
      vertex -3.80424 -0.785263 10
    endloop
  endfacet
  facet normal -0.726439 0.435396 0.531712
    outer loop
      vertex 1.66294 -1.11114 7
      vertex 3.42689 -1.83171 10
      vertex 1.76384 -0.942793 7
    endloop
  endfacet
  facet normal -0.726495 0.435293 0.53172
    outer loop
      vertex 3.42689 -1.83171 10
      vertex 1.66294 -1.11114 7
      vertex 3.41248 -1.85576 10
    endloop
  endfacet
  facet normal -0.0415448 0.845906 0.531711
    outer loop
      vertex 0.352861 -3.86838 10
      vertex 0 -2 7
      vertex 0 -3.88571 10
    endloop
  endfacet
  facet normal 0.504512 0.680258 0.531712
    outer loop
      vertex -2.15879 -3.23085 10
      vertex -1.11114 -1.66294 7
      vertex -2.44255 -3.0204 10
    endloop
  endfacet
  facet normal 0.0415448 -0.845906 0.531711
    outer loop
      vertex 0 2 7
      vertex 0 3.88571 10
      vertex -0.352861 3.86838 10
    endloop
  endfacet
  facet normal 0.821544 0.205787 0.531712
    outer loop
      vertex -3.81105 -0.758065 10
      vertex -1.91388 -0.580569 7
      vertex -1.96157 -0.390181 7
    endloop
  endfacet
  facet normal 0.82156 0.205707 0.531717
    outer loop
      vertex -1.91388 -0.580569 7
      vertex -3.81105 -0.758065 10
      vertex -3.80424 -0.785263 10
    endloop
  endfacet
  facet normal -0.627513 0.568779 0.531712
    outer loop
      vertex 2.74761 -2.74761 10
      vertex 2.98487 -2.48585 10
      vertex 1.41421 -1.41421 7
    endloop
  endfacet
  facet normal 0.837762 0.124251 0.531711
    outer loop
      vertex -3.81517 -0.73033 10
      vertex -1.99037 -0.196033 7
      vertex -3.867 -0.380866 10
    endloop
  endfacet
  facet normal -0.837762 0.124251 0.531711
    outer loop
      vertex 3.81517 -0.73033 10
      vertex 3.867 -0.380866 10
      vertex 1.99037 -0.196033 7
    endloop
  endfacet
  facet normal 0.845898 -0.0416832 0.531714
    outer loop
      vertex -3.86838 0.352861 10
      vertex -1.99037 0.196033 7
      vertex -3.867 0.380866 10
    endloop
  endfacet
  facet normal 0.845905 -0.0415546 0.531712
    outer loop
      vertex -1.99037 0.196033 7
      vertex -3.86838 0.352861 10
      vertex -2 0 7
    endloop
  endfacet
  facet normal -0.765612 0.362106 0.531711
    outer loop
      vertex 3.43888 -1.80637 10
      vertex 3.58993 -1.487 10
      vertex 1.84776 -0.765367 7
    endloop
  endfacet
  facet normal -0.845906 0.0415448 0.531711
    outer loop
      vertex 3.86838 -0.352861 10
      vertex 3.88571 0 10
      vertex 2 0 7
    endloop
  endfacet
  facet normal -0.0415448 -0.845906 0.531711
    outer loop
      vertex 0.352861 3.86838 10
      vertex 0 3.88571 10
      vertex 0 2 7
    endloop
  endfacet
  facet normal -0.435408 -0.726431 0.531711
    outer loop
      vertex 2.15879 3.23085 10
      vertex 1.85576 3.41248 10
      vertex 1.11114 1.66294 7
    endloop
  endfacet
  facet normal -0.362106 0.765612 0.531711
    outer loop
      vertex 1.487 -3.58993 10
      vertex 1.80637 -3.43888 10
      vertex 0.765367 -1.84776 7
    endloop
  endfacet
  facet normal -0.837757 0.124273 0.531713
    outer loop
      vertex 1.96157 -0.390181 7
      vertex 3.81517 -0.73033 10
      vertex 1.99037 -0.196033 7
    endloop
  endfacet
  facet normal -0.83773 0.124444 0.531716
    outer loop
      vertex 3.81517 -0.73033 10
      vertex 1.96157 -0.390181 7
      vertex 3.81105 -0.758065 10
    endloop
  endfacet
  facet normal -0.568693 0.627585 0.531719
    outer loop
      vertex 1.41421 -1.41421 7
      vertex 2.46507 -3.0037 10
      vertex 2.48585 -2.98487 10
    endloop
  endfacet
  facet normal -0.568782 0.627511 0.531711
    outer loop
      vertex 2.46507 -3.0037 10
      vertex 1.41421 -1.41421 7
      vertex 1.26879 -1.54602 7
    endloop
  endfacet
  facet normal 0.79742 0.285314 0.531712
    outer loop
      vertex -3.59938 -1.4606 10
      vertex -1.84776 -0.765367 7
      vertex -1.91388 -0.580569 7
    endloop
  endfacet
  facet normal 0.797379 0.285425 0.531714
    outer loop
      vertex -1.84776 -0.765367 7
      vertex -3.59938 -1.4606 10
      vertex -3.58993 -1.487 10
    endloop
  endfacet
  facet normal 0.726431 0.435408 0.531711
    outer loop
      vertex -3.23085 -2.15879 10
      vertex -1.66294 -1.11114 7
      vertex -3.41248 -1.85576 10
    endloop
  endfacet
  facet normal 0.680286 -0.504475 0.531711
    outer loop
      vertex -3.0204 2.44255 10
      vertex -1.54602 1.26879 7
      vertex -3.0037 2.46507 10
    endloop
  endfacet
  facet normal 0.68026 -0.50451 0.531711
    outer loop
      vertex -1.54602 1.26879 7
      vertex -3.0204 2.44255 10
      vertex -1.66294 1.11114 7
    endloop
  endfacet
  facet normal 0.765612 0.362106 0.531711
    outer loop
      vertex -3.43888 -1.80637 10
      vertex -1.84776 -0.765367 7
      vertex -3.58993 -1.487 10
    endloop
  endfacet
  facet normal 0.0415448 0.845906 0.531711
    outer loop
      vertex 0 -3.88571 10
      vertex 0 -2 7
      vertex -0.352861 -3.86838 10
    endloop
  endfacet
  facet normal 0.680258 -0.504512 0.531712
    outer loop
      vertex -1.66294 1.11114 7
      vertex -3.0204 2.44255 10
      vertex -3.23085 2.15879 10
    endloop
  endfacet
  facet normal 0.845906 0.0415448 0.531711
    outer loop
      vertex -3.86838 -0.352861 10
      vertex -2 0 7
      vertex -3.88571 0 10
    endloop
  endfacet
  facet normal -0.627585 -0.568693 0.531719
    outer loop
      vertex 1.41421 1.41421 7
      vertex 3.0037 2.46507 10
      vertex 2.98487 2.48585 10
    endloop
  endfacet
  facet normal -0.627511 -0.568782 0.531711
    outer loop
      vertex 3.0037 2.46507 10
      vertex 1.41421 1.41421 7
      vertex 1.54602 1.26879 7
    endloop
  endfacet
  facet normal 0.205783 0.821544 0.531712
    outer loop
      vertex -0.785263 -3.80424 10
      vertex -0.580569 -1.91388 7
      vertex -1.12796 -3.7184 10
    endloop
  endfacet
  facet normal -0.726431 0.435408 0.531711
    outer loop
      vertex 3.23085 -2.15879 10
      vertex 3.41248 -1.85576 10
      vertex 1.66294 -1.11114 7
    endloop
  endfacet
  facet normal -0.568779 0.627513 0.531712
    outer loop
      vertex 2.48585 -2.98487 10
      vertex 2.74761 -2.74761 10
      vertex 1.41421 -1.41421 7
    endloop
  endfacet
  facet normal -0.504475 0.680286 0.531711
    outer loop
      vertex 1.26879 -1.54602 7
      vertex 2.44255 -3.0204 10
      vertex 2.46507 -3.0037 10
    endloop
  endfacet
  facet normal -0.50451 0.68026 0.531711
    outer loop
      vertex 2.44255 -3.0204 10
      vertex 1.26879 -1.54602 7
      vertex 1.11114 -1.66294 7
    endloop
  endfacet
  facet normal -0.504512 0.680258 0.531712
    outer loop
      vertex 2.15879 -3.23085 10
      vertex 2.44255 -3.0204 10
      vertex 1.11114 -1.66294 7
    endloop
  endfacet
  facet normal -0.627511 0.568782 0.531711
    outer loop
      vertex 1.41421 -1.41421 7
      vertex 3.0037 -2.46507 10
      vertex 1.54602 -1.26879 7
    endloop
  endfacet
  facet normal -0.627585 0.568693 0.531719
    outer loop
      vertex 3.0037 -2.46507 10
      vertex 1.41421 -1.41421 7
      vertex 2.98487 -2.48585 10
    endloop
  endfacet
  facet normal -0.0416832 0.845898 0.531714
    outer loop
      vertex 0.196033 -1.99037 7
      vertex 0.352861 -3.86838 10
      vertex 0.380866 -3.867 10
    endloop
  endfacet
  facet normal -0.0415546 0.845905 0.531712
    outer loop
      vertex 0.352861 -3.86838 10
      vertex 0.196033 -1.99037 7
      vertex 0 -2 7
    endloop
  endfacet
  facet normal 0.568779 -0.627513 0.531712
    outer loop
      vertex -1.41421 1.41421 7
      vertex -2.48585 2.98487 10
      vertex -2.74761 2.74761 10
    endloop
  endfacet
  facet normal 0.837762 -0.124251 0.531711
    outer loop
      vertex -1.99037 0.196033 7
      vertex -3.81517 0.73033 10
      vertex -3.867 0.380866 10
    endloop
  endfacet
  facet normal 0.0415546 0.845905 0.531712
    outer loop
      vertex -0.196033 -1.99037 7
      vertex -0.352861 -3.86838 10
      vertex 0 -2 7
    endloop
  endfacet
  facet normal 0.0416832 0.845898 0.531714
    outer loop
      vertex -0.352861 -3.86838 10
      vertex -0.196033 -1.99037 7
      vertex -0.380866 -3.867 10
    endloop
  endfacet
  facet normal 0.50451 0.68026 0.531711
    outer loop
      vertex -1.26879 -1.54602 7
      vertex -2.44255 -3.0204 10
      vertex -1.11114 -1.66294 7
    endloop
  endfacet
  facet normal 0.504475 0.680286 0.531711
    outer loop
      vertex -2.44255 -3.0204 10
      vertex -1.26879 -1.54602 7
      vertex -2.46507 -3.0037 10
    endloop
  endfacet
  facet normal 0.0416832 -0.845898 0.531714
    outer loop
      vertex -0.196033 1.99037 7
      vertex -0.352861 3.86838 10
      vertex -0.380866 3.867 10
    endloop
  endfacet
  facet normal 0.0415546 -0.845905 0.531712
    outer loop
      vertex -0.352861 3.86838 10
      vertex -0.196033 1.99037 7
      vertex 0 2 7
    endloop
  endfacet
  facet normal 0.124251 0.837762 0.531711
    outer loop
      vertex -0.380866 -3.867 10
      vertex -0.196033 -1.99037 7
      vertex -0.73033 -3.81517 10
    endloop
  endfacet
  facet normal 0.680258 0.504512 0.531712
    outer loop
      vertex -3.0204 -2.44255 10
      vertex -1.66294 -1.11114 7
      vertex -3.23085 -2.15879 10
    endloop
  endfacet
  facet normal 0.205787 0.821544 0.531712
    outer loop
      vertex -0.580569 -1.91388 7
      vertex -0.758065 -3.81105 10
      vertex -0.390181 -1.96157 7
    endloop
  endfacet
  facet normal 0.205707 0.82156 0.531717
    outer loop
      vertex -0.758065 -3.81105 10
      vertex -0.580569 -1.91388 7
      vertex -0.785263 -3.80424 10
    endloop
  endfacet
  facet normal 0.82156 -0.205707 0.531717
    outer loop
      vertex -3.81105 0.758065 10
      vertex -1.91388 0.580569 7
      vertex -3.80424 0.785263 10
    endloop
  endfacet
  facet normal 0.821544 -0.205787 0.531712
    outer loop
      vertex -1.91388 0.580569 7
      vertex -3.81105 0.758065 10
      vertex -1.96157 0.390181 7
    endloop
  endfacet
  facet normal -0.285314 -0.79742 0.531712
    outer loop
      vertex 0.765367 1.84776 7
      vertex 1.4606 3.59938 10
      vertex 0.580569 1.91388 7
    endloop
  endfacet
  facet normal -0.285425 -0.797379 0.531714
    outer loop
      vertex 1.4606 3.59938 10
      vertex 0.765367 1.84776 7
      vertex 1.487 3.58993 10
    endloop
  endfacet
  facet normal 0.285319 0.797418 0.531712
    outer loop
      vertex -1.12796 -3.7184 10
      vertex -0.580569 -1.91388 7
      vertex -1.4606 -3.59938 10
    endloop
  endfacet
  facet normal -0.680258 -0.504512 0.531712
    outer loop
      vertex 3.23085 2.15879 10
      vertex 3.0204 2.44255 10
      vertex 1.66294 1.11114 7
    endloop
  endfacet
  facet normal 0.765612 -0.362106 0.531711
    outer loop
      vertex -1.84776 0.765367 7
      vertex -3.43888 1.80637 10
      vertex -3.58993 1.487 10
    endloop
  endfacet
  facet normal 0.124273 0.837757 0.531713
    outer loop
      vertex -0.390181 -1.96157 7
      vertex -0.73033 -3.81517 10
      vertex -0.196033 -1.99037 7
    endloop
  endfacet
  facet normal 0.124444 0.83773 0.531716
    outer loop
      vertex -0.73033 -3.81517 10
      vertex -0.390181 -1.96157 7
      vertex -0.758065 -3.81105 10
    endloop
  endfacet
  facet normal -0.821544 0.205787 0.531712
    outer loop
      vertex 1.91388 -0.580569 7
      vertex 3.81105 -0.758065 10
      vertex 1.96157 -0.390181 7
    endloop
  endfacet
  facet normal -0.82156 0.205707 0.531717
    outer loop
      vertex 3.81105 -0.758065 10
      vertex 1.91388 -0.580569 7
      vertex 3.80424 -0.785263 10
    endloop
  endfacet
  facet normal -0.797418 0.285319 0.531712
    outer loop
      vertex 3.59938 -1.4606 10
      vertex 3.7184 -1.12796 10
      vertex 1.91388 -0.580569 7
    endloop
  endfacet
  facet normal -0.821544 0.205783 0.531712
    outer loop
      vertex 3.7184 -1.12796 10
      vertex 3.80424 -0.785263 10
      vertex 1.91388 -0.580569 7
    endloop
  endfacet
  facet normal -0.79742 0.285314 0.531712
    outer loop
      vertex 1.84776 -0.765367 7
      vertex 3.59938 -1.4606 10
      vertex 1.91388 -0.580569 7
    endloop
  endfacet
  facet normal -0.797379 0.285425 0.531714
    outer loop
      vertex 3.59938 -1.4606 10
      vertex 1.84776 -0.765367 7
      vertex 3.58993 -1.487 10
    endloop
  endfacet
  facet normal -0.68026 0.50451 0.531711
    outer loop
      vertex 1.54602 -1.26879 7
      vertex 3.0204 -2.44255 10
      vertex 1.66294 -1.11114 7
    endloop
  endfacet
  facet normal -0.680286 0.504475 0.531711
    outer loop
      vertex 3.0204 -2.44255 10
      vertex 1.54602 -1.26879 7
      vertex 3.0037 -2.46507 10
    endloop
  endfacet
  facet normal -0.205787 -0.821544 0.531712
    outer loop
      vertex 0.580569 1.91388 7
      vertex 0.758065 3.81105 10
      vertex 0.390181 1.96157 7
    endloop
  endfacet
  facet normal -0.205707 -0.82156 0.531717
    outer loop
      vertex 0.758065 3.81105 10
      vertex 0.580569 1.91388 7
      vertex 0.785263 3.80424 10
    endloop
  endfacet
  facet normal 0.726431 -0.435408 0.531711
    outer loop
      vertex -1.66294 1.11114 7
      vertex -3.23085 2.15879 10
      vertex -3.41248 1.85576 10
    endloop
  endfacet
  facet normal -0.124444 0.83773 0.531716
    outer loop
      vertex 0.390181 -1.96157 7
      vertex 0.73033 -3.81517 10
      vertex 0.758065 -3.81105 10
    endloop
  endfacet
  facet normal -0.124273 0.837757 0.531713
    outer loop
      vertex 0.73033 -3.81517 10
      vertex 0.390181 -1.96157 7
      vertex 0.196033 -1.99037 7
    endloop
  endfacet
  facet normal 0.568779 0.627513 0.531712
    outer loop
      vertex -2.48585 -2.98487 10
      vertex -1.41421 -1.41421 7
      vertex -2.74761 -2.74761 10
    endloop
  endfacet
  facet normal 0.726439 0.435396 0.531712
    outer loop
      vertex -3.42689 -1.83171 10
      vertex -1.66294 -1.11114 7
      vertex -1.76384 -0.942793 7
    endloop
  endfacet
  facet normal 0.726495 0.435293 0.53172
    outer loop
      vertex -1.66294 -1.11114 7
      vertex -3.42689 -1.83171 10
      vertex -3.41248 -1.85576 10
    endloop
  endfacet
  facet normal 0.285319 -0.797418 0.531712
    outer loop
      vertex -0.580569 1.91388 7
      vertex -1.12796 3.7184 10
      vertex -1.4606 3.59938 10
    endloop
  endfacet
  facet normal 0.205783 -0.821544 0.531712
    outer loop
      vertex -0.580569 1.91388 7
      vertex -0.785263 3.80424 10
      vertex -1.12796 3.7184 10
    endloop
  endfacet
  facet normal 0.285425 -0.797379 0.531714
    outer loop
      vertex -0.765367 1.84776 7
      vertex -1.4606 3.59938 10
      vertex -1.487 3.58993 10
    endloop
  endfacet
  facet normal 0.285314 -0.79742 0.531712
    outer loop
      vertex -1.4606 3.59938 10
      vertex -0.765367 1.84776 7
      vertex -0.580569 1.91388 7
    endloop
  endfacet
  facet normal -0.680286 -0.504475 0.531711
    outer loop
      vertex 1.54602 1.26879 7
      vertex 3.0204 2.44255 10
      vertex 3.0037 2.46507 10
    endloop
  endfacet
  facet normal -0.68026 -0.50451 0.531711
    outer loop
      vertex 3.0204 2.44255 10
      vertex 1.54602 1.26879 7
      vertex 1.66294 1.11114 7
    endloop
  endfacet
  facet normal 0.435408 0.726431 0.531711
    outer loop
      vertex -1.85576 -3.41248 10
      vertex -1.11114 -1.66294 7
      vertex -2.15879 -3.23085 10
    endloop
  endfacet
  facet normal 0.83773 -0.124444 0.531716
    outer loop
      vertex -3.81517 0.73033 10
      vertex -1.96157 0.390181 7
      vertex -3.81105 0.758065 10
    endloop
  endfacet
  facet normal 0.837757 -0.124273 0.531713
    outer loop
      vertex -1.96157 0.390181 7
      vertex -3.81517 0.73033 10
      vertex -1.99037 0.196033 7
    endloop
  endfacet
  facet normal 0.821544 -0.205783 0.531712
    outer loop
      vertex -1.91388 0.580569 7
      vertex -3.7184 1.12796 10
      vertex -3.80424 0.785263 10
    endloop
  endfacet
  facet normal 0.504475 -0.680286 0.531711
    outer loop
      vertex -1.26879 1.54602 7
      vertex -2.44255 3.0204 10
      vertex -2.46507 3.0037 10
    endloop
  endfacet
  facet normal 0.50451 -0.68026 0.531711
    outer loop
      vertex -2.44255 3.0204 10
      vertex -1.26879 1.54602 7
      vertex -1.11114 1.66294 7
    endloop
  endfacet
  facet normal -0.726495 -0.435293 0.53172
    outer loop
      vertex 1.66294 1.11114 7
      vertex 3.42689 1.83171 10
      vertex 3.41248 1.85576 10
    endloop
  endfacet
  facet normal -0.726439 -0.435396 0.531712
    outer loop
      vertex 3.42689 1.83171 10
      vertex 1.66294 1.11114 7
      vertex 1.76384 0.942793 7
    endloop
  endfacet
  facet normal 0.845906 -0.0415448 0.531711
    outer loop
      vertex -2 0 7
      vertex -3.86838 0.352861 10
      vertex -3.88571 0 10
    endloop
  endfacet
  facet normal -0.504512 -0.680258 0.531712
    outer loop
      vertex 2.44255 3.0204 10
      vertex 2.15879 3.23085 10
      vertex 1.11114 1.66294 7
    endloop
  endfacet
  facet normal -0.568779 -0.627513 0.531712
    outer loop
      vertex 2.74761 2.74761 10
      vertex 2.48585 2.98487 10
      vertex 1.41421 1.41421 7
    endloop
  endfacet
  facet normal 0.362106 -0.765612 0.531711
    outer loop
      vertex -0.765367 1.84776 7
      vertex -1.487 3.58993 10
      vertex -1.80637 3.43888 10
    endloop
  endfacet
  facet normal 0.627513 -0.568779 0.531712
    outer loop
      vertex -1.41421 1.41421 7
      vertex -2.74761 2.74761 10
      vertex -2.98487 2.48585 10
    endloop
  endfacet
  facet normal 0.504512 -0.680258 0.531712
    outer loop
      vertex -1.11114 1.66294 7
      vertex -2.15879 3.23085 10
      vertex -2.44255 3.0204 10
    endloop
  endfacet
  facet normal 0.362106 0.765612 0.531711
    outer loop
      vertex -1.487 -3.58993 10
      vertex -0.765367 -1.84776 7
      vertex -1.80637 -3.43888 10
    endloop
  endfacet
  facet normal 0.285314 0.79742 0.531712
    outer loop
      vertex -0.765367 -1.84776 7
      vertex -1.4606 -3.59938 10
      vertex -0.580569 -1.91388 7
    endloop
  endfacet
  facet normal 0.285425 0.797379 0.531714
    outer loop
      vertex -1.4606 -3.59938 10
      vertex -0.765367 -1.84776 7
      vertex -1.487 -3.58993 10
    endloop
  endfacet
  facet normal 0.797418 -0.285319 0.531712
    outer loop
      vertex -1.91388 0.580569 7
      vertex -3.59938 1.4606 10
      vertex -3.7184 1.12796 10
    endloop
  endfacet
  facet normal -0.627513 -0.568779 0.531712
    outer loop
      vertex 2.98487 2.48585 10
      vertex 2.74761 2.74761 10
      vertex 1.41421 1.41421 7
    endloop
  endfacet
  facet normal 0.568782 0.627511 0.531711
    outer loop
      vertex -1.41421 -1.41421 7
      vertex -2.46507 -3.0037 10
      vertex -1.26879 -1.54602 7
    endloop
  endfacet
  facet normal 0.568693 0.627585 0.531719
    outer loop
      vertex -2.46507 -3.0037 10
      vertex -1.41421 -1.41421 7
      vertex -2.48585 -2.98487 10
    endloop
  endfacet
  facet normal -0.285319 -0.797418 0.531712
    outer loop
      vertex 1.4606 3.59938 10
      vertex 1.12796 3.7184 10
      vertex 0.580569 1.91388 7
    endloop
  endfacet
  facet normal -0.124251 -0.837762 0.531711
    outer loop
      vertex 0.73033 3.81517 10
      vertex 0.380866 3.867 10
      vertex 0.196033 1.99037 7
    endloop
  endfacet
  facet normal -0.568782 -0.627511 0.531711
    outer loop
      vertex 1.41421 1.41421 7
      vertex 2.46507 3.0037 10
      vertex 1.26879 1.54602 7
    endloop
  endfacet
  facet normal -0.568693 -0.627585 0.531719
    outer loop
      vertex 2.46507 3.0037 10
      vertex 1.41421 1.41421 7
      vertex 2.48585 2.98487 10
    endloop
  endfacet
  facet normal -0.726431 -0.435408 0.531711
    outer loop
      vertex 3.41248 1.85576 10
      vertex 3.23085 2.15879 10
      vertex 1.66294 1.11114 7
    endloop
  endfacet
  facet normal 0.627513 0.568779 0.531712
    outer loop
      vertex -2.74761 -2.74761 10
      vertex -1.41421 -1.41421 7
      vertex -2.98487 -2.48585 10
    endloop
  endfacet
  facet normal 0.627511 0.568782 0.531711
    outer loop
      vertex -3.0037 -2.46507 10
      vertex -1.41421 -1.41421 7
      vertex -1.54602 -1.26879 7
    endloop
  endfacet
  facet normal 0.627585 0.568693 0.531719
    outer loop
      vertex -1.41421 -1.41421 7
      vertex -3.0037 -2.46507 10
      vertex -2.98487 -2.48585 10
    endloop
  endfacet
  facet normal 0.124444 -0.83773 0.531716
    outer loop
      vertex -0.390181 1.96157 7
      vertex -0.73033 3.81517 10
      vertex -0.758065 3.81105 10
    endloop
  endfacet
  facet normal 0.124273 -0.837757 0.531713
    outer loop
      vertex -0.73033 3.81517 10
      vertex -0.390181 1.96157 7
      vertex -0.196033 1.99037 7
    endloop
  endfacet
  facet normal 0.362232 -0.765551 0.531714
    outer loop
      vertex -0.942793 1.76384 7
      vertex -1.80637 3.43888 10
      vertex -1.83171 3.42689 10
    endloop
  endfacet
  facet normal 0.36212 -0.765605 0.531712
    outer loop
      vertex -1.80637 3.43888 10
      vertex -0.942793 1.76384 7
      vertex -0.765367 1.84776 7
    endloop
  endfacet
  facet normal 0.435293 -0.726495 0.53172
    outer loop
      vertex -1.11114 1.66294 7
      vertex -1.83171 3.42689 10
      vertex -1.85576 3.41248 10
    endloop
  endfacet
  facet normal 0.435396 -0.726439 0.531712
    outer loop
      vertex -1.83171 3.42689 10
      vertex -1.11114 1.66294 7
      vertex -0.942793 1.76384 7
    endloop
  endfacet
  facet normal -0.797418 -0.285319 0.531712
    outer loop
      vertex 3.7184 1.12796 10
      vertex 3.59938 1.4606 10
      vertex 1.91388 0.580569 7
    endloop
  endfacet
  facet normal -0.765612 -0.362106 0.531711
    outer loop
      vertex 3.58993 1.487 10
      vertex 3.43888 1.80637 10
      vertex 1.84776 0.765367 7
    endloop
  endfacet
  facet normal -0.821544 -0.205783 0.531712
    outer loop
      vertex 3.80424 0.785263 10
      vertex 3.7184 1.12796 10
      vertex 1.91388 0.580569 7
    endloop
  endfacet
  facet normal 0.797379 -0.285425 0.531714
    outer loop
      vertex -3.59938 1.4606 10
      vertex -1.84776 0.765367 7
      vertex -3.58993 1.487 10
    endloop
  endfacet
  facet normal 0.79742 -0.285314 0.531712
    outer loop
      vertex -1.84776 0.765367 7
      vertex -3.59938 1.4606 10
      vertex -1.91388 0.580569 7
    endloop
  endfacet
  facet normal -0.36212 -0.765605 0.531712
    outer loop
      vertex 0.942793 1.76384 7
      vertex 1.80637 3.43888 10
      vertex 0.765367 1.84776 7
    endloop
  endfacet
  facet normal -0.362232 -0.765551 0.531714
    outer loop
      vertex 1.80637 3.43888 10
      vertex 0.942793 1.76384 7
      vertex 1.83171 3.42689 10
    endloop
  endfacet
  facet normal -0.435396 -0.726439 0.531712
    outer loop
      vertex 1.11114 1.66294 7
      vertex 1.83171 3.42689 10
      vertex 0.942793 1.76384 7
    endloop
  endfacet
  facet normal -0.435293 -0.726495 0.53172
    outer loop
      vertex 1.83171 3.42689 10
      vertex 1.11114 1.66294 7
      vertex 1.85576 3.41248 10
    endloop
  endfacet
  facet normal 0.627585 -0.568693 0.531719
    outer loop
      vertex -3.0037 2.46507 10
      vertex -1.41421 1.41421 7
      vertex -2.98487 2.48585 10
    endloop
  endfacet
  facet normal 0.627511 -0.568782 0.531711
    outer loop
      vertex -1.41421 1.41421 7
      vertex -3.0037 2.46507 10
      vertex -1.54602 1.26879 7
    endloop
  endfacet
  facet normal -0.205783 -0.821544 0.531712
    outer loop
      vertex 1.12796 3.7184 10
      vertex 0.785263 3.80424 10
      vertex 0.580569 1.91388 7
    endloop
  endfacet
  facet normal 0.726495 -0.435293 0.53172
    outer loop
      vertex -3.42689 1.83171 10
      vertex -1.66294 1.11114 7
      vertex -3.41248 1.85576 10
    endloop
  endfacet
  facet normal 0.726439 -0.435396 0.531712
    outer loop
      vertex -1.66294 1.11114 7
      vertex -3.42689 1.83171 10
      vertex -1.76384 0.942793 7
    endloop
  endfacet
  facet normal 0.765551 -0.362232 0.531714
    outer loop
      vertex -3.43888 1.80637 10
      vertex -1.76384 0.942793 7
      vertex -3.42689 1.83171 10
    endloop
  endfacet
  facet normal 0.765605 -0.36212 0.531712
    outer loop
      vertex -1.76384 0.942793 7
      vertex -3.43888 1.80637 10
      vertex -1.84776 0.765367 7
    endloop
  endfacet
  facet normal -0.837762 -0.124251 0.531711
    outer loop
      vertex 3.867 0.380866 10
      vertex 3.81517 0.73033 10
      vertex 1.99037 0.196033 7
    endloop
  endfacet
  facet normal -0.124273 -0.837757 0.531713
    outer loop
      vertex 0.390181 1.96157 7
      vertex 0.73033 3.81517 10
      vertex 0.196033 1.99037 7
    endloop
  endfacet
  facet normal -0.124444 -0.83773 0.531716
    outer loop
      vertex 0.73033 3.81517 10
      vertex 0.390181 1.96157 7
      vertex 0.758065 3.81105 10
    endloop
  endfacet
  facet normal -0.0415546 -0.845905 0.531712
    outer loop
      vertex 0.196033 1.99037 7
      vertex 0.352861 3.86838 10
      vertex 0 2 7
    endloop
  endfacet
  facet normal -0.0416832 -0.845898 0.531714
    outer loop
      vertex 0.352861 3.86838 10
      vertex 0.196033 1.99037 7
      vertex 0.380866 3.867 10
    endloop
  endfacet
  facet normal -0.797379 -0.285425 0.531714
    outer loop
      vertex 1.84776 0.765367 7
      vertex 3.59938 1.4606 10
      vertex 3.58993 1.487 10
    endloop
  endfacet
  facet normal -0.79742 -0.285314 0.531712
    outer loop
      vertex 3.59938 1.4606 10
      vertex 1.84776 0.765367 7
      vertex 1.91388 0.580569 7
    endloop
  endfacet
  facet normal -0.82156 -0.205707 0.531717
    outer loop
      vertex 1.91388 0.580569 7
      vertex 3.81105 0.758065 10
      vertex 3.80424 0.785263 10
    endloop
  endfacet
  facet normal -0.821544 -0.205787 0.531712
    outer loop
      vertex 3.81105 0.758065 10
      vertex 1.91388 0.580569 7
      vertex 1.96157 0.390181 7
    endloop
  endfacet
  facet normal -0.83773 -0.124444 0.531716
    outer loop
      vertex 1.96157 0.390181 7
      vertex 3.81517 0.73033 10
      vertex 3.81105 0.758065 10
    endloop
  endfacet
  facet normal -0.837757 -0.124273 0.531713
    outer loop
      vertex 3.81517 0.73033 10
      vertex 1.96157 0.390181 7
      vertex 1.99037 0.196033 7
    endloop
  endfacet
endsolid OpenSCAD_Model
