solid OpenSCAD_Model
  facet normal 0.471396736825997 0 0.8819212643483555
    outer loop
      vertex 6.887706508215857 26 8.52179274798194
      vertex 6.6110876271686365 0 8.669648620315927
      vertex 6.887706508215857 0 8.52179274798194
    endloop
  endfacet
  facet normal 0.6343932841636465 0 0.773010453362736
    outer loop
      vertex 6.6110876271686365 26 8.669648620315927
      vertex 6.3686291501015235 0 8.868629150101524
      vertex 6.6110876271686365 0 8.669648620315927
    endloop
  endfacet
  facet normal 0.09801714032956073 0 0.9951847266721969
    outer loop
      vertex 7.5 26 8.4
      vertex 7.187855484774195 0 8.430743551354832
      vertex 7.5 0 8.4
    endloop
  endfacet
  facet normal -0.09801714032956073 0 0.9951847266721969
    outer loop
      vertex 7.812144515225805 26 8.430743551354832
      vertex 7.5 0 8.4
      vertex 7.812144515225805 0 8.430743551354832
    endloop
  endfacet
  facet normal 0.2902846772544604 0 0.9569403357322095
    outer loop
      vertex 7.187855484774195 26 8.430743551354832
      vertex 6.887706508215857 0 8.52179274798194
      vertex 7.187855484774195 0 8.430743551354832
    endloop
  endfacet
  facet normal -0.2902846772544604 0 0.9569403357322095
    outer loop
      vertex 8.112293491784143 26 8.52179274798194
      vertex 7.812144515225805 0 8.430743551354832
      vertex 8.112293491784143 0 8.52179274798194
    endloop
  endfacet
  facet normal -0.471396736825997 0 0.8819212643483555
    outer loop
      vertex 8.388912372831363 26 8.669648620315927
      vertex 8.112293491784143 0 8.52179274798194
      vertex 8.388912372831363 0 8.669648620315927
    endloop
  endfacet
  facet normal 0.7730104533627363 0 0.6343932841636464
    outer loop
      vertex 6.3686291501015235 26 8.868629150101524
      vertex 6.169648620315927 0 9.111087627168637
      vertex 6.3686291501015235 0 8.868629150101524
    endloop
  endfacet
  facet normal 0.8819212643483554 0 0.47139673682599686
    outer loop
      vertex 6.169648620315927 26 9.111087627168637
      vertex 6.021792747981941 0 9.387706508215857
      vertex 6.169648620315927 0 9.111087627168637
    endloop
  endfacet
  facet normal 0.9569403357322095 0 0.2902846772544604
    outer loop
      vertex 6.021792747981941 26 9.387706508215857
      vertex 5.930743551354832 0 9.687855484774195
      vertex 6.021792747981941 0 9.387706508215857
    endloop
  endfacet
  facet normal 0.9951847266721969 0 0.09801714032956073
    outer loop
      vertex 5.930743551354832 26 9.687855484774195
      vertex 5.9 0 10
      vertex 5.930743551354832 0 9.687855484774195
    endloop
  endfacet
  facet normal -0.6343932841636479 0 0.7730104533627349
    outer loop
      vertex 8.631370849898476 26 8.868629150101524
      vertex 8.388912372831363 0 8.669648620315927
      vertex 8.631370849898476 0 8.868629150101524
    endloop
  endfacet
  facet normal -0.773010453362735 0 0.634393284163648
    outer loop
      vertex 8.830351379684073 26 9.111087627168637
      vertex 8.631370849898476 0 8.868629150101524
      vertex 8.830351379684073 0 9.111087627168637
    endloop
  endfacet
  facet normal -0.8819212643483554 0 0.47139673682599686
    outer loop
      vertex 8.97820725201806 26 9.387706508215857
      vertex 8.830351379684073 0 9.111087627168637
      vertex 8.97820725201806 0 9.387706508215857
    endloop
  endfacet
  facet normal -0.9569403357322095 0 0.2902846772544604
    outer loop
      vertex 9.069256448645168 26 9.687855484774195
      vertex 8.97820725201806 0 9.387706508215857
      vertex 9.069256448645168 0 9.687855484774195
    endloop
  endfacet
  facet normal -0.9951847266721969 0 0.09801714032956073
    outer loop
      vertex 9.1 26 10
      vertex 9.069256448645168 0 9.687855484774195
      vertex 9.1 0 10
    endloop
  endfacet
  facet normal 0.9951847266721969 0 -0.09801714032956073
    outer loop
      vertex 5.9 26 10
      vertex 5.930743551354832 0 10.312144515225805
      vertex 5.9 0 10
    endloop
  endfacet
  facet normal 0.9569403357322095 0 -0.2902846772544604
    outer loop
      vertex 5.930743551354832 26 10.312144515225805
      vertex 6.021792747981941 0 10.612293491784143
      vertex 5.930743551354832 0 10.312144515225805
    endloop
  endfacet
  facet normal 0.8819212643483554 0 -0.47139673682599686
    outer loop
      vertex 6.021792747981941 26 10.612293491784143
      vertex 6.169648620315927 0 10.888912372831363
      vertex 6.021792747981941 0 10.612293491784143
    endloop
  endfacet
  facet normal 0.7730104533627363 0 -0.6343932841636464
    outer loop
      vertex 6.169648620315927 26 10.888912372831363
      vertex 6.3686291501015235 0 11.131370849898476
      vertex 6.169648620315927 0 10.888912372831363
    endloop
  endfacet
  facet normal 0.6343932841636465 0 -0.773010453362736
    outer loop
      vertex 6.3686291501015235 26 11.131370849898476
      vertex 6.6110876271686365 0 11.330351379684073
      vertex 6.3686291501015235 0 11.131370849898476
    endloop
  endfacet
  facet normal -0.9569403357322095 0 -0.2902846772544604
    outer loop
      vertex 8.97820725201806 26 10.612293491784143
      vertex 9.069256448645168 0 10.312144515225805
      vertex 8.97820725201806 0 10.612293491784143
    endloop
  endfacet
  facet normal -0.8819212643483554 0 -0.47139673682599686
    outer loop
      vertex 8.830351379684073 26 10.888912372831363
      vertex 8.97820725201806 0 10.612293491784143
      vertex 8.830351379684073 0 10.888912372831363
    endloop
  endfacet
  facet normal -0.773010453362735 0 -0.634393284163648
    outer loop
      vertex 8.631370849898476 26 11.131370849898476
      vertex 8.830351379684073 0 10.888912372831363
      vertex 8.631370849898476 0 11.131370849898476
    endloop
  endfacet
  facet normal 0.471396736825997 0 -0.8819212643483555
    outer loop
      vertex 6.6110876271686365 26 11.330351379684073
      vertex 6.887706508215857 0 11.47820725201806
      vertex 6.6110876271686365 0 11.330351379684073
    endloop
  endfacet
  facet normal 0.2902846772544604 0 -0.9569403357322095
    outer loop
      vertex 6.887706508215857 26 11.47820725201806
      vertex 7.187855484774195 0 11.569256448645168
      vertex 6.887706508215857 0 11.47820725201806
    endloop
  endfacet
  facet normal -0.2902846772544604 0 -0.9569403357322095
    outer loop
      vertex 7.812144515225805 26 11.569256448645168
      vertex 8.112293491784143 0 11.47820725201806
      vertex 7.812144515225805 0 11.569256448645168
    endloop
  endfacet
  facet normal 0.09801714032956073 0 -0.9951847266721969
    outer loop
      vertex 7.187855484774195 26 11.569256448645168
      vertex 7.5 0 11.6
      vertex 7.187855484774195 0 11.569256448645168
    endloop
  endfacet
  facet normal -0.09801714032956073 0 -0.9951847266721969
    outer loop
      vertex 7.5 26 11.6
      vertex 7.812144515225805 0 11.569256448645168
      vertex 7.5 0 11.6
    endloop
  endfacet
  facet normal -0.6343932841636479 0 -0.7730104533627349
    outer loop
      vertex 8.388912372831363 26 11.330351379684073
      vertex 8.631370849898476 0 11.131370849898476
      vertex 8.388912372831363 0 11.330351379684073
    endloop
  endfacet
  facet normal -0.471396736825997 0 -0.8819212643483555
    outer loop
      vertex 8.112293491784143 26 11.47820725201806
      vertex 8.388912372831363 0 11.330351379684073
      vertex 8.112293491784143 0 11.47820725201806
    endloop
  endfacet
  facet normal -0.9951847266721969 0 -0.09801714032956073
    outer loop
      vertex 9.069256448645168 26 10.312144515225805
      vertex 9.1 0 10
      vertex 9.069256448645168 0 10.312144515225805
    endloop
  endfacet
  facet normal 0.471396736825997 3.6848475870830307e-19 0.8819212643483555
    outer loop
      vertex 6.887706508215857 26 8.52179274798194
      vertex 6.6110876271686365 26 8.669648620315927
      vertex 6.6110876271686365 0 8.669648620315927
    endloop
  endfacet
  facet normal 0.09801714032956073 0 0.9951847266721969
    outer loop
      vertex 7.187855484774195 26 8.430743551354832
      vertex 7.187855484774195 0 8.430743551354832
      vertex 7.5 26 8.4
    endloop
  endfacet
  facet normal -0.09801714032956073 0 0.9951847266721969
    outer loop
      vertex 7.5 26 8.4
      vertex 7.5 0 8.4
      vertex 7.812144515225805 26 8.430743551354832
    endloop
  endfacet
  facet normal 0.2902846772544604 -1.478215413835551e-20 0.9569403357322095
    outer loop
      vertex 7.187855484774195 26 8.430743551354832
      vertex 6.887706508215857 26 8.52179274798194
      vertex 6.887706508215857 0 8.52179274798194
    endloop
  endfacet
  facet normal -0.2902846772544604 0 0.9569403357322095
    outer loop
      vertex 7.812144515225805 26 8.430743551354832
      vertex 7.812144515225805 0 8.430743551354832
      vertex 8.112293491784143 26 8.52179274798194
    endloop
  endfacet
  facet normal -0.471396736825997 0 0.8819212643483555
    outer loop
      vertex 8.112293491784143 26 8.52179274798194
      vertex 8.112293491784143 0 8.52179274798194
      vertex 8.388912372831363 26 8.669648620315927
    endloop
  endfacet
  facet normal -0.6343932841636479 0 0.7730104533627349
    outer loop
      vertex 8.388912372831363 26 8.669648620315927
      vertex 8.388912372831363 0 8.669648620315927
      vertex 8.631370849898476 26 8.868629150101524
    endloop
  endfacet
  facet normal 0.6343932841636465 2.8469496652109606e-19 0.773010453362736
    outer loop
      vertex 6.6110876271686365 26 8.669648620315927
      vertex 6.3686291501015235 26 8.868629150101524
      vertex 6.3686291501015235 0 8.868629150101524
    endloop
  endfacet
  facet normal 0.7730104533627363 -1.4430928794383802e-19 0.6343932841636464
    outer loop
      vertex 6.3686291501015235 26 8.868629150101524
      vertex 6.169648620315927 26 9.111087627168637
      vertex 6.169648620315927 0 9.111087627168637
    endloop
  endfacet
  facet normal 0.8819212643483554 3.68484758708303e-19 0.47139673682599686
    outer loop
      vertex 6.169648620315927 26 9.111087627168637
      vertex 6.021792747981941 26 9.387706508215857
      vertex 6.021792747981941 0 9.387706508215857
    endloop
  endfacet
  facet normal 0.9569403357322095 -1.478215413835551e-20 0.2902846772544604
    outer loop
      vertex 6.021792747981941 26 9.387706508215857
      vertex 5.930743551354832 26 9.687855484774195
      vertex 5.930743551354832 0 9.687855484774195
    endloop
  endfacet
  facet normal 0.9951847266721969 -7.900144217481825e-20 0.09801714032956073
    outer loop
      vertex 5.930743551354832 26 9.687855484774195
      vertex 5.9 26 10
      vertex 5.9 0 10
    endloop
  endfacet
  facet normal -0.773010453362735 0 0.634393284163648
    outer loop
      vertex 8.631370849898476 26 8.868629150101524
      vertex 8.631370849898476 0 8.868629150101524
      vertex 8.830351379684073 26 9.111087627168637
    endloop
  endfacet
  facet normal -0.8819212643483554 0 0.47139673682599686
    outer loop
      vertex 8.830351379684073 26 9.111087627168637
      vertex 8.830351379684073 0 9.111087627168637
      vertex 8.97820725201806 26 9.387706508215857
    endloop
  endfacet
  facet normal -0.9569403357322095 0 0.2902846772544604
    outer loop
      vertex 8.97820725201806 26 9.387706508215857
      vertex 8.97820725201806 0 9.387706508215857
      vertex 9.069256448645168 26 9.687855484774195
    endloop
  endfacet
  facet normal -0.9951847266721969 0 0.09801714032956073
    outer loop
      vertex 9.069256448645168 26 9.687855484774195
      vertex 9.069256448645168 0 9.687855484774195
      vertex 9.1 26 10
    endloop
  endfacet
  facet normal 0.9951847266721969 7.900144217481825e-20 -0.09801714032956073
    outer loop
      vertex 5.9 26 10
      vertex 5.930743551354832 26 10.312144515225805
      vertex 5.930743551354832 0 10.312144515225805
    endloop
  endfacet
  facet normal 0.9569403357322095 1.478215413835551e-20 -0.2902846772544604
    outer loop
      vertex 5.930743551354832 26 10.312144515225805
      vertex 6.021792747981941 26 10.612293491784143
      vertex 6.021792747981941 0 10.612293491784143
    endloop
  endfacet
  facet normal 0.8819212643483554 -3.68484758708303e-19 -0.47139673682599686
    outer loop
      vertex 6.021792747981941 26 10.612293491784143
      vertex 6.169648620315927 26 10.888912372831363
      vertex 6.169648620315927 0 10.888912372831363
    endloop
  endfacet
  facet normal 0.7730104533627363 1.4430928794383802e-19 -0.6343932841636464
    outer loop
      vertex 6.169648620315927 26 10.888912372831363
      vertex 6.3686291501015235 26 11.131370849898476
      vertex 6.3686291501015235 0 11.131370849898476
    endloop
  endfacet
  facet normal -0.9569403357322095 0 -0.2902846772544604
    outer loop
      vertex 9.069256448645168 26 10.312144515225805
      vertex 9.069256448645168 0 10.312144515225805
      vertex 8.97820725201806 26 10.612293491784143
    endloop
  endfacet
  facet normal -0.8819212643483554 0 -0.47139673682599686
    outer loop
      vertex 8.97820725201806 26 10.612293491784143
      vertex 8.97820725201806 0 10.612293491784143
      vertex 8.830351379684073 26 10.888912372831363
    endloop
  endfacet
  facet normal -0.773010453362735 0 -0.634393284163648
    outer loop
      vertex 8.830351379684073 26 10.888912372831363
      vertex 8.830351379684073 0 10.888912372831363
      vertex 8.631370849898476 26 11.131370849898476
    endloop
  endfacet
  facet normal -0.6343932841636479 0 -0.7730104533627349
    outer loop
      vertex 8.631370849898476 26 11.131370849898476
      vertex 8.631370849898476 0 11.131370849898476
      vertex 8.388912372831363 26 11.330351379684073
    endloop
  endfacet
  facet normal 0.6343932841636465 -2.8469496652109606e-19 -0.773010453362736
    outer loop
      vertex 6.3686291501015235 26 11.131370849898476
      vertex 6.6110876271686365 26 11.330351379684073
      vertex 6.6110876271686365 0 11.330351379684073
    endloop
  endfacet
  facet normal 0.471396736825997 -3.6848475870830307e-19 -0.8819212643483555
    outer loop
      vertex 6.6110876271686365 26 11.330351379684073
      vertex 6.887706508215857 26 11.47820725201806
      vertex 6.887706508215857 0 11.47820725201806
    endloop
  endfacet
  facet normal 0.2902846772544604 1.478215413835551e-20 -0.9569403357322095
    outer loop
      vertex 6.887706508215857 26 11.47820725201806
      vertex 7.187855484774195 26 11.569256448645168
      vertex 7.187855484774195 0 11.569256448645168
    endloop
  endfacet
  facet normal 0.09801714032956073 7.900144217481825e-20 -0.9951847266721969
    outer loop
      vertex 7.187855484774195 26 11.569256448645168
      vertex 7.5 26 11.6
      vertex 7.5 0 11.6
    endloop
  endfacet
  facet normal -0.09801714032956073 -7.900144217481825e-20 -0.9951847266721969
    outer loop
      vertex 7.5 26 11.6
      vertex 7.812144515225805 26 11.569256448645168
      vertex 7.812144515225805 0 11.569256448645168
    endloop
  endfacet
  facet normal -0.471396736825997 3.6848475870830307e-19 -0.8819212643483555
    outer loop
      vertex 8.112293491784143 26 11.47820725201806
      vertex 8.388912372831363 26 11.330351379684073
      vertex 8.388912372831363 0 11.330351379684073
    endloop
  endfacet
  facet normal -0.2902846772544604 0 -0.9569403357322095
    outer loop
      vertex 8.112293491784143 26 11.47820725201806
      vertex 8.112293491784143 0 11.47820725201806
      vertex 7.812144515225805 26 11.569256448645168
    endloop
  endfacet
  facet normal -0.9951847266721969 0 -0.09801714032956073
    outer loop
      vertex 9.1 26 10
      vertex 9.1 0 10
      vertex 9.069256448645168 26 10.312144515225805
    endloop
  endfacet
  facet normal 0 1 0
    outer loop
      vertex 6.658838103416808 26 6.8607410645605285
      vertex 8.341161896583193 26 6.8607410645605285
      vertex 7.0757898752848325 26 6.777804200535116
    endloop
  endfacet
  facet normal 0 1 0
    outer loop
      vertex 7.0757898752848325 26 6.777804200535116
      vertex 7.9242101247151675 26 6.777804200535116
      vertex 7.5 26 6.75
    endloop
  endfacet
  facet normal 0 1 0
    outer loop
      vertex 7.0757898752848325 26 6.777804200535116
      vertex 8.341161896583193 26 6.8607410645605285
      vertex 7.9242101247151675 26 6.777804200535116
    endloop
  endfacet
  facet normal 0 1 0
    outer loop
      vertex 6.658838103416808 26 6.8607410645605285
      vertex 6.256278844813458 26 6.9973915193383185
      vertex 8.743721155186542 26 6.9973915193383185
    endloop
  endfacet
  facet normal 0 1 0
    outer loop
      vertex 5.875 26 7.185417437700575
      vertex 9.125 26 7.185417437700575
      vertex 6.256278844813458 26 6.9973915193383185
    endloop
  endfacet
  facet normal 0 1 0
    outer loop
      vertex 6.658838103416808 26 6.8607410645605285
      vertex 8.743721155186542 26 6.9973915193383185
      vertex 8.341161896583193 26 6.8607410645605285
    endloop
  endfacet
  facet normal 0 1 0
    outer loop
      vertex 5.875 26 7.185417437700575
      vertex 5.521525355721658 26 7.421601644053485
      vertex 9.478474644278343 26 7.421601644053485
    endloop
  endfacet
  facet normal 0 1 0
    outer loop
      vertex 6.256278844813458 26 6.9973915193383185
      vertex 9.125 26 7.185417437700575
      vertex 8.743721155186542 26 6.9973915193383185
    endloop
  endfacet
  facet normal 0 1 0
    outer loop
      vertex 5.875 26 7.185417437700575
      vertex 9.478474644278343 26 7.421601644053485
      vertex 9.125 26 7.185417437700575
    endloop
  endfacet
  facet normal 0.4422886902190008 -9.211627603668224e-19 0.8968727415326886
    outer loop
      vertex 5.875 26 7.185417437700575
      vertex 6.256278844813458 26 6.9973915193383185
      vertex 6.256278844813458 33.26400742846565 6.9973915193383185
    endloop
  endfacet
  facet normal 0.32143946530316153 0 0.9469301294951057
    outer loop
      vertex 6.658838103416808 26 6.8607410645605285
      vertex 6.658838103416808 33.386122444931694 6.8607410645605285
      vertex 6.256278844813458 26 6.9973915193383185
    endloop
  endfacet
  facet normal 0.555570233019601 0 0.8314696123025461
    outer loop
      vertex 5.875 26 7.185417437700575
      vertex 5.875 33.07942244994148 7.185417437700575
      vertex 5.521525355721658 26 7.421601644053485
    endloop
  endfacet
  facet normal 0.19509032201612905 -7.216681057741514e-19 0.9807852804032303
    outer loop
      vertex 6.658838103416808 26 6.8607410645605285
      vertex 7.0757898752848325 26 6.777804200535116
      vertex 7.0757898752848325 33.512603382580124 6.777804200535116
    endloop
  endfacet
  facet normal 0.06540312923014326 2.1048303167119256e-19 0.9978589232386036
    outer loop
      vertex 7.0757898752848325 26 6.777804200535116
      vertex 7.5 26 6.75
      vertex 7.5 33.641286117500634 6.75
    endloop
  endfacet
  facet normal -0.06540312923014326 -2.0699710622100632e-19 0.9978589232386035
    outer loop
      vertex 7.5 26 6.75
      vertex 7.9242101247151675 26 6.777804200535116
      vertex 7.9242101247151675 33.769968852421144 6.777804200535116
    endloop
  endfacet
  facet normal -0.19509032201612866 -5.91011598617149e-19 0.9807852804032303
    outer loop
      vertex 7.9242101247151675 26 6.777804200535116
      vertex 8.341161896583193 26 6.8607410645605285
      vertex 8.341161896583193 33.83661870793759 6.8607410645605285
    endloop
  endfacet
  facet normal -0.3214394653031622 8.481358431182822e-19 0.9469301294951055
    outer loop
      vertex 8.341161896583193 26 6.8607410645605285
      vertex 8.743721155186542 26 6.9973915193383185
      vertex 8.743721155186542 33.87626733408551 6.9973915193383185
    endloop
  endfacet
  facet normal -0.44228869021900075 8.455250580845199e-19 0.8968727415326885
    outer loop
      vertex 8.743721155186542 26 6.9973915193383185
      vertex 9.125 26 7.185417437700575
      vertex 9.125 33.91382002242404 7.185417437700575
    endloop
  endfacet
  facet normal 0.9469301294951055 -1.0694865673086683e-18 0.32143946530316214
    outer loop
      vertex 4.4973915193383185 26 8.756278844813458
      vertex 4.3607410645605285 32.24612299042707 9.158838103416807
      vertex 4.3607410645605285 26 9.158838103416807
    endloop
  endfacet
  facet normal 0.9807852804032302 -8.775582625761392e-19 0.19509032201612903
    outer loop
      vertex 4.3607410645605285 26 9.158838103416807
      vertex 4.277804200535116 32.1780584648859 9.575789875284832
      vertex 4.277804200535116 26 9.575789875284832
    endloop
  endfacet
  facet normal 0.9978589232386035 0 0.06540312923014312
    outer loop
      vertex 4.277804200535116 26 9.575789875284832
      vertex 4.277804200535116 32.1780584648859 9.575789875284832
      vertex 4.25 26 10
    endloop
  endfacet
  facet normal 0 1 0
    outer loop
      vertex 5.20190296114372 26 7.70190296114372
      vertex 4.921601644053485 26 8.021525355721657
      vertex 10.078398355946515 26 8.021525355721657
    endloop
  endfacet
  facet normal 0 1 0
    outer loop
      vertex 4.685417437700575 26 8.375
      vertex 4.4973915193383185 26 8.756278844813458
      vertex 6.6110876271686365 26 8.669648620315927
    endloop
  endfacet
  facet normal 0 1 0
    outer loop
      vertex 4.921601644053485 26 8.021525355721657
      vertex 4.685417437700575 26 8.375
      vertex 10.314582562299424 26 8.375
    endloop
  endfacet
  facet normal 0 1 0
    outer loop
      vertex 4.685417437700575 26 8.375
      vertex 7.187855484774195 26 8.430743551354832
      vertex 7.5 26 8.4
    endloop
  endfacet
  facet normal 0 1 0
    outer loop
      vertex 4.685417437700575 26 8.375
      vertex 6.6110876271686365 26 8.669648620315927
      vertex 6.887706508215857 26 8.52179274798194
    endloop
  endfacet
  facet normal 0 1 0
    outer loop
      vertex 4.685417437700575 26 8.375
      vertex 6.887706508215857 26 8.52179274798194
      vertex 7.187855484774195 26 8.430743551354832
    endloop
  endfacet
  facet normal 0 1 0
    outer loop
      vertex 5.521525355721658 26 7.421601644053485
      vertex 5.20190296114372 26 7.70190296114372
      vertex 9.79809703885628 26 7.70190296114372
    endloop
  endfacet
  facet normal 0 1 0
    outer loop
      vertex 5.521525355721658 26 7.421601644053485
      vertex 9.79809703885628 26 7.70190296114372
      vertex 9.478474644278343 26 7.421601644053485
    endloop
  endfacet
  facet normal 0 1 0
    outer loop
      vertex 5.20190296114372 26 7.70190296114372
      vertex 10.078398355946515 26 8.021525355721657
      vertex 9.79809703885628 26 7.70190296114372
    endloop
  endfacet
  facet normal 0 1 0
    outer loop
      vertex 4.685417437700575 26 8.375
      vertex 7.5 26 8.4
      vertex 10.314582562299424 26 8.375
    endloop
  endfacet
  facet normal 0 1 0
    outer loop
      vertex 4.921601644053485 26 8.021525355721657
      vertex 10.314582562299424 26 8.375
      vertex 10.078398355946515 26 8.021525355721657
    endloop
  endfacet
  facet normal 0 1 0
    outer loop
      vertex 7.5 26 8.4
      vertex 7.812144515225805 26 8.430743551354832
      vertex 10.314582562299424 26 8.375
    endloop
  endfacet
  facet normal 0 1 0
    outer loop
      vertex 7.812144515225805 26 8.430743551354832
      vertex 8.112293491784143 26 8.52179274798194
      vertex 10.314582562299424 26 8.375
    endloop
  endfacet
  facet normal 0 1 0
    outer loop
      vertex 8.112293491784143 26 8.52179274798194
      vertex 8.388912372831363 26 8.669648620315927
      vertex 10.314582562299424 26 8.375
    endloop
  endfacet
  facet normal 0 1 0
    outer loop
      vertex 4.4973915193383185 26 8.756278844813458
      vertex 4.3607410645605285 26 9.158838103416807
      vertex 6.169648620315927 26 9.111087627168637
    endloop
  endfacet
  facet normal 0 1 0
    outer loop
      vertex 4.3607410645605285 26 9.158838103416807
      vertex 4.277804200535116 26 9.575789875284832
      vertex 6.021792747981941 26 9.387706508215857
    endloop
  endfacet
  facet normal 0 1 0
    outer loop
      vertex 6.169648620315927 26 9.111087627168637
      vertex 4.3607410645605285 26 9.158838103416807
      vertex 6.021792747981941 26 9.387706508215857
    endloop
  endfacet
  facet normal 0 1 0
    outer loop
      vertex 4.4973915193383185 26 8.756278844813458
      vertex 6.3686291501015235 26 8.868629150101524
      vertex 6.6110876271686365 26 8.669648620315927
    endloop
  endfacet
  facet normal 0 1 0
    outer loop
      vertex 4.4973915193383185 26 8.756278844813458
      vertex 6.169648620315927 26 9.111087627168637
      vertex 6.3686291501015235 26 8.868629150101524
    endloop
  endfacet
  facet normal 0 1 0
    outer loop
      vertex 6.021792747981941 26 9.387706508215857
      vertex 4.277804200535116 26 9.575789875284832
      vertex 5.930743551354832 26 9.687855484774195
    endloop
  endfacet
  facet normal 0 1 0
    outer loop
      vertex 4.277804200535116 26 9.575789875284832
      vertex 4.25 26 10
      vertex 5.930743551354832 26 9.687855484774195
    endloop
  endfacet
  facet normal 0 1 0
    outer loop
      vertex 5.930743551354832 26 9.687855484774195
      vertex 4.25 26 10
      vertex 5.9 26 10
    endloop
  endfacet
  facet normal 0.6593458151000677 0 0.7518398074789785
    outer loop
      vertex 5.521525355721658 26 7.421601644053485
      vertex 5.521525355721658 32.89048631695464 7.421601644053485
      vertex 5.20190296114372 26 7.70190296114372
    endloop
  endfacet
  facet normal 0.7518398074789775 -2.3466013391506544e-19 0.6593458151000688
    outer loop
      vertex 5.20190296114372 26 7.70190296114372
      vertex 4.921601644053485 32.569820413460754 8.021525355721657
      vertex 4.921601644053485 26 8.021525355721657
    endloop
  endfacet
  facet normal 0.8314696123025467 9.92523602328234e-19 0.5555702330195998
    outer loop
      vertex 4.921601644053485 26 8.021525355721657
      vertex 4.685417437700575 32.44357732546787 8.375
      vertex 4.685417437700575 26 8.375
    endloop
  endfacet
  facet normal 0.8968727415326885 -1.0549036129541006e-18 0.44228869021900075
    outer loop
      vertex 4.685417437700575 26 8.375
      vertex 4.4973915193383185 32.343075378604915 8.756278844813458
      vertex 4.4973915193383185 26 8.756278844813458
    endloop
  endfacet
  facet normal 0.5555702330196008 0 0.8314696123025462
    outer loop
      vertex 5.521525355721658 26 7.421601644053485
      vertex 5.875 33.07942244994148 7.185417437700575
      vertex 5.521525355721658 32.89048631695464 7.421601644053485
    endloop
  endfacet
  facet normal 0.4422886902190008 0 0.8968727415326886
    outer loop
      vertex 5.875 26 7.185417437700575
      vertex 6.256278844813458 33.26400742846565 6.9973915193383185
      vertex 5.875 33.07942244994148 7.185417437700575
    endloop
  endfacet
  facet normal 0.32143946530316153 0 0.9469301294951057
    outer loop
      vertex 6.256278844813458 26 6.9973915193383185
      vertex 6.658838103416808 33.386122444931694 6.8607410645605285
      vertex 6.256278844813458 33.26400742846565 6.9973915193383185
    endloop
  endfacet
  facet normal 0.19509032201612905 0 0.9807852804032303
    outer loop
      vertex 6.658838103416808 26 6.8607410645605285
      vertex 7.0757898752848325 33.512603382580124 6.777804200535116
      vertex 6.658838103416808 33.386122444931694 6.8607410645605285
    endloop
  endfacet
  facet normal 0.06540312923014326 0 0.9978589232386036
    outer loop
      vertex 7.0757898752848325 26 6.777804200535116
      vertex 7.5 33.641286117500634 6.75
      vertex 7.0757898752848325 33.512603382580124 6.777804200535116
    endloop
  endfacet
  facet normal -0.06540312923014326 0 0.9978589232386036
    outer loop
      vertex 7.5 26 6.75
      vertex 7.9242101247151675 33.769968852421144 6.777804200535116
      vertex 7.5 33.641286117500634 6.75
    endloop
  endfacet
  facet normal -0.19509032201612866 0 0.9807852804032304
    outer loop
      vertex 7.9242101247151675 26 6.777804200535116
      vertex 8.341161896583193 33.83661870793759 6.8607410645605285
      vertex 7.9242101247151675 33.769968852421144 6.777804200535116
    endloop
  endfacet
  facet normal -0.3214394653031622 0 0.9469301294951056
    outer loop
      vertex 8.341161896583193 26 6.8607410645605285
      vertex 8.743721155186542 33.87626733408551 6.9973915193383185
      vertex 8.341161896583193 33.83661870793759 6.8607410645605285
    endloop
  endfacet
  facet normal -0.44228869021900075 0 0.8968727415326885
    outer loop
      vertex 8.743721155186542 26 6.9973915193383185
      vertex 9.125 33.91382002242404 7.185417437700575
      vertex 8.743721155186542 33.87626733408551 6.9973915193383185
    endloop
  endfacet
  facet normal 0.44228869021900813 -1.8545082653022165e-14 0.8968727415326849
    outer loop
      vertex 6.173165678977966 33.23879532516003 7.038378396913073
      vertex 5.875 33.07942244994148 7.185417437700575
      vertex 6.256278844813458 33.26400742846565 6.9973915193383185
    endloop
  endfacet
  facet normal -0.1950903220161287 5.831722533250282e-16 0.9807852804032303
    outer loop
      vertex 8.049096778035164 33.8078528046608 6.802645700401119
      vertex 7.9242101247151675 33.769968852421144 6.777804200535116
      vertex 8.341161896583193 33.83661870793759 6.8607410645605285
    endloop
  endfacet
  facet normal 0.9469301294951056 0 0.32143946530316175
    outer loop
      vertex 4.4973915193383185 26 8.756278844813458
      vertex 4.4973915193383185 32.343075378604915 8.756278844813458
      vertex 4.444297671318054 32.31469612568617 8.912688277406948
    endloop
  endfacet
  facet normal 0.9469301294951054 -2.0999214616027115e-17 0.3214394653031625
    outer loop
      vertex 4.4973915193383185 26 8.756278844813458
      vertex 4.444297671318054 32.31469612568617 8.912688277406948
      vertex 4.3607410645605285 32.24612299042707 9.158838103416807
    endloop
  endfacet
  facet normal 0.9807852804032303 0 0.19509032201612905
    outer loop
      vertex 4.3607410645605285 26 9.158838103416807
      vertex 4.3607410645605285 32.24612299042707 9.158838103416807
      vertex 4.277804200535116 32.1780584648859 9.575789875284832
    endloop
  endfacet
  facet normal 0.9978589232386036 0 0.06540312923014312
    outer loop
      vertex 4.25 26 10
      vertex 4.277804200535116 32.1780584648859 9.575789875284832
      vertex 4.25 32.1552401471244 10
    endloop
  endfacet
  facet normal 0.6593458151000676 0 0.7518398074789785
    outer loop
      vertex 5.20190296114372 26 7.70190296114372
      vertex 5.521525355721658 32.89048631695464 7.421601644053485
      vertex 5.20190296114372 32.71964458834682 7.70190296114372
    endloop
  endfacet
  facet normal 0.7518398074789774 0 0.6593458151000686
    outer loop
      vertex 5.20190296114372 26 7.70190296114372
      vertex 5.20190296114372 32.71964458834682 7.70190296114372
      vertex 4.921601644053485 32.569820413460754 8.021525355721657
    endloop
  endfacet
  facet normal 0.8968727415326886 0 0.44228869021900086
    outer loop
      vertex 4.685417437700575 26 8.375
      vertex 4.685417437700575 32.44357732546787 8.375
      vertex 4.4973915193383185 32.343075378604915 8.756278844813458
    endloop
  endfacet
  facet normal 0.8314696123025469 0 0.5555702330196
    outer loop
      vertex 4.921601644053485 26 8.021525355721657
      vertex 4.921601644053485 32.569820413460754 8.021525355721657
      vertex 4.685417437700575 32.44357732546787 8.375
    endloop
  endfacet
  facet normal -0.5555702330196 -8.045913787242977e-19 0.8314696123025468
    outer loop
      vertex 9.125 26 7.185417437700575
      vertex 9.478474644278343 26 7.421601644053485
      vertex 9.478474644278343 33.94863423604413 7.421601644053485
    endloop
  endfacet
  facet normal 0 1 0
    outer loop
      vertex 8.388912372831363 26 8.669648620315927
      vertex 10.502608480661682 26 8.756278844813458
      vertex 10.314582562299424 26 8.375
    endloop
  endfacet
  facet normal 0 1 0
    outer loop
      vertex 8.388912372831363 26 8.669648620315927
      vertex 8.631370849898476 26 8.868629150101524
      vertex 10.502608480661682 26 8.756278844813458
    endloop
  endfacet
  facet normal 0 1 0
    outer loop
      vertex 8.631370849898476 26 8.868629150101524
      vertex 8.830351379684073 26 9.111087627168637
      vertex 10.502608480661682 26 8.756278844813458
    endloop
  endfacet
  facet normal 0 1 0
    outer loop
      vertex 10.502608480661682 26 8.756278844813458
      vertex 8.830351379684073 26 9.111087627168637
      vertex 10.639258935439472 26 9.158838103416807
    endloop
  endfacet
  facet normal 0 1 0
    outer loop
      vertex 8.830351379684073 26 9.111087627168637
      vertex 8.97820725201806 26 9.387706508215857
      vertex 10.639258935439472 26 9.158838103416807
    endloop
  endfacet
  facet normal 0 1 0
    outer loop
      vertex 8.97820725201806 26 9.387706508215857
      vertex 9.069256448645168 26 9.687855484774195
      vertex 10.639258935439472 26 9.158838103416807
    endloop
  endfacet
  facet normal 0 1 0
    outer loop
      vertex 10.639258935439472 26 9.158838103416807
      vertex 9.069256448645168 26 9.687855484774195
      vertex 10.722195799464885 26 9.575789875284832
    endloop
  endfacet
  facet normal 0 1 0
    outer loop
      vertex 9.069256448645168 26 9.687855484774195
      vertex 9.1 26 10
      vertex 10.722195799464885 26 9.575789875284832
    endloop
  endfacet
  facet normal 0 1 0
    outer loop
      vertex 10.722195799464885 26 9.575789875284832
      vertex 9.1 26 10
      vertex 10.75 26 10
    endloop
  endfacet
  facet normal -0.6593458151000686 1.9318958115183338e-19 0.7518398074789775
    outer loop
      vertex 9.478474644278343 26 7.421601644053485
      vertex 9.79809703885628 26 7.70190296114372
      vertex 9.79809703885628 33.98011429409841 7.70190296114372
    endloop
  endfacet
  facet normal -0.7518398074789775 2.4351434697598928e-17 0.6593458151000687
    outer loop
      vertex 9.79809703885628 26 7.70190296114372
      vertex 10.078398355946515 26 8.021525355721657
      vertex 10 34 7.932129164085026
    endloop
  endfacet
  facet normal -0.8314696123025477 1.7402141557627696e-18 0.5555702330195984
    outer loop
      vertex 10.078398355946515 26 8.021525355721657
      vertex 10.314582562299424 26 8.375
      vertex 10.314582562299424 34 8.375
    endloop
  endfacet
  facet normal -0.8968727415326877 -8.03335076539234e-19 0.44228869021900247
    outer loop
      vertex 10.314582562299424 26 8.375
      vertex 10.502608480661682 26 8.756278844813458
      vertex 10.502608480661682 34 8.756278844813458
    endloop
  endfacet
  facet normal -0.9469301294951055 8.350180795024499e-19 0.32143946530316214
    outer loop
      vertex 10.502608480661682 26 8.756278844813458
      vertex 10.639258935439472 26 9.158838103416807
      vertex 10.639258935439472 34 9.158838103416807
    endloop
  endfacet
  facet normal -0.9807852804032299 -7.684701360831642e-20 0.19509032201613105
    outer loop
      vertex 10.639258935439472 26 9.158838103416807
      vertex 10.722195799464885 26 9.575789875284832
      vertex 10.722195799464885 34 9.575789875284832
    endloop
  endfacet
  facet normal -0.9978589232386036 -2.215329573813736e-19 0.06540312923014102
    outer loop
      vertex 10.722195799464885 26 9.575789875284832
      vertex 10.75 26 10
      vertex 10.75 34 10
    endloop
  endfacet
  facet normal -0.5555702330195998 0 0.8314696123025468
    outer loop
      vertex 9.125 26 7.185417437700575
      vertex 9.478474644278343 33.94863423604413 7.421601644053485
      vertex 9.125 33.91382002242404 7.185417437700575
    endloop
  endfacet
  facet normal -0.6593458151000686 0 0.7518398074789775
    outer loop
      vertex 9.478474644278343 26 7.421601644053485
      vertex 9.79809703885628 33.98011429409841 7.70190296114372
      vertex 9.478474644278343 33.94863423604413 7.421601644053485
    endloop
  endfacet
  facet normal -0.751839807478977 0 0.6593458151000692
    outer loop
      vertex 9.79809703885628 26 7.70190296114372
      vertex 10 34 7.932129164085026
      vertex 9.79809703885628 33.98011429409841 7.70190296114372
    endloop
  endfacet
  facet normal -0.7518398074789785 0 0.6593458151000676
    outer loop
      vertex 10.078398355946515 26 8.021525355721657
      vertex 10.078398355946515 34 8.021525355721657
      vertex 10 34 7.932129164085026
    endloop
  endfacet
  facet normal -0.8314696123025477 0 0.5555702330195984
    outer loop
      vertex 10.078398355946515 26 8.021525355721657
      vertex 10.314582562299424 34 8.375
      vertex 10.078398355946515 34 8.021525355721657
    endloop
  endfacet
  facet normal -0.8968727415326877 0 0.44228869021900247
    outer loop
      vertex 10.314582562299424 26 8.375
      vertex 10.502608480661682 34 8.756278844813458
      vertex 10.314582562299424 34 8.375
    endloop
  endfacet
  facet normal -0.9469301294951055 0 0.32143946530316214
    outer loop
      vertex 10.502608480661682 26 8.756278844813458
      vertex 10.639258935439472 34 9.158838103416807
      vertex 10.502608480661682 34 8.756278844813458
    endloop
  endfacet
  facet normal -0.9807852804032299 0 0.19509032201613105
    outer loop
      vertex 10.639258935439472 26 9.158838103416807
      vertex 10.722195799464885 34 9.575789875284832
      vertex 10.639258935439472 34 9.158838103416807
    endloop
  endfacet
  facet normal -0.9978589232386036 0 0.06540312923014102
    outer loop
      vertex 10.722195799464885 26 9.575789875284832
      vertex 10.75 34 10
      vertex 10.722195799464885 34 9.575789875284832
    endloop
  endfacet
  facet normal 0.9978589232386036 0 -0.06540312923014312
    outer loop
      vertex 4.25 26 10
      vertex 4.25 32.1552401471244 10
      vertex 4.277804200535116 26 10.424210124715168
    endloop
  endfacet
  facet normal 0.9807852804032302 0 -0.19509032201612903
    outer loop
      vertex 4.277804200535116 26 10.424210124715168
      vertex 4.277804200535116 32.1780584648859 10.424210124715168
      vertex 4.3607410645605285 26 10.841161896583193
    endloop
  endfacet
  facet normal 0.9469301294951055 -1.1870957011489781e-17 -0.3214394653031622
    outer loop
      vertex 4.3607410645605285 26 10.841161896583193
      vertex 4.444297671318054 32.31469612568617 11.087311722593052
      vertex 4.4973915193383185 26 11.243721155186542
    endloop
  endfacet
  facet normal 0 1 0
    outer loop
      vertex 4.25 26 10
      vertex 4.277804200535116 26 10.424210124715168
      vertex 5.9 26 10
    endloop
  endfacet
  facet normal 0 1 0
    outer loop
      vertex 5.9 26 10
      vertex 4.277804200535116 26 10.424210124715168
      vertex 5.930743551354832 26 10.312144515225805
    endloop
  endfacet
  facet normal 0 1 0
    outer loop
      vertex 4.277804200535116 26 10.424210124715168
      vertex 4.3607410645605285 26 10.841161896583193
      vertex 5.930743551354832 26 10.312144515225805
    endloop
  endfacet
  facet normal 0 1 0
    outer loop
      vertex 5.930743551354832 26 10.312144515225805
      vertex 4.3607410645605285 26 10.841161896583193
      vertex 6.021792747981941 26 10.612293491784143
    endloop
  endfacet
  facet normal 0 1 0
    outer loop
      vertex 4.3607410645605285 26 10.841161896583193
      vertex 6.169648620315927 26 10.888912372831363
      vertex 6.021792747981941 26 10.612293491784143
    endloop
  endfacet
  facet normal 0 1 0
    outer loop
      vertex 4.3607410645605285 26 10.841161896583193
      vertex 4.4973915193383185 26 11.243721155186542
      vertex 6.169648620315927 26 10.888912372831363
    endloop
  endfacet
  facet normal 0 1 0
    outer loop
      vertex 6.169648620315927 26 10.888912372831363
      vertex 4.4973915193383185 26 11.243721155186542
      vertex 6.3686291501015235 26 11.131370849898476
    endloop
  endfacet
  facet normal 0 1 0
    outer loop
      vertex 4.4973915193383185 26 11.243721155186542
      vertex 6.6110876271686365 26 11.330351379684073
      vertex 6.3686291501015235 26 11.131370849898476
    endloop
  endfacet
  facet normal 0 1 0
    outer loop
      vertex 4.4973915193383185 26 11.243721155186542
      vertex 4.685417437700575 26 11.625
      vertex 6.6110876271686365 26 11.330351379684073
    endloop
  endfacet
  facet normal 0 1 0
    outer loop
      vertex 4.685417437700575 26 11.625
      vertex 6.887706508215857 26 11.47820725201806
      vertex 6.6110876271686365 26 11.330351379684073
    endloop
  endfacet
  facet normal 0 1 0
    outer loop
      vertex 4.685417437700575 26 11.625
      vertex 7.187855484774195 26 11.569256448645168
      vertex 6.887706508215857 26 11.47820725201806
    endloop
  endfacet
  facet normal 0 1 0
    outer loop
      vertex 4.685417437700575 26 11.625
      vertex 7.5 26 11.6
      vertex 7.187855484774195 26 11.569256448645168
    endloop
  endfacet
  facet normal 0 1 0
    outer loop
      vertex 4.685417437700575 26 11.625
      vertex 4.921601644053485 26 11.978474644278343
      vertex 10.078398355946515 26 11.978474644278343
    endloop
  endfacet
  facet normal 0 1 0
    outer loop
      vertex 4.921601644053485 26 11.978474644278343
      vertex 5.20190296114372 26 12.29809703885628
      vertex 9.79809703885628 26 12.29809703885628
    endloop
  endfacet
  facet normal 0 1 0
    outer loop
      vertex 5.20190296114372 26 12.29809703885628
      vertex 5.521525355721658 26 12.578398355946515
      vertex 9.478474644278343 26 12.578398355946515
    endloop
  endfacet
  facet normal 0 1 0
    outer loop
      vertex 4.685417437700575 26 11.625
      vertex 10.314582562299424 26 11.625
      vertex 7.5 26 11.6
    endloop
  endfacet
  facet normal 0 1 0
    outer loop
      vertex 8.112293491784143 26 11.47820725201806
      vertex 7.812144515225805 26 11.569256448645168
      vertex 10.314582562299424 26 11.625
    endloop
  endfacet
  facet normal 0 1 0
    outer loop
      vertex 8.112293491784143 26 11.47820725201806
      vertex 10.314582562299424 26 11.625
      vertex 8.388912372831363 26 11.330351379684073
    endloop
  endfacet
  facet normal 0 1 0
    outer loop
      vertex 4.685417437700575 26 11.625
      vertex 10.078398355946515 26 11.978474644278343
      vertex 10.314582562299424 26 11.625
    endloop
  endfacet
  facet normal 0 1 0
    outer loop
      vertex 7.5 26 11.6
      vertex 10.314582562299424 26 11.625
      vertex 7.812144515225805 26 11.569256448645168
    endloop
  endfacet
  facet normal 0 1 0
    outer loop
      vertex 4.921601644053485 26 11.978474644278343
      vertex 9.79809703885628 26 12.29809703885628
      vertex 10.078398355946515 26 11.978474644278343
    endloop
  endfacet
  facet normal 0 1 0
    outer loop
      vertex 5.20190296114372 26 12.29809703885628
      vertex 9.478474644278343 26 12.578398355946515
      vertex 9.79809703885628 26 12.29809703885628
    endloop
  endfacet
  facet normal 0.8968727415326885 0 -0.44228869021900075
    outer loop
      vertex 4.4973915193383185 26 11.243721155186542
      vertex 4.4973915193383185 32.343075378604915 11.243721155186542
      vertex 4.685417437700575 26 11.625
    endloop
  endfacet
  facet normal 0.8314696123025467 0 -0.5555702330195998
    outer loop
      vertex 4.685417437700575 26 11.625
      vertex 4.685417437700575 32.44357732546787 11.625
      vertex 4.921601644053485 26 11.978474644278343
    endloop
  endfacet
  facet normal 0.7518398074789775 0 -0.6593458151000688
    outer loop
      vertex 4.921601644053485 26 11.978474644278343
      vertex 4.921601644053485 32.569820413460754 11.978474644278343
      vertex 5.20190296114372 26 12.29809703885628
    endloop
  endfacet
  facet normal 0.6593458151000676 0 -0.7518398074789785
    outer loop
      vertex 5.20190296114372 26 12.29809703885628
      vertex 5.20190296114372 32.71964458834682 12.29809703885628
      vertex 5.521525355721658 26 12.578398355946515
    endloop
  endfacet
  facet normal 0 1 0
    outer loop
      vertex 5.521525355721658 26 12.578398355946515
      vertex 5.875 26 12.814582562299424
      vertex 9.125 26 12.814582562299424
    endloop
  endfacet
  facet normal 0 1 0
    outer loop
      vertex 5.875 26 12.814582562299424
      vertex 6.256278844813458 26 13.002608480661682
      vertex 8.743721155186542 26 13.002608480661682
    endloop
  endfacet
  facet normal 0 1 0
    outer loop
      vertex 6.256278844813458 26 13.002608480661682
      vertex 6.658838103416808 26 13.139258935439472
      vertex 8.341161896583193 26 13.139258935439472
    endloop
  endfacet
  facet normal 0 1 0
    outer loop
      vertex 5.875 26 12.814582562299424
      vertex 8.743721155186542 26 13.002608480661682
      vertex 9.125 26 12.814582562299424
    endloop
  endfacet
  facet normal 0 1 0
    outer loop
      vertex 6.256278844813458 26 13.002608480661682
      vertex 8.341161896583193 26 13.139258935439472
      vertex 8.743721155186542 26 13.002608480661682
    endloop
  endfacet
  facet normal 0 1 0
    outer loop
      vertex 5.521525355721658 26 12.578398355946515
      vertex 9.125 26 12.814582562299424
      vertex 9.478474644278343 26 12.578398355946515
    endloop
  endfacet
  facet normal 0 1 0
    outer loop
      vertex 6.658838103416808 26 13.139258935439472
      vertex 7.0757898752848325 26 13.222195799464885
      vertex 7.9242101247151675 26 13.222195799464885
    endloop
  endfacet
  facet normal 0 1 0
    outer loop
      vertex 6.658838103416808 26 13.139258935439472
      vertex 7.9242101247151675 26 13.222195799464885
      vertex 8.341161896583193 26 13.139258935439472
    endloop
  endfacet
  facet normal 0 1 0
    outer loop
      vertex 7.0757898752848325 26 13.222195799464885
      vertex 7.5 26 13.25
      vertex 7.9242101247151675 26 13.222195799464885
    endloop
  endfacet
  facet normal 0.5555702330195994 0 -0.8314696123025471
    outer loop
      vertex 5.521525355721658 26 12.578398355946515
      vertex 5.521525355721658 32.89048631695464 12.578398355946515
      vertex 5.875 26 12.814582562299424
    endloop
  endfacet
  facet normal 0.44228869021900247 0 -0.8968727415326877
    outer loop
      vertex 5.875 26 12.814582562299424
      vertex 5.875 33.07942244994148 12.814582562299424
      vertex 6.256278844813458 26 13.002608480661682
    endloop
  endfacet
  facet normal 0.32143946530316153 0 -0.9469301294951057
    outer loop
      vertex 6.256278844813458 26 13.002608480661682
      vertex 6.256278844813458 33.26400742846565 13.002608480661682
      vertex 6.658838103416808 26 13.139258935439472
    endloop
  endfacet
  facet normal -0.3214394653031622 -8.524269056568218e-19 -0.9469301294951056
    outer loop
      vertex 8.743721155186542 26 13.002608480661682
      vertex 8.341161896583193 26 13.139258935439472
      vertex 8.341161896583193 33.83661870793759 13.139258935439472
    endloop
  endfacet
  facet normal -0.44228869021900247 8.159551142330612e-19 -0.8968727415326878
    outer loop
      vertex 9.125 26 12.814582562299424
      vertex 8.743721155186542 26 13.002608480661682
      vertex 8.743721155186542 33.87626733408551 13.002608480661682
    endloop
  endfacet
  facet normal 0.19509032201613105 0 -0.9807852804032299
    outer loop
      vertex 6.658838103416808 26 13.139258935439472
      vertex 6.658838103416808 33.386122444931694 13.139258935439472
      vertex 7.0757898752848325 26 13.222195799464885
    endloop
  endfacet
  facet normal 0.06540312923014117 0 -0.9978589232386036
    outer loop
      vertex 7.0757898752848325 26 13.222195799464885
      vertex 7.0757898752848325 33.512603382580124 13.222195799464885
      vertex 7.5 26 13.25
    endloop
  endfacet
  facet normal -0.06540312923014117 1.0603869165384586e-19 -0.9978589232386037
    outer loop
      vertex 7.9242101247151675 26 13.222195799464885
      vertex 7.5 26 13.25
      vertex 7.5 33.641286117500634 13.25
    endloop
  endfacet
  facet normal -0.19509032201613066 0 -0.98078528040323
    outer loop
      vertex 7.9242101247151675 26 13.222195799464885
      vertex 7.9242101247151675 33.769968852421144 13.222195799464885
      vertex 8.341161896583193 26 13.139258935439472
    endloop
  endfacet
  facet normal 0.9978589232386035 0 -0.06540312923014312
    outer loop
      vertex 4.277804200535116 26 10.424210124715168
      vertex 4.25 32.1552401471244 10
      vertex 4.277804200535116 32.1780584648859 10.424210124715168
    endloop
  endfacet
  facet normal 0.9807852804032303 0 -0.19509032201612905
    outer loop
      vertex 4.3607410645605285 26 10.841161896583193
      vertex 4.277804200535116 32.1780584648859 10.424210124715168
      vertex 4.3607410645605285 32.24612299042707 10.841161896583193
    endloop
  endfacet
  facet normal 0.9469301294951054 0 -0.3214394653031625
    outer loop
      vertex 4.3607410645605285 26 10.841161896583193
      vertex 4.3607410645605285 32.24612299042707 10.841161896583193
      vertex 4.444297671318054 32.31469612568617 11.087311722593052
    endloop
  endfacet
  facet normal 0.9469301294951056 0 -0.32143946530316175
    outer loop
      vertex 4.4973915193383185 26 11.243721155186542
      vertex 4.444297671318054 32.31469612568617 11.087311722593052
      vertex 4.4973915193383185 32.343075378604915 11.243721155186542
    endloop
  endfacet
  facet normal 0.8968727415326886 0 -0.44228869021900086
    outer loop
      vertex 4.685417437700575 26 11.625
      vertex 4.4973915193383185 32.343075378604915 11.243721155186542
      vertex 4.685417437700575 32.44357732546787 11.625
    endloop
  endfacet
  facet normal 0.8314696123025469 0 -0.5555702330196
    outer loop
      vertex 4.921601644053485 26 11.978474644278343
      vertex 4.685417437700575 32.44357732546787 11.625
      vertex 4.921601644053485 32.569820413460754 11.978474644278343
    endloop
  endfacet
  facet normal 0.7518398074789774 0 -0.6593458151000686
    outer loop
      vertex 5.20190296114372 26 12.29809703885628
      vertex 4.921601644053485 32.569820413460754 11.978474644278343
      vertex 5.20190296114372 32.71964458834682 12.29809703885628
    endloop
  endfacet
  facet normal 0.6593458151000677 0 -0.7518398074789785
    outer loop
      vertex 5.521525355721658 26 12.578398355946515
      vertex 5.20190296114372 32.71964458834682 12.29809703885628
      vertex 5.521525355721658 32.89048631695464 12.578398355946515
    endloop
  endfacet
  facet normal 0.5555702330195994 0 -0.8314696123025471
    outer loop
      vertex 5.875 26 12.814582562299424
      vertex 5.521525355721658 32.89048631695464 12.578398355946515
      vertex 5.875 33.07942244994148 12.814582562299424
    endloop
  endfacet
  facet normal 0.4422886902190024 0 -0.8968727415326877
    outer loop
      vertex 6.256278844813458 26 13.002608480661682
      vertex 5.875 33.07942244994148 12.814582562299424
      vertex 6.256278844813458 33.26400742846565 13.002608480661682
    endloop
  endfacet
  facet normal 0.32143946530316153 0 -0.9469301294951057
    outer loop
      vertex 6.658838103416808 26 13.139258935439472
      vertex 6.256278844813458 33.26400742846565 13.002608480661682
      vertex 6.658838103416808 33.386122444931694 13.139258935439472
    endloop
  endfacet
  facet normal -0.44228869021900247 0 -0.8968727415326877
    outer loop
      vertex 9.125 26 12.814582562299424
      vertex 8.743721155186542 33.87626733408551 13.002608480661682
      vertex 9.125 33.91382002242404 12.814582562299424
    endloop
  endfacet
  facet normal -0.3214394653031622 0 -0.9469301294951055
    outer loop
      vertex 8.743721155186542 26 13.002608480661682
      vertex 8.341161896583193 33.83661870793759 13.139258935439472
      vertex 8.743721155186542 33.87626733408551 13.002608480661682
    endloop
  endfacet
  facet normal 0.19509032201613105 0 -0.9807852804032299
    outer loop
      vertex 7.0757898752848325 26 13.222195799464885
      vertex 6.658838103416808 33.386122444931694 13.139258935439472
      vertex 7.0757898752848325 33.512603382580124 13.222195799464885
    endloop
  endfacet
  facet normal 0.06540312923014117 0 -0.9978589232386037
    outer loop
      vertex 7.5 26 13.25
      vertex 7.0757898752848325 33.512603382580124 13.222195799464885
      vertex 7.5 33.641286117500634 13.25
    endloop
  endfacet
  facet normal -0.06540312923014117 0 -0.9978589232386037
    outer loop
      vertex 7.9242101247151675 26 13.222195799464885
      vertex 7.5 33.641286117500634 13.25
      vertex 7.9242101247151675 33.769968852421144 13.222195799464885
    endloop
  endfacet
  facet normal -0.19509032201613066 0 -0.98078528040323
    outer loop
      vertex 8.341161896583193 26 13.139258935439472
      vertex 7.9242101247151675 33.769968852421144 13.222195799464885
      vertex 8.341161896583193 33.83661870793759 13.139258935439472
    endloop
  endfacet
  facet normal 0.4422886902190052 -7.011083685742919e-15 -0.8968727415326864
    outer loop
      vertex 6.173165678977966 33.23879532516003 12.961621603086927
      vertex 6.256278844813458 33.26400742846565 13.002608480661682
      vertex 5.875 33.07942244994148 12.814582562299424
    endloop
  endfacet
  facet normal -0.195090322016133 1.5089660914189235e-14 -0.9807852804032295
    outer loop
      vertex 8.049096778035164 33.8078528046608 13.197354299598882
      vertex 8.341161896583193 33.83661870793759 13.139258935439472
      vertex 7.9242101247151675 33.769968852421144 13.222195799464885
    endloop
  endfacet
  facet normal 0 1 0
    outer loop
      vertex 9.1 26 10
      vertex 9.069256448645168 26 10.312144515225805
      vertex 10.75 26 10
    endloop
  endfacet
  facet normal 0 1 0
    outer loop
      vertex 9.069256448645168 26 10.312144515225805
      vertex 10.722195799464885 26 10.424210124715168
      vertex 10.75 26 10
    endloop
  endfacet
  facet normal 0 1 0
    outer loop
      vertex 9.069256448645168 26 10.312144515225805
      vertex 8.97820725201806 26 10.612293491784143
      vertex 10.722195799464885 26 10.424210124715168
    endloop
  endfacet
  facet normal 0 1 0
    outer loop
      vertex 8.97820725201806 26 10.612293491784143
      vertex 8.830351379684073 26 10.888912372831363
      vertex 10.639258935439472 26 10.841161896583193
    endloop
  endfacet
  facet normal 0 1 0
    outer loop
      vertex 10.722195799464885 26 10.424210124715168
      vertex 8.97820725201806 26 10.612293491784143
      vertex 10.639258935439472 26 10.841161896583193
    endloop
  endfacet
  facet normal 0 1 0
    outer loop
      vertex 8.830351379684073 26 10.888912372831363
      vertex 8.631370849898476 26 11.131370849898476
      vertex 10.502608480661682 26 11.243721155186542
    endloop
  endfacet
  facet normal 0 1 0
    outer loop
      vertex 8.631370849898476 26 11.131370849898476
      vertex 8.388912372831363 26 11.330351379684073
      vertex 10.502608480661682 26 11.243721155186542
    endloop
  endfacet
  facet normal 0 1 0
    outer loop
      vertex 8.830351379684073 26 10.888912372831363
      vertex 10.502608480661682 26 11.243721155186542
      vertex 10.639258935439472 26 10.841161896583193
    endloop
  endfacet
  facet normal 0 1 0
    outer loop
      vertex 8.388912372831363 26 11.330351379684073
      vertex 10.314582562299424 26 11.625
      vertex 10.502608480661682 26 11.243721155186542
    endloop
  endfacet
  facet normal -0.9978589232386036 2.215329573813736e-19 -0.06540312923014102
    outer loop
      vertex 10.75 26 10
      vertex 10.722195799464885 26 10.424210124715168
      vertex 10.722195799464885 34 10.424210124715168
    endloop
  endfacet
  facet normal -0.9807852804032299 7.684701360831642e-20 -0.19509032201613105
    outer loop
      vertex 10.722195799464885 26 10.424210124715168
      vertex 10.639258935439472 26 10.841161896583193
      vertex 10.639258935439472 34 10.841161896583193
    endloop
  endfacet
  facet normal -0.9469301294951055 -8.350180795024499e-19 -0.32143946530316214
    outer loop
      vertex 10.639258935439472 26 10.841161896583193
      vertex 10.502608480661682 26 11.243721155186542
      vertex 10.502608480661682 34 11.243721155186542
    endloop
  endfacet
  facet normal -0.8314696123025477 -1.7402141557627696e-18 -0.5555702330195984
    outer loop
      vertex 10.314582562299424 26 11.625
      vertex 10.078398355946515 26 11.978474644278343
      vertex 10.078398355946515 34 11.978474644278343
    endloop
  endfacet
  facet normal -0.8968727415326877 8.03335076539234e-19 -0.44228869021900247
    outer loop
      vertex 10.502608480661682 26 11.243721155186542
      vertex 10.314582562299424 26 11.625
      vertex 10.314582562299424 34 11.625
    endloop
  endfacet
  facet normal -0.7518398074789775 2.3138588610945075e-17 -0.6593458151000687
    outer loop
      vertex 10.078398355946515 26 11.978474644278343
      vertex 9.79809703885628 26 12.29809703885628
      vertex 10 34 12.067870835914974
    endloop
  endfacet
  facet normal -0.6593458151000686 -1.9395469614511923e-19 -0.7518398074789775
    outer loop
      vertex 9.79809703885628 26 12.29809703885628
      vertex 9.478474644278343 26 12.578398355946515
      vertex 9.478474644278343 33.94863423604413 12.578398355946515
    endloop
  endfacet
  facet normal -0.5555702330195984 -1.7591647531349684e-18 -0.8314696123025478
    outer loop
      vertex 9.478474644278343 26 12.578398355946515
      vertex 9.125 26 12.814582562299424
      vertex 9.125 33.91382002242404 12.814582562299424
    endloop
  endfacet
  facet normal -0.9978589232386036 0 -0.06540312923014102
    outer loop
      vertex 10.75 26 10
      vertex 10.722195799464885 34 10.424210124715168
      vertex 10.75 34 10
    endloop
  endfacet
  facet normal -0.9807852804032299 0 -0.19509032201613105
    outer loop
      vertex 10.722195799464885 26 10.424210124715168
      vertex 10.639258935439472 34 10.841161896583193
      vertex 10.722195799464885 34 10.424210124715168
    endloop
  endfacet
  facet normal -0.9469301294951055 0 -0.32143946530316214
    outer loop
      vertex 10.639258935439472 26 10.841161896583193
      vertex 10.502608480661682 34 11.243721155186542
      vertex 10.639258935439472 34 10.841161896583193
    endloop
  endfacet
  facet normal -0.8968727415326877 0 -0.44228869021900247
    outer loop
      vertex 10.502608480661682 26 11.243721155186542
      vertex 10.314582562299424 34 11.625
      vertex 10.502608480661682 34 11.243721155186542
    endloop
  endfacet
  facet normal -0.8314696123025477 0 -0.5555702330195984
    outer loop
      vertex 10.314582562299424 26 11.625
      vertex 10.078398355946515 34 11.978474644278343
      vertex 10.314582562299424 34 11.625
    endloop
  endfacet
  facet normal -0.7518398074789785 0 -0.6593458151000676
    outer loop
      vertex 10.078398355946515 26 11.978474644278343
      vertex 10 34 12.067870835914974
      vertex 10.078398355946515 34 11.978474644278343
    endloop
  endfacet
  facet normal -0.751839807478977 0 -0.6593458151000692
    outer loop
      vertex 9.79809703885628 26 12.29809703885628
      vertex 9.79809703885628 33.98011429409841 12.29809703885628
      vertex 10 34 12.067870835914974
    endloop
  endfacet
  facet normal -0.6593458151000686 0 -0.7518398074789775
    outer loop
      vertex 9.79809703885628 26 12.29809703885628
      vertex 9.478474644278343 33.94863423604413 12.578398355946515
      vertex 9.79809703885628 33.98011429409841 12.29809703885628
    endloop
  endfacet
  facet normal -0.5555702330195985 0 -0.8314696123025478
    outer loop
      vertex 9.478474644278343 26 12.578398355946515
      vertex 9.125 33.91382002242404 12.814582562299424
      vertex 9.478474644278343 33.94863423604413 12.578398355946515
    endloop
  endfacet
  facet normal 0.9951847266721969 0 0.09801714032956073
    outer loop
      vertex 63.43074355135483 26 9.687855484774195
      vertex 63.4 0 10
      vertex 63.43074355135483 0 9.687855484774195
    endloop
  endfacet
  facet normal 0.4713967368260063 0 0.8819212643483504
    outer loop
      vertex 64.38770650821586 26 8.52179274798194
      vertex 64.11108762716864 0 8.669648620315927
      vertex 64.38770650821586 0 8.52179274798194
    endloop
  endfacet
  facet normal 0.6343932841636396 0 0.7730104533627418
    outer loop
      vertex 64.11108762716864 26 8.669648620315927
      vertex 63.868629150101526 0 8.868629150101524
      vertex 64.11108762716864 0 8.669648620315927
    endloop
  endfacet
  facet normal 0.09801714032955909 0 0.9951847266721972
    outer loop
      vertex 65 26 8.4
      vertex 64.68785548477419 0 8.430743551354832
      vertex 65 0 8.4
    endloop
  endfacet
  facet normal -0.09801714032955909 0 0.9951847266721972
    outer loop
      vertex 65.31214451522581 26 8.430743551354832
      vertex 65 0 8.4
      vertex 65.31214451522581 0 8.430743551354832
    endloop
  endfacet
  facet normal 0.29028467725446516 0 0.956940335732208
    outer loop
      vertex 64.68785548477419 26 8.430743551354832
      vertex 64.38770650821586 0 8.52179274798194
      vertex 64.68785548477419 0 8.430743551354832
    endloop
  endfacet
  facet normal -0.29028467725446516 0 0.956940335732208
    outer loop
      vertex 65.61229349178414 26 8.52179274798194
      vertex 65.31214451522581 0 8.430743551354832
      vertex 65.61229349178414 0 8.52179274798194
    endloop
  endfacet
  facet normal -0.4713967368260063 0 0.8819212643483504
    outer loop
      vertex 65.88891237283136 26 8.669648620315927
      vertex 65.61229349178414 0 8.52179274798194
      vertex 65.88891237283136 0 8.669648620315927
    endloop
  endfacet
  facet normal 0.7730104533627293 0 0.6343932841636547
    outer loop
      vertex 63.868629150101526 26 8.868629150101524
      vertex 63.669648620315925 0 9.111087627168637
      vertex 63.868629150101526 0 8.868629150101524
    endloop
  endfacet
  facet normal 0.8819212643483576 0 0.4713967368259924
    outer loop
      vertex 63.669648620315925 26 9.111087627168637
      vertex 63.52179274798194 0 9.387706508215857
      vertex 63.669648620315925 0 9.111087627168637
    endloop
  endfacet
  facet normal 0.9569403357322079 0 0.2902846772544656
    outer loop
      vertex 63.52179274798194 26 9.387706508215857
      vertex 63.43074355135483 0 9.687855484774195
      vertex 63.52179274798194 0 9.387706508215857
    endloop
  endfacet
  facet normal -0.6343932841636396 0 0.7730104533627418
    outer loop
      vertex 66.13137084989847 26 8.868629150101524
      vertex 65.88891237283136 0 8.669648620315927
      vertex 66.13137084989847 0 8.868629150101524
    endloop
  endfacet
  facet normal -0.7730104533627293 0 0.6343932841636547
    outer loop
      vertex 66.33035137968407 26 9.111087627168637
      vertex 66.13137084989847 0 8.868629150101524
      vertex 66.33035137968407 0 9.111087627168637
    endloop
  endfacet
  facet normal -0.881921264348367 0 0.4713967368259748
    outer loop
      vertex 66.47820725201805 26 9.387706508215857
      vertex 66.33035137968407 0 9.111087627168637
      vertex 66.47820725201805 0 9.387706508215857
    endloop
  endfacet
  facet normal -0.9569403357322079 0 0.2902846772544656
    outer loop
      vertex 66.56925644864516 26 9.687855484774195
      vertex 66.47820725201805 0 9.387706508215857
      vertex 66.56925644864516 0 9.687855484774195
    endloop
  endfacet
  facet normal -0.9951847266721969 0 0.09801714032956073
    outer loop
      vertex 66.6 26 10
      vertex 66.56925644864516 0 9.687855484774195
      vertex 66.6 0 10
    endloop
  endfacet
  facet normal 0.9951847266721969 0 -0.09801714032956073
    outer loop
      vertex 63.4 26 10
      vertex 63.43074355135483 0 10.312144515225805
      vertex 63.4 0 10
    endloop
  endfacet
  facet normal 0.9569403357322079 0 -0.2902846772544656
    outer loop
      vertex 63.43074355135483 26 10.312144515225805
      vertex 63.52179274798194 0 10.612293491784143
      vertex 63.43074355135483 0 10.312144515225805
    endloop
  endfacet
  facet normal 0.8819212643483576 0 -0.4713967368259924
    outer loop
      vertex 63.52179274798194 26 10.612293491784143
      vertex 63.669648620315925 0 10.888912372831363
      vertex 63.52179274798194 0 10.612293491784143
    endloop
  endfacet
  facet normal 0.7730104533627293 0 -0.6343932841636547
    outer loop
      vertex 63.669648620315925 26 10.888912372831363
      vertex 63.868629150101526 0 11.131370849898476
      vertex 63.669648620315925 0 10.888912372831363
    endloop
  endfacet
  facet normal 0.6343932841636396 0 -0.7730104533627418
    outer loop
      vertex 63.868629150101526 26 11.131370849898476
      vertex 64.11108762716864 0 11.330351379684073
      vertex 63.868629150101526 0 11.131370849898476
    endloop
  endfacet
  facet normal -0.9951847266721969 0 -0.09801714032956073
    outer loop
      vertex 66.56925644864516 26 10.312144515225805
      vertex 66.6 0 10
      vertex 66.56925644864516 0 10.312144515225805
    endloop
  endfacet
  facet normal -0.9569403357322079 0 -0.2902846772544656
    outer loop
      vertex 66.47820725201805 26 10.612293491784143
      vertex 66.56925644864516 0 10.312144515225805
      vertex 66.47820725201805 0 10.612293491784143
    endloop
  endfacet
  facet normal -0.881921264348367 0 -0.4713967368259748
    outer loop
      vertex 66.33035137968407 26 10.888912372831363
      vertex 66.47820725201805 0 10.612293491784143
      vertex 66.33035137968407 0 10.888912372831363
    endloop
  endfacet
  facet normal -0.7730104533627293 0 -0.6343932841636547
    outer loop
      vertex 66.13137084989847 26 11.131370849898476
      vertex 66.33035137968407 0 10.888912372831363
      vertex 66.13137084989847 0 11.131370849898476
    endloop
  endfacet
  facet normal 0.4713967368260063 0 -0.8819212643483504
    outer loop
      vertex 64.11108762716864 26 11.330351379684073
      vertex 64.38770650821586 0 11.47820725201806
      vertex 64.11108762716864 0 11.330351379684073
    endloop
  endfacet
  facet normal 0.29028467725446516 0 -0.956940335732208
    outer loop
      vertex 64.38770650821586 26 11.47820725201806
      vertex 64.68785548477419 0 11.569256448645168
      vertex 64.38770650821586 0 11.47820725201806
    endloop
  endfacet
  facet normal -0.29028467725446516 0 -0.956940335732208
    outer loop
      vertex 65.31214451522581 26 11.569256448645168
      vertex 65.61229349178414 0 11.47820725201806
      vertex 65.31214451522581 0 11.569256448645168
    endloop
  endfacet
  facet normal 0.09801714032955909 0 -0.9951847266721972
    outer loop
      vertex 64.68785548477419 26 11.569256448645168
      vertex 65 0 11.6
      vertex 64.68785548477419 0 11.569256448645168
    endloop
  endfacet
  facet normal -0.09801714032955909 0 -0.9951847266721972
    outer loop
      vertex 65 26 11.6
      vertex 65.31214451522581 0 11.569256448645168
      vertex 65 0 11.6
    endloop
  endfacet
  facet normal -0.6343932841636396 0 -0.7730104533627418
    outer loop
      vertex 65.88891237283136 26 11.330351379684073
      vertex 66.13137084989847 0 11.131370849898476
      vertex 65.88891237283136 0 11.330351379684073
    endloop
  endfacet
  facet normal -0.4713967368260063 0 -0.8819212643483504
    outer loop
      vertex 65.61229349178414 26 11.47820725201806
      vertex 65.88891237283136 0 11.330351379684073
      vertex 65.61229349178414 0 11.47820725201806
    endloop
  endfacet
  facet normal 0.9951847266721969 -7.900144217481825e-20 0.09801714032956073
    outer loop
      vertex 63.43074355135483 26 9.687855484774195
      vertex 63.4 26 10
      vertex 63.4 0 10
    endloop
  endfacet
  facet normal 0.29028467725446516 4.8367100977740794e-20 0.956940335732208
    outer loop
      vertex 64.68785548477419 26 8.430743551354832
      vertex 64.38770650821586 26 8.52179274798194
      vertex 64.38770650821586 0 8.52179274798194
    endloop
  endfacet
  facet normal 0.4713967368260063 0 0.8819212643483504
    outer loop
      vertex 64.11108762716864 26 8.669648620315927
      vertex 64.11108762716864 0 8.669648620315927
      vertex 64.38770650821586 26 8.52179274798194
    endloop
  endfacet
  facet normal 0.09801714032955909 0 0.9951847266721972
    outer loop
      vertex 64.68785548477419 26 8.430743551354832
      vertex 64.68785548477419 0 8.430743551354832
      vertex 65 26 8.4
    endloop
  endfacet
  facet normal -0.09801714032955909 0 0.9951847266721972
    outer loop
      vertex 65 26 8.4
      vertex 65 0 8.4
      vertex 65.31214451522581 26 8.430743551354832
    endloop
  endfacet
  facet normal -0.29028467725446516 0 0.956940335732208
    outer loop
      vertex 65.31214451522581 26 8.430743551354832
      vertex 65.31214451522581 0 8.430743551354832
      vertex 65.61229349178414 26 8.52179274798194
    endloop
  endfacet
  facet normal -0.4713967368260063 0 0.8819212643483504
    outer loop
      vertex 65.61229349178414 26 8.52179274798194
      vertex 65.61229349178414 0 8.52179274798194
      vertex 65.88891237283136 26 8.669648620315927
    endloop
  endfacet
  facet normal -0.6343932841636396 0 0.7730104533627418
    outer loop
      vertex 65.88891237283136 26 8.669648620315927
      vertex 65.88891237283136 0 8.669648620315927
      vertex 66.13137084989847 26 8.868629150101524
    endloop
  endfacet
  facet normal 0.6343932841636396 -2.7046662069242796e-19 0.7730104533627418
    outer loop
      vertex 64.11108762716864 26 8.669648620315927
      vertex 63.868629150101526 26 8.868629150101524
      vertex 63.868629150101526 0 8.868629150101524
    endloop
  endfacet
  facet normal 0.7730104533627293 3.253687953955421e-21 0.6343932841636547
    outer loop
      vertex 63.868629150101526 26 8.868629150101524
      vertex 63.669648620315925 26 9.111087627168637
      vertex 63.669648620315925 0 9.111087627168637
    endloop
  endfacet
  facet normal 0.8819212643483576 -3.244949975430706e-19 0.4713967368259924
    outer loop
      vertex 63.669648620315925 26 9.111087627168637
      vertex 63.52179274798194 26 9.387706508215857
      vertex 63.52179274798194 0 9.387706508215857
    endloop
  endfacet
  facet normal 0.9569403357322079 -1.5250620824681158e-19 0.2902846772544656
    outer loop
      vertex 63.52179274798194 26 9.387706508215857
      vertex 63.43074355135483 26 9.687855484774195
      vertex 63.43074355135483 0 9.687855484774195
    endloop
  endfacet
  facet normal -0.7730104533627293 0 0.6343932841636547
    outer loop
      vertex 66.13137084989847 26 8.868629150101524
      vertex 66.13137084989847 0 8.868629150101524
      vertex 66.33035137968407 26 9.111087627168637
    endloop
  endfacet
  facet normal -0.881921264348367 0 0.4713967368259748
    outer loop
      vertex 66.33035137968407 26 9.111087627168637
      vertex 66.33035137968407 0 9.111087627168637
      vertex 66.47820725201805 26 9.387706508215857
    endloop
  endfacet
  facet normal -0.9569403357322079 0 0.2902846772544656
    outer loop
      vertex 66.47820725201805 26 9.387706508215857
      vertex 66.47820725201805 0 9.387706508215857
      vertex 66.56925644864516 26 9.687855484774195
    endloop
  endfacet
  facet normal -0.9951847266721969 0 0.09801714032956073
    outer loop
      vertex 66.56925644864516 26 9.687855484774195
      vertex 66.56925644864516 0 9.687855484774195
      vertex 66.6 26 10
    endloop
  endfacet
  facet normal 0.9951847266721969 7.900144217481825e-20 -0.09801714032956073
    outer loop
      vertex 63.4 26 10
      vertex 63.43074355135483 26 10.312144515225805
      vertex 63.43074355135483 0 10.312144515225805
    endloop
  endfacet
  facet normal 0.9569403357322079 1.5250620824681158e-19 -0.2902846772544656
    outer loop
      vertex 63.43074355135483 26 10.312144515225805
      vertex 63.52179274798194 26 10.612293491784143
      vertex 63.52179274798194 0 10.612293491784143
    endloop
  endfacet
  facet normal 0.8819212643483576 3.244949975430706e-19 -0.4713967368259924
    outer loop
      vertex 63.52179274798194 26 10.612293491784143
      vertex 63.669648620315925 26 10.888912372831363
      vertex 63.669648620315925 0 10.888912372831363
    endloop
  endfacet
  facet normal 0.7730104533627293 -3.253687953955421e-21 -0.6343932841636547
    outer loop
      vertex 63.669648620315925 26 10.888912372831363
      vertex 63.868629150101526 26 11.131370849898476
      vertex 63.868629150101526 0 11.131370849898476
    endloop
  endfacet
  facet normal -0.9951847266721969 0 -0.09801714032956073
    outer loop
      vertex 66.6 26 10
      vertex 66.6 0 10
      vertex 66.56925644864516 26 10.312144515225805
    endloop
  endfacet
  facet normal -0.9569403357322079 0 -0.2902846772544656
    outer loop
      vertex 66.56925644864516 26 10.312144515225805
      vertex 66.56925644864516 0 10.312144515225805
      vertex 66.47820725201805 26 10.612293491784143
    endloop
  endfacet
  facet normal -0.881921264348367 0 -0.4713967368259748
    outer loop
      vertex 66.47820725201805 26 10.612293491784143
      vertex 66.47820725201805 0 10.612293491784143
      vertex 66.33035137968407 26 10.888912372831363
    endloop
  endfacet
  facet normal -0.7730104533627293 0 -0.6343932841636547
    outer loop
      vertex 66.33035137968407 26 10.888912372831363
      vertex 66.33035137968407 0 10.888912372831363
      vertex 66.13137084989847 26 11.131370849898476
    endloop
  endfacet
  facet normal -0.6343932841636396 0 -0.7730104533627418
    outer loop
      vertex 66.13137084989847 26 11.131370849898476
      vertex 66.13137084989847 0 11.131370849898476
      vertex 65.88891237283136 26 11.330351379684073
    endloop
  endfacet
  facet normal 0.6343932841636396 2.7046662069242796e-19 -0.7730104533627418
    outer loop
      vertex 63.868629150101526 26 11.131370849898476
      vertex 64.11108762716864 26 11.330351379684073
      vertex 64.11108762716864 0 11.330351379684073
    endloop
  endfacet
  facet normal 0.4713967368260063 -2.4380307303344183e-20 -0.8819212643483504
    outer loop
      vertex 64.11108762716864 26 11.330351379684073
      vertex 64.38770650821586 26 11.47820725201806
      vertex 64.38770650821586 0 11.47820725201806
    endloop
  endfacet
  facet normal 0.29028467725446516 -4.8367100977740794e-20 -0.956940335732208
    outer loop
      vertex 64.38770650821586 26 11.47820725201806
      vertex 64.68785548477419 26 11.569256448645168
      vertex 64.68785548477419 0 11.569256448645168
    endloop
  endfacet
  facet normal -0.29028467725446516 0 -0.956940335732208
    outer loop
      vertex 65.61229349178414 26 11.47820725201806
      vertex 65.61229349178414 0 11.47820725201806
      vertex 65.31214451522581 26 11.569256448645168
    endloop
  endfacet
  facet normal 0.09801714032955909 -1.548585938329564e-20 -0.9951847266721972
    outer loop
      vertex 64.68785548477419 26 11.569256448645168
      vertex 65 26 11.6
      vertex 65 0 11.6
    endloop
  endfacet
  facet normal -0.09801714032955909 1.548585938329564e-20 -0.9951847266721972
    outer loop
      vertex 65 26 11.6
      vertex 65.31214451522581 26 11.569256448645168
      vertex 65.31214451522581 0 11.569256448645168
    endloop
  endfacet
  facet normal -0.4713967368260063 0 -0.8819212643483504
    outer loop
      vertex 65.88891237283136 26 11.330351379684073
      vertex 65.88891237283136 0 11.330351379684073
      vertex 65.61229349178414 26 11.47820725201806
    endloop
  endfacet
  facet normal 0.5555702330195998 0 0.8314696123025468
    outer loop
      vertex 63.375 26 7.185417437700575
      vertex 63.375 33.91382002242404 7.185417437700575
      vertex 63.02152535572166 26 7.421601644053485
    endloop
  endfacet
  facet normal 0 1 0
    outer loop
      vertex 62.18541743770057 26 8.375
      vertex 61.997391519338315 26 8.756278844813458
      vertex 63.868629150101526 26 8.868629150101524
    endloop
  endfacet
  facet normal 0 1 0
    outer loop
      vertex 62.18541743770057 26 8.375
      vertex 63.868629150101526 26 8.868629150101524
      vertex 64.11108762716864 26 8.669648620315927
    endloop
  endfacet
  facet normal 0 1 0
    outer loop
      vertex 61.997391519338315 26 8.756278844813458
      vertex 63.669648620315925 26 9.111087627168637
      vertex 63.868629150101526 26 8.868629150101524
    endloop
  endfacet
  facet normal 0 1 0
    outer loop
      vertex 61.997391519338315 26 8.756278844813458
      vertex 61.86074106456053 26 9.158838103416807
      vertex 63.52179274798194 26 9.387706508215857
    endloop
  endfacet
  facet normal 0 1 0
    outer loop
      vertex 61.997391519338315 26 8.756278844813458
      vertex 63.52179274798194 26 9.387706508215857
      vertex 63.669648620315925 26 9.111087627168637
    endloop
  endfacet
  facet normal 0 1 0
    outer loop
      vertex 61.86074106456053 26 9.158838103416807
      vertex 61.777804200535115 26 9.575789875284832
      vertex 63.43074355135483 26 9.687855484774195
    endloop
  endfacet
  facet normal 0 1 0
    outer loop
      vertex 61.86074106456053 26 9.158838103416807
      vertex 63.43074355135483 26 9.687855484774195
      vertex 63.52179274798194 26 9.387706508215857
    endloop
  endfacet
  facet normal 0 1 0
    outer loop
      vertex 61.777804200535115 26 9.575789875284832
      vertex 63.4 26 10
      vertex 63.43074355135483 26 9.687855484774195
    endloop
  endfacet
  facet normal 0 1 0
    outer loop
      vertex 61.777804200535115 26 9.575789875284832
      vertex 61.75 26 10
      vertex 63.4 26 10
    endloop
  endfacet
  facet normal 0.659345815100073 0 0.7518398074789739
    outer loop
      vertex 63.02152535572166 26 7.421601644053485
      vertex 63.02152535572166 33.94863423604413 7.421601644053485
      vertex 62.70190296114372 26 7.70190296114372
    endloop
  endfacet
  facet normal 0.7518398074789775 -1.0600533289761033e-17 0.6593458151000687
    outer loop
      vertex 62.70190296114372 26 7.70190296114372
      vertex 62.5 34 7.932129164085031
      vertex 62.42160164405349 26 8.021525355721657
    endloop
  endfacet
  facet normal 0.8968727415326877 0 0.44228869021900247
    outer loop
      vertex 62.18541743770057 26 8.375
      vertex 62.18541743770057 34 8.375
      vertex 61.997391519338315 26 8.756278844813458
    endloop
  endfacet
  facet normal 0.83146961230254 0 0.55557023301961
    outer loop
      vertex 62.42160164405349 26 8.021525355721657
      vertex 62.42160164405349 34 8.021525355721657
      vertex 62.18541743770057 26 8.375
    endloop
  endfacet
  facet normal 0.946930129495108 0 0.3214394653031547
    outer loop
      vertex 61.997391519338315 26 8.756278844813458
      vertex 61.997391519338315 34 8.756278844813458
      vertex 61.86074106456053 26 9.158838103416807
    endloop
  endfacet
  facet normal 0.9807852804032299 0 0.19509032201613105
    outer loop
      vertex 61.86074106456053 26 9.158838103416807
      vertex 61.86074106456053 34 9.158838103416807
      vertex 61.777804200535115 26 9.575789875284832
    endloop
  endfacet
  facet normal 0.9978589232386036 0 0.06540312923014102
    outer loop
      vertex 61.777804200535115 26 9.575789875284832
      vertex 61.777804200535115 34 9.575789875284832
      vertex 61.75 26 10
    endloop
  endfacet
  facet normal 0.5555702330196 0 0.8314696123025468
    outer loop
      vertex 63.02152535572166 26 7.421601644053485
      vertex 63.375 33.91382002242404 7.185417437700575
      vertex 63.02152535572166 33.94863423604413 7.421601644053485
    endloop
  endfacet
  facet normal 0.659345815100073 0 0.7518398074789739
    outer loop
      vertex 62.70190296114372 26 7.70190296114372
      vertex 63.02152535572166 33.94863423604413 7.421601644053485
      vertex 62.70190296114372 33.98011429409841 7.70190296114372
    endloop
  endfacet
  facet normal 0.7518398074789777 0 0.6593458151000685
    outer loop
      vertex 62.70190296114372 26 7.70190296114372
      vertex 62.70190296114372 33.98011429409841 7.70190296114372
      vertex 62.5 34 7.932129164085031
    endloop
  endfacet
  facet normal 0.751839807478977 0 0.6593458151000692
    outer loop
      vertex 62.42160164405349 26 8.021525355721657
      vertex 62.5 34 7.932129164085031
      vertex 62.42160164405349 34 8.021525355721657
    endloop
  endfacet
  facet normal 0.83146961230254 0 0.55557023301961
    outer loop
      vertex 62.18541743770057 26 8.375
      vertex 62.42160164405349 34 8.021525355721657
      vertex 62.18541743770057 34 8.375
    endloop
  endfacet
  facet normal 0.8968727415326877 0 0.44228869021900247
    outer loop
      vertex 61.997391519338315 26 8.756278844813458
      vertex 62.18541743770057 34 8.375
      vertex 61.997391519338315 34 8.756278844813458
    endloop
  endfacet
  facet normal 0.946930129495108 0 0.3214394653031547
    outer loop
      vertex 61.86074106456053 26 9.158838103416807
      vertex 61.997391519338315 34 8.756278844813458
      vertex 61.86074106456053 34 9.158838103416807
    endloop
  endfacet
  facet normal 0.9807852804032299 0 0.19509032201613105
    outer loop
      vertex 61.777804200535115 26 9.575789875284832
      vertex 61.86074106456053 34 9.158838103416807
      vertex 61.777804200535115 34 9.575789875284832
    endloop
  endfacet
  facet normal 0.9978589232386036 0 0.06540312923014102
    outer loop
      vertex 61.75 26 10
      vertex 61.777804200535115 34 9.575789875284832
      vertex 61.75 34 10
    endloop
  endfacet
  facet normal 0 1 0
    outer loop
      vertex 65 26 6.75
      vertex 64.57578987528483 26 6.777804200535116
      vertex 65.42421012471517 26 6.777804200535116
    endloop
  endfacet
  facet normal 0 1 0
    outer loop
      vertex 64.15883810341681 26 6.8607410645605285
      vertex 65.84116189658319 26 6.8607410645605285
      vertex 64.57578987528483 26 6.777804200535116
    endloop
  endfacet
  facet normal 0 1 0
    outer loop
      vertex 64.57578987528483 26 6.777804200535116
      vertex 65.84116189658319 26 6.8607410645605285
      vertex 65.42421012471517 26 6.777804200535116
    endloop
  endfacet
  facet normal 0 1 0
    outer loop
      vertex 63.375 26 7.185417437700575
      vertex 63.02152535572166 26 7.421601644053485
      vertex 66.97847464427834 26 7.421601644053485
    endloop
  endfacet
  facet normal 0 1 0
    outer loop
      vertex 64.15883810341681 26 6.8607410645605285
      vertex 63.75627884481346 26 6.9973915193383185
      vertex 66.24372115518653 26 6.9973915193383185
    endloop
  endfacet
  facet normal 0 1 0
    outer loop
      vertex 63.75627884481346 26 6.9973915193383185
      vertex 63.375 26 7.185417437700575
      vertex 66.625 26 7.185417437700575
    endloop
  endfacet
  facet normal 0 1 0
    outer loop
      vertex 64.15883810341681 26 6.8607410645605285
      vertex 66.24372115518653 26 6.9973915193383185
      vertex 65.84116189658319 26 6.8607410645605285
    endloop
  endfacet
  facet normal 0 1 0
    outer loop
      vertex 63.75627884481346 26 6.9973915193383185
      vertex 66.625 26 7.185417437700575
      vertex 66.24372115518653 26 6.9973915193383185
    endloop
  endfacet
  facet normal 0 1 0
    outer loop
      vertex 63.375 26 7.185417437700575
      vertex 66.97847464427834 26 7.421601644053485
      vertex 66.625 26 7.185417437700575
    endloop
  endfacet
  facet normal 0.19509032201613385 5.814988814237025e-19 0.9807852804032294
    outer loop
      vertex 64.15883810341681 26 6.8607410645605285
      vertex 64.57578987528483 26 6.777804200535116
      vertex 64.57578987528483 33.769968852421144 6.777804200535116
    endloop
  endfacet
  facet normal 0.0654031292301423 0 0.9978589232386036
    outer loop
      vertex 65 26 6.75
      vertex 65 33.641286117500634 6.75
      vertex 64.57578987528483 26 6.777804200535116
    endloop
  endfacet
  facet normal -0.0654031292301423 -2.4120672906973544e-20 0.9978589232386036
    outer loop
      vertex 65 26 6.75
      vertex 65.42421012471517 26 6.777804200535116
      vertex 65.42421012471517 33.51260338258012 6.777804200535116
    endloop
  endfacet
  facet normal -0.19509032201613385 -6.117185614056915e-19 0.9807852804032294
    outer loop
      vertex 65.42421012471517 26 6.777804200535116
      vertex 65.84116189658319 26 6.8607410645605285
      vertex 65.84116189658319 33.386122444931694 6.8607410645605285
    endloop
  endfacet
  facet normal 0.44228869021900075 0 0.8968727415326885
    outer loop
      vertex 63.75627884481346 26 6.9973915193383185
      vertex 63.75627884481346 33.87626733408551 6.9973915193383185
      vertex 63.375 26 7.185417437700575
    endloop
  endfacet
  facet normal 0.32143946530315837 0 0.9469301294951068
    outer loop
      vertex 64.15883810341681 26 6.8607410645605285
      vertex 64.15883810341681 33.83661870793758 6.8607410645605285
      vertex 63.75627884481346 26 6.9973915193383185
    endloop
  endfacet
  facet normal -0.3214394653031634 8.803369873601939e-19 0.946930129495105
    outer loop
      vertex 65.84116189658319 26 6.8607410645605285
      vertex 66.24372115518653 26 6.9973915193383185
      vertex 66.24372115518653 33.26400742846566 6.9973915193383185
    endloop
  endfacet
  facet normal -0.44228869021899414 -2.9646829520373203e-19 0.8968727415326917
    outer loop
      vertex 66.24372115518653 26 6.9973915193383185
      vertex 66.625 26 7.185417437700575
      vertex 66.625 33.07942244994148 7.185417437700575
    endloop
  endfacet
  facet normal -0.5555702330196076 -1.2772461811290158e-18 0.8314696123025416
    outer loop
      vertex 66.625 26 7.185417437700575
      vertex 66.97847464427834 26 7.421601644053485
      vertex 66.97847464427834 32.89048631695465 7.421601644053485
    endloop
  endfacet
  facet normal 0 1 0
    outer loop
      vertex 63.02152535572166 26 7.421601644053485
      vertex 62.70190296114372 26 7.70190296114372
      vertex 67.29809703885628 26 7.70190296114372
    endloop
  endfacet
  facet normal 0 1 0
    outer loop
      vertex 62.70190296114372 26 7.70190296114372
      vertex 62.42160164405349 26 8.021525355721657
      vertex 67.57839835594652 26 8.021525355721657
    endloop
  endfacet
  facet normal 0 1 0
    outer loop
      vertex 62.18541743770057 26 8.375
      vertex 64.68785548477419 26 8.430743551354832
      vertex 65 26 8.4
    endloop
  endfacet
  facet normal 0 1 0
    outer loop
      vertex 62.42160164405349 26 8.021525355721657
      vertex 62.18541743770057 26 8.375
      vertex 67.81458256229942 26 8.375
    endloop
  endfacet
  facet normal 0 1 0
    outer loop
      vertex 62.18541743770057 26 8.375
      vertex 64.11108762716864 26 8.669648620315927
      vertex 64.38770650821586 26 8.52179274798194
    endloop
  endfacet
  facet normal 0 1 0
    outer loop
      vertex 62.18541743770057 26 8.375
      vertex 64.38770650821586 26 8.52179274798194
      vertex 64.68785548477419 26 8.430743551354832
    endloop
  endfacet
  facet normal 0 1 0
    outer loop
      vertex 62.18541743770057 26 8.375
      vertex 65 26 8.4
      vertex 67.81458256229942 26 8.375
    endloop
  endfacet
  facet normal 0 1 0
    outer loop
      vertex 63.02152535572166 26 7.421601644053485
      vertex 67.29809703885628 26 7.70190296114372
      vertex 66.97847464427834 26 7.421601644053485
    endloop
  endfacet
  facet normal 0 1 0
    outer loop
      vertex 62.70190296114372 26 7.70190296114372
      vertex 67.57839835594652 26 8.021525355721657
      vertex 67.29809703885628 26 7.70190296114372
    endloop
  endfacet
  facet normal 0 1 0
    outer loop
      vertex 62.42160164405349 26 8.021525355721657
      vertex 67.81458256229942 26 8.375
      vertex 67.57839835594652 26 8.021525355721657
    endloop
  endfacet
  facet normal 0 1 0
    outer loop
      vertex 65 26 8.4
      vertex 65.31214451522581 26 8.430743551354832
      vertex 67.81458256229942 26 8.375
    endloop
  endfacet
  facet normal 0 1 0
    outer loop
      vertex 65.31214451522581 26 8.430743551354832
      vertex 65.61229349178414 26 8.52179274798194
      vertex 67.81458256229942 26 8.375
    endloop
  endfacet
  facet normal 0 1 0
    outer loop
      vertex 65.61229349178414 26 8.52179274798194
      vertex 65.88891237283136 26 8.669648620315927
      vertex 68.00260848066168 26 8.756278844813458
    endloop
  endfacet
  facet normal 0 1 0
    outer loop
      vertex 65.61229349178414 26 8.52179274798194
      vertex 68.00260848066168 26 8.756278844813458
      vertex 67.81458256229942 26 8.375
    endloop
  endfacet
  facet normal 0 1 0
    outer loop
      vertex 65.88891237283136 26 8.669648620315927
      vertex 66.13137084989847 26 8.868629150101524
      vertex 68.00260848066168 26 8.756278844813458
    endloop
  endfacet
  facet normal 0 1 0
    outer loop
      vertex 66.13137084989847 26 8.868629150101524
      vertex 66.33035137968407 26 9.111087627168637
      vertex 68.13925893543947 26 9.158838103416807
    endloop
  endfacet
  facet normal 0 1 0
    outer loop
      vertex 66.13137084989847 26 8.868629150101524
      vertex 68.13925893543947 26 9.158838103416807
      vertex 68.00260848066168 26 8.756278844813458
    endloop
  endfacet
  facet normal 0 1 0
    outer loop
      vertex 66.33035137968407 26 9.111087627168637
      vertex 66.47820725201805 26 9.387706508215857
      vertex 68.13925893543947 26 9.158838103416807
    endloop
  endfacet
  facet normal 0 1 0
    outer loop
      vertex 66.47820725201805 26 9.387706508215857
      vertex 68.22219579946488 26 9.575789875284832
      vertex 68.13925893543947 26 9.158838103416807
    endloop
  endfacet
  facet normal 0 1 0
    outer loop
      vertex 66.47820725201805 26 9.387706508215857
      vertex 66.56925644864516 26 9.687855484774195
      vertex 68.22219579946488 26 9.575789875284832
    endloop
  endfacet
  facet normal 0 1 0
    outer loop
      vertex 66.56925644864516 26 9.687855484774195
      vertex 66.6 26 10
      vertex 68.25 26 10
    endloop
  endfacet
  facet normal 0 1 0
    outer loop
      vertex 66.56925644864516 26 9.687855484774195
      vertex 68.25 26 10
      vertex 68.22219579946488 26 9.575789875284832
    endloop
  endfacet
  facet normal -0.6593458151000563 -1.0891029402878216e-18 0.7518398074789883
    outer loop
      vertex 66.97847464427834 26 7.421601644053485
      vertex 67.29809703885628 26 7.70190296114372
      vertex 67.29809703885628 32.71964458834682 7.70190296114372
    endloop
  endfacet
  facet normal -0.7518398074789775 2.3466013391506544e-19 0.6593458151000688
    outer loop
      vertex 67.29809703885628 26 7.70190296114372
      vertex 67.57839835594652 26 8.021525355721657
      vertex 67.57839835594652 32.569820413460754 8.021525355721657
    endloop
  endfacet
  facet normal -0.8314696123025554 2.0542571422289728e-18 0.555570233019587
    outer loop
      vertex 67.57839835594652 26 8.021525355721657
      vertex 67.81458256229942 26 8.375
      vertex 67.81458256229942 32.44357732546787 8.375
    endloop
  endfacet
  facet normal -0.8968727415326876 -1.0131805518173337e-18 0.44228869021900247
    outer loop
      vertex 67.81458256229942 26 8.375
      vertex 68.00260848066168 26 8.756278844813458
      vertex 68.00260848066168 32.343075378604915 8.756278844813458
    endloop
  endfacet
  facet normal -0.9469301294951028 4.167834407808657e-17 0.32143946530316964
    outer loop
      vertex 68.00260848066168 26 8.756278844813458
      vertex 68.13925893543947 26 9.158838103416807
      vertex 68.05570232868195 32.31469612568617 8.912688277406954
    endloop
  endfacet
  facet normal -0.9807852804032299 -9.950959712678688e-20 0.19509032201613108
    outer loop
      vertex 68.13925893543947 26 9.158838103416807
      vertex 68.22219579946488 26 9.575789875284832
      vertex 68.22219579946488 32.1780584648859 9.575789875284832
    endloop
  endfacet
  facet normal -0.9978589232386037 -2.8792762210568717e-19 0.06540312923014104
    outer loop
      vertex 68.22219579946488 26 9.575789875284832
      vertex 68.25 26 10
      vertex 68.25 32.1552401471244 10
    endloop
  endfacet
  facet normal 0.19509032201613385 0 0.9807852804032294
    outer loop
      vertex 64.15883810341681 26 6.8607410645605285
      vertex 64.57578987528483 33.769968852421144 6.777804200535116
      vertex 64.15883810341681 33.83661870793758 6.8607410645605285
    endloop
  endfacet
  facet normal 0.0654031292301423 0 0.9978589232386036
    outer loop
      vertex 64.57578987528483 26 6.777804200535116
      vertex 65 33.641286117500634 6.75
      vertex 64.57578987528483 33.769968852421144 6.777804200535116
    endloop
  endfacet
  facet normal -0.0654031292301423 0 0.9978589232386036
    outer loop
      vertex 65 26 6.75
      vertex 65.42421012471517 33.51260338258012 6.777804200535116
      vertex 65 33.641286117500634 6.75
    endloop
  endfacet
  facet normal -0.19509032201613383 0 0.9807852804032294
    outer loop
      vertex 65.42421012471517 26 6.777804200535116
      vertex 65.84116189658319 33.386122444931694 6.8607410645605285
      vertex 65.42421012471517 33.51260338258012 6.777804200535116
    endloop
  endfacet
  facet normal 0.3214394653031584 0 0.9469301294951068
    outer loop
      vertex 63.75627884481346 26 6.9973915193383185
      vertex 64.15883810341681 33.83661870793758 6.8607410645605285
      vertex 63.75627884481346 33.87626733408551 6.9973915193383185
    endloop
  endfacet
  facet normal 0.44228869021900075 0 0.8968727415326885
    outer loop
      vertex 63.375 26 7.185417437700575
      vertex 63.75627884481346 33.87626733408551 6.9973915193383185
      vertex 63.375 33.91382002242404 7.185417437700575
    endloop
  endfacet
  facet normal -0.44228869021899414 0 0.8968727415326918
    outer loop
      vertex 66.24372115518653 26 6.9973915193383185
      vertex 66.625 33.07942244994148 7.185417437700575
      vertex 66.24372115518653 33.26400742846566 6.9973915193383185
    endloop
  endfacet
  facet normal -0.5555702330196076 0 0.8314696123025416
    outer loop
      vertex 66.625 26 7.185417437700575
      vertex 66.97847464427834 32.89048631695465 7.421601644053485
      vertex 66.625 33.07942244994148 7.185417437700575
    endloop
  endfacet
  facet normal -0.3214394653031634 0 0.946930129495105
    outer loop
      vertex 65.84116189658319 26 6.8607410645605285
      vertex 66.24372115518653 33.26400742846566 6.9973915193383185
      vertex 65.84116189658319 33.386122444931694 6.8607410645605285
    endloop
  endfacet
  facet normal 0.1950903220161368 1.915418732927959e-14 0.9807852804032288
    outer loop
      vertex 64.45090322196484 33.8078528046608 6.8026457004011185
      vertex 64.15883810341681 33.83661870793758 6.8607410645605285
      vertex 64.57578987528483 33.769968852421144 6.777804200535116
    endloop
  endfacet
  facet normal -0.4422886902189997 -1.4057154868665249e-14 0.896872741532689
    outer loop
      vertex 66.32683432102203 33.23879532516003 7.0383783969130755
      vertex 66.24372115518653 33.26400742846566 6.9973915193383185
      vertex 66.625 33.07942244994148 7.185417437700575
    endloop
  endfacet
  facet normal -0.6593458151000563 0 0.7518398074789884
    outer loop
      vertex 66.97847464427834 26 7.421601644053485
      vertex 67.29809703885628 32.71964458834682 7.70190296114372
      vertex 66.97847464427834 32.89048631695465 7.421601644053485
    endloop
  endfacet
  facet normal -0.7518398074789774 0 0.6593458151000686
    outer loop
      vertex 67.29809703885628 26 7.70190296114372
      vertex 67.57839835594652 32.569820413460754 8.021525355721657
      vertex 67.29809703885628 32.71964458834682 7.70190296114372
    endloop
  endfacet
  facet normal -0.8968727415326877 0 0.4422886902190025
    outer loop
      vertex 67.81458256229942 26 8.375
      vertex 68.00260848066168 32.343075378604915 8.756278844813458
      vertex 67.81458256229942 32.44357732546787 8.375
    endloop
  endfacet
  facet normal -0.8314696123025554 0 0.5555702330195869
    outer loop
      vertex 67.57839835594652 26 8.021525355721657
      vertex 67.81458256229942 32.44357732546787 8.375
      vertex 67.57839835594652 32.569820413460754 8.021525355721657
    endloop
  endfacet
  facet normal -0.9469301294951025 0 0.3214394653031712
    outer loop
      vertex 68.00260848066168 26 8.756278844813458
      vertex 68.05570232868195 32.31469612568617 8.912688277406954
      vertex 68.00260848066168 32.343075378604915 8.756278844813458
    endloop
  endfacet
  facet normal -0.9469301294951032 0 0.32143946530316875
    outer loop
      vertex 68.13925893543947 26 9.158838103416807
      vertex 68.13925893543947 32.24612299042707 9.158838103416807
      vertex 68.05570232868195 32.31469612568617 8.912688277406954
    endloop
  endfacet
  facet normal -0.98078528040323 0 0.19509032201613108
    outer loop
      vertex 68.13925893543947 26 9.158838103416807
      vertex 68.22219579946488 32.1780584648859 9.575789875284832
      vertex 68.13925893543947 32.24612299042707 9.158838103416807
    endloop
  endfacet
  facet normal -0.9978589232386037 0 0.06540312923014104
    outer loop
      vertex 68.22219579946488 26 9.575789875284832
      vertex 68.25 32.1552401471244 10
      vertex 68.22219579946488 32.1780584648859 9.575789875284832
    endloop
  endfacet
  facet normal 0 1 0
    outer loop
      vertex 61.75 26 10
      vertex 63.43074355135483 26 10.312144515225805
      vertex 63.4 26 10
    endloop
  endfacet
  facet normal 0 1 0
    outer loop
      vertex 61.75 26 10
      vertex 61.777804200535115 26 10.424210124715168
      vertex 63.43074355135483 26 10.312144515225805
    endloop
  endfacet
  facet normal 0 1 0
    outer loop
      vertex 61.777804200535115 26 10.424210124715168
      vertex 63.52179274798194 26 10.612293491784143
      vertex 63.43074355135483 26 10.312144515225805
    endloop
  endfacet
  facet normal 0 1 0
    outer loop
      vertex 61.777804200535115 26 10.424210124715168
      vertex 61.86074106456053 26 10.841161896583193
      vertex 63.52179274798194 26 10.612293491784143
    endloop
  endfacet
  facet normal 0 1 0
    outer loop
      vertex 61.86074106456053 26 10.841161896583193
      vertex 63.669648620315925 26 10.888912372831363
      vertex 63.52179274798194 26 10.612293491784143
    endloop
  endfacet
  facet normal 0 1 0
    outer loop
      vertex 61.86074106456053 26 10.841161896583193
      vertex 61.997391519338315 26 11.243721155186542
      vertex 63.868629150101526 26 11.131370849898476
    endloop
  endfacet
  facet normal 0 1 0
    outer loop
      vertex 61.86074106456053 26 10.841161896583193
      vertex 63.868629150101526 26 11.131370849898476
      vertex 63.669648620315925 26 10.888912372831363
    endloop
  endfacet
  facet normal 0 1 0
    outer loop
      vertex 61.997391519338315 26 11.243721155186542
      vertex 64.11108762716864 26 11.330351379684073
      vertex 63.868629150101526 26 11.131370849898476
    endloop
  endfacet
  facet normal 0 1 0
    outer loop
      vertex 61.997391519338315 26 11.243721155186542
      vertex 62.18541743770057 26 11.625
      vertex 64.38770650821586 26 11.47820725201806
    endloop
  endfacet
  facet normal 0.9978589232386036 0 -0.06540312923014102
    outer loop
      vertex 61.75 26 10
      vertex 61.75 34 10
      vertex 61.777804200535115 26 10.424210124715168
    endloop
  endfacet
  facet normal 0.9807852804032299 0 -0.19509032201613105
    outer loop
      vertex 61.777804200535115 26 10.424210124715168
      vertex 61.777804200535115 34 10.424210124715168
      vertex 61.86074106456053 26 10.841161896583193
    endloop
  endfacet
  facet normal 0.946930129495108 0 -0.3214394653031547
    outer loop
      vertex 61.86074106456053 26 10.841161896583193
      vertex 61.86074106456053 34 10.841161896583193
      vertex 61.997391519338315 26 11.243721155186542
    endloop
  endfacet
  facet normal 0.8968727415326877 0 -0.44228869021900247
    outer loop
      vertex 61.997391519338315 26 11.243721155186542
      vertex 61.997391519338315 34 11.243721155186542
      vertex 62.18541743770057 26 11.625
    endloop
  endfacet
  facet normal 0.83146961230254 0 -0.55557023301961
    outer loop
      vertex 62.18541743770057 26 11.625
      vertex 62.18541743770057 34 11.625
      vertex 62.42160164405349 26 11.978474644278343
    endloop
  endfacet
  facet normal 0.7518398074789775 6.406215659378452e-17 -0.6593458151000687
    outer loop
      vertex 62.42160164405349 26 11.978474644278343
      vertex 62.5 34 12.06787083591497
      vertex 62.70190296114372 26 12.29809703885628
    endloop
  endfacet
  facet normal 0.659345815100073 0 -0.7518398074789739
    outer loop
      vertex 62.70190296114372 26 12.29809703885628
      vertex 62.70190296114372 33.98011429409841 12.29809703885628
      vertex 63.02152535572166 26 12.578398355946515
    endloop
  endfacet
  facet normal 0.5555702330195985 0 -0.8314696123025478
    outer loop
      vertex 63.02152535572166 26 12.578398355946515
      vertex 63.02152535572166 33.94863423604413 12.578398355946515
      vertex 63.375 26 12.814582562299424
    endloop
  endfacet
  facet normal 0.9978589232386036 0 -0.06540312923014102
    outer loop
      vertex 61.777804200535115 26 10.424210124715168
      vertex 61.75 34 10
      vertex 61.777804200535115 34 10.424210124715168
    endloop
  endfacet
  facet normal 0.9807852804032299 0 -0.19509032201613105
    outer loop
      vertex 61.86074106456053 26 10.841161896583193
      vertex 61.777804200535115 34 10.424210124715168
      vertex 61.86074106456053 34 10.841161896583193
    endloop
  endfacet
  facet normal 0.946930129495108 0 -0.3214394653031547
    outer loop
      vertex 61.997391519338315 26 11.243721155186542
      vertex 61.86074106456053 34 10.841161896583193
      vertex 61.997391519338315 34 11.243721155186542
    endloop
  endfacet
  facet normal 0.8968727415326877 0 -0.44228869021900247
    outer loop
      vertex 62.18541743770057 26 11.625
      vertex 61.997391519338315 34 11.243721155186542
      vertex 62.18541743770057 34 11.625
    endloop
  endfacet
  facet normal 0.83146961230254 0 -0.55557023301961
    outer loop
      vertex 62.42160164405349 26 11.978474644278343
      vertex 62.18541743770057 34 11.625
      vertex 62.42160164405349 34 11.978474644278343
    endloop
  endfacet
  facet normal 0.7518398074789804 0 -0.6593458151000655
    outer loop
      vertex 62.42160164405349 26 11.978474644278343
      vertex 62.42160164405349 34 11.978474644278343
      vertex 62.5 34 12.06787083591497
    endloop
  endfacet
  facet normal 0.7518398074789764 0 -0.65934581510007
    outer loop
      vertex 62.70190296114372 26 12.29809703885628
      vertex 62.5 34 12.06787083591497
      vertex 62.70190296114372 33.98011429409841 12.29809703885628
    endloop
  endfacet
  facet normal 0.659345815100073 0 -0.7518398074789739
    outer loop
      vertex 63.02152535572166 26 12.578398355946515
      vertex 62.70190296114372 33.98011429409841 12.29809703885628
      vertex 63.02152535572166 33.94863423604413 12.578398355946515
    endloop
  endfacet
  facet normal 0.5555702330195984 0 -0.8314696123025478
    outer loop
      vertex 63.375 26 12.814582562299424
      vertex 63.02152535572166 33.94863423604413 12.578398355946515
      vertex 63.375 33.91382002242404 12.814582562299424
    endloop
  endfacet
  facet normal 0 1 0
    outer loop
      vertex 66.6 26 10
      vertex 66.56925644864516 26 10.312144515225805
      vertex 68.22219579946488 26 10.424210124715168
    endloop
  endfacet
  facet normal 0 1 0
    outer loop
      vertex 66.6 26 10
      vertex 68.22219579946488 26 10.424210124715168
      vertex 68.25 26 10
    endloop
  endfacet
  facet normal 0 1 0
    outer loop
      vertex 66.56925644864516 26 10.312144515225805
      vertex 66.47820725201805 26 10.612293491784143
      vertex 68.13925893543947 26 10.841161896583193
    endloop
  endfacet
  facet normal 0 1 0
    outer loop
      vertex 66.56925644864516 26 10.312144515225805
      vertex 68.13925893543947 26 10.841161896583193
      vertex 68.22219579946488 26 10.424210124715168
    endloop
  endfacet
  facet normal 0 1 0
    outer loop
      vertex 66.33035137968407 26 10.888912372831363
      vertex 66.13137084989847 26 11.131370849898476
      vertex 68.00260848066168 26 11.243721155186542
    endloop
  endfacet
  facet normal 0 1 0
    outer loop
      vertex 66.47820725201805 26 10.612293491784143
      vertex 66.33035137968407 26 10.888912372831363
      vertex 68.00260848066168 26 11.243721155186542
    endloop
  endfacet
  facet normal 0 1 0
    outer loop
      vertex 66.47820725201805 26 10.612293491784143
      vertex 68.00260848066168 26 11.243721155186542
      vertex 68.13925893543947 26 10.841161896583193
    endloop
  endfacet
  facet normal 0 1 0
    outer loop
      vertex 61.997391519338315 26 11.243721155186542
      vertex 64.38770650821586 26 11.47820725201806
      vertex 64.11108762716864 26 11.330351379684073
    endloop
  endfacet
  facet normal 0 1 0
    outer loop
      vertex 62.18541743770057 26 11.625
      vertex 64.68785548477419 26 11.569256448645168
      vertex 64.38770650821586 26 11.47820725201806
    endloop
  endfacet
  facet normal 0 1 0
    outer loop
      vertex 62.18541743770057 26 11.625
      vertex 65 26 11.6
      vertex 64.68785548477419 26 11.569256448645168
    endloop
  endfacet
  facet normal 0 1 0
    outer loop
      vertex 62.18541743770057 26 11.625
      vertex 62.42160164405349 26 11.978474644278343
      vertex 67.57839835594652 26 11.978474644278343
    endloop
  endfacet
  facet normal 0 1 0
    outer loop
      vertex 62.18541743770057 26 11.625
      vertex 67.81458256229942 26 11.625
      vertex 65 26 11.6
    endloop
  endfacet
  facet normal 0 1 0
    outer loop
      vertex 62.42160164405349 26 11.978474644278343
      vertex 62.70190296114372 26 12.29809703885628
      vertex 67.29809703885628 26 12.29809703885628
    endloop
  endfacet
  facet normal 0 1 0
    outer loop
      vertex 62.70190296114372 26 12.29809703885628
      vertex 63.02152535572166 26 12.578398355946515
      vertex 66.97847464427834 26 12.578398355946515
    endloop
  endfacet
  facet normal 0 1 0
    outer loop
      vertex 62.70190296114372 26 12.29809703885628
      vertex 66.97847464427834 26 12.578398355946515
      vertex 67.29809703885628 26 12.29809703885628
    endloop
  endfacet
  facet normal 0 1 0
    outer loop
      vertex 65.61229349178414 26 11.47820725201806
      vertex 65.31214451522581 26 11.569256448645168
      vertex 67.81458256229942 26 11.625
    endloop
  endfacet
  facet normal 0 1 0
    outer loop
      vertex 66.13137084989847 26 11.131370849898476
      vertex 65.88891237283136 26 11.330351379684073
      vertex 67.81458256229942 26 11.625
    endloop
  endfacet
  facet normal 0 1 0
    outer loop
      vertex 65.88891237283136 26 11.330351379684073
      vertex 65.61229349178414 26 11.47820725201806
      vertex 67.81458256229942 26 11.625
    endloop
  endfacet
  facet normal 0 1 0
    outer loop
      vertex 65 26 11.6
      vertex 67.81458256229942 26 11.625
      vertex 65.31214451522581 26 11.569256448645168
    endloop
  endfacet
  facet normal 0 1 0
    outer loop
      vertex 62.18541743770057 26 11.625
      vertex 67.57839835594652 26 11.978474644278343
      vertex 67.81458256229942 26 11.625
    endloop
  endfacet
  facet normal 0 1 0
    outer loop
      vertex 66.13137084989847 26 11.131370849898476
      vertex 67.81458256229942 26 11.625
      vertex 68.00260848066168 26 11.243721155186542
    endloop
  endfacet
  facet normal 0 1 0
    outer loop
      vertex 62.42160164405349 26 11.978474644278343
      vertex 67.29809703885628 26 12.29809703885628
      vertex 67.57839835594652 26 11.978474644278343
    endloop
  endfacet
  facet normal -0.8968727415326876 0 -0.44228869021900247
    outer loop
      vertex 68.00260848066168 26 11.243721155186542
      vertex 67.81458256229942 26 11.625
      vertex 68.00260848066168 32.343075378604915 11.243721155186542
    endloop
  endfacet
  facet normal -0.8314696123025554 0 -0.555570233019587
    outer loop
      vertex 67.81458256229942 26 11.625
      vertex 67.57839835594652 26 11.978474644278343
      vertex 67.81458256229942 32.44357732546787 11.625
    endloop
  endfacet
  facet normal -0.7518398074789775 0 -0.6593458151000688
    outer loop
      vertex 67.57839835594652 26 11.978474644278343
      vertex 67.29809703885628 26 12.29809703885628
      vertex 67.57839835594652 32.569820413460754 11.978474644278343
    endloop
  endfacet
  facet normal -0.6593458151000563 1.0620998783279106e-18 -0.7518398074789884
    outer loop
      vertex 67.29809703885628 26 12.29809703885628
      vertex 66.97847464427834 26 12.578398355946515
      vertex 66.97847464427834 32.89048631695465 12.578398355946515
    endloop
  endfacet
  facet normal -0.9978589232386037 2.8686417733402274e-19 -0.06540312923014104
    outer loop
      vertex 68.25 26 10
      vertex 68.22219579946488 26 10.424210124715168
      vertex 68.22219579946488 32.1780584648859 10.424210124715168
    endloop
  endfacet
  facet normal -0.9807852804032299 0 -0.19509032201613108
    outer loop
      vertex 68.22219579946488 26 10.424210124715168
      vertex 68.13925893543947 26 10.841161896583193
      vertex 68.22219579946488 32.1780584648859 10.424210124715168
    endloop
  endfacet
  facet normal -0.9469301294951029 0 -0.32143946530316964
    outer loop
      vertex 68.13925893543947 26 10.841161896583193
      vertex 68.00260848066168 26 11.243721155186542
      vertex 68.13925893543947 32.24612299042707 10.841161896583193
    endloop
  endfacet
  facet normal 0 1 0
    outer loop
      vertex 63.02152535572166 26 12.578398355946515
      vertex 63.375 26 12.814582562299424
      vertex 66.625 26 12.814582562299424
    endloop
  endfacet
  facet normal 0 1 0
    outer loop
      vertex 63.375 26 12.814582562299424
      vertex 63.75627884481346 26 13.002608480661682
      vertex 66.24372115518653 26 13.002608480661682
    endloop
  endfacet
  facet normal 0 1 0
    outer loop
      vertex 63.02152535572166 26 12.578398355946515
      vertex 66.625 26 12.814582562299424
      vertex 66.97847464427834 26 12.578398355946515
    endloop
  endfacet
  facet normal 0 1 0
    outer loop
      vertex 63.75627884481346 26 13.002608480661682
      vertex 64.15883810341681 26 13.139258935439472
      vertex 65.84116189658319 26 13.139258935439472
    endloop
  endfacet
  facet normal 0 1 0
    outer loop
      vertex 63.375 26 12.814582562299424
      vertex 66.24372115518653 26 13.002608480661682
      vertex 66.625 26 12.814582562299424
    endloop
  endfacet
  facet normal 0 1 0
    outer loop
      vertex 63.75627884481346 26 13.002608480661682
      vertex 65.84116189658319 26 13.139258935439472
      vertex 66.24372115518653 26 13.002608480661682
    endloop
  endfacet
  facet normal 0 1 0
    outer loop
      vertex 64.15883810341681 26 13.139258935439472
      vertex 64.57578987528483 26 13.222195799464885
      vertex 65.42421012471517 26 13.222195799464885
    endloop
  endfacet
  facet normal 0 1 0
    outer loop
      vertex 64.57578987528483 26 13.222195799464885
      vertex 65 26 13.25
      vertex 65.42421012471517 26 13.222195799464885
    endloop
  endfacet
  facet normal 0 1 0
    outer loop
      vertex 64.15883810341681 26 13.139258935439472
      vertex 65.42421012471517 26 13.222195799464885
      vertex 65.84116189658319 26 13.139258935439472
    endloop
  endfacet
  facet normal 0.44228869021900247 0 -0.8968727415326877
    outer loop
      vertex 63.375 26 12.814582562299424
      vertex 63.375 33.91382002242404 12.814582562299424
      vertex 63.75627884481346 26 13.002608480661682
    endloop
  endfacet
  facet normal 0.3214394653031584 0 -0.9469301294951068
    outer loop
      vertex 63.75627884481346 26 13.002608480661682
      vertex 63.75627884481346 33.87626733408551 13.002608480661682
      vertex 64.15883810341681 26 13.139258935439472
    endloop
  endfacet
  facet normal 0.19509032201613588 0 -0.980785280403229
    outer loop
      vertex 64.15883810341681 26 13.139258935439472
      vertex 64.15883810341681 33.83661870793758 13.139258935439472
      vertex 64.57578987528483 26 13.222195799464885
    endloop
  endfacet
  facet normal 0.06540312923014022 0 -0.9978589232386037
    outer loop
      vertex 64.57578987528483 26 13.222195799464885
      vertex 64.57578987528483 33.769968852421144 13.222195799464885
      vertex 65 26 13.25
    endloop
  endfacet
  facet normal -0.06540312923014022 0 -0.9978589232386037
    outer loop
      vertex 65 26 13.25
      vertex 65 33.641286117500634 13.25
      vertex 65.42421012471517 26 13.222195799464885
    endloop
  endfacet
  facet normal -0.19509032201613585 0 -0.9807852804032289
    outer loop
      vertex 65.42421012471517 26 13.222195799464885
      vertex 65.42421012471517 33.51260338258012 13.222195799464885
      vertex 65.84116189658319 26 13.139258935439472
    endloop
  endfacet
  facet normal -0.5555702330196062 -1.6267242945340295e-18 -0.8314696123025426
    outer loop
      vertex 66.97847464427834 26 12.578398355946515
      vertex 66.625 26 12.814582562299424
      vertex 66.625 33.07942244994148 12.814582562299424
    endloop
  endfacet
  facet normal -0.3214394653031634 -8.657823456644128e-19 -0.946930129495105
    outer loop
      vertex 66.24372115518653 26 13.002608480661682
      vertex 65.84116189658319 26 13.139258935439472
      vertex 65.84116189658319 33.386122444931694 13.139258935439472
    endloop
  endfacet
  facet normal -0.4422886902189958 0 -0.8968727415326909
    outer loop
      vertex 66.24372115518653 26 13.002608480661682
      vertex 66.24372115518653 33.26400742846566 13.002608480661682
      vertex 66.625 26 12.814582562299424
    endloop
  endfacet
  facet normal -0.8968727415326877 0 -0.4422886902190025
    outer loop
      vertex 67.81458256229942 26 11.625
      vertex 67.81458256229942 32.44357732546787 11.625
      vertex 68.00260848066168 32.343075378604915 11.243721155186542
    endloop
  endfacet
  facet normal -0.8314696123025554 0 -0.5555702330195869
    outer loop
      vertex 67.57839835594652 26 11.978474644278343
      vertex 67.57839835594652 32.569820413460754 11.978474644278343
      vertex 67.81458256229942 32.44357732546787 11.625
    endloop
  endfacet
  facet normal -0.7518398074789774 0 -0.6593458151000686
    outer loop
      vertex 67.29809703885628 26 12.29809703885628
      vertex 67.29809703885628 32.71964458834682 12.29809703885628
      vertex 67.57839835594652 32.569820413460754 11.978474644278343
    endloop
  endfacet
  facet normal -0.6593458151000563 0 -0.7518398074789883
    outer loop
      vertex 67.29809703885628 26 12.29809703885628
      vertex 66.97847464427834 32.89048631695465 12.578398355946515
      vertex 67.29809703885628 32.71964458834682 12.29809703885628
    endloop
  endfacet
  facet normal -0.9978589232386037 0 -0.06540312923014104
    outer loop
      vertex 68.25 26 10
      vertex 68.22219579946488 32.1780584648859 10.424210124715168
      vertex 68.25 32.1552401471244 10
    endloop
  endfacet
  facet normal -0.98078528040323 0 -0.19509032201613108
    outer loop
      vertex 68.13925893543947 26 10.841161896583193
      vertex 68.13925893543947 32.24612299042707 10.841161896583193
      vertex 68.22219579946488 32.1780584648859 10.424210124715168
    endloop
  endfacet
  facet normal -0.9469301294951031 6.762756719493962e-17 -0.3214394653031687
    outer loop
      vertex 68.00260848066168 26 11.243721155186542
      vertex 68.05570232868195 32.31469612568617 11.087311722593046
      vertex 68.13925893543947 32.24612299042707 10.841161896583193
    endloop
  endfacet
  facet normal -0.9469301294951025 0 -0.3214394653031712
    outer loop
      vertex 68.00260848066168 26 11.243721155186542
      vertex 68.00260848066168 32.343075378604915 11.243721155186542
      vertex 68.05570232868195 32.31469612568617 11.087311722593046
    endloop
  endfacet
  facet normal 0.44228869021900247 0 -0.8968727415326878
    outer loop
      vertex 63.75627884481346 26 13.002608480661682
      vertex 63.375 33.91382002242404 12.814582562299424
      vertex 63.75627884481346 33.87626733408551 13.002608480661682
    endloop
  endfacet
  facet normal 0.32143946530315837 0 -0.9469301294951068
    outer loop
      vertex 64.15883810341681 26 13.139258935439472
      vertex 63.75627884481346 33.87626733408551 13.002608480661682
      vertex 64.15883810341681 33.83661870793758 13.139258935439472
    endloop
  endfacet
  facet normal 0.19509032201613585 0 -0.980785280403229
    outer loop
      vertex 64.57578987528483 26 13.222195799464885
      vertex 64.15883810341681 33.83661870793758 13.139258935439472
      vertex 64.57578987528483 33.769968852421144 13.222195799464885
    endloop
  endfacet
  facet normal 0.06540312923014022 0 -0.9978589232386037
    outer loop
      vertex 65 26 13.25
      vertex 64.57578987528483 33.769968852421144 13.222195799464885
      vertex 65 33.641286117500634 13.25
    endloop
  endfacet
  facet normal -0.06540312923014022 0 -0.9978589232386037
    outer loop
      vertex 65.42421012471517 26 13.222195799464885
      vertex 65 33.641286117500634 13.25
      vertex 65.42421012471517 33.51260338258012 13.222195799464885
    endloop
  endfacet
  facet normal -0.19509032201613585 0 -0.980785280403229
    outer loop
      vertex 65.84116189658319 26 13.139258935439472
      vertex 65.42421012471517 33.51260338258012 13.222195799464885
      vertex 65.84116189658319 33.386122444931694 13.139258935439472
    endloop
  endfacet
  facet normal -0.4422886902189958 0 -0.8968727415326909
    outer loop
      vertex 66.625 26 12.814582562299424
      vertex 66.24372115518653 33.26400742846566 13.002608480661682
      vertex 66.625 33.07942244994148 12.814582562299424
    endloop
  endfacet
  facet normal -0.5555702330196062 0 -0.8314696123025426
    outer loop
      vertex 66.97847464427834 26 12.578398355946515
      vertex 66.625 33.07942244994148 12.814582562299424
      vertex 66.97847464427834 32.89048631695465 12.578398355946515
    endloop
  endfacet
  facet normal -0.3214394653031634 0 -0.946930129495105
    outer loop
      vertex 66.24372115518653 26 13.002608480661682
      vertex 65.84116189658319 33.386122444931694 13.139258935439472
      vertex 66.24372115518653 33.26400742846566 13.002608480661682
    endloop
  endfacet
  facet normal 0.19509032201613358 -1.49622592550636e-14 -0.9807852804032294
    outer loop
      vertex 64.45090322196484 33.8078528046608 13.197354299598882
      vertex 64.57578987528483 33.769968852421144 13.222195799464885
      vertex 64.15883810341681 33.83661870793758 13.139258935439472
    endloop
  endfacet
  facet normal -0.4422886902189762 5.0351226019592025e-14 -0.8968727415327007
    outer loop
      vertex 66.32683432102203 33.23879532516003 12.961621603086925
      vertex 66.625 33.07942244994148 12.814582562299424
      vertex 66.24372115518653 33.26400742846566 13.002608480661682
    endloop
  endfacet
  facet normal 0 -1 0
    outer loop
      vertex 0 0 0
      vertex 18.25 0 0
      vertex 8.388912372831363 0 8.669648620315927
    endloop
  endfacet
  facet normal 0 0 -1
    outer loop
      vertex 0 0 0
      vertex 0 24 0
      vertex 18.25 0 0
    endloop
  endfacet
  facet normal 0 0 -1
    outer loop
      vertex 18.25 0 0
      vertex 0 24 0
      vertex 20.200903221964836 0.19214719533920288 0
    endloop
  endfacet
  facet normal 0 0 -1
    outer loop
      vertex 20.200903221964836 0.19214719533920288 0
      vertex 0 24 0
      vertex 22.076834321022034 0.7612046748399734 0
    endloop
  endfacet
  facet normal 0 -1 0
    outer loop
      vertex 0 0 0
      vertex 6.887706508215857 0 8.52179274798194
      vertex 6.6110876271686365 0 8.669648620315927
    endloop
  endfacet
  facet normal 0 -1 0
    outer loop
      vertex 0 0 0
      vertex 6.6110876271686365 0 8.669648620315927
      vertex 6.3686291501015235 0 8.868629150101524
    endloop
  endfacet
  facet normal 0 -1 0
    outer loop
      vertex 0 0 0
      vertex 6.3686291501015235 0 8.868629150101524
      vertex 6.169648620315927 0 9.111087627168637
    endloop
  endfacet
  facet normal 0 -1 0
    outer loop
      vertex 0 0 0
      vertex 7.5 0 8.4
      vertex 7.187855484774195 0 8.430743551354832
    endloop
  endfacet
  facet normal 0 -1 0
    outer loop
      vertex 0 0 0
      vertex 7.812144515225805 0 8.430743551354832
      vertex 7.5 0 8.4
    endloop
  endfacet
  facet normal 0 -1 0
    outer loop
      vertex 0 0 0
      vertex 7.187855484774195 0 8.430743551354832
      vertex 6.887706508215857 0 8.52179274798194
    endloop
  endfacet
  facet normal 0 -1 0
    outer loop
      vertex 0 0 0
      vertex 8.112293491784143 0 8.52179274798194
      vertex 7.812144515225805 0 8.430743551354832
    endloop
  endfacet
  facet normal 0 -1 0
    outer loop
      vertex 0 0 0
      vertex 8.388912372831363 0 8.669648620315927
      vertex 8.112293491784143 0 8.52179274798194
    endloop
  endfacet
  facet normal 0 -1 0
    outer loop
      vertex 0 0 0
      vertex 6.169648620315927 0 9.111087627168637
      vertex 0 0 20
    endloop
  endfacet
  facet normal 0 -1 0
    outer loop
      vertex 18.25 0 0
      vertex 8.631370849898476 0 8.868629150101524
      vertex 8.388912372831363 0 8.669648620315927
    endloop
  endfacet
  facet normal 0 -1 0
    outer loop
      vertex 18.25 0 0
      vertex 8.830351379684073 0 9.111087627168637
      vertex 8.631370849898476 0 8.868629150101524
    endloop
  endfacet
  facet normal 0 -1 0
    outer loop
      vertex 18.25 0 0
      vertex 8.97820725201806 0 9.387706508215857
      vertex 8.830351379684073 0 9.111087627168637
    endloop
  endfacet
  facet normal 0 -1 0
    outer loop
      vertex 18.25 0 0
      vertex 9.069256448645168 0 9.687855484774195
      vertex 8.97820725201806 0 9.387706508215857
    endloop
  endfacet
  facet normal 0 -1 0
    outer loop
      vertex 18.25 0 0
      vertex 9.1 0 10
      vertex 9.069256448645168 0 9.687855484774195
    endloop
  endfacet
  facet normal 0 0 -1
    outer loop
      vertex 22.076834321022034 0.7612046748399734 0
      vertex 0 24 0
      vertex 23.805702328681946 1.6853038743138313 0
    endloop
  endfacet
  facet normal 0 0 -1
    outer loop
      vertex 23.805702328681946 1.6853038743138313 0
      vertex 0 24 0
      vertex 25.321067810058594 2.9289321899414062 0
    endloop
  endfacet
  facet normal 0 0 -1
    outer loop
      vertex 25.321067810058594 2.9289321899414062 0
      vertex 0 24 0
      vertex 26.56469612568617 4.444297671318054 0
    endloop
  endfacet
  facet normal 0 0 -1
    outer loop
      vertex 26.56469612568617 4.444297671318054 0
      vertex 0 24 0
      vertex 27.488795325160027 6.173165678977966 0
    endloop
  endfacet
  facet normal -1 0 0
    outer loop
      vertex 0 0 0
      vertex 0 24 20
      vertex 0 24 0
    endloop
  endfacet
  facet normal 0.09801713992229388 -0.9951847267123091 0
    outer loop
      vertex 18.25 0 0
      vertex 20.200903221964836 0.19214719533920288 0
      vertex 18.25 0 20
    endloop
  endfacet
  facet normal 0.2902846781541045 -0.9569403354593055 0
    outer loop
      vertex 20.200903221964836 0.19214719533920288 0
      vertex 22.076834321022034 0.7612046748399734 0
      vertex 20.200903221964836 0.19214719533920288 20
    endloop
  endfacet
  facet normal 0.47139673555262745 -0.8819212650289855 0
    outer loop
      vertex 22.076834321022034 0.7612046748399734 0
      vertex 23.805702328681946 1.6853038743138313 0
      vertex 22.076834321022034 0.7612046748399734 20
    endloop
  endfacet
  facet normal 0.6343932855986909 -0.7730104521850257 0
    outer loop
      vertex 23.805702328681946 1.6853038743138313 0
      vertex 25.321067810058594 2.9289321899414062 0
      vertex 23.805702328681946 1.6853038743138313 20
    endloop
  endfacet
  facet normal 0.7730104521850257 -0.6343932855986909 0
    outer loop
      vertex 25.321067810058594 2.9289321899414062 0
      vertex 26.56469612568617 4.444297671318054 0
      vertex 25.321067810058594 2.9289321899414062 20
    endloop
  endfacet
  facet normal 0.8819212650289855 -0.47139673555262745 0
    outer loop
      vertex 26.56469612568617 4.444297671318054 0
      vertex 27.488795325160027 6.173165678977966 0
      vertex 26.56469612568617 4.444297671318054 20
    endloop
  endfacet
  facet normal 0.9569403354593055 -0.2902846781541045 0
    outer loop
      vertex 27.488795325160027 6.173165678977966 0
      vertex 28.057852804660797 8.049096778035164 0
      vertex 27.488795325160027 6.173165678977966 20
    endloop
  endfacet
  facet normal 0 0 -1
    outer loop
      vertex 27.488795325160027 6.173165678977966 0
      vertex 0 24 0
      vertex 28.057852804660797 8.049096778035164 0
    endloop
  endfacet
  facet normal 0 0 -1
    outer loop
      vertex 28.057852804660797 8.049096778035164 0
      vertex 0 24 0
      vertex 28.25 10 0
    endloop
  endfacet
  facet normal 0.9951847267123091 -0.09801713992229388 0
    outer loop
      vertex 28.057852804660797 8.049096778035164 0
      vertex 28.25 10 0
      vertex 28.057852804660797 8.049096778035164 20
    endloop
  endfacet
  facet normal 1 0 0
    outer loop
      vertex 28.25 10 0
      vertex 28.25 26 0
      vertex 28.25 10 20
    endloop
  endfacet
  facet normal 0 -1 0
    outer loop
      vertex 0 0 20
      vertex 6.169648620315927 0 9.111087627168637
      vertex 6.021792747981941 0 9.387706508215857
    endloop
  endfacet
  facet normal 0 -1 0
    outer loop
      vertex 0 0 20
      vertex 6.021792747981941 0 9.387706508215857
      vertex 5.930743551354832 0 9.687855484774195
    endloop
  endfacet
  facet normal 0 -1 0
    outer loop
      vertex 0 0 20
      vertex 5.930743551354832 0 9.687855484774195
      vertex 5.9 0 10
    endloop
  endfacet
  facet normal 0 -1 0
    outer loop
      vertex 0 0 20
      vertex 5.9 0 10
      vertex 5.930743551354832 0 10.312144515225805
    endloop
  endfacet
  facet normal 0 -1 0
    outer loop
      vertex 0 0 20
      vertex 5.930743551354832 0 10.312144515225805
      vertex 6.021792747981941 0 10.612293491784143
    endloop
  endfacet
  facet normal 0 -1 0
    outer loop
      vertex 0 0 20
      vertex 6.021792747981941 0 10.612293491784143
      vertex 6.169648620315927 0 10.888912372831363
    endloop
  endfacet
  facet normal 0 -1 0
    outer loop
      vertex 0 0 20
      vertex 6.169648620315927 0 10.888912372831363
      vertex 6.3686291501015235 0 11.131370849898476
    endloop
  endfacet
  facet normal 0 -1 0
    outer loop
      vertex 0 0 20
      vertex 6.3686291501015235 0 11.131370849898476
      vertex 6.6110876271686365 0 11.330351379684073
    endloop
  endfacet
  facet normal 0 -1 0
    outer loop
      vertex 0 0 20
      vertex 6.6110876271686365 0 11.330351379684073
      vertex 6.887706508215857 0 11.47820725201806
    endloop
  endfacet
  facet normal 0 -1 0
    outer loop
      vertex 0 0 20
      vertex 6.887706508215857 0 11.47820725201806
      vertex 7.187855484774195 0 11.569256448645168
    endloop
  endfacet
  facet normal 0 -1 0
    outer loop
      vertex 0 0 20
      vertex 7.187855484774195 0 11.569256448645168
      vertex 7.5 0 11.6
    endloop
  endfacet
  facet normal 0 -1 0
    outer loop
      vertex 0 0 20
      vertex 7.5 0 11.6
      vertex 7.812144515225805 0 11.569256448645168
    endloop
  endfacet
  facet normal -1 0 0
    outer loop
      vertex 0 0 0
      vertex 0 0 20
      vertex 0 24 20
    endloop
  endfacet
  facet normal 0 -1 0
    outer loop
      vertex 18.25 0 0
      vertex 18.25 0 20
      vertex 9.1 0 10
    endloop
  endfacet
  facet normal 0 -1 0
    outer loop
      vertex 18.25 0 20
      vertex 9.069256448645168 0 10.312144515225805
      vertex 9.1 0 10
    endloop
  endfacet
  facet normal 0 -1 0
    outer loop
      vertex 18.25 0 20
      vertex 8.97820725201806 0 10.612293491784143
      vertex 9.069256448645168 0 10.312144515225805
    endloop
  endfacet
  facet normal 0 -1 0
    outer loop
      vertex 18.25 0 20
      vertex 8.830351379684073 0 10.888912372831363
      vertex 8.97820725201806 0 10.612293491784143
    endloop
  endfacet
  facet normal 0 -1 0
    outer loop
      vertex 18.25 0 20
      vertex 8.631370849898476 0 11.131370849898476
      vertex 8.830351379684073 0 10.888912372831363
    endloop
  endfacet
  facet normal 0 -1 0
    outer loop
      vertex 18.25 0 20
      vertex 8.388912372831363 0 11.330351379684073
      vertex 8.631370849898476 0 11.131370849898476
    endloop
  endfacet
  facet normal 0 -1 0
    outer loop
      vertex 18.25 0 20
      vertex 8.112293491784143 0 11.47820725201806
      vertex 8.388912372831363 0 11.330351379684073
    endloop
  endfacet
  facet normal 0 -1 0
    outer loop
      vertex 18.25 0 20
      vertex 7.812144515225805 0 11.569256448645168
      vertex 8.112293491784143 0 11.47820725201806
    endloop
  endfacet
  facet normal 0 -1 0
    outer loop
      vertex 0 0 20
      vertex 7.812144515225805 0 11.569256448645168
      vertex 18.25 0 20
    endloop
  endfacet
  facet normal 0 0 1
    outer loop
      vertex 0 0 20
      vertex 18.25 0 20
      vertex 0 24 20
    endloop
  endfacet
  facet normal 0 0 1
    outer loop
      vertex 18.25 0 20
      vertex 20.200903221964836 0.19214719533920288 20
      vertex 0 24 20
    endloop
  endfacet
  facet normal 0 0 1
    outer loop
      vertex 20.200903221964836 0.19214719533920288 20
      vertex 22.076834321022034 0.7612046748399734 20
      vertex 0 24 20
    endloop
  endfacet
  facet normal 0 0 1
    outer loop
      vertex 22.076834321022034 0.7612046748399734 20
      vertex 23.805702328681946 1.6853038743138313 20
      vertex 0 24 20
    endloop
  endfacet
  facet normal 0 0 1
    outer loop
      vertex 23.805702328681946 1.6853038743138313 20
      vertex 25.321067810058594 2.9289321899414062 20
      vertex 0 24 20
    endloop
  endfacet
  facet normal 0 0 1
    outer loop
      vertex 25.321067810058594 2.9289321899414062 20
      vertex 26.56469612568617 4.444297671318054 20
      vertex 0 24 20
    endloop
  endfacet
  facet normal 0 0 1
    outer loop
      vertex 26.56469612568617 4.444297671318054 20
      vertex 27.488795325160027 6.173165678977966 20
      vertex 0 24 20
    endloop
  endfacet
  facet normal 0.09801713992229388 -0.9951847267123091 0
    outer loop
      vertex 20.200903221964836 0.19214719533920288 0
      vertex 20.200903221964836 0.19214719533920288 20
      vertex 18.25 0 20
    endloop
  endfacet
  facet normal 0.2902846781541045 -0.9569403354593055 0
    outer loop
      vertex 22.076834321022034 0.7612046748399734 0
      vertex 22.076834321022034 0.7612046748399734 20
      vertex 20.200903221964836 0.19214719533920288 20
    endloop
  endfacet
  facet normal 0.47139673555262745 -0.8819212650289855 0
    outer loop
      vertex 23.805702328681946 1.6853038743138313 0
      vertex 23.805702328681946 1.6853038743138313 20
      vertex 22.076834321022034 0.7612046748399734 20
    endloop
  endfacet
  facet normal 0.6343932855986909 -0.7730104521850257 0
    outer loop
      vertex 25.321067810058594 2.9289321899414062 0
      vertex 25.321067810058594 2.9289321899414062 20
      vertex 23.805702328681946 1.6853038743138313 20
    endloop
  endfacet
  facet normal 0.7730104521850257 -0.6343932855986909 0
    outer loop
      vertex 26.56469612568617 4.444297671318054 0
      vertex 26.56469612568617 4.444297671318054 20
      vertex 25.321067810058594 2.9289321899414062 20
    endloop
  endfacet
  facet normal 0.8819212650289855 -0.47139673555262745 0
    outer loop
      vertex 27.488795325160027 6.173165678977966 0
      vertex 27.488795325160027 6.173165678977966 20
      vertex 26.56469612568617 4.444297671318054 20
    endloop
  endfacet
  facet normal 0.9569403354593055 -0.2902846781541045 0
    outer loop
      vertex 28.057852804660797 8.049096778035164 0
      vertex 28.057852804660797 8.049096778035164 20
      vertex 27.488795325160027 6.173165678977966 20
    endloop
  endfacet
  facet normal 0.9951847267123091 -0.09801713992229388 0
    outer loop
      vertex 28.25 10 0
      vertex 28.25 10 20
      vertex 28.057852804660797 8.049096778035164 20
    endloop
  endfacet
  facet normal 0 0 1
    outer loop
      vertex 27.488795325160027 6.173165678977966 20
      vertex 28.057852804660797 8.049096778035164 20
      vertex 0 24 20
    endloop
  endfacet
  facet normal 0 0 1
    outer loop
      vertex 28.057852804660797 8.049096778035164 20
      vertex 28.25 10 20
      vertex 0 24 20
    endloop
  endfacet
  facet normal 0 0 -1
    outer loop
      vertex 28.25 10 0
      vertex 0 24 0
      vertex 0.19214719533920288 25.950903221964836 0
    endloop
  endfacet
  facet normal 0 0 -1
    outer loop
      vertex 28.25 10 0
      vertex 0.19214719533920288 25.950903221964836 0
      vertex 0.7612046748399734 27.826834321022034 0
    endloop
  endfacet
  facet normal 0 0 -1
    outer loop
      vertex 28.25 10 0
      vertex 0.7612046748399734 27.826834321022034 0
      vertex 1.6853038743138313 29.555702328681946 0
    endloop
  endfacet
  facet normal 0 0 -1
    outer loop
      vertex 28.25 10 0
      vertex 1.6853038743138313 29.555702328681946 0
      vertex 2.9289321899414062 31.071067810058594 0
    endloop
  endfacet
  facet normal 0 0 -1
    outer loop
      vertex 28.25 10 0
      vertex 2.9289321899414062 31.071067810058594 0
      vertex 4.444297671318054 32.31469612568617 0
    endloop
  endfacet
  facet normal 0 0 -1
    outer loop
      vertex 28.25 10 0
      vertex 4.444297671318054 32.31469612568617 0
      vertex 6.173165678977966 33.23879532516003 0
    endloop
  endfacet
  facet normal -0.9951847267123091 0.09801713992229388 0
    outer loop
      vertex 0 24 0
      vertex 0.19214719533920288 25.950903221964836 20
      vertex 0.19214719533920288 25.950903221964836 0
    endloop
  endfacet
  facet normal -0.4713967355526275 0.8819212650289855 0
    outer loop
      vertex 4.444297671318054 32.31469612568617 0
      vertex 6.173165678977966 33.23879532516003 7.038378396913073
      vertex 6.173165678977966 33.23879532516003 0
    endloop
  endfacet
  facet normal -0.2902846781541045 0.9569403354593055 -2.6009747032350307e-16
    outer loop
      vertex 6.173165678977966 33.23879532516003 0
      vertex 7.5 33.641286117500634 6.75
      vertex 8.049096778035164 33.8078528046608 0
    endloop
  endfacet
  facet normal -0.09801713992229388 0.9951847267123091 -4.115407772881228e-16
    outer loop
      vertex 8.049096778035164 33.8078528046608 0
      vertex 8.743721155186542 33.87626733408551 6.9973915193383185
      vertex 10 34 0
    endloop
  endfacet
  facet normal -0.6343932855986909 0.7730104521850257 0
    outer loop
      vertex 2.9289321899414062 31.071067810058594 0
      vertex 4.444297671318054 32.31469612568617 8.912688277406948
      vertex 4.444297671318054 32.31469612568617 0
    endloop
  endfacet
  facet normal -0.4713967355526254 0.8819212650289868 -6.658439183223742e-16
    outer loop
      vertex 4.444297671318054 32.31469612568617 0
      vertex 5.875 33.07942244994148 7.185417437700575
      vertex 6.173165678977966 33.23879532516003 7.038378396913073
    endloop
  endfacet
  facet normal -0.47139673555263006 0.8819212650289843 5.078603496413514e-16
    outer loop
      vertex 4.444297671318054 32.31469612568617 0
      vertex 5.521525355721658 32.89048631695464 7.421601644053485
      vertex 5.875 33.07942244994148 7.185417437700575
    endloop
  endfacet
  facet normal -0.29028467815406933 0.956940335459316 0
    outer loop
      vertex 6.173165678977966 33.23879532516003 0
      vertex 6.173165678977966 33.23879532516003 7.038378396913073
      vertex 6.256278844813458 33.26400742846565 6.9973915193383185
    endloop
  endfacet
  facet normal -0.2902846781541106 0.9569403354593036 5.344937932407686e-16
    outer loop
      vertex 6.173165678977966 33.23879532516003 0
      vertex 6.256278844813458 33.26400742846565 6.9973915193383185
      vertex 6.658838103416808 33.386122444931694 6.8607410645605285
    endloop
  endfacet
  facet normal -0.2902846781541126 0.9569403354593029 6.883651858394846e-16
    outer loop
      vertex 6.173165678977966 33.23879532516003 0
      vertex 6.658838103416808 33.386122444931694 6.8607410645605285
      vertex 7.0757898752848325 33.512603382580124 6.777804200535116
    endloop
  endfacet
  facet normal -0.2902846781541014 0.9569403354593065 -9.413560256741523e-16
    outer loop
      vertex 6.173165678977966 33.23879532516003 0
      vertex 7.0757898752848325 33.512603382580124 6.777804200535116
      vertex 7.5 33.641286117500634 6.75
    endloop
  endfacet
  facet normal -0.29028467815410136 0.9569403354593062 1.9748048781981173e-17
    outer loop
      vertex 8.049096778035164 33.8078528046608 0
      vertex 7.5 33.641286117500634 6.75
      vertex 7.9242101247151675 33.769968852421144 6.777804200535116
    endloop
  endfacet
  facet normal -0.29028467815410236 0.9569403354593061 0
    outer loop
      vertex 8.049096778035164 33.8078528046608 0
      vertex 7.9242101247151675 33.769968852421144 6.777804200535116
      vertex 8.049096778035164 33.8078528046608 6.802645700401119
    endloop
  endfacet
  facet normal -0.0980171399223054 0.9951847267123081 0
    outer loop
      vertex 8.049096778035164 33.8078528046608 0
      vertex 8.049096778035164 33.8078528046608 6.802645700401119
      vertex 8.341161896583193 33.83661870793759 6.8607410645605285
    endloop
  endfacet
  facet normal -0.09801713992229243 0.9951847267123092 -5.574395934545585e-16
    outer loop
      vertex 8.049096778035164 33.8078528046608 0
      vertex 8.341161896583193 33.83661870793759 6.8607410645605285
      vertex 8.743721155186542 33.87626733408551 6.9973915193383185
    endloop
  endfacet
  facet normal 0 0 -1
    outer loop
      vertex 6.173165678977966 33.23879532516003 0
      vertex 8.049096778035164 33.8078528046608 0
      vertex 28.25 26 0
    endloop
  endfacet
  facet normal 0 0 -1
    outer loop
      vertex 8.049096778035164 33.8078528046608 0
      vertex 10 34 0
      vertex 28.25 26 0
    endloop
  endfacet
  facet normal -0.09801713992229434 0.9951847267123091 -4.986864041075961e-16
    outer loop
      vertex 10 34 0
      vertex 8.743721155186542 33.87626733408551 6.9973915193383185
      vertex 9.125 33.91382002242404 7.185417437700575
    endloop
  endfacet
  facet normal -0.0980171399222873 0.9951847267123097 3.6708226125181367e-16
    outer loop
      vertex 10 34 0
      vertex 9.125 33.91382002242404 7.185417437700575
      vertex 9.478474644278343 33.94863423604413 7.421601644053485
    endloop
  endfacet
  facet normal -0.9569403354593055 0.2902846781541045 0
    outer loop
      vertex 0.19214719533920288 25.950903221964836 0
      vertex 0.7612046748399734 27.826834321022034 20
      vertex 0.7612046748399734 27.826834321022034 0
    endloop
  endfacet
  facet normal -0.8819212650289855 0.47139673555262745 0
    outer loop
      vertex 0.7612046748399734 27.826834321022034 0
      vertex 1.6853038743138313 29.555702328681946 20
      vertex 1.6853038743138313 29.555702328681946 0
    endloop
  endfacet
  facet normal -0.6343932855987073 0.7730104521850122 4.130206507655307e-15
    outer loop
      vertex 2.9289321899414062 31.071067810058594 0
      vertex 4.277804200535116 32.1780584648859 9.575789875284832
      vertex 4.3607410645605285 32.24612299042707 9.158838103416807
    endloop
  endfacet
  facet normal -0.7730104521850257 0.6343932855986909 0
    outer loop
      vertex 1.6853038743138313 29.555702328681946 0
      vertex 2.9289321899414062 31.071067810058594 20
      vertex 2.9289321899414062 31.071067810058594 0
    endloop
  endfacet
  facet normal -0.6343932855986899 0.7730104521850264 -4.3331762794678107e-17
    outer loop
      vertex 2.9289321899414062 31.071067810058594 0
      vertex 4.25 32.1552401471244 10
      vertex 4.277804200535116 32.1780584648859 9.575789875284832
    endloop
  endfacet
  facet normal -0.4713967355526064 0.8819212650289968 0
    outer loop
      vertex 4.444297671318054 32.31469612568617 0
      vertex 4.444297671318054 32.31469612568617 8.912688277406948
      vertex 4.4973915193383185 32.343075378604915 8.756278844813458
    endloop
  endfacet
  facet normal -0.63439328559868 0.7730104521850346 -3.031365906866576e-15
    outer loop
      vertex 2.9289321899414062 31.071067810058594 0
      vertex 4.3607410645605285 32.24612299042707 9.158838103416807
      vertex 4.444297671318054 32.31469612568617 8.912688277406948
    endloop
  endfacet
  facet normal -0.4713967355526244 0.8819212650289872 -5.413797219199047e-16
    outer loop
      vertex 4.444297671318054 32.31469612568617 0
      vertex 5.20190296114372 32.71964458834682 7.70190296114372
      vertex 5.521525355721658 32.89048631695464 7.421601644053485
    endloop
  endfacet
  facet normal -0.4713967355526343 0.8819212650289819 7.012900683357362e-16
    outer loop
      vertex 4.444297671318054 32.31469612568617 0
      vertex 4.921601644053485 32.569820413460754 8.021525355721657
      vertex 5.20190296114372 32.71964458834682 7.70190296114372
    endloop
  endfacet
  facet normal -0.4713967355526232 0.8819212650289879 -1.385655182849104e-16
    outer loop
      vertex 4.444297671318054 32.31469612568617 0
      vertex 4.685417437700575 32.44357732546787 8.375
      vertex 4.921601644053485 32.569820413460754 8.021525355721657
    endloop
  endfacet
  facet normal -0.4713967355526325 0.8819212650289829 2.0250636736527836e-16
    outer loop
      vertex 4.444297671318054 32.31469612568617 0
      vertex 4.4973915193383185 32.343075378604915 8.756278844813458
      vertex 4.685417437700575 32.44357732546787 8.375
    endloop
  endfacet
  facet normal -0.09801713992228517 0.99518472671231 5.182419393274693e-16
    outer loop
      vertex 10 34 0
      vertex 9.478474644278343 33.94863423604413 7.421601644053485
      vertex 9.79809703885628 33.98011429409841 7.70190296114372
    endloop
  endfacet
  facet normal -0.09801713992230475 0.9951847267123081 0
    outer loop
      vertex 10 34 0
      vertex 9.79809703885628 33.98011429409841 7.70190296114372
      vertex 10 34 7.932129164085026
    endloop
  endfacet
  facet normal 0 0 -1
    outer loop
      vertex 28.25 10 0
      vertex 6.173165678977966 33.23879532516003 0
      vertex 28.25 26 0
    endloop
  endfacet
  facet normal 0 -1 0
    outer loop
      vertex 28.25 26 0
      vertex 33.51057356946076 26 6.429909968689442
      vertex 33.06801948466054 26 6.818019484660535
    endloop
  endfacet
  facet normal 0 -1 0
    outer loop
      vertex 28.25 26 0
      vertex 33.06801948466054 26 6.818019484660535
      vertex 32.679909968689444 26 7.260573569460757
    endloop
  endfacet
  facet normal 0 -1 0
    outer loop
      vertex 28.25 26 0
      vertex 35.662632135009765 26 5.5384981238178534
      vertex 35.08531429703866 26 5.653333781699192
    endloop
  endfacet
  facet normal 0 -1 0
    outer loop
      vertex 28.25 26 0
      vertex 36.25 26 5.5
      vertex 35.662632135009765 26 5.5384981238178534
    endloop
  endfacet
  facet normal 0 -1 0
    outer loop
      vertex 28.25 26 0
      vertex 36.837367864990235 26 5.5384981238178534
      vertex 36.25 26 5.5
    endloop
  endfacet
  facet normal 0 -1 0
    outer loop
      vertex 28.25 26 0
      vertex 37.41468570296134 26 5.653333781699192
      vertex 36.837367864990235 26 5.5384981238178534
    endloop
  endfacet
  facet normal 0 -1 0
    outer loop
      vertex 28.25 26 0
      vertex 34.5279245543571 26 5.84254210369921
      vertex 34 26 6.102885682970026
    endloop
  endfacet
  facet normal 0 -1 0
    outer loop
      vertex 28.25 26 0
      vertex 35.08531429703866 26 5.653333781699192
      vertex 34.5279245543571 26 5.84254210369921
    endloop
  endfacet
  facet normal 0 -1 0
    outer loop
      vertex 28.25 26 0
      vertex 34 26 6.102885682970026
      vertex 33.51057356946076 26 6.429909968689442
    endloop
  endfacet
  facet normal 0 0 -1
    outer loop
      vertex 10 34 0
      vertex 62.5 34 0
      vertex 28.25 26 0
    endloop
  endfacet
  facet normal 0 -1 0
    outer loop
      vertex 28.25 26 0
      vertex 32.679909968689444 26 7.260573569460757
      vertex 32.352885682970026 26 7.75
    endloop
  endfacet
  facet normal 0 -1 0
    outer loop
      vertex 28.25 26 0
      vertex 32.352885682970026 26 7.75
      vertex 32.09254210369921 26 8.277924554357096
    endloop
  endfacet
  facet normal 0 -1 0
    outer loop
      vertex 28.25 26 0
      vertex 32.09254210369921 26 8.277924554357096
      vertex 31.903333781699192 26 8.835314297038657
    endloop
  endfacet
  facet normal 0 -1 0
    outer loop
      vertex 28.25 26 0
      vertex 31.903333781699192 26 8.835314297038657
      vertex 31.788498123817853 26 9.412632135009767
    endloop
  endfacet
  facet normal 0 -1 0
    outer loop
      vertex 28.25 26 0
      vertex 31.788498123817853 26 9.412632135009767
      vertex 31.75 26 10
    endloop
  endfacet
  facet normal 0 -1 0
    outer loop
      vertex 28.25 26 0
      vertex 31.75 26 10
      vertex 31.788498123817853 26 10.587367864990233
    endloop
  endfacet
  facet normal 0 -1 0
    outer loop
      vertex 28.25 26 0
      vertex 31.788498123817853 26 10.587367864990233
      vertex 31.903333781699192 26 11.164685702961343
    endloop
  endfacet
  facet normal 0 1 0
    outer loop
      vertex 10 34 0
      vertex 10 34 7.932129164085026
      vertex 62.5 34 20
    endloop
  endfacet
  facet normal -0.9951847267123091 0.09801713992229388 0
    outer loop
      vertex 0 24 0
      vertex 0 24 20
      vertex 0.19214719533920288 25.950903221964836 20
    endloop
  endfacet
  facet normal 0 0 1
    outer loop
      vertex 28.25 10 20
      vertex 0.19214719533920288 25.950903221964836 20
      vertex 0 24 20
    endloop
  endfacet
  facet normal 0 0 1
    outer loop
      vertex 28.25 10 20
      vertex 0.7612046748399734 27.826834321022034 20
      vertex 0.19214719533920288 25.950903221964836 20
    endloop
  endfacet
  facet normal 0 0 1
    outer loop
      vertex 28.25 10 20
      vertex 1.6853038743138313 29.555702328681946 20
      vertex 0.7612046748399734 27.826834321022034 20
    endloop
  endfacet
  facet normal 0 0 1
    outer loop
      vertex 28.25 10 20
      vertex 2.9289321899414062 31.071067810058594 20
      vertex 1.6853038743138313 29.555702328681946 20
    endloop
  endfacet
  facet normal 0 0 1
    outer loop
      vertex 28.25 10 20
      vertex 4.444297671318054 32.31469612568617 20
      vertex 2.9289321899414062 31.071067810058594 20
    endloop
  endfacet
  facet normal 0 0 1
    outer loop
      vertex 28.25 10 20
      vertex 6.173165678977966 33.23879532516003 20
      vertex 4.444297671318054 32.31469612568617 20
    endloop
  endfacet
  facet normal -0.9569403354593055 0.2902846781541045 0
    outer loop
      vertex 0.19214719533920288 25.950903221964836 0
      vertex 0.19214719533920288 25.950903221964836 20
      vertex 0.7612046748399734 27.826834321022034 20
    endloop
  endfacet
  facet normal -0.8819212650289855 0.47139673555262745 0
    outer loop
      vertex 0.7612046748399734 27.826834321022034 0
      vertex 0.7612046748399734 27.826834321022034 20
      vertex 1.6853038743138313 29.555702328681946 20
    endloop
  endfacet
  facet normal -0.634393285598689 0.7730104521850272 -2.302003896515939e-16
    outer loop
      vertex 2.9289321899414062 31.071067810058594 0
      vertex 4.444297671318054 32.31469612568617 20
      vertex 4.25 32.1552401471244 10
    endloop
  endfacet
  facet normal -0.7730104521850257 0.6343932855986909 0
    outer loop
      vertex 1.6853038743138313 29.555702328681946 0
      vertex 1.6853038743138313 29.555702328681946 20
      vertex 2.9289321899414062 31.071067810058594 20
    endloop
  endfacet
  facet normal -0.6343932855986909 0.7730104521850257 0
    outer loop
      vertex 2.9289321899414062 31.071067810058594 0
      vertex 2.9289321899414062 31.071067810058594 20
      vertex 4.444297671318054 32.31469612568617 20
    endloop
  endfacet
  facet normal -0.6343932855986859 0.7730104521850298 -3.3461655237310377e-16
    outer loop
      vertex 4.444297671318054 32.31469612568617 20
      vertex 4.277804200535116 32.1780584648859 10.424210124715168
      vertex 4.25 32.1552401471244 10
    endloop
  endfacet
  facet normal -0.6343932855987222 0.7730104521849998 7.274437735048538e-16
    outer loop
      vertex 4.444297671318054 32.31469612568617 20
      vertex 4.3607410645605285 32.24612299042707 10.841161896583193
      vertex 4.277804200535116 32.1780584648859 10.424210124715168
    endloop
  endfacet
  facet normal -0.6343932855986747 0.7730104521850389 0
    outer loop
      vertex 4.444297671318054 32.31469612568617 20
      vertex 4.444297671318054 32.31469612568617 11.087311722593052
      vertex 4.3607410645605285 32.24612299042707 10.841161896583193
    endloop
  endfacet
  facet normal -0.4713967355526064 0.8819212650289968 0
    outer loop
      vertex 4.444297671318054 32.31469612568617 20
      vertex 4.4973915193383185 32.343075378604915 11.243721155186542
      vertex 4.444297671318054 32.31469612568617 11.087311722593052
    endloop
  endfacet
  facet normal -0.47139673555263234 0.8819212650289829 -2.0230630980351284e-16
    outer loop
      vertex 4.444297671318054 32.31469612568617 20
      vertex 4.685417437700575 32.44357732546787 11.625
      vertex 4.4973915193383185 32.343075378604915 11.243721155186542
    endloop
  endfacet
  facet normal -0.4713967355526233 0.8819212650289879 1.397129571608679e-16
    outer loop
      vertex 4.444297671318054 32.31469612568617 20
      vertex 4.921601644053485 32.569820413460754 11.978474644278343
      vertex 4.685417437700575 32.44357732546787 11.625
    endloop
  endfacet
  facet normal -0.4713967355526343 0.8819212650289819 -7.050746845585422e-16
    outer loop
      vertex 4.444297671318054 32.31469612568617 20
      vertex 5.20190296114372 32.71964458834682 12.29809703885628
      vertex 4.921601644053485 32.569820413460754 11.978474644278343
    endloop
  endfacet
  facet normal -0.4713967355526244 0.8819212650289873 5.538958851223127e-16
    outer loop
      vertex 4.444297671318054 32.31469612568617 20
      vertex 5.521525355721658 32.89048631695464 12.578398355946515
      vertex 5.20190296114372 32.71964458834682 12.29809703885628
    endloop
  endfacet
  facet normal -0.09801713992230475 0.9951847267123081 0
    outer loop
      vertex 10 34 20
      vertex 10 34 12.067870835914974
      vertex 9.79809703885628 33.98011429409841 12.29809703885628
    endloop
  endfacet
  facet normal -0.09801713992228517 0.99518472671231 -5.182465260241766e-16
    outer loop
      vertex 10 34 20
      vertex 9.79809703885628 33.98011429409841 12.29809703885628
      vertex 9.478474644278343 33.94863423604413 12.578398355946515
    endloop
  endfacet
  facet normal -0.47139673555263056 0.8819212650289839 2.827722065450518e-16
    outer loop
      vertex 6.173165678977966 33.23879532516003 20
      vertex 5.875 33.07942244994148 12.814582562299424
      vertex 5.521525355721658 32.89048631695464 12.578398355946515
    endloop
  endfacet
  facet normal -0.4713967355526251 0.8819212650289868 0
    outer loop
      vertex 6.173165678977966 33.23879532516003 20
      vertex 6.173165678977966 33.23879532516003 12.961621603086927
      vertex 5.875 33.07942244994148 12.814582562299424
    endloop
  endfacet
  facet normal -0.29028467815406933 0.956940335459316 0
    outer loop
      vertex 6.173165678977966 33.23879532516003 20
      vertex 6.256278844813458 33.26400742846565 13.002608480661682
      vertex 6.173165678977966 33.23879532516003 12.961621603086927
    endloop
  endfacet
  facet normal -0.2902846781541106 0.9569403354593036 -5.346458538583154e-16
    outer loop
      vertex 6.173165678977966 33.23879532516003 20
      vertex 6.658838103416808 33.386122444931694 13.139258935439472
      vertex 6.256278844813458 33.26400742846565 13.002608480661682
    endloop
  endfacet
  facet normal -0.2902846781541126 0.9569403354593029 -6.880893595672758e-16
    outer loop
      vertex 6.173165678977966 33.23879532516003 20
      vertex 7.0757898752848325 33.512603382580124 13.222195799464885
      vertex 6.658838103416808 33.386122444931694 13.139258935439472
    endloop
  endfacet
  facet normal -0.2902846781541013 0.9569403354593065 -1.7490005851701356e-17
    outer loop
      vertex 8.049096778035164 33.8078528046608 20
      vertex 7.5 33.641286117500634 13.25
      vertex 7.0757898752848325 33.512603382580124 13.222195799464885
    endloop
  endfacet
  facet normal -0.29028467815410136 0.9569403354593062 -1.9216094685222865e-17
    outer loop
      vertex 8.049096778035164 33.8078528046608 20
      vertex 7.9242101247151675 33.769968852421144 13.222195799464885
      vertex 7.5 33.641286117500634 13.25
    endloop
  endfacet
  facet normal -0.2902846781541023 0.956940335459306 0
    outer loop
      vertex 8.049096778035164 33.8078528046608 20
      vertex 8.049096778035164 33.8078528046608 13.197354299598882
      vertex 7.9242101247151675 33.769968852421144 13.222195799464885
    endloop
  endfacet
  facet normal -0.09801713992229255 0.9951847267123093 1.7541689736089317e-16
    outer loop
      vertex 10 34 20
      vertex 8.743721155186542 33.87626733408551 13.002608480661682
      vertex 8.341161896583193 33.83661870793759 13.139258935439472
    endloop
  endfacet
  facet normal -0.09801713992230486 0.9951847267123081 3.1553074577758292e-15
    outer loop
      vertex 10 34 20
      vertex 8.341161896583193 33.83661870793759 13.139258935439472
      vertex 8.049096778035164 33.8078528046608 13.197354299598882
    endloop
  endfacet
  facet normal -0.47139673555262757 0.8819212650289856 -4.7889969738449746e-17
    outer loop
      vertex 4.444297671318054 32.31469612568617 20
      vertex 6.173165678977966 33.23879532516003 20
      vertex 5.521525355721658 32.89048631695464 12.578398355946515
    endloop
  endfacet
  facet normal -0.2902846781541045 0.9569403354593053 4.768400893733954e-16
    outer loop
      vertex 6.173165678977966 33.23879532516003 20
      vertex 8.049096778035164 33.8078528046608 20
      vertex 7.0757898752848325 33.512603382580124 13.222195799464885
    endloop
  endfacet
  facet normal -0.09801713992229388 0.9951847267123092 0
    outer loop
      vertex 8.049096778035164 33.8078528046608 20
      vertex 10 34 20
      vertex 8.049096778035164 33.8078528046608 13.197354299598882
    endloop
  endfacet
  facet normal -0.09801713992228728 0.9951847267123097 -3.6691623795110123e-16
    outer loop
      vertex 10 34 20
      vertex 9.478474644278343 33.94863423604413 12.578398355946515
      vertex 9.125 33.91382002242404 12.814582562299424
    endloop
  endfacet
  facet normal -0.09801713992229433 0.9951847267123091 4.99334023108562e-16
    outer loop
      vertex 10 34 20
      vertex 9.125 33.91382002242404 12.814582562299424
      vertex 8.743721155186542 33.87626733408551 13.002608480661682
    endloop
  endfacet
  facet normal 0 0 1
    outer loop
      vertex 6.173165678977966 33.23879532516003 20
      vertex 28.25 26 20
      vertex 8.049096778035164 33.8078528046608 20
    endloop
  endfacet
  facet normal 0 0 1
    outer loop
      vertex 8.049096778035164 33.8078528046608 20
      vertex 28.25 26 20
      vertex 10 34 20
    endloop
  endfacet
  facet normal 1 0 0
    outer loop
      vertex 28.25 10 20
      vertex 28.25 26 0
      vertex 28.25 26 20
    endloop
  endfacet
  facet normal 0 0 1
    outer loop
      vertex 28.25 10 20
      vertex 28.25 26 20
      vertex 6.173165678977966 33.23879532516003 20
    endloop
  endfacet
  facet normal 0 -1 0
    outer loop
      vertex 28.25 26 0
      vertex 31.903333781699192 26 11.164685702961343
      vertex 28.25 26 20
    endloop
  endfacet
  facet normal 0 -1 0
    outer loop
      vertex 28.25 26 20
      vertex 31.903333781699192 26 11.164685702961343
      vertex 32.09254210369921 26 11.722075445642904
    endloop
  endfacet
  facet normal 0 -1 0
    outer loop
      vertex 28.25 26 20
      vertex 32.09254210369921 26 11.722075445642904
      vertex 32.352885682970026 26 12.25
    endloop
  endfacet
  facet normal 0 -1 0
    outer loop
      vertex 28.25 26 20
      vertex 32.352885682970026 26 12.25
      vertex 32.679909968689444 26 12.739426430539243
    endloop
  endfacet
  facet normal 0 1 0
    outer loop
      vertex 62.5 34 20
      vertex 10 34 7.932129164085026
      vertex 10.078398355946515 34 8.021525355721657
    endloop
  endfacet
  facet normal 0 1 0
    outer loop
      vertex 62.5 34 20
      vertex 10.078398355946515 34 8.021525355721657
      vertex 10.314582562299424 34 8.375
    endloop
  endfacet
  facet normal 0 1 0
    outer loop
      vertex 62.5 34 20
      vertex 10.314582562299424 34 8.375
      vertex 10.502608480661682 34 8.756278844813458
    endloop
  endfacet
  facet normal 0 1 0
    outer loop
      vertex 62.5 34 20
      vertex 10.502608480661682 34 8.756278844813458
      vertex 10.639258935439472 34 9.158838103416807
    endloop
  endfacet
  facet normal 0 1 0
    outer loop
      vertex 62.5 34 20
      vertex 10.639258935439472 34 9.158838103416807
      vertex 10.722195799464885 34 9.575789875284832
    endloop
  endfacet
  facet normal 0 1 0
    outer loop
      vertex 62.5 34 20
      vertex 10.722195799464885 34 9.575789875284832
      vertex 10.75 34 10
    endloop
  endfacet
  facet normal 0 1 0
    outer loop
      vertex 62.5 34 20
      vertex 10.75 34 10
      vertex 10.722195799464885 34 10.424210124715168
    endloop
  endfacet
  facet normal 0 1 0
    outer loop
      vertex 62.5 34 20
      vertex 10.722195799464885 34 10.424210124715168
      vertex 10.639258935439472 34 10.841161896583193
    endloop
  endfacet
  facet normal 0 1 0
    outer loop
      vertex 62.5 34 20
      vertex 10.639258935439472 34 10.841161896583193
      vertex 10.502608480661682 34 11.243721155186542
    endloop
  endfacet
  facet normal 0 1 0
    outer loop
      vertex 62.5 34 20
      vertex 10.502608480661682 34 11.243721155186542
      vertex 10.314582562299424 34 11.625
    endloop
  endfacet
  facet normal 0 1 0
    outer loop
      vertex 62.5 34 20
      vertex 10.314582562299424 34 11.625
      vertex 10.078398355946515 34 11.978474644278343
    endloop
  endfacet
  facet normal 0 1 0
    outer loop
      vertex 62.5 34 20
      vertex 10.078398355946515 34 11.978474644278343
      vertex 10 34 12.067870835914974
    endloop
  endfacet
  facet normal 0 -1 0
    outer loop
      vertex 28.25 26 20
      vertex 32.679909968689444 26 12.739426430539243
      vertex 33.06801948466054 26 13.181980515339465
    endloop
  endfacet
  facet normal 0 -1 0
    outer loop
      vertex 28.25 26 20
      vertex 33.06801948466054 26 13.181980515339465
      vertex 33.51057356946076 26 13.570090031310558
    endloop
  endfacet
  facet normal 0 -1 0
    outer loop
      vertex 28.25 26 20
      vertex 33.51057356946076 26 13.570090031310558
      vertex 34 26 13.897114317029974
    endloop
  endfacet
  facet normal 0 -1 0
    outer loop
      vertex 28.25 26 20
      vertex 34 26 13.897114317029974
      vertex 34.5279245543571 26 14.15745789630079
    endloop
  endfacet
  facet normal 0 -1 0
    outer loop
      vertex 28.25 26 20
      vertex 34.5279245543571 26 14.15745789630079
      vertex 35.08531429703866 26 14.346666218300808
    endloop
  endfacet
  facet normal 0 -1 0
    outer loop
      vertex 28.25 26 20
      vertex 35.08531429703866 26 14.346666218300808
      vertex 44.25 26 20
    endloop
  endfacet
  facet normal 0 1 0
    outer loop
      vertex 10 34 20
      vertex 62.5 34 20
      vertex 10 34 12.067870835914974
    endloop
  endfacet
  facet normal 0 0 1
    outer loop
      vertex 10 34 20
      vertex 28.25 26 20
      vertex 62.5 34 20
    endloop
  endfacet
  facet normal -0.9569403354593055 -0.2902846781541045 0
    outer loop
      vertex 45.01120467483997 6.173165678977966 0
      vertex 44.4421471953392 8.049096778035164 20
      vertex 44.4421471953392 8.049096778035164 0
    endloop
  endfacet
  facet normal -0.47139673555262745 -0.8819212650289855 0
    outer loop
      vertex 48.694297671318054 1.6853038743138313 0
      vertex 50.423165678977966 0.7612046748399734 0
      vertex 48.694297671318054 1.6853038743138313 20
    endloop
  endfacet
  facet normal -0.7730104521850257 -0.6343932855986909 0
    outer loop
      vertex 47.178932189941406 2.9289321899414062 0
      vertex 45.93530387431383 4.444297671318054 20
      vertex 45.93530387431383 4.444297671318054 0
    endloop
  endfacet
  facet normal -0.6343932855986909 -0.7730104521850257 0
    outer loop
      vertex 48.694297671318054 1.6853038743138313 0
      vertex 47.178932189941406 2.9289321899414062 20
      vertex 47.178932189941406 2.9289321899414062 0
    endloop
  endfacet
  facet normal -0.2902846781541045 -0.9569403354593055 0
    outer loop
      vertex 50.423165678977966 0.7612046748399734 0
      vertex 52.299096778035164 0.19214719533920288 0
      vertex 50.423165678977966 0.7612046748399734 20
    endloop
  endfacet
  facet normal -0.09801713992229388 -0.9951847267123091 0
    outer loop
      vertex 52.299096778035164 0.19214719533920288 0
      vertex 54.25 0 0
      vertex 52.299096778035164 0.19214719533920288 20
    endloop
  endfacet
  facet normal -0.8819212650289855 -0.47139673555262745 0
    outer loop
      vertex 45.01120467483997 6.173165678977966 0
      vertex 45.93530387431383 4.444297671318054 0
      vertex 45.01120467483997 6.173165678977966 20
    endloop
  endfacet
  facet normal 0 0 -1
    outer loop
      vertex 45.01120467483997 6.173165678977966 0
      vertex 44.4421471953392 8.049096778035164 0
      vertex 72.5 24 0
    endloop
  endfacet
  facet normal 0 0 -1
    outer loop
      vertex 44.4421471953392 8.049096778035164 0
      vertex 44.25 10 0
      vertex 72.5 24 0
    endloop
  endfacet
  facet normal -0.9951847267123091 -0.09801713992229388 0
    outer loop
      vertex 44.4421471953392 8.049096778035164 0
      vertex 44.25 10 20
      vertex 44.25 10 0
    endloop
  endfacet
  facet normal 0 0 -1
    outer loop
      vertex 50.423165678977966 0.7612046748399734 0
      vertex 72.5 24 0
      vertex 52.299096778035164 0.19214719533920288 0
    endloop
  endfacet
  facet normal 0 0 -1
    outer loop
      vertex 52.299096778035164 0.19214719533920288 0
      vertex 72.5 24 0
      vertex 54.25 0 0
    endloop
  endfacet
  facet normal 0 -1 0
    outer loop
      vertex 54.25 0 0
      vertex 72.5 0 0
      vertex 64.68785548477419 0 8.430743551354832
    endloop
  endfacet
  facet normal 0 0 -1
    outer loop
      vertex 54.25 0 0
      vertex 72.5 24 0
      vertex 72.5 0 0
    endloop
  endfacet
  facet normal 0 -1 0
    outer loop
      vertex 54.25 0 0
      vertex 64.68785548477419 0 8.430743551354832
      vertex 64.38770650821586 0 8.52179274798194
    endloop
  endfacet
  facet normal 0 -1 0
    outer loop
      vertex 54.25 0 0
      vertex 64.38770650821586 0 8.52179274798194
      vertex 64.11108762716864 0 8.669648620315927
    endloop
  endfacet
  facet normal 0 -1 0
    outer loop
      vertex 54.25 0 0
      vertex 64.11108762716864 0 8.669648620315927
      vertex 63.868629150101526 0 8.868629150101524
    endloop
  endfacet
  facet normal 0 -1 0
    outer loop
      vertex 54.25 0 0
      vertex 63.868629150101526 0 8.868629150101524
      vertex 63.669648620315925 0 9.111087627168637
    endloop
  endfacet
  facet normal 0 -1 0
    outer loop
      vertex 54.25 0 0
      vertex 63.669648620315925 0 9.111087627168637
      vertex 63.52179274798194 0 9.387706508215857
    endloop
  endfacet
  facet normal 0 -1 0
    outer loop
      vertex 54.25 0 0
      vertex 63.52179274798194 0 9.387706508215857
      vertex 63.43074355135483 0 9.687855484774195
    endloop
  endfacet
  facet normal 0 -1 0
    outer loop
      vertex 54.25 0 0
      vertex 63.43074355135483 0 9.687855484774195
      vertex 63.4 0 10
    endloop
  endfacet
  facet normal 0 -1 0
    outer loop
      vertex 72.5 0 0
      vertex 65 0 8.4
      vertex 64.68785548477419 0 8.430743551354832
    endloop
  endfacet
  facet normal 0 -1 0
    outer loop
      vertex 72.5 0 0
      vertex 65.31214451522581 0 8.430743551354832
      vertex 65 0 8.4
    endloop
  endfacet
  facet normal 0 -1 0
    outer loop
      vertex 72.5 0 0
      vertex 65.61229349178414 0 8.52179274798194
      vertex 65.31214451522581 0 8.430743551354832
    endloop
  endfacet
  facet normal 0 -1 0
    outer loop
      vertex 72.5 0 0
      vertex 65.88891237283136 0 8.669648620315927
      vertex 65.61229349178414 0 8.52179274798194
    endloop
  endfacet
  facet normal 0 -1 0
    outer loop
      vertex 72.5 0 0
      vertex 66.13137084989847 0 8.868629150101524
      vertex 65.88891237283136 0 8.669648620315927
    endloop
  endfacet
  facet normal 0 -1 0
    outer loop
      vertex 72.5 0 0
      vertex 66.33035137968407 0 9.111087627168637
      vertex 66.13137084989847 0 8.868629150101524
    endloop
  endfacet
  facet normal 0 -1 0
    outer loop
      vertex 72.5 0 0
      vertex 66.47820725201805 0 9.387706508215857
      vertex 66.33035137968407 0 9.111087627168637
    endloop
  endfacet
  facet normal 0 -1 0
    outer loop
      vertex 72.5 0 0
      vertex 66.56925644864516 0 9.687855484774195
      vertex 66.47820725201805 0 9.387706508215857
    endloop
  endfacet
  facet normal 0 -1 0
    outer loop
      vertex 72.5 0 0
      vertex 66.6 0 10
      vertex 66.56925644864516 0 9.687855484774195
    endloop
  endfacet
  facet normal 0 -1 0
    outer loop
      vertex 72.5 0 0
      vertex 66.56925644864516 0 10.312144515225805
      vertex 66.6 0 10
    endloop
  endfacet
  facet normal 0 -1 0
    outer loop
      vertex 72.5 0 0
      vertex 66.47820725201805 0 10.612293491784143
      vertex 66.56925644864516 0 10.312144515225805
    endloop
  endfacet
  facet normal 0 -1 0
    outer loop
      vertex 72.5 0 0
      vertex 66.33035137968407 0 10.888912372831363
      vertex 66.47820725201805 0 10.612293491784143
    endloop
  endfacet
  facet normal 1 0 0
    outer loop
      vertex 72.5 0 0
      vertex 72.5 24 0
      vertex 72.5 0 20
    endloop
  endfacet
  facet normal 0 0 -1
    outer loop
      vertex 48.694297671318054 1.6853038743138313 0
      vertex 47.178932189941406 2.9289321899414062 0
      vertex 72.5 24 0
    endloop
  endfacet
  facet normal 0 0 -1
    outer loop
      vertex 47.178932189941406 2.9289321899414062 0
      vertex 45.93530387431383 4.444297671318054 0
      vertex 72.5 24 0
    endloop
  endfacet
  facet normal 0 0 -1
    outer loop
      vertex 48.694297671318054 1.6853038743138313 0
      vertex 72.5 24 0
      vertex 50.423165678977966 0.7612046748399734 0
    endloop
  endfacet
  facet normal 0 0 -1
    outer loop
      vertex 45.01120467483997 6.173165678977966 0
      vertex 72.5 24 0
      vertex 45.93530387431383 4.444297671318054 0
    endloop
  endfacet
  facet normal -0.9569403354593055 -0.2902846781541045 0
    outer loop
      vertex 45.01120467483997 6.173165678977966 0
      vertex 45.01120467483997 6.173165678977966 20
      vertex 44.4421471953392 8.049096778035164 20
    endloop
  endfacet
  facet normal -0.6343932855986909 -0.7730104521850257 0
    outer loop
      vertex 48.694297671318054 1.6853038743138313 0
      vertex 48.694297671318054 1.6853038743138313 20
      vertex 47.178932189941406 2.9289321899414062 20
    endloop
  endfacet
  facet normal -0.7730104521850257 -0.6343932855986909 0
    outer loop
      vertex 47.178932189941406 2.9289321899414062 0
      vertex 47.178932189941406 2.9289321899414062 20
      vertex 45.93530387431383 4.444297671318054 20
    endloop
  endfacet
  facet normal -0.2902846781541045 -0.9569403354593055 0
    outer loop
      vertex 52.299096778035164 0.19214719533920288 0
      vertex 52.299096778035164 0.19214719533920288 20
      vertex 50.423165678977966 0.7612046748399734 20
    endloop
  endfacet
  facet normal -0.47139673555262745 -0.8819212650289855 0
    outer loop
      vertex 50.423165678977966 0.7612046748399734 0
      vertex 50.423165678977966 0.7612046748399734 20
      vertex 48.694297671318054 1.6853038743138313 20
    endloop
  endfacet
  facet normal -0.09801713992229388 -0.9951847267123091 0
    outer loop
      vertex 54.25 0 0
      vertex 54.25 0 20
      vertex 52.299096778035164 0.19214719533920288 20
    endloop
  endfacet
  facet normal -0.8819212650289855 -0.47139673555262745 0
    outer loop
      vertex 45.93530387431383 4.444297671318054 0
      vertex 45.93530387431383 4.444297671318054 20
      vertex 45.01120467483997 6.173165678977966 20
    endloop
  endfacet
  facet normal -0.9951847267123091 -0.09801713992229388 0
    outer loop
      vertex 44.4421471953392 8.049096778035164 0
      vertex 44.4421471953392 8.049096778035164 20
      vertex 44.25 10 20
    endloop
  endfacet
  facet normal -1 0 0
    outer loop
      vertex 44.25 10 0
      vertex 44.25 10 20
      vertex 44.25 26 20
    endloop
  endfacet
  facet normal 0 0 1
    outer loop
      vertex 45.01120467483997 6.173165678977966 20
      vertex 72.5 24 20
      vertex 44.4421471953392 8.049096778035164 20
    endloop
  endfacet
  facet normal 0 0 1
    outer loop
      vertex 44.4421471953392 8.049096778035164 20
      vertex 72.5 24 20
      vertex 44.25 10 20
    endloop
  endfacet
  facet normal 0 -1 0
    outer loop
      vertex 54.25 0 0
      vertex 63.4 0 10
      vertex 54.25 0 20
    endloop
  endfacet
  facet normal 0 -1 0
    outer loop
      vertex 54.25 0 20
      vertex 63.4 0 10
      vertex 63.43074355135483 0 10.312144515225805
    endloop
  endfacet
  facet normal 0 -1 0
    outer loop
      vertex 54.25 0 20
      vertex 63.43074355135483 0 10.312144515225805
      vertex 63.52179274798194 0 10.612293491784143
    endloop
  endfacet
  facet normal 0 -1 0
    outer loop
      vertex 54.25 0 20
      vertex 63.52179274798194 0 10.612293491784143
      vertex 63.669648620315925 0 10.888912372831363
    endloop
  endfacet
  facet normal 0 -1 0
    outer loop
      vertex 54.25 0 20
      vertex 63.669648620315925 0 10.888912372831363
      vertex 63.868629150101526 0 11.131370849898476
    endloop
  endfacet
  facet normal 0 -1 0
    outer loop
      vertex 54.25 0 20
      vertex 63.868629150101526 0 11.131370849898476
      vertex 64.11108762716864 0 11.330351379684073
    endloop
  endfacet
  facet normal 0 -1 0
    outer loop
      vertex 72.5 0 0
      vertex 72.5 0 20
      vertex 66.33035137968407 0 10.888912372831363
    endloop
  endfacet
  facet normal 0 -1 0
    outer loop
      vertex 72.5 0 20
      vertex 64.11108762716864 0 11.330351379684073
      vertex 64.38770650821586 0 11.47820725201806
    endloop
  endfacet
  facet normal 0 -1 0
    outer loop
      vertex 72.5 0 20
      vertex 64.38770650821586 0 11.47820725201806
      vertex 64.68785548477419 0 11.569256448645168
    endloop
  endfacet
  facet normal 0 -1 0
    outer loop
      vertex 72.5 0 20
      vertex 65.31214451522581 0 11.569256448645168
      vertex 65.61229349178414 0 11.47820725201806
    endloop
  endfacet
  facet normal 0 -1 0
    outer loop
      vertex 72.5 0 20
      vertex 64.68785548477419 0 11.569256448645168
      vertex 65 0 11.6
    endloop
  endfacet
  facet normal 0 -1 0
    outer loop
      vertex 72.5 0 20
      vertex 65 0 11.6
      vertex 65.31214451522581 0 11.569256448645168
    endloop
  endfacet
  facet normal 0 -1 0
    outer loop
      vertex 72.5 0 20
      vertex 66.13137084989847 0 11.131370849898476
      vertex 66.33035137968407 0 10.888912372831363
    endloop
  endfacet
  facet normal 0 -1 0
    outer loop
      vertex 72.5 0 20
      vertex 65.88891237283136 0 11.330351379684073
      vertex 66.13137084989847 0 11.131370849898476
    endloop
  endfacet
  facet normal 0 -1 0
    outer loop
      vertex 72.5 0 20
      vertex 65.61229349178414 0 11.47820725201806
      vertex 65.88891237283136 0 11.330351379684073
    endloop
  endfacet
  facet normal 0 0 1
    outer loop
      vertex 50.423165678977966 0.7612046748399734 20
      vertex 52.299096778035164 0.19214719533920288 20
      vertex 72.5 24 20
    endloop
  endfacet
  facet normal 0 0 1
    outer loop
      vertex 52.299096778035164 0.19214719533920288 20
      vertex 54.25 0 20
      vertex 72.5 24 20
    endloop
  endfacet
  facet normal 0 -1 0
    outer loop
      vertex 54.25 0 20
      vertex 64.11108762716864 0 11.330351379684073
      vertex 72.5 0 20
    endloop
  endfacet
  facet normal 0 0 1
    outer loop
      vertex 54.25 0 20
      vertex 72.5 0 20
      vertex 72.5 24 20
    endloop
  endfacet
  facet normal 1 0 0
    outer loop
      vertex 72.5 0 20
      vertex 72.5 24 0
      vertex 72.5 24 20
    endloop
  endfacet
  facet normal 0 0 1
    outer loop
      vertex 48.694297671318054 1.6853038743138313 20
      vertex 72.5 24 20
      vertex 47.178932189941406 2.9289321899414062 20
    endloop
  endfacet
  facet normal 0 0 1
    outer loop
      vertex 47.178932189941406 2.9289321899414062 20
      vertex 72.5 24 20
      vertex 45.93530387431383 4.444297671318054 20
    endloop
  endfacet
  facet normal 0 0 1
    outer loop
      vertex 48.694297671318054 1.6853038743138313 20
      vertex 50.423165678977966 0.7612046748399734 20
      vertex 72.5 24 20
    endloop
  endfacet
  facet normal 0 0 1
    outer loop
      vertex 45.01120467483997 6.173165678977966 20
      vertex 45.93530387431383 4.444297671318054 20
      vertex 72.5 24 20
    endloop
  endfacet
  facet normal 0 0 -1
    outer loop
      vertex 44.25 10 0
      vertex 44.25 26 0
      vertex 66.32683432102203 33.23879532516003 0
    endloop
  endfacet
  facet normal -1 0 0
    outer loop
      vertex 44.25 10 0
      vertex 44.25 26 20
      vertex 44.25 26 0
    endloop
  endfacet
  facet normal 0 -1 0
    outer loop
      vertex 28.25 26 0
      vertex 44.25 26 0
      vertex 37.41468570296134 26 5.653333781699192
    endloop
  endfacet
  facet normal 0 0 -1
    outer loop
      vertex 28.25 26 0
      vertex 62.5 34 0
      vertex 44.25 26 0
    endloop
  endfacet
  facet normal 0 -1 0
    outer loop
      vertex 44.25 26 0
      vertex 37.9720754456429 26 5.84254210369921
      vertex 37.41468570296134 26 5.653333781699192
    endloop
  endfacet
  facet normal 0 -1 0
    outer loop
      vertex 44.25 26 0
      vertex 38.5 26 6.102885682970026
      vertex 37.9720754456429 26 5.84254210369921
    endloop
  endfacet
  facet normal 0 -1 0
    outer loop
      vertex 44.25 26 0
      vertex 38.98942643053924 26 6.429909968689442
      vertex 38.5 26 6.102885682970026
    endloop
  endfacet
  facet normal 0 -1 0
    outer loop
      vertex 44.25 26 0
      vertex 39.43198051533946 26 6.818019484660535
      vertex 38.98942643053924 26 6.429909968689442
    endloop
  endfacet
  facet normal 0 -1 0
    outer loop
      vertex 44.25 26 0
      vertex 39.820090031310556 26 7.260573569460757
      vertex 39.43198051533946 26 6.818019484660535
    endloop
  endfacet
  facet normal 0 1 0
    outer loop
      vertex 10 34 0
      vertex 62.5 34 7.932129164085031
      vertex 62.5 34 0
    endloop
  endfacet
  facet normal 0 -1 0
    outer loop
      vertex 44.25 26 0
      vertex 40.147114317029974 26 7.75
      vertex 39.820090031310556 26 7.260573569460757
    endloop
  endfacet
  facet normal 0 -1 0
    outer loop
      vertex 44.25 26 0
      vertex 40.40745789630079 26 8.277924554357096
      vertex 40.147114317029974 26 7.75
    endloop
  endfacet
  facet normal 0 -1 0
    outer loop
      vertex 44.25 26 0
      vertex 40.59666621830081 26 8.835314297038657
      vertex 40.40745789630079 26 8.277924554357096
    endloop
  endfacet
  facet normal 0 -1 0
    outer loop
      vertex 44.25 26 0
      vertex 44.25 26 20
      vertex 40.59666621830081 26 8.835314297038657
    endloop
  endfacet
  facet normal 0 1 0
    outer loop
      vertex 10 34 0
      vertex 62.42160164405349 34 8.021525355721657
      vertex 62.5 34 7.932129164085031
    endloop
  endfacet
  facet normal 0 1 0
    outer loop
      vertex 10 34 0
      vertex 62.18541743770057 34 8.375
      vertex 62.42160164405349 34 8.021525355721657
    endloop
  endfacet
  facet normal 0 1 0
    outer loop
      vertex 10 34 0
      vertex 61.997391519338315 34 8.756278844813458
      vertex 62.18541743770057 34 8.375
    endloop
  endfacet
  facet normal 0 1 0
    outer loop
      vertex 10 34 0
      vertex 61.86074106456053 34 9.158838103416807
      vertex 61.997391519338315 34 8.756278844813458
    endloop
  endfacet
  facet normal 0 1 0
    outer loop
      vertex 10 34 0
      vertex 61.777804200535115 34 9.575789875284832
      vertex 61.86074106456053 34 9.158838103416807
    endloop
  endfacet
  facet normal 0 1 0
    outer loop
      vertex 10 34 0
      vertex 61.75 34 10
      vertex 61.777804200535115 34 9.575789875284832
    endloop
  endfacet
  facet normal 0 1 0
    outer loop
      vertex 10 34 0
      vertex 61.777804200535115 34 10.424210124715168
      vertex 61.75 34 10
    endloop
  endfacet
  facet normal 0 1 0
    outer loop
      vertex 10 34 0
      vertex 61.86074106456053 34 10.841161896583193
      vertex 61.777804200535115 34 10.424210124715168
    endloop
  endfacet
  facet normal 0 1 0
    outer loop
      vertex 10 34 0
      vertex 61.997391519338315 34 11.243721155186542
      vertex 61.86074106456053 34 10.841161896583193
    endloop
  endfacet
  facet normal 0 1 0
    outer loop
      vertex 10 34 0
      vertex 62.18541743770057 34 11.625
      vertex 61.997391519338315 34 11.243721155186542
    endloop
  endfacet
  facet normal 0 1 0
    outer loop
      vertex 10 34 0
      vertex 62.42160164405349 34 11.978474644278343
      vertex 62.18541743770057 34 11.625
    endloop
  endfacet
  facet normal 0 1 0
    outer loop
      vertex 10 34 0
      vertex 62.5 34 12.06787083591497
      vertex 62.42160164405349 34 11.978474644278343
    endloop
  endfacet
  facet normal 0 0 -1
    outer loop
      vertex 44.25 10 0
      vertex 72.3078528046608 25.950903221964836 0
      vertex 72.5 24 0
    endloop
  endfacet
  facet normal 0 0 -1
    outer loop
      vertex 44.25 10 0
      vertex 71.73879532516003 27.826834321022034 0
      vertex 72.3078528046608 25.950903221964836 0
    endloop
  endfacet
  facet normal 0 0 -1
    outer loop
      vertex 44.25 10 0
      vertex 70.81469612568617 29.555702328681946 0
      vertex 71.73879532516003 27.826834321022034 0
    endloop
  endfacet
  facet normal 0 0 -1
    outer loop
      vertex 44.25 10 0
      vertex 66.32683432102203 33.23879532516003 0
      vertex 68.05570232868195 32.31469612568617 0
    endloop
  endfacet
  facet normal 0 0 -1
    outer loop
      vertex 44.25 10 0
      vertex 68.05570232868195 32.31469612568617 0
      vertex 69.5710678100586 31.071067810058594 0
    endloop
  endfacet
  facet normal 0 0 -1
    outer loop
      vertex 44.25 10 0
      vertex 69.5710678100586 31.071067810058594 0
      vertex 70.81469612568617 29.555702328681946 0
    endloop
  endfacet
  facet normal 0.9951847267123091 0.09801713992229388 0
    outer loop
      vertex 72.5 24 0
      vertex 72.3078528046608 25.950903221964836 0
      vertex 72.5 24 20
    endloop
  endfacet
  facet normal 0 0 -1
    outer loop
      vertex 44.25 26 0
      vertex 62.5 34 0
      vertex 64.45090322196484 33.8078528046608 0
    endloop
  endfacet
  facet normal 0 0 -1
    outer loop
      vertex 44.25 26 0
      vertex 64.45090322196484 33.8078528046608 0
      vertex 66.32683432102203 33.23879532516003 0
    endloop
  endfacet
  facet normal 0.09801713992229434 0.9951847267123091 -4.993340231085623e-16
    outer loop
      vertex 62.5 34 0
      vertex 63.375 33.91382002242404 7.185417437700575
      vertex 63.75627884481346 33.87626733408551 6.9973915193383185
    endloop
  endfacet
  facet normal 0.09801713992228729 0.9951847267123098 3.669162379511012e-16
    outer loop
      vertex 62.5 34 0
      vertex 63.02152535572166 33.94863423604413 7.421601644053485
      vertex 63.375 33.91382002242404 7.185417437700575
    endloop
  endfacet
  facet normal 0.09801713992229388 0.9951847267123092 0
    outer loop
      vertex 62.5 34 0
      vertex 64.45090322196484 33.8078528046608 6.8026457004011185
      vertex 64.45090322196484 33.8078528046608 0
    endloop
  endfacet
  facet normal 0.2902846781541045 0.9569403354593053 2.5654511913564514e-16
    outer loop
      vertex 64.45090322196484 33.8078528046608 0
      vertex 65.42421012471517 33.51260338258012 6.777804200535116
      vertex 66.32683432102203 33.23879532516003 0
    endloop
  endfacet
  facet normal 0.47139673555262757 0.8819212650289856 -3.9604570857828015e-16
    outer loop
      vertex 66.32683432102203 33.23879532516003 0
      vertex 66.97847464427834 32.89048631695465 7.421601644053485
      vertex 68.05570232868195 32.31469612568617 0
    endloop
  endfacet
  facet normal 0.09801713992228382 0.9951847267123101 2.9356398997371757e-15
    outer loop
      vertex 62.5 34 0
      vertex 64.15883810341681 33.83661870793758 6.8607410645605285
      vertex 64.45090322196484 33.8078528046608 6.8026457004011185
    endloop
  endfacet
  facet normal 0.09801713992230773 0.9951847267123077 -2.926091250851223e-15
    outer loop
      vertex 62.5 34 0
      vertex 63.75627884481346 33.87626733408551 6.9973915193383185
      vertex 64.15883810341681 33.83661870793758 6.8607410645605285
    endloop
  endfacet
  facet normal 0.2902846781541155 0.956940335459302 0
    outer loop
      vertex 64.45090322196484 33.8078528046608 0
      vertex 64.45090322196484 33.8078528046608 6.8026457004011185
      vertex 64.57578987528483 33.769968852421144 6.777804200535116
    endloop
  endfacet
  facet normal 0.2902846781541122 0.9569403354593031 -9.390149752107232e-16
    outer loop
      vertex 64.45090322196484 33.8078528046608 0
      vertex 65 33.641286117500634 6.75
      vertex 65.42421012471517 33.51260338258012 6.777804200535116
    endloop
  endfacet
  facet normal 0.2902846781540975 0.9569403354593075 3.634685445161014e-16
    outer loop
      vertex 64.45090322196484 33.8078528046608 0
      vertex 64.57578987528483 33.769968852421144 6.777804200535116
      vertex 65 33.641286117500634 6.75
    endloop
  endfacet
  facet normal 0.2902846781541045 0.9569403354593053 2.577692229508698e-16
    outer loop
      vertex 66.32683432102203 33.23879532516003 0
      vertex 65.42421012471517 33.51260338258012 6.777804200535116
      vertex 65.84116189658319 33.386122444931694 6.8607410645605285
    endloop
  endfacet
  facet normal 0.29028467815409714 0.9569403354593076 -3.169357483210502e-16
    outer loop
      vertex 66.32683432102203 33.23879532516003 0
      vertex 65.84116189658319 33.386122444931694 6.8607410645605285
      vertex 66.24372115518653 33.26400742846566 6.9973915193383185
    endloop
  endfacet
  facet normal 0.2902846781541215 0.9569403354593002 0
    outer loop
      vertex 66.32683432102203 33.23879532516003 0
      vertex 66.24372115518653 33.26400742846566 6.9973915193383185
      vertex 66.32683432102203 33.23879532516003 7.0383783969130755
    endloop
  endfacet
  facet normal 0.4713967355526252 0.8819212650289868 0
    outer loop
      vertex 66.32683432102203 33.23879532516003 0
      vertex 66.32683432102203 33.23879532516003 7.0383783969130755
      vertex 66.625 33.07942244994148 7.185417437700575
    endloop
  endfacet
  facet normal 0.471396735552623 0.881921265028988 1.2195761613347622e-16
    outer loop
      vertex 66.32683432102203 33.23879532516003 0
      vertex 66.625 33.07942244994148 7.185417437700575
      vertex 66.97847464427834 32.89048631695465 7.421601644053485
    endloop
  endfacet
  facet normal 0.09801713992228618 0.9951847267123098 4.461306017832985e-16
    outer loop
      vertex 62.5 34 0
      vertex 62.70190296114372 33.98011429409841 7.70190296114372
      vertex 63.02152535572166 33.94863423604413 7.421601644053485
    endloop
  endfacet
  facet normal 0.09801713992230306 0.9951847267123083 0
    outer loop
      vertex 62.5 34 0
      vertex 62.5 34 7.932129164085031
      vertex 62.70190296114372 33.98011429409841 7.70190296114372
    endloop
  endfacet
  facet normal 0.9569403354593055 0.2902846781541045 0
    outer loop
      vertex 72.3078528046608 25.950903221964836 0
      vertex 71.73879532516003 27.826834321022034 0
      vertex 72.3078528046608 25.950903221964836 20
    endloop
  endfacet
  facet normal 0.8819212650289855 0.47139673555262745 0
    outer loop
      vertex 71.73879532516003 27.826834321022034 0
      vertex 70.81469612568617 29.555702328681946 0
      vertex 71.73879532516003 27.826834321022034 20
    endloop
  endfacet
  facet normal 0.47139673555262807 0.8819212650289853 -2.6745424053028193e-16
    outer loop
      vertex 68.05570232868195 32.31469612568617 0
      vertex 66.97847464427834 32.89048631695465 7.421601644053485
      vertex 67.29809703885628 32.71964458834682 7.70190296114372
    endloop
  endfacet
  facet normal 0.47139673555263445 0.8819212650289818 5.078614695082345e-16
    outer loop
      vertex 68.05570232868195 32.31469612568617 0
      vertex 67.29809703885628 32.71964458834682 7.70190296114372
      vertex 67.57839835594652 32.569820413460754 8.021525355721657
    endloop
  endfacet
  facet normal 0.4713967355526347 0.8819212650289816 5.424169630355206e-16
    outer loop
      vertex 68.05570232868195 32.31469612568617 0
      vertex 67.57839835594652 32.569820413460754 8.021525355721657
      vertex 67.81458256229942 32.44357732546787 8.375
    endloop
  endfacet
  facet normal 0.4713967355526304 0.881921265028984 3.779537694547018e-16
    outer loop
      vertex 68.05570232868195 32.31469612568617 0
      vertex 67.81458256229942 32.44357732546787 8.375
      vertex 68.00260848066168 32.343075378604915 8.756278844813458
    endloop
  endfacet
  facet normal 0.6343932855986909 0.7730104521850257 0
    outer loop
      vertex 69.5710678100586 31.071067810058594 0
      vertex 68.05570232868195 32.31469612568617 0
      vertex 69.5710678100586 31.071067810058594 20
    endloop
  endfacet
  facet normal 0.7730104521850257 0.6343932855986909 0
    outer loop
      vertex 70.81469612568617 29.555702328681946 0
      vertex 69.5710678100586 31.071067810058594 0
      vertex 70.81469612568617 29.555702328681946 20
    endloop
  endfacet
  facet normal 0.47139673555258194 0.8819212650290099 0
    outer loop
      vertex 68.05570232868195 32.31469612568617 0
      vertex 68.00260848066168 32.343075378604915 8.756278844813458
      vertex 68.05570232868195 32.31469612568617 8.912688277406954
    endloop
  endfacet
  facet normal 0.6343932855986747 0.7730104521850389 0
    outer loop
      vertex 68.05570232868195 32.31469612568617 0
      vertex 68.05570232868195 32.31469612568617 8.912688277406954
      vertex 68.13925893543947 32.24612299042707 9.158838103416807
    endloop
  endfacet
  facet normal 0.6343932855987181 0.7730104521850033 -6.626869236786522e-16
    outer loop
      vertex 68.05570232868195 32.31469612568617 0
      vertex 68.13925893543947 32.24612299042707 9.158838103416807
      vertex 68.22219579946488 32.1780584648859 9.575789875284832
    endloop
  endfacet
  facet normal 0.634393285598703 0.7730104521850156 -2.2503205990797765e-16
    outer loop
      vertex 68.05570232868195 32.31469612568617 0
      vertex 68.22219579946488 32.1780584648859 9.575789875284832
      vertex 68.25 32.1552401471244 10
    endloop
  endfacet
  facet normal 0 0 1
    outer loop
      vertex 44.25 10 20
      vertex 66.32683432102203 33.23879532516003 20
      vertex 44.25 26 20
    endloop
  endfacet
  facet normal 0 -1 0
    outer loop
      vertex 44.25 26 20
      vertex 40.71150187618215 26 9.412632135009767
      vertex 40.59666621830081 26 8.835314297038657
    endloop
  endfacet
  facet normal 0 -1 0
    outer loop
      vertex 44.25 26 20
      vertex 40.75 26 10
      vertex 40.71150187618215 26 9.412632135009767
    endloop
  endfacet
  facet normal 0 -1 0
    outer loop
      vertex 44.25 26 20
      vertex 40.71150187618215 26 10.587367864990233
      vertex 40.75 26 10
    endloop
  endfacet
  facet normal 0 -1 0
    outer loop
      vertex 44.25 26 20
      vertex 40.59666621830081 26 11.164685702961343
      vertex 40.71150187618215 26 10.587367864990233
    endloop
  endfacet
  facet normal 0 -1 0
    outer loop
      vertex 44.25 26 20
      vertex 40.40745789630079 26 11.722075445642904
      vertex 40.59666621830081 26 11.164685702961343
    endloop
  endfacet
  facet normal 0 -1 0
    outer loop
      vertex 44.25 26 20
      vertex 40.147114317029974 26 12.25
      vertex 40.40745789630079 26 11.722075445642904
    endloop
  endfacet
  facet normal 0 -1 0
    outer loop
      vertex 44.25 26 20
      vertex 39.820090031310556 26 12.739426430539243
      vertex 40.147114317029974 26 12.25
    endloop
  endfacet
  facet normal 0 1 0
    outer loop
      vertex 10 34 0
      vertex 62.5 34 20
      vertex 62.5 34 12.06787083591497
    endloop
  endfacet
  facet normal 0 -1 0
    outer loop
      vertex 44.25 26 20
      vertex 38.5 26 13.897114317029974
      vertex 38.98942643053924 26 13.570090031310558
    endloop
  endfacet
  facet normal 0 -1 0
    outer loop
      vertex 44.25 26 20
      vertex 37.41468570296134 26 14.346666218300808
      vertex 37.9720754456429 26 14.15745789630079
    endloop
  endfacet
  facet normal 0 -1 0
    outer loop
      vertex 44.25 26 20
      vertex 37.9720754456429 26 14.15745789630079
      vertex 38.5 26 13.897114317029974
    endloop
  endfacet
  facet normal 0 -1 0
    outer loop
      vertex 44.25 26 20
      vertex 35.08531429703866 26 14.346666218300808
      vertex 35.662632135009765 26 14.461501876182147
    endloop
  endfacet
  facet normal 0 -1 0
    outer loop
      vertex 44.25 26 20
      vertex 35.662632135009765 26 14.461501876182147
      vertex 36.25 26 14.5
    endloop
  endfacet
  facet normal 0 -1 0
    outer loop
      vertex 44.25 26 20
      vertex 36.25 26 14.5
      vertex 36.837367864990235 26 14.461501876182147
    endloop
  endfacet
  facet normal 0 -1 0
    outer loop
      vertex 44.25 26 20
      vertex 36.837367864990235 26 14.461501876182147
      vertex 37.41468570296134 26 14.346666218300808
    endloop
  endfacet
  facet normal 0 -1 0
    outer loop
      vertex 44.25 26 20
      vertex 39.43198051533946 26 13.181980515339465
      vertex 39.820090031310556 26 12.739426430539243
    endloop
  endfacet
  facet normal 0 -1 0
    outer loop
      vertex 44.25 26 20
      vertex 38.98942643053924 26 13.570090031310558
      vertex 39.43198051533946 26 13.181980515339465
    endloop
  endfacet
  facet normal 0 0 1
    outer loop
      vertex 28.25 26 20
      vertex 44.25 26 20
      vertex 62.5 34 20
    endloop
  endfacet
  facet normal 0.9951847267123091 0.09801713992229388 0
    outer loop
      vertex 72.3078528046608 25.950903221964836 0
      vertex 72.3078528046608 25.950903221964836 20
      vertex 72.5 24 20
    endloop
  endfacet
  facet normal 0 0 1
    outer loop
      vertex 44.25 10 20
      vertex 72.5 24 20
      vertex 72.3078528046608 25.950903221964836 20
    endloop
  endfacet
  facet normal 0 0 1
    outer loop
      vertex 44.25 10 20
      vertex 72.3078528046608 25.950903221964836 20
      vertex 71.73879532516003 27.826834321022034 20
    endloop
  endfacet
  facet normal 0 0 1
    outer loop
      vertex 44.25 10 20
      vertex 71.73879532516003 27.826834321022034 20
      vertex 70.81469612568617 29.555702328681946 20
    endloop
  endfacet
  facet normal 0 0 1
    outer loop
      vertex 44.25 10 20
      vertex 68.05570232868195 32.31469612568617 20
      vertex 66.32683432102203 33.23879532516003 20
    endloop
  endfacet
  facet normal 0 0 1
    outer loop
      vertex 44.25 10 20
      vertex 69.5710678100586 31.071067810058594 20
      vertex 68.05570232868195 32.31469612568617 20
    endloop
  endfacet
  facet normal 0 0 1
    outer loop
      vertex 44.25 10 20
      vertex 70.81469612568617 29.555702328681946 20
      vertex 69.5710678100586 31.071067810058594 20
    endloop
  endfacet
  facet normal 0.09801713992230306 0.9951847267123083 0
    outer loop
      vertex 62.5 34 20
      vertex 62.70190296114372 33.98011429409841 12.29809703885628
      vertex 62.5 34 12.06787083591497
    endloop
  endfacet
  facet normal 0.09801713992228621 0.9951847267123098 -4.462611227924183e-16
    outer loop
      vertex 62.5 34 20
      vertex 63.02152535572166 33.94863423604413 12.578398355946515
      vertex 62.70190296114372 33.98011429409841 12.29809703885628
    endloop
  endfacet
  facet normal 0.9569403354593055 0.2902846781541045 0
    outer loop
      vertex 71.73879532516003 27.826834321022034 0
      vertex 71.73879532516003 27.826834321022034 20
      vertex 72.3078528046608 25.950903221964836 20
    endloop
  endfacet
  facet normal 0.8819212650289855 0.47139673555262745 0
    outer loop
      vertex 70.81469612568617 29.555702328681946 0
      vertex 70.81469612568617 29.555702328681946 20
      vertex 71.73879532516003 27.826834321022034 20
    endloop
  endfacet
  facet normal 0.634393285598689 0.7730104521850272 2.3040168244379223e-16
    outer loop
      vertex 68.05570232868195 32.31469612568617 0
      vertex 68.25 32.1552401471244 10
      vertex 69.5710678100586 31.071067810058594 20
    endloop
  endfacet
  facet normal 0.47139673555263045 0.881921265028984 -3.7778626877431284e-16
    outer loop
      vertex 68.05570232868195 32.31469612568617 20
      vertex 68.00260848066168 32.343075378604915 11.243721155186542
      vertex 67.81458256229942 32.44357732546787 11.625
    endloop
  endfacet
  facet normal 0.47139673555263484 0.8819212650289816 -5.414656080389065e-16
    outer loop
      vertex 68.05570232868195 32.31469612568617 20
      vertex 67.81458256229942 32.44357732546787 11.625
      vertex 67.57839835594652 32.569820413460754 11.978474644278343
    endloop
  endfacet
  facet normal 0.47139673555263445 0.8819212650289818 -5.092833223059984e-16
    outer loop
      vertex 68.05570232868195 32.31469612568617 20
      vertex 67.57839835594652 32.569820413460754 11.978474644278343
      vertex 67.29809703885628 32.71964458834682 12.29809703885628
    endloop
  endfacet
  facet normal 0.4713967355526282 0.881921265028985 2.8281862014408217e-16
    outer loop
      vertex 68.05570232868195 32.31469612568617 20
      vertex 67.29809703885628 32.71964458834682 12.29809703885628
      vertex 66.97847464427834 32.89048631695465 12.578398355946515
    endloop
  endfacet
  facet normal 0.7730104521850257 0.6343932855986909 0
    outer loop
      vertex 69.5710678100586 31.071067810058594 0
      vertex 69.5710678100586 31.071067810058594 20
      vertex 70.81469612568617 29.555702328681946 20
    endloop
  endfacet
  facet normal 0.6343932855986939 0.7730104521850231 -7.755236024048724e-16
    outer loop
      vertex 69.5710678100586 31.071067810058594 20
      vertex 68.25 32.1552401471244 10
      vertex 68.22219579946488 32.1780584648859 10.424210124715168
    endloop
  endfacet
  facet normal 0.6343932855987051 0.773010452185014 -3.5355148404219373e-15
    outer loop
      vertex 69.5710678100586 31.071067810058594 20
      vertex 68.22219579946488 32.1780584648859 10.424210124715168
      vertex 68.13925893543947 32.24612299042707 10.841161896583193
    endloop
  endfacet
  facet normal 0.6343932855986804 0.7730104521850343 3.031365906866595e-15
    outer loop
      vertex 69.5710678100586 31.071067810058594 20
      vertex 68.13925893543947 32.24612299042707 10.841161896583193
      vertex 68.05570232868195 32.31469612568617 11.087311722593046
    endloop
  endfacet
  facet normal 0.47139673555258194 0.8819212650290099 0
    outer loop
      vertex 68.05570232868195 32.31469612568617 20
      vertex 68.05570232868195 32.31469612568617 11.087311722593046
      vertex 68.00260848066168 32.343075378604915 11.243721155186542
    endloop
  endfacet
  facet normal 0.09801713992228729 0.9951847267123097 -3.670822612518137e-16
    outer loop
      vertex 62.5 34 20
      vertex 63.375 33.91382002242404 12.814582562299424
      vertex 63.02152535572166 33.94863423604413 12.578398355946515
    endloop
  endfacet
  facet normal 0.09801713992229434 0.9951847267123091 4.986864041075959e-16
    outer loop
      vertex 62.5 34 20
      vertex 63.75627884481346 33.87626733408551 13.002608480661682
      vertex 63.375 33.91382002242404 12.814582562299424
    endloop
  endfacet
  facet normal 0 0 1
    outer loop
      vertex 44.25 26 20
      vertex 64.45090322196484 33.8078528046608 20
      vertex 62.5 34 20
    endloop
  endfacet
  facet normal 0 0 1
    outer loop
      vertex 44.25 26 20
      vertex 66.32683432102203 33.23879532516003 20
      vertex 64.45090322196484 33.8078528046608 20
    endloop
  endfacet
  facet normal 0.09801713992230911 0.9951847267123077 -1.113045499965773e-15
    outer loop
      vertex 64.45090322196484 33.8078528046608 20
      vertex 64.15883810341681 33.83661870793758 13.139258935439472
      vertex 63.75627884481346 33.87626733408551 13.002608480661682
    endloop
  endfacet
  facet normal 0.0980171399222832 0.9951847267123103 0
    outer loop
      vertex 64.45090322196484 33.8078528046608 20
      vertex 64.45090322196484 33.8078528046608 13.197354299598882
      vertex 64.15883810341681 33.83661870793758 13.139258935439472
    endloop
  endfacet
  facet normal 0.2902846781541155 0.956940335459302 0
    outer loop
      vertex 64.45090322196484 33.8078528046608 20
      vertex 64.57578987528483 33.769968852421144 13.222195799464885
      vertex 64.45090322196484 33.8078528046608 13.197354299598882
    endloop
  endfacet
  facet normal 0.29028467815411213 0.9569403354593032 -1.3466451811007903e-15
    outer loop
      vertex 66.32683432102203 33.23879532516003 20
      vertex 65.42421012471517 33.51260338258012 13.222195799464885
      vertex 65 33.641286117500634 13.25
    endloop
  endfacet
  facet normal 0.2902846781540975 0.9569403354593076 -3.6343824982605914e-16
    outer loop
      vertex 64.45090322196484 33.8078528046608 20
      vertex 65 33.641286117500634 13.25
      vertex 64.57578987528483 33.769968852421144 13.222195799464885
    endloop
  endfacet
  facet normal 0.4713967355526236 0.8819212650289876 1.1312503951249135e-15
    outer loop
      vertex 68.05570232868195 32.31469612568617 20
      vertex 66.97847464427834 32.89048631695465 12.578398355946515
      vertex 66.625 33.07942244994148 12.814582562299424
    endloop
  endfacet
  facet normal 0.47139673555262546 0.8819212650289866 6.658439183223744e-16
    outer loop
      vertex 68.05570232868195 32.31469612568617 20
      vertex 66.625 33.07942244994148 12.814582562299424
      vertex 66.32683432102203 33.23879532516003 12.961621603086925
    endloop
  endfacet
  facet normal 0.29028467815410447 0.9569403354593053 -2.532461509693344e-16
    outer loop
      vertex 66.32683432102203 33.23879532516003 20
      vertex 65.84116189658319 33.386122444931694 13.139258935439472
      vertex 65.42421012471517 33.51260338258012 13.222195799464885
    endloop
  endfacet
  facet normal 0.29028467815409714 0.9569403354593076 3.169063721914029e-16
    outer loop
      vertex 66.32683432102203 33.23879532516003 20
      vertex 66.24372115518653 33.26400742846566 13.002608480661682
      vertex 65.84116189658319 33.386122444931694 13.139258935439472
    endloop
  endfacet
  facet normal 0.29028467815412157 0.9569403354593002 0
    outer loop
      vertex 66.32683432102203 33.23879532516003 20
      vertex 66.32683432102203 33.23879532516003 12.961621603086925
      vertex 66.24372115518653 33.26400742846566 13.002608480661682
    endloop
  endfacet
  facet normal 0.6343932855986909 0.7730104521850257 0
    outer loop
      vertex 69.5710678100586 31.071067810058594 20
      vertex 68.05570232868195 32.31469612568617 11.087311722593046
      vertex 68.05570232868195 32.31469612568617 20
    endloop
  endfacet
  facet normal 0.09801713992229388 0.9951847267123091 4.1128857767086474e-16
    outer loop
      vertex 62.5 34 20
      vertex 64.45090322196484 33.8078528046608 20
      vertex 63.75627884481346 33.87626733408551 13.002608480661682
    endloop
  endfacet
  facet normal 0.2902846781541045 0.9569403354593055 2.6367473456029163e-16
    outer loop
      vertex 64.45090322196484 33.8078528046608 20
      vertex 66.32683432102203 33.23879532516003 20
      vertex 65 33.641286117500634 13.25
    endloop
  endfacet
  facet normal 0.4713967355526275 0.8819212650289855 0
    outer loop
      vertex 66.32683432102203 33.23879532516003 20
      vertex 68.05570232868195 32.31469612568617 20
      vertex 66.32683432102203 33.23879532516003 12.961621603086925
    endloop
  endfacet
  facet normal 0.555570233019605 0 0.8314696123025435
    outer loop
      vertex 34 27.25 6.102885682970026
      vertex 33.51057356946076 26 6.429909968689442
      vertex 34 26 6.102885682970026
    endloop
  endfacet
  facet normal 0.19509032201612825 0 0.9807852804032304
    outer loop
      vertex 35.662632135009765 27.25 5.5384981238178534
      vertex 35.08531429703866 26 5.653333781699192
      vertex 35.662632135009765 26 5.5384981238178534
    endloop
  endfacet
  facet normal 0.06540312923014331 0 0.9978589232386035
    outer loop
      vertex 36.25 27.25 5.5
      vertex 35.662632135009765 26 5.5384981238178534
      vertex 36.25 26 5.5
    endloop
  endfacet
  facet normal 0.4422886902189983 0 0.8968727415326898
    outer loop
      vertex 34.5279245543571 27.25 5.84254210369921
      vertex 34 26 6.102885682970026
      vertex 34.5279245543571 26 5.84254210369921
    endloop
  endfacet
  facet normal 0.32143946530316414 0 0.9469301294951049
    outer loop
      vertex 35.08531429703866 27.25 5.653333781699192
      vertex 34.5279245543571 26 5.84254210369921
      vertex 35.08531429703866 26 5.653333781699192
    endloop
  endfacet
  facet normal 0.19509032201612825 0 0.9807852804032304
    outer loop
      vertex 35.08531429703866 27.25 5.653333781699192
      vertex 35.08531429703866 26 5.653333781699192
      vertex 35.662632135009765 27.25 5.5384981238178534
    endloop
  endfacet
  facet normal 0.06540312923014331 0 0.9978589232386035
    outer loop
      vertex 35.662632135009765 27.25 5.5384981238178534
      vertex 35.662632135009765 26 5.5384981238178534
      vertex 36.25 27.25 5.5
    endloop
  endfacet
  facet normal 0 -1 0
    outer loop
      vertex 35.08531429703866 27.25 5.653333781699192
      vertex 35.662632135009765 27.25 5.5384981238178534
      vertex 36.837367864990235 27.25 5.5384981238178534
    endloop
  endfacet
  facet normal 0.32143946530316414 -7.183330374573465e-18 0.9469301294951049
    outer loop
      vertex 35.08531429703866 27.25 5.653333781699192
      vertex 34.5279245543571 27.25 5.84254210369921
      vertex 34.5279245543571 26 5.84254210369921
    endloop
  endfacet
  facet normal 0.4422886902189983 6.581225908010089e-18 0.8968727415326898
    outer loop
      vertex 34.5279245543571 27.25 5.84254210369921
      vertex 34 27.25 6.102885682970026
      vertex 34 26 6.102885682970026
    endloop
  endfacet
  facet normal 0 -1 0
    outer loop
      vertex 35.08531429703866 27.25 5.653333781699192
      vertex 37.41468570296134 27.25 5.653333781699192
      vertex 34.5279245543571 27.25 5.84254210369921
    endloop
  endfacet
  facet normal 0 -1 0
    outer loop
      vertex 34.5279245543571 27.25 5.84254210369921
      vertex 37.9720754456429 27.25 5.84254210369921
      vertex 34 27.25 6.102885682970026
    endloop
  endfacet
  facet normal 0 -1 0
    outer loop
      vertex 34 27.25 6.102885682970026
      vertex 38.5 27.25 6.102885682970026
      vertex 33.51057356946076 27.25 6.429909968689442
    endloop
  endfacet
  facet normal 0.6593458151000676 0 0.7518398074789785
    outer loop
      vertex 33.51057356946076 27.25 6.429909968689442
      vertex 33.06801948466054 26 6.818019484660535
      vertex 33.51057356946076 26 6.429909968689442
    endloop
  endfacet
  facet normal 0.8314696123025439 0 0.5555702330196043
    outer loop
      vertex 32.679909968689444 27.25 7.260573569460757
      vertex 32.352885682970026 26 7.75
      vertex 32.679909968689444 26 7.260573569460757
    endloop
  endfacet
  facet normal 0.7518398074789769 0 0.6593458151000693
    outer loop
      vertex 33.06801948466054 27.25 6.818019484660535
      vertex 32.679909968689444 26 7.260573569460757
      vertex 33.06801948466054 26 6.818019484660535
    endloop
  endfacet
  facet normal 0.555570233019605 4.033606570701947e-18 0.8314696123025435
    outer loop
      vertex 34 27.25 6.102885682970026
      vertex 33.51057356946076 27.25 6.429909968689442
      vertex 33.51057356946076 26 6.429909968689442
    endloop
  endfacet
  facet normal 0.6593458151000676 -4.2515126895758566e-18 0.7518398074789785
    outer loop
      vertex 33.51057356946076 27.25 6.429909968689442
      vertex 33.06801948466054 27.25 6.818019484660535
      vertex 33.06801948466054 26 6.818019484660535
    endloop
  endfacet
  facet normal 0.7518398074789769 7.950225066141877e-18 0.6593458151000693
    outer loop
      vertex 33.06801948466054 27.25 6.818019484660535
      vertex 32.679909968689444 27.25 7.260573569460757
      vertex 32.679909968689444 26 7.260573569460757
    endloop
  endfacet
  facet normal 0 -1 0
    outer loop
      vertex 33.51057356946076 27.25 6.429909968689442
      vertex 38.98942643053924 27.25 6.429909968689442
      vertex 33.06801948466054 27.25 6.818019484660535
    endloop
  endfacet
  facet normal 0 -1 0
    outer loop
      vertex 33.06801948466054 27.25 6.818019484660535
      vertex 39.43198051533946 27.25 6.818019484660535
      vertex 32.679909968689444 27.25 7.260573569460757
    endloop
  endfacet
  facet normal 0 -1 0
    outer loop
      vertex 32.679909968689444 27.25 7.260573569460757
      vertex 39.820090031310556 27.25 7.260573569460757
      vertex 32.352885682970026 27.25 7.75
    endloop
  endfacet
  facet normal 0.896872741532688 0 0.4422886902190019
    outer loop
      vertex 32.352885682970026 27.25 7.75
      vertex 32.09254210369921 26 8.277924554357096
      vertex 32.352885682970026 26 7.75
    endloop
  endfacet
  facet normal 0.9469301294951059 0 0.3214394653031609
    outer loop
      vertex 32.09254210369921 27.25 8.277924554357096
      vertex 31.903333781699192 26 8.835314297038657
      vertex 32.09254210369921 26 8.277924554357096
    endloop
  endfacet
  facet normal 0.8314696123025439 1.091417508396177e-17 0.5555702330196043
    outer loop
      vertex 32.679909968689444 27.25 7.260573569460757
      vertex 32.352885682970026 27.25 7.75
      vertex 32.352885682970026 26 7.75
    endloop
  endfacet
  facet normal 0.896872741532688 0 0.4422886902190019
    outer loop
      vertex 32.09254210369921 27.25 8.277924554357096
      vertex 32.09254210369921 26 8.277924554357096
      vertex 32.352885682970026 27.25 7.75
    endloop
  endfacet
  facet normal 0.9469301294951059 7.233919593570519e-18 0.3214394653031609
    outer loop
      vertex 32.09254210369921 27.25 8.277924554357096
      vertex 31.903333781699192 27.25 8.835314297038657
      vertex 31.903333781699192 26 8.835314297038657
    endloop
  endfacet
  facet normal 0 -1 0
    outer loop
      vertex 32.09254210369921 27.25 8.277924554357096
      vertex 32.352885682970026 27.25 7.75
      vertex 40.147114317029974 27.25 7.75
    endloop
  endfacet
  facet normal 0 -1 0
    outer loop
      vertex 32.09254210369921 27.25 8.277924554357096
      vertex 40.40745789630079 27.25 8.277924554357096
      vertex 31.903333781699192 27.25 8.835314297038657
    endloop
  endfacet
  facet normal 0.9807852804032302 0 0.1950903220161291
    outer loop
      vertex 31.903333781699192 27.25 8.835314297038657
      vertex 31.788498123817853 26 9.412632135009767
      vertex 31.903333781699192 26 8.835314297038657
    endloop
  endfacet
  facet normal 0.9978589232386036 0 0.06540312923014201
    outer loop
      vertex 31.788498123817853 27.25 9.412632135009767
      vertex 31.75 26 10
      vertex 31.788498123817853 26 9.412632135009767
    endloop
  endfacet
  facet normal 0.9807852804032302 3.451617809796748e-18 0.1950903220161291
    outer loop
      vertex 31.903333781699192 27.25 8.835314297038657
      vertex 31.788498123817853 27.25 9.412632135009767
      vertex 31.788498123817853 26 9.412632135009767
    endloop
  endfacet
  facet normal 0.9978589232386036 -2.0169379418422362e-18 0.06540312923014201
    outer loop
      vertex 31.788498123817853 27.25 9.412632135009767
      vertex 31.75 27.25 10
      vertex 31.75 26 10
    endloop
  endfacet
  facet normal 0 -1 0
    outer loop
      vertex 31.903333781699192 27.25 8.835314297038657
      vertex 40.59666621830081 27.25 8.835314297038657
      vertex 31.788498123817853 27.25 9.412632135009767
    endloop
  endfacet
  facet normal 0 -1 0
    outer loop
      vertex 31.788498123817853 27.25 9.412632135009767
      vertex 40.71150187618215 27.25 9.412632135009767
      vertex 31.75 27.25 10
    endloop
  endfacet
  facet normal 0.9978589232386036 0 -0.06540312923014201
    outer loop
      vertex 31.75 27.25 10
      vertex 31.788498123817853 26 10.587367864990233
      vertex 31.75 26 10
    endloop
  endfacet
  facet normal 0.9807852804032302 0 -0.1950903220161291
    outer loop
      vertex 31.788498123817853 27.25 10.587367864990233
      vertex 31.903333781699192 26 11.164685702961343
      vertex 31.788498123817853 26 10.587367864990233
    endloop
  endfacet
  facet normal 0.9978589232386036 2.0169379418422362e-18 -0.06540312923014201
    outer loop
      vertex 31.75 27.25 10
      vertex 31.788498123817853 27.25 10.587367864990233
      vertex 31.788498123817853 26 10.587367864990233
    endloop
  endfacet
  facet normal 0.9807852804032302 -3.451617809796748e-18 -0.1950903220161291
    outer loop
      vertex 31.788498123817853 27.25 10.587367864990233
      vertex 31.903333781699192 27.25 11.164685702961343
      vertex 31.903333781699192 26 11.164685702961343
    endloop
  endfacet
  facet normal 0 -1 0
    outer loop
      vertex 31.75 27.25 10
      vertex 40.75 27.25 10
      vertex 31.788498123817853 27.25 10.587367864990233
    endloop
  endfacet
  facet normal 0 -1 0
    outer loop
      vertex 31.788498123817853 27.25 10.587367864990233
      vertex 40.71150187618215 27.25 10.587367864990233
      vertex 31.903333781699192 27.25 11.164685702961343
    endloop
  endfacet
  facet normal 0.9469301294951059 0 -0.3214394653031609
    outer loop
      vertex 31.903333781699192 27.25 11.164685702961343
      vertex 32.09254210369921 26 11.722075445642904
      vertex 31.903333781699192 26 11.164685702961343
    endloop
  endfacet
  facet normal 0.896872741532688 0 -0.4422886902190019
    outer loop
      vertex 32.09254210369921 27.25 11.722075445642904
      vertex 32.352885682970026 26 12.25
      vertex 32.09254210369921 26 11.722075445642904
    endloop
  endfacet
  facet normal 0.8314696123025439 0 -0.5555702330196043
    outer loop
      vertex 32.352885682970026 27.25 12.25
      vertex 32.679909968689444 26 12.739426430539243
      vertex 32.352885682970026 26 12.25
    endloop
  endfacet
  facet normal 0.9469301294951059 -7.233919593570519e-18 -0.3214394653031609
    outer loop
      vertex 31.903333781699192 27.25 11.164685702961343
      vertex 32.09254210369921 27.25 11.722075445642904
      vertex 32.09254210369921 26 11.722075445642904
    endloop
  endfacet
  facet normal 0.896872741532688 9.654203862988252e-18 -0.4422886902190019
    outer loop
      vertex 32.09254210369921 27.25 11.722075445642904
      vertex 32.352885682970026 27.25 12.25
      vertex 32.352885682970026 26 12.25
    endloop
  endfacet
  facet normal 0 -1 0
    outer loop
      vertex 31.903333781699192 27.25 11.164685702961343
      vertex 40.59666621830081 27.25 11.164685702961343
      vertex 32.09254210369921 27.25 11.722075445642904
    endloop
  endfacet
  facet normal 0 -1 0
    outer loop
      vertex 32.09254210369921 27.25 11.722075445642904
      vertex 40.40745789630079 27.25 11.722075445642904
      vertex 32.352885682970026 27.25 12.25
    endloop
  endfacet
  facet normal 0 -1 0
    outer loop
      vertex 32.352885682970026 27.25 12.25
      vertex 40.147114317029974 27.25 12.25
      vertex 32.679909968689444 27.25 12.739426430539243
    endloop
  endfacet
  facet normal 0.7518398074789769 0 -0.6593458151000693
    outer loop
      vertex 32.679909968689444 27.25 12.739426430539243
      vertex 33.06801948466054 26 13.181980515339465
      vertex 32.679909968689444 26 12.739426430539243
    endloop
  endfacet
  facet normal 0.6593458151000676 0 -0.7518398074789785
    outer loop
      vertex 33.06801948466054 27.25 13.181980515339465
      vertex 33.51057356946076 26 13.570090031310558
      vertex 33.06801948466054 26 13.181980515339465
    endloop
  endfacet
  facet normal 0.555570233019605 0 -0.8314696123025435
    outer loop
      vertex 33.51057356946076 27.25 13.570090031310558
      vertex 34 26 13.897114317029974
      vertex 33.51057356946076 26 13.570090031310558
    endloop
  endfacet
  facet normal 0.8314696123025439 -1.091417508396177e-17 -0.5555702330196043
    outer loop
      vertex 32.352885682970026 27.25 12.25
      vertex 32.679909968689444 27.25 12.739426430539243
      vertex 32.679909968689444 26 12.739426430539243
    endloop
  endfacet
  facet normal 0.7518398074789769 -7.950225066141877e-18 -0.6593458151000693
    outer loop
      vertex 32.679909968689444 27.25 12.739426430539243
      vertex 33.06801948466054 27.25 13.181980515339465
      vertex 33.06801948466054 26 13.181980515339465
    endloop
  endfacet
  facet normal 0.6593458151000676 4.2515126895758566e-18 -0.7518398074789785
    outer loop
      vertex 33.06801948466054 27.25 13.181980515339465
      vertex 33.51057356946076 27.25 13.570090031310558
      vertex 33.51057356946076 26 13.570090031310558
    endloop
  endfacet
  facet normal 0 -1 0
    outer loop
      vertex 32.679909968689444 27.25 12.739426430539243
      vertex 39.820090031310556 27.25 12.739426430539243
      vertex 33.06801948466054 27.25 13.181980515339465
    endloop
  endfacet
  facet normal 0 -1 0
    outer loop
      vertex 33.06801948466054 27.25 13.181980515339465
      vertex 39.43198051533946 27.25 13.181980515339465
      vertex 33.51057356946076 27.25 13.570090031310558
    endloop
  endfacet
  facet normal 0 -1 0
    outer loop
      vertex 33.51057356946076 27.25 13.570090031310558
      vertex 38.98942643053924 27.25 13.570090031310558
      vertex 34 27.25 13.897114317029974
    endloop
  endfacet
  facet normal 0.555570233019605 -4.033606570701947e-18 -0.8314696123025435
    outer loop
      vertex 33.51057356946076 27.25 13.570090031310558
      vertex 34 27.25 13.897114317029974
      vertex 34 26 13.897114317029974
    endloop
  endfacet
  facet normal 0.4422886902189995 0 -0.8968727415326891
    outer loop
      vertex 34 27.25 13.897114317029974
      vertex 34.5279245543571 26 14.15745789630079
      vertex 34 26 13.897114317029974
    endloop
  endfacet
  facet normal 0.32143946530316275 0 -0.9469301294951052
    outer loop
      vertex 34.5279245543571 27.25 14.15745789630079
      vertex 35.08531429703866 26 14.346666218300808
      vertex 34.5279245543571 26 14.15745789630079
    endloop
  endfacet
  facet normal 0.19509032201612972 0 -0.9807852804032301
    outer loop
      vertex 35.08531429703866 27.25 14.346666218300808
      vertex 35.662632135009765 26 14.461501876182147
      vertex 35.08531429703866 26 14.346666218300808
    endloop
  endfacet
  facet normal 0.06540312923014181 0 -0.9978589232386036
    outer loop
      vertex 35.662632135009765 27.25 14.461501876182147
      vertex 36.25 26 14.5
      vertex 35.662632135009765 26 14.461501876182147
    endloop
  endfacet
  facet normal 0.4422886902189995 -2.5670257847959235e-18 -0.8968727415326891
    outer loop
      vertex 34 27.25 13.897114317029974
      vertex 34.5279245543571 27.25 14.15745789630079
      vertex 34.5279245543571 26 14.15745789630079
    endloop
  endfacet
  facet normal 0.32143946530316275 1.014654726201003e-18 -0.9469301294951052
    outer loop
      vertex 34.5279245543571 27.25 14.15745789630079
      vertex 35.08531429703866 27.25 14.346666218300808
      vertex 35.08531429703866 26 14.346666218300808
    endloop
  endfacet
  facet normal 0 -1 0
    outer loop
      vertex 34 27.25 13.897114317029974
      vertex 38.5 27.25 13.897114317029974
      vertex 34.5279245543571 27.25 14.15745789630079
    endloop
  endfacet
  facet normal 0 -1 0
    outer loop
      vertex 34.5279245543571 27.25 14.15745789630079
      vertex 37.9720754456429 27.25 14.15745789630079
      vertex 35.08531429703866 27.25 14.346666218300808
    endloop
  endfacet
  facet normal 0.19509032201612972 -9.129512405765063e-18 -0.9807852804032301
    outer loop
      vertex 35.08531429703866 27.25 14.346666218300808
      vertex 35.662632135009765 27.25 14.461501876182147
      vertex 35.662632135009765 26 14.461501876182147
    endloop
  endfacet
  facet normal 0.06540312923014181 -1.3358251307634312e-18 -0.9978589232386036
    outer loop
      vertex 35.662632135009765 27.25 14.461501876182147
      vertex 36.25 27.25 14.5
      vertex 36.25 26 14.5
    endloop
  endfacet
  facet normal 0 -1 0
    outer loop
      vertex 35.08531429703866 27.25 14.346666218300808
      vertex 37.41468570296134 27.25 14.346666218300808
      vertex 35.662632135009765 27.25 14.461501876182147
    endloop
  endfacet
  facet normal -0.06540312923014331 0 0.9978589232386035
    outer loop
      vertex 36.837367864990235 27.25 5.5384981238178534
      vertex 36.25 26 5.5
      vertex 36.837367864990235 26 5.5384981238178534
    endloop
  endfacet
  facet normal -0.19509032201612825 0 0.9807852804032304
    outer loop
      vertex 37.41468570296134 27.25 5.653333781699192
      vertex 36.837367864990235 26 5.5384981238178534
      vertex 37.41468570296134 26 5.653333781699192
    endloop
  endfacet
  facet normal -0.32143946530316414 0 0.9469301294951049
    outer loop
      vertex 37.9720754456429 27.25 5.84254210369921
      vertex 37.41468570296134 26 5.653333781699192
      vertex 37.9720754456429 26 5.84254210369921
    endloop
  endfacet
  facet normal -0.4422886902189983 0 0.8968727415326898
    outer loop
      vertex 38.5 27.25 6.102885682970026
      vertex 37.9720754456429 26 5.84254210369921
      vertex 38.5 26 6.102885682970026
    endloop
  endfacet
  facet normal -0.06540312923014331 0 0.9978589232386035
    outer loop
      vertex 36.25 27.25 5.5
      vertex 36.25 26 5.5
      vertex 36.837367864990235 27.25 5.5384981238178534
    endloop
  endfacet
  facet normal -0.19509032201612825 0 0.9807852804032304
    outer loop
      vertex 36.837367864990235 27.25 5.5384981238178534
      vertex 36.837367864990235 26 5.5384981238178534
      vertex 37.41468570296134 27.25 5.653333781699192
    endloop
  endfacet
  facet normal 0 -1 0
    outer loop
      vertex 35.662632135009765 27.25 5.5384981238178534
      vertex 36.25 27.25 5.5
      vertex 36.837367864990235 27.25 5.5384981238178534
    endloop
  endfacet
  facet normal 0 -1 0
    outer loop
      vertex 35.08531429703866 27.25 5.653333781699192
      vertex 36.837367864990235 27.25 5.5384981238178534
      vertex 37.41468570296134 27.25 5.653333781699192
    endloop
  endfacet
  facet normal 0 -1 0
    outer loop
      vertex 34.5279245543571 27.25 5.84254210369921
      vertex 37.41468570296134 27.25 5.653333781699192
      vertex 37.9720754456429 27.25 5.84254210369921
    endloop
  endfacet
  facet normal 0 -1 0
    outer loop
      vertex 34 27.25 6.102885682970026
      vertex 37.9720754456429 27.25 5.84254210369921
      vertex 38.5 27.25 6.102885682970026
    endloop
  endfacet
  facet normal -0.32143946530316414 0 0.9469301294951049
    outer loop
      vertex 37.41468570296134 27.25 5.653333781699192
      vertex 37.41468570296134 26 5.653333781699192
      vertex 37.9720754456429 27.25 5.84254210369921
    endloop
  endfacet
  facet normal -0.4422886902189983 0 0.8968727415326898
    outer loop
      vertex 37.9720754456429 27.25 5.84254210369921
      vertex 37.9720754456429 26 5.84254210369921
      vertex 38.5 27.25 6.102885682970026
    endloop
  endfacet
  facet normal -0.555570233019605 0 0.8314696123025435
    outer loop
      vertex 38.5 27.25 6.102885682970026
      vertex 38.5 26 6.102885682970026
      vertex 38.98942643053924 27.25 6.429909968689442
    endloop
  endfacet
  facet normal 0 -1 0
    outer loop
      vertex 33.51057356946076 27.25 6.429909968689442
      vertex 38.5 27.25 6.102885682970026
      vertex 38.98942643053924 27.25 6.429909968689442
    endloop
  endfacet
  facet normal 0 -1 0
    outer loop
      vertex 33.06801948466054 27.25 6.818019484660535
      vertex 38.98942643053924 27.25 6.429909968689442
      vertex 39.43198051533946 27.25 6.818019484660535
    endloop
  endfacet
  facet normal 0 -1 0
    outer loop
      vertex 32.679909968689444 27.25 7.260573569460757
      vertex 39.43198051533946 27.25 6.818019484660535
      vertex 39.820090031310556 27.25 7.260573569460757
    endloop
  endfacet
  facet normal -0.555570233019605 0 0.8314696123025435
    outer loop
      vertex 38.98942643053924 27.25 6.429909968689442
      vertex 38.5 26 6.102885682970026
      vertex 38.98942643053924 26 6.429909968689442
    endloop
  endfacet
  facet normal -0.6593458151000676 0 0.7518398074789785
    outer loop
      vertex 39.43198051533946 27.25 6.818019484660535
      vertex 38.98942643053924 26 6.429909968689442
      vertex 39.43198051533946 26 6.818019484660535
    endloop
  endfacet
  facet normal -0.7518398074789769 0 0.6593458151000693
    outer loop
      vertex 39.820090031310556 27.25 7.260573569460757
      vertex 39.43198051533946 26 6.818019484660535
      vertex 39.820090031310556 26 7.260573569460757
    endloop
  endfacet
  facet normal -0.6593458151000676 0 0.7518398074789785
    outer loop
      vertex 38.98942643053924 27.25 6.429909968689442
      vertex 38.98942643053924 26 6.429909968689442
      vertex 39.43198051533946 27.25 6.818019484660535
    endloop
  endfacet
  facet normal -0.7518398074789769 0 0.6593458151000693
    outer loop
      vertex 39.43198051533946 27.25 6.818019484660535
      vertex 39.43198051533946 26 6.818019484660535
      vertex 39.820090031310556 27.25 7.260573569460757
    endloop
  endfacet
  facet normal -0.8314696123025439 0 0.5555702330196043
    outer loop
      vertex 39.820090031310556 27.25 7.260573569460757
      vertex 39.820090031310556 26 7.260573569460757
      vertex 40.147114317029974 27.25 7.75
    endloop
  endfacet
  facet normal 0 -1 0
    outer loop
      vertex 32.352885682970026 27.25 7.75
      vertex 39.820090031310556 27.25 7.260573569460757
      vertex 40.147114317029974 27.25 7.75
    endloop
  endfacet
  facet normal 0 -1 0
    outer loop
      vertex 32.09254210369921 27.25 8.277924554357096
      vertex 40.147114317029974 27.25 7.75
      vertex 40.40745789630079 27.25 8.277924554357096
    endloop
  endfacet
  facet normal 0 -1 0
    outer loop
      vertex 31.903333781699192 27.25 8.835314297038657
      vertex 40.40745789630079 27.25 8.277924554357096
      vertex 40.59666621830081 27.25 8.835314297038657
    endloop
  endfacet
  facet normal -0.8314696123025439 0 0.5555702330196043
    outer loop
      vertex 40.147114317029974 27.25 7.75
      vertex 39.820090031310556 26 7.260573569460757
      vertex 40.147114317029974 26 7.75
    endloop
  endfacet
  facet normal -0.896872741532688 0 0.4422886902190019
    outer loop
      vertex 40.40745789630079 27.25 8.277924554357096
      vertex 40.147114317029974 26 7.75
      vertex 40.40745789630079 26 8.277924554357096
    endloop
  endfacet
  facet normal -0.946930129495104 0 0.3214394653031663
    outer loop
      vertex 40.59666621830081 27.25 8.835314297038657
      vertex 40.40745789630079 26 8.277924554357096
      vertex 40.59666621830081 26 8.835314297038657
    endloop
  endfacet
  facet normal -0.896872741532688 0 0.4422886902190019
    outer loop
      vertex 40.147114317029974 27.25 7.75
      vertex 40.147114317029974 26 7.75
      vertex 40.40745789630079 27.25 8.277924554357096
    endloop
  endfacet
  facet normal -0.946930129495104 0 0.3214394653031663
    outer loop
      vertex 40.40745789630079 27.25 8.277924554357096
      vertex 40.40745789630079 26 8.277924554357096
      vertex 40.59666621830081 27.25 8.835314297038657
    endloop
  endfacet
  facet normal 0 -1 0
    outer loop
      vertex 31.788498123817853 27.25 9.412632135009767
      vertex 40.59666621830081 27.25 8.835314297038657
      vertex 40.71150187618215 27.25 9.412632135009767
    endloop
  endfacet
  facet normal 0 -1 0
    outer loop
      vertex 31.75 27.25 10
      vertex 40.71150187618215 27.25 9.412632135009767
      vertex 40.75 27.25 10
    endloop
  endfacet
  facet normal -0.9807852804032314 0 0.19509032201612334
    outer loop
      vertex 40.71150187618215 27.25 9.412632135009767
      vertex 40.59666621830081 26 8.835314297038657
      vertex 40.71150187618215 26 9.412632135009767
    endloop
  endfacet
  facet normal -0.9978589232386036 0 0.06540312923014201
    outer loop
      vertex 40.75 27.25 10
      vertex 40.71150187618215 26 9.412632135009767
      vertex 40.75 26 10
    endloop
  endfacet
  facet normal -0.9807852804032314 0 0.19509032201612334
    outer loop
      vertex 40.59666621830081 27.25 8.835314297038657
      vertex 40.59666621830081 26 8.835314297038657
      vertex 40.71150187618215 27.25 9.412632135009767
    endloop
  endfacet
  facet normal -0.9978589232386036 0 0.06540312923014201
    outer loop
      vertex 40.71150187618215 27.25 9.412632135009767
      vertex 40.71150187618215 26 9.412632135009767
      vertex 40.75 27.25 10
    endloop
  endfacet
  facet normal 0 -1 0
    outer loop
      vertex 31.788498123817853 27.25 10.587367864990233
      vertex 40.75 27.25 10
      vertex 40.71150187618215 27.25 10.587367864990233
    endloop
  endfacet
  facet normal 0 -1 0
    outer loop
      vertex 31.903333781699192 27.25 11.164685702961343
      vertex 40.71150187618215 27.25 10.587367864990233
      vertex 40.59666621830081 27.25 11.164685702961343
    endloop
  endfacet
  facet normal -0.9978589232386036 0 -0.06540312923014201
    outer loop
      vertex 40.71150187618215 27.25 10.587367864990233
      vertex 40.75 26 10
      vertex 40.71150187618215 26 10.587367864990233
    endloop
  endfacet
  facet normal -0.9807852804032314 0 -0.19509032201612334
    outer loop
      vertex 40.59666621830081 27.25 11.164685702961343
      vertex 40.71150187618215 26 10.587367864990233
      vertex 40.59666621830081 26 11.164685702961343
    endloop
  endfacet
  facet normal -0.9978589232386036 0 -0.06540312923014201
    outer loop
      vertex 40.75 27.25 10
      vertex 40.75 26 10
      vertex 40.71150187618215 27.25 10.587367864990233
    endloop
  endfacet
  facet normal -0.9807852804032314 0 -0.19509032201612334
    outer loop
      vertex 40.71150187618215 27.25 10.587367864990233
      vertex 40.71150187618215 26 10.587367864990233
      vertex 40.59666621830081 27.25 11.164685702961343
    endloop
  endfacet
  facet normal 0 -1 0
    outer loop
      vertex 32.09254210369921 27.25 11.722075445642904
      vertex 40.59666621830081 27.25 11.164685702961343
      vertex 40.40745789630079 27.25 11.722075445642904
    endloop
  endfacet
  facet normal 0 -1 0
    outer loop
      vertex 32.352885682970026 27.25 12.25
      vertex 40.40745789630079 27.25 11.722075445642904
      vertex 40.147114317029974 27.25 12.25
    endloop
  endfacet
  facet normal -0.946930129495104 0 -0.3214394653031663
    outer loop
      vertex 40.40745789630079 27.25 11.722075445642904
      vertex 40.59666621830081 26 11.164685702961343
      vertex 40.40745789630079 26 11.722075445642904
    endloop
  endfacet
  facet normal -0.896872741532688 0 -0.4422886902190019
    outer loop
      vertex 40.147114317029974 27.25 12.25
      vertex 40.40745789630079 26 11.722075445642904
      vertex 40.147114317029974 26 12.25
    endloop
  endfacet
  facet normal -0.946930129495104 0 -0.3214394653031663
    outer loop
      vertex 40.59666621830081 27.25 11.164685702961343
      vertex 40.59666621830081 26 11.164685702961343
      vertex 40.40745789630079 27.25 11.722075445642904
    endloop
  endfacet
  facet normal -0.896872741532688 0 -0.4422886902190019
    outer loop
      vertex 40.40745789630079 27.25 11.722075445642904
      vertex 40.40745789630079 26 11.722075445642904
      vertex 40.147114317029974 27.25 12.25
    endloop
  endfacet
  facet normal -0.8314696123025439 0 -0.5555702330196043
    outer loop
      vertex 40.147114317029974 27.25 12.25
      vertex 40.147114317029974 26 12.25
      vertex 39.820090031310556 27.25 12.739426430539243
    endloop
  endfacet
  facet normal 0 -1 0
    outer loop
      vertex 32.679909968689444 27.25 12.739426430539243
      vertex 40.147114317029974 27.25 12.25
      vertex 39.820090031310556 27.25 12.739426430539243
    endloop
  endfacet
  facet normal 0 -1 0
    outer loop
      vertex 33.06801948466054 27.25 13.181980515339465
      vertex 39.820090031310556 27.25 12.739426430539243
      vertex 39.43198051533946 27.25 13.181980515339465
    endloop
  endfacet
  facet normal 0 -1 0
    outer loop
      vertex 33.51057356946076 27.25 13.570090031310558
      vertex 39.43198051533946 27.25 13.181980515339465
      vertex 38.98942643053924 27.25 13.570090031310558
    endloop
  endfacet
  facet normal -0.7518398074789769 0 -0.6593458151000693
    outer loop
      vertex 39.43198051533946 27.25 13.181980515339465
      vertex 39.820090031310556 26 12.739426430539243
      vertex 39.43198051533946 26 13.181980515339465
    endloop
  endfacet
  facet normal -0.8314696123025439 0 -0.5555702330196043
    outer loop
      vertex 39.820090031310556 27.25 12.739426430539243
      vertex 40.147114317029974 26 12.25
      vertex 39.820090031310556 26 12.739426430539243
    endloop
  endfacet
  facet normal -0.6593458151000676 0 -0.7518398074789785
    outer loop
      vertex 38.98942643053924 27.25 13.570090031310558
      vertex 39.43198051533946 26 13.181980515339465
      vertex 38.98942643053924 26 13.570090031310558
    endloop
  endfacet
  facet normal -0.7518398074789769 0 -0.6593458151000693
    outer loop
      vertex 39.820090031310556 27.25 12.739426430539243
      vertex 39.820090031310556 26 12.739426430539243
      vertex 39.43198051533946 27.25 13.181980515339465
    endloop
  endfacet
  facet normal -0.6593458151000676 0 -0.7518398074789785
    outer loop
      vertex 39.43198051533946 27.25 13.181980515339465
      vertex 39.43198051533946 26 13.181980515339465
      vertex 38.98942643053924 27.25 13.570090031310558
    endloop
  endfacet
  facet normal -0.555570233019605 0 -0.8314696123025435
    outer loop
      vertex 38.98942643053924 27.25 13.570090031310558
      vertex 38.98942643053924 26 13.570090031310558
      vertex 38.5 27.25 13.897114317029974
    endloop
  endfacet
  facet normal -0.32143946530316275 0 -0.9469301294951052
    outer loop
      vertex 37.41468570296134 27.25 14.346666218300808
      vertex 37.9720754456429 26 14.15745789630079
      vertex 37.41468570296134 26 14.346666218300808
    endloop
  endfacet
  facet normal -0.4422886902189995 0 -0.8968727415326891
    outer loop
      vertex 37.9720754456429 27.25 14.15745789630079
      vertex 38.5 26 13.897114317029974
      vertex 37.9720754456429 26 14.15745789630079
    endloop
  endfacet
  facet normal -0.06540312923014181 0 -0.9978589232386036
    outer loop
      vertex 36.25 27.25 14.5
      vertex 36.837367864990235 26 14.461501876182147
      vertex 36.25 26 14.5
    endloop
  endfacet
  facet normal -0.19509032201612972 0 -0.9807852804032301
    outer loop
      vertex 36.837367864990235 27.25 14.461501876182147
      vertex 37.41468570296134 26 14.346666218300808
      vertex 36.837367864990235 26 14.461501876182147
    endloop
  endfacet
  facet normal 0 -1 0
    outer loop
      vertex 34 27.25 13.897114317029974
      vertex 38.98942643053924 27.25 13.570090031310558
      vertex 38.5 27.25 13.897114317029974
    endloop
  endfacet
  facet normal 0 -1 0
    outer loop
      vertex 34.5279245543571 27.25 14.15745789630079
      vertex 38.5 27.25 13.897114317029974
      vertex 37.9720754456429 27.25 14.15745789630079
    endloop
  endfacet
  facet normal 0 -1 0
    outer loop
      vertex 35.08531429703866 27.25 14.346666218300808
      vertex 37.9720754456429 27.25 14.15745789630079
      vertex 37.41468570296134 27.25 14.346666218300808
    endloop
  endfacet
  facet normal -0.4422886902189995 0 -0.8968727415326891
    outer loop
      vertex 38.5 27.25 13.897114317029974
      vertex 38.5 26 13.897114317029974
      vertex 37.9720754456429 27.25 14.15745789630079
    endloop
  endfacet
  facet normal -0.32143946530316275 0 -0.9469301294951052
    outer loop
      vertex 37.9720754456429 27.25 14.15745789630079
      vertex 37.9720754456429 26 14.15745789630079
      vertex 37.41468570296134 27.25 14.346666218300808
    endloop
  endfacet
  facet normal -0.06540312923014181 1.3358251307634312e-18 -0.9978589232386036
    outer loop
      vertex 36.25 27.25 14.5
      vertex 36.837367864990235 27.25 14.461501876182147
      vertex 36.837367864990235 26 14.461501876182147
    endloop
  endfacet
  facet normal -0.19509032201612972 9.129512405765063e-18 -0.9807852804032301
    outer loop
      vertex 36.837367864990235 27.25 14.461501876182147
      vertex 37.41468570296134 27.25 14.346666218300808
      vertex 37.41468570296134 26 14.346666218300808
    endloop
  endfacet
  facet normal 0 -1 0
    outer loop
      vertex 35.662632135009765 27.25 14.461501876182147
      vertex 36.837367864990235 27.25 14.461501876182147
      vertex 36.25 27.25 14.5
    endloop
  endfacet
  facet normal 0 -1 0
    outer loop
      vertex 35.662632135009765 27.25 14.461501876182147
      vertex 37.41468570296134 27.25 14.346666218300808
      vertex 36.837367864990235 27.25 14.461501876182147
    endloop
  endfacet
  facet normal -0.555570233019605 0 -0.8314696123025435
    outer loop
      vertex 38.5 27.25 13.897114317029974
      vertex 38.98942643053924 26 13.570090031310558
      vertex 38.5 26 13.897114317029974
    endloop
  endfacet
endsolid OpenSCAD_Model
