solid OpenSCAD_Model
  facet normal 0 0 -1
    outer loop
      vertex -4.440752989145518 -5.411073173539159 0
      vertex -3.748165373480509 -2.00343613151049 0
      vertex -3.8889916311372152 -5.820287286117817 0
    endloop
  endfacet
  facet normal 0 0 -1
    outer loop
      vertex -3.8889916311372152 -5.820287286117817 0
      vertex -3.533745852285817 -2.361173490333309 0
      vertex -3.285294426791632 -2.696171457695493 0
    endloop
  endfacet
  facet normal -0.7409511253549591 -0.6715589548470186 0
    outer loop
      vertex -5.411073173539159 -4.440752989145518 0
      vertex -4.949747468305833 -4.949747468305833 0
      vertex -5.411073173539159 -4.440752989145518 2
    endloop
  endfacet
  facet normal -0.8032075314806448 -0.5956993044924332 3.1304656112467444e-18
    outer loop
      vertex -5.411073173539159 -4.440752989145518 0
      vertex -5.820287286117817 -3.8889916311372152 2
      vertex -5.820287286117817 -3.8889916311372152 0
    endloop
  endfacet
  facet normal -0.6715589548470186 -0.7409511253549591 0
    outer loop
      vertex -4.440752989145518 -5.411073173539159 0
      vertex -4.440752989145518 -5.411073173539159 2
      vertex -4.949747468305833 -4.949747468305833 0
    endloop
  endfacet
  facet normal -0.5956993044924332 -0.8032075314806448 3.1304656112467444e-18
    outer loop
      vertex -4.440752989145518 -5.411073173539159 0
      vertex -3.8889916311372152 -5.820287286117817 0
      vertex -3.8889916311372152 -5.820287286117817 2
    endloop
  endfacet
  facet normal 0 0 -1
    outer loop
      vertex -6.1734488504384855 -3.2997771577819837 0
      vertex -6.467156727579007 -2.6787840265556286 0
      vertex -6.1734488504384855 3.2997771577819837 0
    endloop
  endfacet
  facet normal 0 0 -1
    outer loop
      vertex -6.698582350125462 -2.031992740781236 0
      vertex -6.865496962822613 -1.3656322541128978 0
      vertex -6.698582350125462 2.031992740781236 0
    endloop
  endfacet
  facet normal 0 0 -1
    outer loop
      vertex -6.865496962822613 -1.3656322541128978 0
      vertex -6.966293086705378 -0.6861199823069242 0
      vertex -6.865496962822613 1.3656322541128978 0
    endloop
  endfacet
  facet normal 0 0 -1
    outer loop
      vertex -6.467156727579007 -2.6787840265556286 0
      vertex -6.698582350125462 -2.031992740781236 0
      vertex -6.467156727579007 2.6787840265556286 0
    endloop
  endfacet
  facet normal 0 0 -1
    outer loop
      vertex -5.820287286117817 -3.8889916311372152 0
      vertex -6.1734488504384855 -3.2997771577819837 0
      vertex -5.820287286117817 3.8889916311372152 0
    endloop
  endfacet
  facet normal 0 0 -1
    outer loop
      vertex -5.411073173539159 -4.440752989145518 0
      vertex -5.820287286117817 -3.8889916311372152 0
      vertex -5.411073173539159 4.440752989145518 0
    endloop
  endfacet
  facet normal 0 0 -1
    outer loop
      vertex -4.440752989145518 -5.411073173539159 0
      vertex -3.9264880131729685 -1.6264045875516315 0
      vertex -3.748165373480509 -2.00343613151049 0
    endloop
  endfacet
  facet normal 0 0 -1
    outer loop
      vertex -4.440752989145518 -5.411073173539159 0
      vertex -4.066996426861888 -1.2337098783314648 0
      vertex -3.9264880131729685 -1.6264045875516315 0
    endloop
  endfacet
  facet normal 0 0 -1
    outer loop
      vertex -3.8889916311372152 -5.820287286117817 0
      vertex -3.748165373480509 -2.00343613151049 0
      vertex -3.533745852285817 -2.361173490333309 0
    endloop
  endfacet
  facet normal 0 0 -1
    outer loop
      vertex -4.440752989145518 -5.411073173539159 0
      vertex -4.16833744171373 -0.8291338685685451 0
      vertex -4.066996426861888 -1.2337098783314648 0
    endloop
  endfacet
  facet normal 0 0 -1
    outer loop
      vertex -4.440752989145518 -5.411073173539159 0
      vertex -4.229535088356837 -0.4165728464006326 0
      vertex -4.16833744171373 -0.8291338685685451 0
    endloop
  endfacet
  facet normal 0 0 -1
    outer loop
      vertex -4.440752989145518 -5.411073173539159 0
      vertex -4.25 0 0
      vertex -4.229535088356837 -0.4165728464006326 0
    endloop
  endfacet
  facet normal 0 0 -1
    outer loop
      vertex -5.411073173539159 -4.440752989145518 0
      vertex -4.949747468305833 4.949747468305833 0
      vertex -4.949747468305833 -4.949747468305833 0
    endloop
  endfacet
  facet normal 0 0 -1
    outer loop
      vertex -4.440752989145518 -5.411073173539159 0
      vertex -4.949747468305833 -4.949747468305833 0
      vertex -4.440752989145518 5.411073173539159 0
    endloop
  endfacet
  facet normal -0.9039892931234437 -0.4275550934302815 -7.716649533114656e-18
    outer loop
      vertex -6.1734488504384855 -3.2997771577819837 0
      vertex -6.467156727579007 -2.6787840265556286 2
      vertex -6.467156727579007 -2.6787840265556286 0
    endloop
  endfacet
  facet normal -0.9415440651830207 -0.3368898533922201 7.990267214063886e-18
    outer loop
      vertex -6.467156727579007 -2.6787840265556286 0
      vertex -6.698582350125462 -2.031992740781236 2
      vertex -6.698582350125462 -2.031992740781236 0
    endloop
  endfacet
  facet normal -0.8577286100002719 -0.5141027441932219 2.790882487020713e-18
    outer loop
      vertex -5.820287286117817 -3.8889916311372152 0
      vertex -6.1734488504384855 -3.2997771577819837 2
      vertex -6.1734488504384855 -3.2997771577819837 0
    endloop
  endfacet
  facet normal -0.9700312531945441 -0.24298017990326393 -2.6359290323448036e-18
    outer loop
      vertex -6.698582350125462 -2.031992740781236 0
      vertex -6.865496962822613 -1.3656322541128978 2
      vertex -6.865496962822613 -1.3656322541128978 0
    endloop
  endfacet
  facet normal -0.989176509964781 -0.14673047445536205 2.1676701392619705e-18
    outer loop
      vertex -6.865496962822613 -1.3656322541128978 0
      vertex -6.966293086705378 -0.6861199823069242 2
      vertex -6.966293086705378 -0.6861199823069242 0
    endloop
  endfacet
  facet normal -0.9987954562051724 -0.04906767432741791 -3.116758559982449e-20
    outer loop
      vertex -6.966293086705378 -0.6861199823069242 0
      vertex -7 0 2
      vertex -7 0 0
    endloop
  endfacet
  facet normal 0 0 -1
    outer loop
      vertex -3.2997771577819837 -6.1734488504384855 0
      vertex -2.361173490333309 -3.533745852285817 0
      vertex -2.6787840265556286 -6.467156727579007 0
    endloop
  endfacet
  facet normal 0 0 -1
    outer loop
      vertex -2.6787840265556286 -6.467156727579007 0
      vertex -2.00343613151049 -3.748165373480509 0
      vertex -2.031992740781236 -6.698582350125462 0
    endloop
  endfacet
  facet normal 0 0 -1
    outer loop
      vertex -3.8889916311372152 -5.820287286117817 0
      vertex -3.285294426791632 -2.696171457695493 0
      vertex -3.2997771577819837 -6.1734488504384855 0
    endloop
  endfacet
  facet normal 0 0 -1
    outer loop
      vertex -3.2997771577819837 -6.1734488504384855 0
      vertex -3.285294426791632 -2.696171457695493 0
      vertex -3.0052038200428273 -3.0052038200428273 0
    endloop
  endfacet
  facet normal 0 0 -1
    outer loop
      vertex -3.2997771577819837 -6.1734488504384855 0
      vertex -3.0052038200428273 -3.0052038200428273 0
      vertex -2.696171457695493 -3.285294426791632 0
    endloop
  endfacet
  facet normal 0 0 -1
    outer loop
      vertex -3.2997771577819837 -6.1734488504384855 0
      vertex -2.696171457695493 -3.285294426791632 0
      vertex -2.361173490333309 -3.533745852285817 0
    endloop
  endfacet
  facet normal 0 0 -1
    outer loop
      vertex -2.6787840265556286 -6.467156727579007 0
      vertex -2.361173490333309 -3.533745852285817 0
      vertex -2.00343613151049 -3.748165373480509 0
    endloop
  endfacet
  facet normal 0 0 -1
    outer loop
      vertex -2.031992740781236 -6.698582350125462 0
      vertex -2.00343613151049 -3.748165373480509 0
      vertex -1.6264045875516315 -3.9264880131729685 0
    endloop
  endfacet
  facet normal 0 0 -1
    outer loop
      vertex -2.031992740781236 -6.698582350125462 0
      vertex -1.2337098783314648 -4.066996426861888 0
      vertex -1.3656322541128978 -6.865496962822613 0
    endloop
  endfacet
  facet normal 0 0 -1
    outer loop
      vertex -1.3656322541128978 -6.865496962822613 0
      vertex -0.4165728464006326 -4.229535088356837 0
      vertex -0.6861199823069242 -6.966293086705378 0
    endloop
  endfacet
  facet normal 0 0 -1
    outer loop
      vertex -0.6861199823069242 -6.966293086705378 0
      vertex -0.4165728464006326 -4.229535088356837 0
      vertex 0 -7 0
    endloop
  endfacet
  facet normal 0 0 -1
    outer loop
      vertex -2.031992740781236 -6.698582350125462 0
      vertex -1.6264045875516315 -3.9264880131729685 0
      vertex -1.2337098783314648 -4.066996426861888 0
    endloop
  endfacet
  facet normal 0 0 -1
    outer loop
      vertex -1.3656322541128978 -6.865496962822613 0
      vertex -1.2337098783314648 -4.066996426861888 0
      vertex -0.8291338685685451 -4.16833744171373 0
    endloop
  endfacet
  facet normal 0 0 -1
    outer loop
      vertex -1.3656322541128978 -6.865496962822613 0
      vertex -0.8291338685685451 -4.16833744171373 0
      vertex -0.4165728464006326 -4.229535088356837 0
    endloop
  endfacet
  facet normal 0 0 -1
    outer loop
      vertex 0 -7 0
      vertex -0.4165728464006326 -4.229535088356837 0
      vertex 0 -4.25 0
    endloop
  endfacet
  facet normal -0.4275550934302815 -0.9039892931234437 -7.716649533114656e-18
    outer loop
      vertex -3.2997771577819837 -6.1734488504384855 0
      vertex -2.6787840265556286 -6.467156727579007 0
      vertex -2.6787840265556286 -6.467156727579007 2
    endloop
  endfacet
  facet normal -0.5141027441932219 -0.8577286100002719 2.790882487020713e-18
    outer loop
      vertex -3.8889916311372152 -5.820287286117817 0
      vertex -3.2997771577819837 -6.1734488504384855 0
      vertex -3.2997771577819837 -6.1734488504384855 2
    endloop
  endfacet
  facet normal -0.3368898533922201 -0.9415440651830207 7.990267214063886e-18
    outer loop
      vertex -2.6787840265556286 -6.467156727579007 0
      vertex -2.031992740781236 -6.698582350125462 0
      vertex -2.031992740781236 -6.698582350125462 2
    endloop
  endfacet
  facet normal -0.24298017990326393 -0.9700312531945441 -2.6359290323448036e-18
    outer loop
      vertex -2.031992740781236 -6.698582350125462 0
      vertex -1.3656322541128978 -6.865496962822613 0
      vertex -1.3656322541128978 -6.865496962822613 2
    endloop
  endfacet
  facet normal -0.14673047445536205 -0.989176509964781 2.1676701392619705e-18
    outer loop
      vertex -1.3656322541128978 -6.865496962822613 0
      vertex -0.6861199823069242 -6.966293086705378 0
      vertex -0.6861199823069242 -6.966293086705378 2
    endloop
  endfacet
  facet normal -0.04906767432741791 -0.9987954562051724 -3.116758559982449e-20
    outer loop
      vertex -0.6861199823069242 -6.966293086705378 0
      vertex 0 -7 0
      vertex 0 -7 2
    endloop
  endfacet
  facet normal -0.8577286100002719 -0.5141027441932219 0
    outer loop
      vertex -5.820287286117817 -3.8889916311372152 0
      vertex -5.820287286117817 -3.8889916311372152 2
      vertex -6.1734488504384855 -3.2997771577819837 2
    endloop
  endfacet
  facet normal -0.8032075314806448 -0.5956993044924332 0
    outer loop
      vertex -5.411073173539159 -4.440752989145518 0
      vertex -5.411073173539159 -4.440752989145518 2
      vertex -5.820287286117817 -3.8889916311372152 2
    endloop
  endfacet
  facet normal -0.5956993044924332 -0.8032075314806448 0
    outer loop
      vertex -4.440752989145518 -5.411073173539159 0
      vertex -3.8889916311372152 -5.820287286117817 2
      vertex -4.440752989145518 -5.411073173539159 2
    endloop
  endfacet
  facet normal -0.5141027441932219 -0.8577286100002719 0
    outer loop
      vertex -3.8889916311372152 -5.820287286117817 0
      vertex -3.2997771577819837 -6.1734488504384855 2
      vertex -3.8889916311372152 -5.820287286117817 2
    endloop
  endfacet
  facet normal -0.7409511253549591 -0.6715589548470186 0
    outer loop
      vertex -4.949747468305833 -4.949747468305833 0
      vertex -4.949747468305833 -4.949747468305833 2
      vertex -5.411073173539159 -4.440752989145518 2
    endloop
  endfacet
  facet normal -0.6715589548470186 -0.7409511253549591 0
    outer loop
      vertex -4.949747468305833 -4.949747468305833 0
      vertex -4.440752989145518 -5.411073173539159 2
      vertex -4.949747468305833 -4.949747468305833 2
    endloop
  endfacet
  facet normal 0 0 1
    outer loop
      vertex -3.8889916311372152 -5.820287286117817 2
      vertex -3.2997771577819837 -6.1734488504384855 2
      vertex -3.533745852285817 -2.361173490333309 2
    endloop
  endfacet
  facet normal 0 0 1
    outer loop
      vertex -4.440752989145518 -5.411073173539159 2
      vertex -3.8889916311372152 -5.820287286117817 2
      vertex -4.16833744171373 -0.8291338685685451 2
    endloop
  endfacet
  facet normal -0.9039892931234437 -0.4275550934302815 0
    outer loop
      vertex -6.1734488504384855 -3.2997771577819837 0
      vertex -6.1734488504384855 -3.2997771577819837 2
      vertex -6.467156727579007 -2.6787840265556286 2
    endloop
  endfacet
  facet normal -0.9700312531945441 -0.24298017990326393 0
    outer loop
      vertex -6.698582350125462 -2.031992740781236 0
      vertex -6.698582350125462 -2.031992740781236 2
      vertex -6.865496962822613 -1.3656322541128978 2
    endloop
  endfacet
  facet normal -0.9415440651830207 -0.3368898533922201 0
    outer loop
      vertex -6.467156727579007 -2.6787840265556286 0
      vertex -6.467156727579007 -2.6787840265556286 2
      vertex -6.698582350125462 -2.031992740781236 2
    endloop
  endfacet
  facet normal -0.989176509964781 -0.14673047445536205 0
    outer loop
      vertex -6.865496962822613 -1.3656322541128978 0
      vertex -6.865496962822613 -1.3656322541128978 2
      vertex -6.966293086705378 -0.6861199823069242 2
    endloop
  endfacet
  facet normal -0.9987954562051724 -0.04906767432741791 0
    outer loop
      vertex -6.966293086705378 -0.6861199823069242 0
      vertex -6.966293086705378 -0.6861199823069242 2
      vertex -7 0 2
    endloop
  endfacet
  facet normal 0 0 1
    outer loop
      vertex -6.467156727579007 -2.6787840265556286 2
      vertex -6.698582350125462 2.031992740781236 2
      vertex -6.698582350125462 -2.031992740781236 2
    endloop
  endfacet
  facet normal 0 0 1
    outer loop
      vertex -6.1734488504384855 -3.2997771577819837 2
      vertex -6.467156727579007 2.6787840265556286 2
      vertex -6.467156727579007 -2.6787840265556286 2
    endloop
  endfacet
  facet normal 0 0 1
    outer loop
      vertex -6.698582350125462 -2.031992740781236 2
      vertex -6.865496962822613 1.3656322541128978 2
      vertex -6.865496962822613 -1.3656322541128978 2
    endloop
  endfacet
  facet normal 0 0 1
    outer loop
      vertex -6.865496962822613 -1.3656322541128978 2
      vertex -6.966293086705378 0.6861199823069242 2
      vertex -6.966293086705378 -0.6861199823069242 2
    endloop
  endfacet
  facet normal 0 0 1
    outer loop
      vertex -5.820287286117817 -3.8889916311372152 2
      vertex -6.1734488504384855 3.2997771577819837 2
      vertex -6.1734488504384855 -3.2997771577819837 2
    endloop
  endfacet
  facet normal 0 0 1
    outer loop
      vertex -5.411073173539159 -4.440752989145518 2
      vertex -5.820287286117817 3.8889916311372152 2
      vertex -5.820287286117817 -3.8889916311372152 2
    endloop
  endfacet
  facet normal 0 0 1
    outer loop
      vertex -5.411073173539159 -4.440752989145518 2
      vertex -4.949747468305833 -4.949747468305833 2
      vertex -5.411073173539159 4.440752989145518 2
    endloop
  endfacet
  facet normal 0 0 1
    outer loop
      vertex -4.440752989145518 -5.411073173539159 2
      vertex -4.949747468305833 4.949747468305833 2
      vertex -4.949747468305833 -4.949747468305833 2
    endloop
  endfacet
  facet normal 0 0 1
    outer loop
      vertex -3.8889916311372152 -5.820287286117817 2
      vertex -3.9264880131729685 -1.6264045875516315 2
      vertex -4.066996426861888 -1.2337098783314648 2
    endloop
  endfacet
  facet normal 0 0 1
    outer loop
      vertex -3.8889916311372152 -5.820287286117817 2
      vertex -4.066996426861888 -1.2337098783314648 2
      vertex -4.16833744171373 -0.8291338685685451 2
    endloop
  endfacet
  facet normal 0 0 1
    outer loop
      vertex -3.8889916311372152 -5.820287286117817 2
      vertex -3.533745852285817 -2.361173490333309 2
      vertex -3.748165373480509 -2.00343613151049 2
    endloop
  endfacet
  facet normal 0 0 1
    outer loop
      vertex -3.8889916311372152 -5.820287286117817 2
      vertex -3.748165373480509 -2.00343613151049 2
      vertex -3.9264880131729685 -1.6264045875516315 2
    endloop
  endfacet
  facet normal 0 0 1
    outer loop
      vertex -4.440752989145518 -5.411073173539159 2
      vertex -4.16833744171373 -0.8291338685685451 2
      vertex -4.229535088356837 -0.4165728464006326 2
    endloop
  endfacet
  facet normal 0 0 1
    outer loop
      vertex -4.440752989145518 -5.411073173539159 2
      vertex -4.229535088356837 -0.4165728464006326 2
      vertex -4.25 0 2
    endloop
  endfacet
  facet normal -0.4275550934302815 -0.9039892931234437 0
    outer loop
      vertex -3.2997771577819837 -6.1734488504384855 0
      vertex -2.6787840265556286 -6.467156727579007 2
      vertex -3.2997771577819837 -6.1734488504384855 2
    endloop
  endfacet
  facet normal -0.3368898533922201 -0.9415440651830207 0
    outer loop
      vertex -2.6787840265556286 -6.467156727579007 0
      vertex -2.031992740781236 -6.698582350125462 2
      vertex -2.6787840265556286 -6.467156727579007 2
    endloop
  endfacet
  facet normal -0.24298017990326393 -0.9700312531945441 0
    outer loop
      vertex -2.031992740781236 -6.698582350125462 0
      vertex -1.3656322541128978 -6.865496962822613 2
      vertex -2.031992740781236 -6.698582350125462 2
    endloop
  endfacet
  facet normal -0.14673047445536205 -0.989176509964781 0
    outer loop
      vertex -1.3656322541128978 -6.865496962822613 0
      vertex -0.6861199823069242 -6.966293086705378 2
      vertex -1.3656322541128978 -6.865496962822613 2
    endloop
  endfacet
  facet normal -0.04906767432741791 -0.9987954562051724 0
    outer loop
      vertex -0.6861199823069242 -6.966293086705378 0
      vertex 0 -7 2
      vertex -0.6861199823069242 -6.966293086705378 2
    endloop
  endfacet
  facet normal 0 0 1
    outer loop
      vertex -2.6787840265556286 -6.467156727579007 2
      vertex -2.031992740781236 -6.698582350125462 2
      vertex -2.361173490333309 -3.533745852285817 2
    endloop
  endfacet
  facet normal 0 0 1
    outer loop
      vertex -3.2997771577819837 -6.1734488504384855 2
      vertex -2.6787840265556286 -6.467156727579007 2
      vertex -3.0052038200428273 -3.0052038200428273 2
    endloop
  endfacet
  facet normal 0 0 1
    outer loop
      vertex -3.2997771577819837 -6.1734488504384855 2
      vertex -3.0052038200428273 -3.0052038200428273 2
      vertex -3.285294426791632 -2.696171457695493 2
    endloop
  endfacet
  facet normal 0 0 1
    outer loop
      vertex -3.2997771577819837 -6.1734488504384855 2
      vertex -3.285294426791632 -2.696171457695493 2
      vertex -3.533745852285817 -2.361173490333309 2
    endloop
  endfacet
  facet normal 0 0 1
    outer loop
      vertex -2.6787840265556286 -6.467156727579007 2
      vertex -2.696171457695493 -3.285294426791632 2
      vertex -3.0052038200428273 -3.0052038200428273 2
    endloop
  endfacet
  facet normal 0 0 1
    outer loop
      vertex -2.6787840265556286 -6.467156727579007 2
      vertex -2.361173490333309 -3.533745852285817 2
      vertex -2.696171457695493 -3.285294426791632 2
    endloop
  endfacet
  facet normal 0 0 1
    outer loop
      vertex -2.031992740781236 -6.698582350125462 2
      vertex -2.00343613151049 -3.748165373480509 2
      vertex -2.361173490333309 -3.533745852285817 2
    endloop
  endfacet
  facet normal 0 0 1
    outer loop
      vertex -2.031992740781236 -6.698582350125462 2
      vertex -1.6264045875516315 -3.9264880131729685 2
      vertex -2.00343613151049 -3.748165373480509 2
    endloop
  endfacet
  facet normal 0 0 1
    outer loop
      vertex -2.031992740781236 -6.698582350125462 2
      vertex -1.3656322541128978 -6.865496962822613 2
      vertex -1.6264045875516315 -3.9264880131729685 2
    endloop
  endfacet
  facet normal 0 0 1
    outer loop
      vertex -1.3656322541128978 -6.865496962822613 2
      vertex -0.6861199823069242 -6.966293086705378 2
      vertex -0.8291338685685451 -4.16833744171373 2
    endloop
  endfacet
  facet normal 0 0 1
    outer loop
      vertex -0.6861199823069242 -6.966293086705378 2
      vertex 0 -7 2
      vertex -0.4165728464006326 -4.229535088356837 2
    endloop
  endfacet
  facet normal 0 0 1
    outer loop
      vertex -1.3656322541128978 -6.865496962822613 2
      vertex -1.2337098783314648 -4.066996426861888 2
      vertex -1.6264045875516315 -3.9264880131729685 2
    endloop
  endfacet
  facet normal 0 0 1
    outer loop
      vertex -1.3656322541128978 -6.865496962822613 2
      vertex -0.8291338685685451 -4.16833744171373 2
      vertex -1.2337098783314648 -4.066996426861888 2
    endloop
  endfacet
  facet normal 0 0 1
    outer loop
      vertex -0.6861199823069242 -6.966293086705378 2
      vertex -0.4165728464006326 -4.229535088356837 2
      vertex -0.8291338685685451 -4.16833744171373 2
    endloop
  endfacet
  facet normal 0 0 1
    outer loop
      vertex 0 -7 2
      vertex 0 -4.25 2
      vertex -0.4165728464006326 -4.229535088356837 2
    endloop
  endfacet
  facet normal 0 0 -1
    outer loop
      vertex -6.966293086705378 -0.6861199823069242 0
      vertex -7 0 0
      vertex -6.966293086705378 0.6861199823069242 0
    endloop
  endfacet
  facet normal 0 0 -1
    outer loop
      vertex -6.966293086705378 -0.6861199823069242 0
      vertex -6.966293086705378 0.6861199823069242 0
      vertex -6.865496962822613 1.3656322541128978 0
    endloop
  endfacet
  facet normal 0 0 -1
    outer loop
      vertex -6.865496962822613 -1.3656322541128978 0
      vertex -6.865496962822613 1.3656322541128978 0
      vertex -6.698582350125462 2.031992740781236 0
    endloop
  endfacet
  facet normal 0 0 -1
    outer loop
      vertex -6.698582350125462 -2.031992740781236 0
      vertex -6.698582350125462 2.031992740781236 0
      vertex -6.467156727579007 2.6787840265556286 0
    endloop
  endfacet
  facet normal 0 0 -1
    outer loop
      vertex -6.467156727579007 -2.6787840265556286 0
      vertex -6.467156727579007 2.6787840265556286 0
      vertex -6.1734488504384855 3.2997771577819837 0
    endloop
  endfacet
  facet normal 0 0 -1
    outer loop
      vertex -6.1734488504384855 -3.2997771577819837 0
      vertex -6.1734488504384855 3.2997771577819837 0
      vertex -5.820287286117817 3.8889916311372152 0
    endloop
  endfacet
  facet normal 0 0 -1
    outer loop
      vertex -5.820287286117817 -3.8889916311372152 0
      vertex -5.820287286117817 3.8889916311372152 0
      vertex -5.411073173539159 4.440752989145518 0
    endloop
  endfacet
  facet normal 0 0 -1
    outer loop
      vertex -5.411073173539159 -4.440752989145518 0
      vertex -5.411073173539159 4.440752989145518 0
      vertex -4.949747468305833 4.949747468305833 0
    endloop
  endfacet
  facet normal 0 0 -1
    outer loop
      vertex -4.440752989145518 -5.411073173539159 0
      vertex -4.440752989145518 5.411073173539159 0
      vertex -4.25 0 0
    endloop
  endfacet
  facet normal 0 0 -1
    outer loop
      vertex -4.949747468305833 -4.949747468305833 0
      vertex -4.949747468305833 4.949747468305833 0
      vertex -4.440752989145518 5.411073173539159 0
    endloop
  endfacet
  facet normal 0 0 -1
    outer loop
      vertex -4.440752989145518 5.411073173539159 0
      vertex -4.229535088356837 0.4165728464006326 0
      vertex -4.25 0 0
    endloop
  endfacet
  facet normal 0 0 -1
    outer loop
      vertex -4.440752989145518 5.411073173539159 0
      vertex -4.16833744171373 0.8291338685685451 0
      vertex -4.229535088356837 0.4165728464006326 0
    endloop
  endfacet
  facet normal 0 0 -1
    outer loop
      vertex -3.8889916311372152 5.820287286117817 0
      vertex -4.066996426861888 1.2337098783314648 0
      vertex -4.16833744171373 0.8291338685685451 0
    endloop
  endfacet
  facet normal 0 0 -1
    outer loop
      vertex -3.8889916311372152 5.820287286117817 0
      vertex -3.9264880131729685 1.6264045875516315 0
      vertex -4.066996426861888 1.2337098783314648 0
    endloop
  endfacet
  facet normal 0 0 -1
    outer loop
      vertex -3.8889916311372152 5.820287286117817 0
      vertex -3.748165373480509 2.00343613151049 0
      vertex -3.9264880131729685 1.6264045875516315 0
    endloop
  endfacet
  facet normal 0 0 -1
    outer loop
      vertex -3.8889916311372152 5.820287286117817 0
      vertex -3.533745852285817 2.361173490333309 0
      vertex -3.748165373480509 2.00343613151049 0
    endloop
  endfacet
  facet normal -0.9987954562051724 0.04906767432741791 3.116758559982449e-20
    outer loop
      vertex -7 0 0
      vertex -6.966293086705378 0.6861199823069242 2
      vertex -6.966293086705378 0.6861199823069242 0
    endloop
  endfacet
  facet normal -0.989176509964781 0.14673047445536205 -2.1676701392619705e-18
    outer loop
      vertex -6.966293086705378 0.6861199823069242 0
      vertex -6.865496962822613 1.3656322541128978 2
      vertex -6.865496962822613 1.3656322541128978 0
    endloop
  endfacet
  facet normal -0.9700312531945441 0.24298017990326393 2.6359290323448036e-18
    outer loop
      vertex -6.865496962822613 1.3656322541128978 0
      vertex -6.698582350125462 2.031992740781236 2
      vertex -6.698582350125462 2.031992740781236 0
    endloop
  endfacet
  facet normal -0.9415440651830207 0.3368898533922201 -7.990267214063886e-18
    outer loop
      vertex -6.698582350125462 2.031992740781236 0
      vertex -6.467156727579007 2.6787840265556286 2
      vertex -6.467156727579007 2.6787840265556286 0
    endloop
  endfacet
  facet normal -0.9039892931234437 0.4275550934302815 7.716649533114656e-18
    outer loop
      vertex -6.467156727579007 2.6787840265556286 0
      vertex -6.1734488504384855 3.2997771577819837 2
      vertex -6.1734488504384855 3.2997771577819837 0
    endloop
  endfacet
  facet normal 0 0 -1
    outer loop
      vertex -4.440752989145518 5.411073173539159 0
      vertex -3.8889916311372152 5.820287286117817 0
      vertex -4.16833744171373 0.8291338685685451 0
    endloop
  endfacet
  facet normal 0 0 -1
    outer loop
      vertex -3.8889916311372152 5.820287286117817 0
      vertex -3.2997771577819837 6.1734488504384855 0
      vertex -3.533745852285817 2.361173490333309 0
    endloop
  endfacet
  facet normal -0.8577286100002719 0.5141027441932219 -2.790882487020713e-18
    outer loop
      vertex -6.1734488504384855 3.2997771577819837 0
      vertex -5.820287286117817 3.8889916311372152 2
      vertex -5.820287286117817 3.8889916311372152 0
    endloop
  endfacet
  facet normal -0.8032075314806448 0.5956993044924332 -3.1304656112467444e-18
    outer loop
      vertex -5.820287286117817 3.8889916311372152 0
      vertex -5.411073173539159 4.440752989145518 2
      vertex -5.411073173539159 4.440752989145518 0
    endloop
  endfacet
  facet normal -0.7409511253549591 0.6715589548470186 -5.413179627459544e-18
    outer loop
      vertex -5.411073173539159 4.440752989145518 0
      vertex -4.949747468305833 4.949747468305833 2
      vertex -4.949747468305833 4.949747468305833 0
    endloop
  endfacet
  facet normal -0.6715589548470186 0.7409511253549591 0
    outer loop
      vertex -4.949747468305833 4.949747468305833 0
      vertex -4.949747468305833 4.949747468305833 2
      vertex -4.440752989145518 5.411073173539159 0
    endloop
  endfacet
  facet normal -0.5956993044924332 0.8032075314806448 0
    outer loop
      vertex -4.440752989145518 5.411073173539159 0
      vertex -4.440752989145518 5.411073173539159 2
      vertex -3.8889916311372152 5.820287286117817 0
    endloop
  endfacet
  facet normal -0.5141027441932219 0.8577286100002719 0
    outer loop
      vertex -3.8889916311372152 5.820287286117817 0
      vertex -3.8889916311372152 5.820287286117817 2
      vertex -3.2997771577819837 6.1734488504384855 0
    endloop
  endfacet
  facet normal 0 0 -1
    outer loop
      vertex -3.2997771577819837 6.1734488504384855 0
      vertex -3.285294426791632 2.696171457695493 0
      vertex -3.533745852285817 2.361173490333309 0
    endloop
  endfacet
  facet normal 0 0 -1
    outer loop
      vertex -3.2997771577819837 6.1734488504384855 0
      vertex -3.0052038200428273 3.0052038200428273 0
      vertex -3.285294426791632 2.696171457695493 0
    endloop
  endfacet
  facet normal 0 0 -1
    outer loop
      vertex -2.6787840265556286 6.467156727579007 0
      vertex -2.696171457695493 3.285294426791632 0
      vertex -3.0052038200428273 3.0052038200428273 0
    endloop
  endfacet
  facet normal 0 0 -1
    outer loop
      vertex -3.2997771577819837 6.1734488504384855 0
      vertex -2.6787840265556286 6.467156727579007 0
      vertex -3.0052038200428273 3.0052038200428273 0
    endloop
  endfacet
  facet normal 0 0 -1
    outer loop
      vertex -2.6787840265556286 6.467156727579007 0
      vertex -2.361173490333309 3.533745852285817 0
      vertex -2.696171457695493 3.285294426791632 0
    endloop
  endfacet
  facet normal 0 0 -1
    outer loop
      vertex -2.031992740781236 6.698582350125462 0
      vertex -2.00343613151049 3.748165373480509 0
      vertex -2.361173490333309 3.533745852285817 0
    endloop
  endfacet
  facet normal 0 0 -1
    outer loop
      vertex -2.031992740781236 6.698582350125462 0
      vertex -1.6264045875516315 3.9264880131729685 0
      vertex -2.00343613151049 3.748165373480509 0
    endloop
  endfacet
  facet normal 0 0 -1
    outer loop
      vertex -2.6787840265556286 6.467156727579007 0
      vertex -2.031992740781236 6.698582350125462 0
      vertex -2.361173490333309 3.533745852285817 0
    endloop
  endfacet
  facet normal 0 0 -1
    outer loop
      vertex -1.3656322541128978 6.865496962822613 0
      vertex -1.2337098783314648 4.066996426861888 0
      vertex -1.6264045875516315 3.9264880131729685 0
    endloop
  endfacet
  facet normal 0 0 -1
    outer loop
      vertex -1.3656322541128978 6.865496962822613 0
      vertex -0.8291338685685451 4.16833744171373 0
      vertex -1.2337098783314648 4.066996426861888 0
    endloop
  endfacet
  facet normal 0 0 -1
    outer loop
      vertex -0.6861199823069242 6.966293086705378 0
      vertex -0.4165728464006326 4.229535088356837 0
      vertex -0.8291338685685451 4.16833744171373 0
    endloop
  endfacet
  facet normal 0 0 -1
    outer loop
      vertex 0 7 0
      vertex 0 4.25 0
      vertex -0.4165728464006326 4.229535088356837 0
    endloop
  endfacet
  facet normal 0 0 -1
    outer loop
      vertex -2.031992740781236 6.698582350125462 0
      vertex -1.3656322541128978 6.865496962822613 0
      vertex -1.6264045875516315 3.9264880131729685 0
    endloop
  endfacet
  facet normal 0 0 -1
    outer loop
      vertex -1.3656322541128978 6.865496962822613 0
      vertex -0.6861199823069242 6.966293086705378 0
      vertex -0.8291338685685451 4.16833744171373 0
    endloop
  endfacet
  facet normal 0 0 -1
    outer loop
      vertex -0.6861199823069242 6.966293086705378 0
      vertex 0 7 0
      vertex -0.4165728464006326 4.229535088356837 0
    endloop
  endfacet
  facet normal -0.4275550934302815 0.9039892931234437 0
    outer loop
      vertex -3.2997771577819837 6.1734488504384855 0
      vertex -3.2997771577819837 6.1734488504384855 2
      vertex -2.6787840265556286 6.467156727579007 0
    endloop
  endfacet
  facet normal -0.3368898533922201 0.9415440651830207 0
    outer loop
      vertex -2.6787840265556286 6.467156727579007 0
      vertex -2.6787840265556286 6.467156727579007 2
      vertex -2.031992740781236 6.698582350125462 0
    endloop
  endfacet
  facet normal -0.24298017990326393 0.9700312531945441 0
    outer loop
      vertex -2.031992740781236 6.698582350125462 0
      vertex -2.031992740781236 6.698582350125462 2
      vertex -1.3656322541128978 6.865496962822613 0
    endloop
  endfacet
  facet normal -0.14673047445536205 0.989176509964781 0
    outer loop
      vertex -1.3656322541128978 6.865496962822613 0
      vertex -1.3656322541128978 6.865496962822613 2
      vertex -0.6861199823069242 6.966293086705378 0
    endloop
  endfacet
  facet normal -0.04906767432741791 0.9987954562051724 0
    outer loop
      vertex -0.6861199823069242 6.966293086705378 0
      vertex -0.6861199823069242 6.966293086705378 2
      vertex 0 7 0
    endloop
  endfacet
  facet normal -0.9987954562051724 0.04906767432741791 0
    outer loop
      vertex -7 0 0
      vertex -7 0 2
      vertex -6.966293086705378 0.6861199823069242 2
    endloop
  endfacet
  facet normal -0.989176509964781 0.14673047445536205 0
    outer loop
      vertex -6.966293086705378 0.6861199823069242 0
      vertex -6.966293086705378 0.6861199823069242 2
      vertex -6.865496962822613 1.3656322541128978 2
    endloop
  endfacet
  facet normal -0.9700312531945441 0.24298017990326393 0
    outer loop
      vertex -6.865496962822613 1.3656322541128978 0
      vertex -6.865496962822613 1.3656322541128978 2
      vertex -6.698582350125462 2.031992740781236 2
    endloop
  endfacet
  facet normal -0.9415440651830207 0.3368898533922201 0
    outer loop
      vertex -6.698582350125462 2.031992740781236 0
      vertex -6.698582350125462 2.031992740781236 2
      vertex -6.467156727579007 2.6787840265556286 2
    endloop
  endfacet
  facet normal -0.9039892931234437 0.4275550934302815 0
    outer loop
      vertex -6.467156727579007 2.6787840265556286 0
      vertex -6.467156727579007 2.6787840265556286 2
      vertex -6.1734488504384855 3.2997771577819837 2
    endloop
  endfacet
  facet normal -0.8577286100002719 0.5141027441932219 0
    outer loop
      vertex -6.1734488504384855 3.2997771577819837 0
      vertex -6.1734488504384855 3.2997771577819837 2
      vertex -5.820287286117817 3.8889916311372152 2
    endloop
  endfacet
  facet normal 0 0 1
    outer loop
      vertex -6.966293086705378 -0.6861199823069242 2
      vertex -6.966293086705378 0.6861199823069242 2
      vertex -7 0 2
    endloop
  endfacet
  facet normal 0 0 1
    outer loop
      vertex -6.865496962822613 -1.3656322541128978 2
      vertex -6.865496962822613 1.3656322541128978 2
      vertex -6.966293086705378 0.6861199823069242 2
    endloop
  endfacet
  facet normal 0 0 1
    outer loop
      vertex -6.698582350125462 -2.031992740781236 2
      vertex -6.698582350125462 2.031992740781236 2
      vertex -6.865496962822613 1.3656322541128978 2
    endloop
  endfacet
  facet normal 0 0 1
    outer loop
      vertex -6.467156727579007 -2.6787840265556286 2
      vertex -6.467156727579007 2.6787840265556286 2
      vertex -6.698582350125462 2.031992740781236 2
    endloop
  endfacet
  facet normal 0 0 1
    outer loop
      vertex -6.1734488504384855 -3.2997771577819837 2
      vertex -6.1734488504384855 3.2997771577819837 2
      vertex -6.467156727579007 2.6787840265556286 2
    endloop
  endfacet
  facet normal 0 0 1
    outer loop
      vertex -5.820287286117817 -3.8889916311372152 2
      vertex -5.820287286117817 3.8889916311372152 2
      vertex -6.1734488504384855 3.2997771577819837 2
    endloop
  endfacet
  facet normal 0 0 1
    outer loop
      vertex -5.411073173539159 -4.440752989145518 2
      vertex -5.411073173539159 4.440752989145518 2
      vertex -5.820287286117817 3.8889916311372152 2
    endloop
  endfacet
  facet normal 0 0 1
    outer loop
      vertex -4.440752989145518 -5.411073173539159 2
      vertex -4.25 0 2
      vertex -4.440752989145518 5.411073173539159 2
    endloop
  endfacet
  facet normal 0 0 1
    outer loop
      vertex -4.949747468305833 -4.949747468305833 2
      vertex -4.949747468305833 4.949747468305833 2
      vertex -5.411073173539159 4.440752989145518 2
    endloop
  endfacet
  facet normal 0 0 1
    outer loop
      vertex -4.440752989145518 -5.411073173539159 2
      vertex -4.440752989145518 5.411073173539159 2
      vertex -4.949747468305833 4.949747468305833 2
    endloop
  endfacet
  facet normal 0 0 1
    outer loop
      vertex -4.440752989145518 5.411073173539159 2
      vertex -4.25 0 2
      vertex -4.229535088356837 0.4165728464006326 2
    endloop
  endfacet
  facet normal 0 0 1
    outer loop
      vertex -4.440752989145518 5.411073173539159 2
      vertex -4.229535088356837 0.4165728464006326 2
      vertex -4.16833744171373 0.8291338685685451 2
    endloop
  endfacet
  facet normal 0 0 1
    outer loop
      vertex -4.440752989145518 5.411073173539159 2
      vertex -4.16833744171373 0.8291338685685451 2
      vertex -4.066996426861888 1.2337098783314648 2
    endloop
  endfacet
  facet normal 0 0 1
    outer loop
      vertex -4.440752989145518 5.411073173539159 2
      vertex -4.066996426861888 1.2337098783314648 2
      vertex -3.9264880131729685 1.6264045875516315 2
    endloop
  endfacet
  facet normal 0 0 1
    outer loop
      vertex -4.440752989145518 5.411073173539159 2
      vertex -3.9264880131729685 1.6264045875516315 2
      vertex -3.748165373480509 2.00343613151049 2
    endloop
  endfacet
  facet normal 0 0 1
    outer loop
      vertex -3.8889916311372152 5.820287286117817 2
      vertex -3.748165373480509 2.00343613151049 2
      vertex -3.533745852285817 2.361173490333309 2
    endloop
  endfacet
  facet normal -0.8032075314806448 0.5956993044924332 0
    outer loop
      vertex -5.820287286117817 3.8889916311372152 0
      vertex -5.820287286117817 3.8889916311372152 2
      vertex -5.411073173539159 4.440752989145518 2
    endloop
  endfacet
  facet normal -0.7409511253549591 0.6715589548470186 0
    outer loop
      vertex -5.411073173539159 4.440752989145518 0
      vertex -5.411073173539159 4.440752989145518 2
      vertex -4.949747468305833 4.949747468305833 2
    endloop
  endfacet
  facet normal -0.6715589548470186 0.7409511253549591 0
    outer loop
      vertex -4.440752989145518 5.411073173539159 0
      vertex -4.949747468305833 4.949747468305833 2
      vertex -4.440752989145518 5.411073173539159 2
    endloop
  endfacet
  facet normal -0.5956993044924332 0.8032075314806448 0
    outer loop
      vertex -3.8889916311372152 5.820287286117817 0
      vertex -4.440752989145518 5.411073173539159 2
      vertex -3.8889916311372152 5.820287286117817 2
    endloop
  endfacet
  facet normal 0 0 1
    outer loop
      vertex -3.8889916311372152 5.820287286117817 2
      vertex -3.533745852285817 2.361173490333309 2
      vertex -3.285294426791632 2.696171457695493 2
    endloop
  endfacet
  facet normal 0 0 1
    outer loop
      vertex -4.440752989145518 5.411073173539159 2
      vertex -3.748165373480509 2.00343613151049 2
      vertex -3.8889916311372152 5.820287286117817 2
    endloop
  endfacet
  facet normal -0.5141027441932219 0.8577286100002719 0
    outer loop
      vertex -3.2997771577819837 6.1734488504384855 0
      vertex -3.8889916311372152 5.820287286117817 2
      vertex -3.2997771577819837 6.1734488504384855 2
    endloop
  endfacet
  facet normal -0.4275550934302815 0.9039892931234437 0
    outer loop
      vertex -2.6787840265556286 6.467156727579007 0
      vertex -3.2997771577819837 6.1734488504384855 2
      vertex -2.6787840265556286 6.467156727579007 2
    endloop
  endfacet
  facet normal -0.3368898533922201 0.9415440651830207 0
    outer loop
      vertex -2.031992740781236 6.698582350125462 0
      vertex -2.6787840265556286 6.467156727579007 2
      vertex -2.031992740781236 6.698582350125462 2
    endloop
  endfacet
  facet normal -0.24298017990326393 0.9700312531945441 0
    outer loop
      vertex -1.3656322541128978 6.865496962822613 0
      vertex -2.031992740781236 6.698582350125462 2
      vertex -1.3656322541128978 6.865496962822613 2
    endloop
  endfacet
  facet normal -0.14673047445536205 0.989176509964781 0
    outer loop
      vertex -0.6861199823069242 6.966293086705378 0
      vertex -1.3656322541128978 6.865496962822613 2
      vertex -0.6861199823069242 6.966293086705378 2
    endloop
  endfacet
  facet normal -0.04906767432741791 0.9987954562051724 3.116758559982449e-20
    outer loop
      vertex -0.6861199823069242 6.966293086705378 2
      vertex 0 7 2
      vertex 0 7 0
    endloop
  endfacet
  facet normal 0 0 1
    outer loop
      vertex -3.2997771577819837 6.1734488504384855 2
      vertex -3.285294426791632 2.696171457695493 2
      vertex -3.0052038200428273 3.0052038200428273 2
    endloop
  endfacet
  facet normal 0 0 1
    outer loop
      vertex -3.2997771577819837 6.1734488504384855 2
      vertex -3.0052038200428273 3.0052038200428273 2
      vertex -2.696171457695493 3.285294426791632 2
    endloop
  endfacet
  facet normal 0 0 1
    outer loop
      vertex -3.2997771577819837 6.1734488504384855 2
      vertex -2.696171457695493 3.285294426791632 2
      vertex -2.361173490333309 3.533745852285817 2
    endloop
  endfacet
  facet normal 0 0 1
    outer loop
      vertex -3.8889916311372152 5.820287286117817 2
      vertex -3.285294426791632 2.696171457695493 2
      vertex -3.2997771577819837 6.1734488504384855 2
    endloop
  endfacet
  facet normal 0 0 1
    outer loop
      vertex -2.6787840265556286 6.467156727579007 2
      vertex -2.361173490333309 3.533745852285817 2
      vertex -2.00343613151049 3.748165373480509 2
    endloop
  endfacet
  facet normal 0 0 1
    outer loop
      vertex -2.031992740781236 6.698582350125462 2
      vertex -2.00343613151049 3.748165373480509 2
      vertex -1.6264045875516315 3.9264880131729685 2
    endloop
  endfacet
  facet normal 0 0 1
    outer loop
      vertex -3.2997771577819837 6.1734488504384855 2
      vertex -2.361173490333309 3.533745852285817 2
      vertex -2.6787840265556286 6.467156727579007 2
    endloop
  endfacet
  facet normal 0 0 1
    outer loop
      vertex -2.6787840265556286 6.467156727579007 2
      vertex -2.00343613151049 3.748165373480509 2
      vertex -2.031992740781236 6.698582350125462 2
    endloop
  endfacet
  facet normal 0 0 1
    outer loop
      vertex -2.031992740781236 6.698582350125462 2
      vertex -1.6264045875516315 3.9264880131729685 2
      vertex -1.2337098783314648 4.066996426861888 2
    endloop
  endfacet
  facet normal 0 0 1
    outer loop
      vertex -1.3656322541128978 6.865496962822613 2
      vertex -1.2337098783314648 4.066996426861888 2
      vertex -0.8291338685685451 4.16833744171373 2
    endloop
  endfacet
  facet normal 0 0 1
    outer loop
      vertex -1.3656322541128978 6.865496962822613 2
      vertex -0.8291338685685451 4.16833744171373 2
      vertex -0.4165728464006326 4.229535088356837 2
    endloop
  endfacet
  facet normal 0 0 1
    outer loop
      vertex 0 7 2
      vertex -0.4165728464006326 4.229535088356837 2
      vertex 0 4.25 2
    endloop
  endfacet
  facet normal 0 0 1
    outer loop
      vertex -2.031992740781236 6.698582350125462 2
      vertex -1.2337098783314648 4.066996426861888 2
      vertex -1.3656322541128978 6.865496962822613 2
    endloop
  endfacet
  facet normal 0 0 1
    outer loop
      vertex -1.3656322541128978 6.865496962822613 2
      vertex -0.4165728464006326 4.229535088356837 2
      vertex -0.6861199823069242 6.966293086705378 2
    endloop
  endfacet
  facet normal 0 0 1
    outer loop
      vertex -0.6861199823069242 6.966293086705378 2
      vertex -0.4165728464006326 4.229535088356837 2
      vertex 0 7 2
    endloop
  endfacet
  facet normal 0 0 -1
    outer loop
      vertex 0 -7 0
      vertex 0.4165728464006326 -4.229535088356837 0
      vertex 0.6861199823069242 -6.966293086705378 0
    endloop
  endfacet
  facet normal 0 0 -1
    outer loop
      vertex 0.6861199823069242 -6.966293086705378 0
      vertex 0.8291338685685451 -4.16833744171373 0
      vertex 1.3656322541128978 -6.865496962822613 0
    endloop
  endfacet
  facet normal 0 0 -1
    outer loop
      vertex 1.3656322541128978 -6.865496962822613 0
      vertex 1.6264045875516315 -3.9264880131729685 0
      vertex 2.031992740781236 -6.698582350125462 0
    endloop
  endfacet
  facet normal 0 0 -1
    outer loop
      vertex 0 -7 0
      vertex 0 -4.25 0
      vertex 0.4165728464006326 -4.229535088356837 0
    endloop
  endfacet
  facet normal 0 0 -1
    outer loop
      vertex 0.6861199823069242 -6.966293086705378 0
      vertex 0.4165728464006326 -4.229535088356837 0
      vertex 0.8291338685685451 -4.16833744171373 0
    endloop
  endfacet
  facet normal 0 0 -1
    outer loop
      vertex 1.3656322541128978 -6.865496962822613 0
      vertex 0.8291338685685451 -4.16833744171373 0
      vertex 1.2337098783314648 -4.066996426861888 0
    endloop
  endfacet
  facet normal 0 0 -1
    outer loop
      vertex 1.3656322541128978 -6.865496962822613 0
      vertex 1.2337098783314648 -4.066996426861888 0
      vertex 1.6264045875516315 -3.9264880131729685 0
    endloop
  endfacet
  facet normal 0 0 -1
    outer loop
      vertex 2.031992740781236 -6.698582350125462 0
      vertex 2.361173490333309 -3.533745852285817 0
      vertex 2.6787840265556286 -6.467156727579007 0
    endloop
  endfacet
  facet normal 0 0 -1
    outer loop
      vertex 2.031992740781236 -6.698582350125462 0
      vertex 1.6264045875516315 -3.9264880131729685 0
      vertex 2.00343613151049 -3.748165373480509 0
    endloop
  endfacet
  facet normal 0 0 -1
    outer loop
      vertex 2.031992740781236 -6.698582350125462 0
      vertex 2.00343613151049 -3.748165373480509 0
      vertex 2.361173490333309 -3.533745852285817 0
    endloop
  endfacet
  facet normal 0 0 -1
    outer loop
      vertex 2.6787840265556286 -6.467156727579007 0
      vertex 2.361173490333309 -3.533745852285817 0
      vertex 2.696171457695493 -3.285294426791632 0
    endloop
  endfacet
  facet normal 0 0 -1
    outer loop
      vertex 2.6787840265556286 -6.467156727579007 0
      vertex 3.0052038200428273 -3.0052038200428273 0
      vertex 3.2997771577819837 -6.1734488504384855 0
    endloop
  endfacet
  facet normal 0 0 -1
    outer loop
      vertex 2.6787840265556286 -6.467156727579007 0
      vertex 2.696171457695493 -3.285294426791632 0
      vertex 3.0052038200428273 -3.0052038200428273 0
    endloop
  endfacet
  facet normal 0 0 -1
    outer loop
      vertex 3.2997771577819837 -6.1734488504384855 0
      vertex 3.0052038200428273 -3.0052038200428273 0
      vertex 3.285294426791632 -2.696171457695493 0
    endloop
  endfacet
  facet normal 0 0 -1
    outer loop
      vertex 3.2997771577819837 -6.1734488504384855 0
      vertex 3.285294426791632 -2.696171457695493 0
      vertex 3.533745852285817 -2.361173490333309 0
    endloop
  endfacet
  facet normal 0.04906767432741791 -0.9987954562051724 3.116758559982449e-20
    outer loop
      vertex 0 -7 0
      vertex 0.6861199823069242 -6.966293086705378 0
      vertex 0.6861199823069242 -6.966293086705378 2
    endloop
  endfacet
  facet normal 0.14673047445536205 -0.989176509964781 -2.1676701392619705e-18
    outer loop
      vertex 0.6861199823069242 -6.966293086705378 0
      vertex 1.3656322541128978 -6.865496962822613 0
      vertex 1.3656322541128978 -6.865496962822613 2
    endloop
  endfacet
  facet normal 0.24298017990326393 -0.9700312531945441 2.6359290323448036e-18
    outer loop
      vertex 1.3656322541128978 -6.865496962822613 0
      vertex 2.031992740781236 -6.698582350125462 0
      vertex 2.031992740781236 -6.698582350125462 2
    endloop
  endfacet
  facet normal 0.3368898533922201 -0.9415440651830207 -7.990267214063886e-18
    outer loop
      vertex 2.031992740781236 -6.698582350125462 0
      vertex 2.6787840265556286 -6.467156727579007 0
      vertex 2.6787840265556286 -6.467156727579007 2
    endloop
  endfacet
  facet normal 0.4275550934302815 -0.9039892931234437 7.716649533114656e-18
    outer loop
      vertex 2.6787840265556286 -6.467156727579007 0
      vertex 3.2997771577819837 -6.1734488504384855 0
      vertex 3.2997771577819837 -6.1734488504384855 2
    endloop
  endfacet
  facet normal 0 0 -1
    outer loop
      vertex 3.2997771577819837 -6.1734488504384855 0
      vertex 3.533745852285817 -2.361173490333309 0
      vertex 3.8889916311372152 -5.820287286117817 0
    endloop
  endfacet
  facet normal 0 0 -1
    outer loop
      vertex 3.8889916311372152 -5.820287286117817 0
      vertex 4.16833744171373 -0.8291338685685451 0
      vertex 4.440752989145518 -5.411073173539159 0
    endloop
  endfacet
  facet normal 0.5141027441932219 -0.8577286100002719 -2.790882487020713e-18
    outer loop
      vertex 3.2997771577819837 -6.1734488504384855 0
      vertex 3.8889916311372152 -5.820287286117817 0
      vertex 3.8889916311372152 -5.820287286117817 2
    endloop
  endfacet
  facet normal 0.5956993044924332 -0.8032075314806448 -3.1304656112467444e-18
    outer loop
      vertex 3.8889916311372152 -5.820287286117817 0
      vertex 4.440752989145518 -5.411073173539159 0
      vertex 4.440752989145518 -5.411073173539159 2
    endloop
  endfacet
  facet normal 0.6715589548470186 -0.7409511253549591 -5.413179627459544e-18
    outer loop
      vertex 4.440752989145518 -5.411073173539159 0
      vertex 4.949747468305833 -4.949747468305833 0
      vertex 4.949747468305833 -4.949747468305833 2
    endloop
  endfacet
  facet normal 0.7409511253549591 -0.6715589548470186 0
    outer loop
      vertex 4.949747468305833 -4.949747468305833 0
      vertex 5.411073173539159 -4.440752989145518 0
      vertex 4.949747468305833 -4.949747468305833 2
    endloop
  endfacet
  facet normal 0.8032075314806448 -0.5956993044924332 0
    outer loop
      vertex 5.411073173539159 -4.440752989145518 0
      vertex 5.820287286117817 -3.8889916311372152 0
      vertex 5.411073173539159 -4.440752989145518 2
    endloop
  endfacet
  facet normal 0.8577286100002719 -0.5141027441932219 0
    outer loop
      vertex 5.820287286117817 -3.8889916311372152 0
      vertex 6.1734488504384855 -3.2997771577819837 0
      vertex 5.820287286117817 -3.8889916311372152 2
    endloop
  endfacet
  facet normal 0 0 -1
    outer loop
      vertex 3.8889916311372152 -5.820287286117817 0
      vertex 3.533745852285817 -2.361173490333309 0
      vertex 3.748165373480509 -2.00343613151049 0
    endloop
  endfacet
  facet normal 0 0 -1
    outer loop
      vertex 3.8889916311372152 -5.820287286117817 0
      vertex 3.748165373480509 -2.00343613151049 0
      vertex 3.9264880131729685 -1.6264045875516315 0
    endloop
  endfacet
  facet normal 0 0 -1
    outer loop
      vertex 3.8889916311372152 -5.820287286117817 0
      vertex 3.9264880131729685 -1.6264045875516315 0
      vertex 4.066996426861888 -1.2337098783314648 0
    endloop
  endfacet
  facet normal 0 0 -1
    outer loop
      vertex 3.8889916311372152 -5.820287286117817 0
      vertex 4.066996426861888 -1.2337098783314648 0
      vertex 4.16833744171373 -0.8291338685685451 0
    endloop
  endfacet
  facet normal 0 0 -1
    outer loop
      vertex 4.440752989145518 -5.411073173539159 0
      vertex 4.16833744171373 -0.8291338685685451 0
      vertex 4.229535088356837 -0.4165728464006326 0
    endloop
  endfacet
  facet normal 0 0 -1
    outer loop
      vertex 4.440752989145518 -5.411073173539159 0
      vertex 4.229535088356837 -0.4165728464006326 0
      vertex 4.25 0 0
    endloop
  endfacet
  facet normal 0 0 -1
    outer loop
      vertex 4.440752989145518 -5.411073173539159 0
      vertex 4.949747468305833 4.949747468305833 0
      vertex 4.949747468305833 -4.949747468305833 0
    endloop
  endfacet
  facet normal 0 0 -1
    outer loop
      vertex 4.949747468305833 -4.949747468305833 0
      vertex 5.411073173539159 4.440752989145518 0
      vertex 5.411073173539159 -4.440752989145518 0
    endloop
  endfacet
  facet normal 0 0 -1
    outer loop
      vertex 5.411073173539159 -4.440752989145518 0
      vertex 5.820287286117817 3.8889916311372152 0
      vertex 5.820287286117817 -3.8889916311372152 0
    endloop
  endfacet
  facet normal 0 0 -1
    outer loop
      vertex 5.820287286117817 -3.8889916311372152 0
      vertex 6.1734488504384855 3.2997771577819837 0
      vertex 6.1734488504384855 -3.2997771577819837 0
    endloop
  endfacet
  facet normal 0 0 -1
    outer loop
      vertex 6.1734488504384855 -3.2997771577819837 0
      vertex 6.467156727579007 2.6787840265556286 0
      vertex 6.467156727579007 -2.6787840265556286 0
    endloop
  endfacet
  facet normal 0 0 -1
    outer loop
      vertex 6.467156727579007 -2.6787840265556286 0
      vertex 6.698582350125462 2.031992740781236 0
      vertex 6.698582350125462 -2.031992740781236 0
    endloop
  endfacet
  facet normal 0 0 -1
    outer loop
      vertex 6.698582350125462 -2.031992740781236 0
      vertex 6.865496962822613 1.3656322541128978 0
      vertex 6.865496962822613 -1.3656322541128978 0
    endloop
  endfacet
  facet normal 0 0 -1
    outer loop
      vertex 6.865496962822613 -1.3656322541128978 0
      vertex 6.966293086705378 0.6861199823069242 0
      vertex 6.966293086705378 -0.6861199823069242 0
    endloop
  endfacet
  facet normal 0.9039892931234437 -0.4275550934302815 0
    outer loop
      vertex 6.1734488504384855 -3.2997771577819837 0
      vertex 6.467156727579007 -2.6787840265556286 0
      vertex 6.1734488504384855 -3.2997771577819837 2
    endloop
  endfacet
  facet normal 0.9415440651830207 -0.3368898533922201 0
    outer loop
      vertex 6.467156727579007 -2.6787840265556286 0
      vertex 6.698582350125462 -2.031992740781236 0
      vertex 6.467156727579007 -2.6787840265556286 2
    endloop
  endfacet
  facet normal 0.9700312531945441 -0.24298017990326393 0
    outer loop
      vertex 6.698582350125462 -2.031992740781236 0
      vertex 6.865496962822613 -1.3656322541128978 0
      vertex 6.698582350125462 -2.031992740781236 2
    endloop
  endfacet
  facet normal 0.989176509964781 -0.14673047445536205 0
    outer loop
      vertex 6.865496962822613 -1.3656322541128978 0
      vertex 6.966293086705378 -0.6861199823069242 0
      vertex 6.865496962822613 -1.3656322541128978 2
    endloop
  endfacet
  facet normal 0.9987954562051724 -0.04906767432741791 0
    outer loop
      vertex 6.966293086705378 -0.6861199823069242 0
      vertex 7 0 0
      vertex 6.966293086705378 -0.6861199823069242 2
    endloop
  endfacet
  facet normal 0.04906767432741791 -0.9987954562051724 0
    outer loop
      vertex 0 -7 0
      vertex 0.6861199823069242 -6.966293086705378 2
      vertex 0 -7 2
    endloop
  endfacet
  facet normal 0.14673047445536205 -0.989176509964781 0
    outer loop
      vertex 0.6861199823069242 -6.966293086705378 0
      vertex 1.3656322541128978 -6.865496962822613 2
      vertex 0.6861199823069242 -6.966293086705378 2
    endloop
  endfacet
  facet normal 0.24298017990326393 -0.9700312531945441 0
    outer loop
      vertex 1.3656322541128978 -6.865496962822613 0
      vertex 2.031992740781236 -6.698582350125462 2
      vertex 1.3656322541128978 -6.865496962822613 2
    endloop
  endfacet
  facet normal 0.3368898533922201 -0.9415440651830207 0
    outer loop
      vertex 2.031992740781236 -6.698582350125462 0
      vertex 2.6787840265556286 -6.467156727579007 2
      vertex 2.031992740781236 -6.698582350125462 2
    endloop
  endfacet
  facet normal 0.4275550934302815 -0.9039892931234437 0
    outer loop
      vertex 2.6787840265556286 -6.467156727579007 0
      vertex 3.2997771577819837 -6.1734488504384855 2
      vertex 2.6787840265556286 -6.467156727579007 2
    endloop
  endfacet
  facet normal 0.5141027441932219 -0.8577286100002719 0
    outer loop
      vertex 3.2997771577819837 -6.1734488504384855 0
      vertex 3.8889916311372152 -5.820287286117817 2
      vertex 3.2997771577819837 -6.1734488504384855 2
    endloop
  endfacet
  facet normal 0 0 1
    outer loop
      vertex 0 -7 2
      vertex 0.6861199823069242 -6.966293086705378 2
      vertex 0.4165728464006326 -4.229535088356837 2
    endloop
  endfacet
  facet normal 0 0 1
    outer loop
      vertex 0.6861199823069242 -6.966293086705378 2
      vertex 1.3656322541128978 -6.865496962822613 2
      vertex 0.4165728464006326 -4.229535088356837 2
    endloop
  endfacet
  facet normal 0 0 1
    outer loop
      vertex 1.3656322541128978 -6.865496962822613 2
      vertex 2.031992740781236 -6.698582350125462 2
      vertex 1.2337098783314648 -4.066996426861888 2
    endloop
  endfacet
  facet normal 0 0 1
    outer loop
      vertex 0 -7 2
      vertex 0.4165728464006326 -4.229535088356837 2
      vertex 0 -4.25 2
    endloop
  endfacet
  facet normal 0 0 1
    outer loop
      vertex 1.3656322541128978 -6.865496962822613 2
      vertex 0.8291338685685451 -4.16833744171373 2
      vertex 0.4165728464006326 -4.229535088356837 2
    endloop
  endfacet
  facet normal 0 0 1
    outer loop
      vertex 1.3656322541128978 -6.865496962822613 2
      vertex 1.2337098783314648 -4.066996426861888 2
      vertex 0.8291338685685451 -4.16833744171373 2
    endloop
  endfacet
  facet normal 0 0 1
    outer loop
      vertex 2.031992740781236 -6.698582350125462 2
      vertex 1.6264045875516315 -3.9264880131729685 2
      vertex 1.2337098783314648 -4.066996426861888 2
    endloop
  endfacet
  facet normal 0 0 1
    outer loop
      vertex 2.031992740781236 -6.698582350125462 2
      vertex 2.6787840265556286 -6.467156727579007 2
      vertex 2.00343613151049 -3.748165373480509 2
    endloop
  endfacet
  facet normal 0 0 1
    outer loop
      vertex 2.6787840265556286 -6.467156727579007 2
      vertex 3.2997771577819837 -6.1734488504384855 2
      vertex 2.361173490333309 -3.533745852285817 2
    endloop
  endfacet
  facet normal 0 0 1
    outer loop
      vertex 2.031992740781236 -6.698582350125462 2
      vertex 2.00343613151049 -3.748165373480509 2
      vertex 1.6264045875516315 -3.9264880131729685 2
    endloop
  endfacet
  facet normal 0 0 1
    outer loop
      vertex 2.6787840265556286 -6.467156727579007 2
      vertex 2.361173490333309 -3.533745852285817 2
      vertex 2.00343613151049 -3.748165373480509 2
    endloop
  endfacet
  facet normal 0 0 1
    outer loop
      vertex 3.2997771577819837 -6.1734488504384855 2
      vertex 3.8889916311372152 -5.820287286117817 2
      vertex 3.285294426791632 -2.696171457695493 2
    endloop
  endfacet
  facet normal 0 0 1
    outer loop
      vertex 3.2997771577819837 -6.1734488504384855 2
      vertex 2.696171457695493 -3.285294426791632 2
      vertex 2.361173490333309 -3.533745852285817 2
    endloop
  endfacet
  facet normal 0 0 1
    outer loop
      vertex 3.2997771577819837 -6.1734488504384855 2
      vertex 3.0052038200428273 -3.0052038200428273 2
      vertex 2.696171457695493 -3.285294426791632 2
    endloop
  endfacet
  facet normal 0 0 1
    outer loop
      vertex 3.2997771577819837 -6.1734488504384855 2
      vertex 3.285294426791632 -2.696171457695493 2
      vertex 3.0052038200428273 -3.0052038200428273 2
    endloop
  endfacet
  facet normal 0.5956993044924332 -0.8032075314806448 0
    outer loop
      vertex 3.8889916311372152 -5.820287286117817 0
      vertex 4.440752989145518 -5.411073173539159 2
      vertex 3.8889916311372152 -5.820287286117817 2
    endloop
  endfacet
  facet normal 0.6715589548470186 -0.7409511253549591 0
    outer loop
      vertex 4.440752989145518 -5.411073173539159 0
      vertex 4.949747468305833 -4.949747468305833 2
      vertex 4.440752989145518 -5.411073173539159 2
    endloop
  endfacet
  facet normal 0.7409511253549591 -0.6715589548470186 0
    outer loop
      vertex 5.411073173539159 -4.440752989145518 0
      vertex 5.411073173539159 -4.440752989145518 2
      vertex 4.949747468305833 -4.949747468305833 2
    endloop
  endfacet
  facet normal 0.8032075314806448 -0.5956993044924332 0
    outer loop
      vertex 5.820287286117817 -3.8889916311372152 0
      vertex 5.820287286117817 -3.8889916311372152 2
      vertex 5.411073173539159 -4.440752989145518 2
    endloop
  endfacet
  facet normal 0 0 1
    outer loop
      vertex 3.8889916311372152 -5.820287286117817 2
      vertex 4.440752989145518 -5.411073173539159 2
      vertex 3.748165373480509 -2.00343613151049 2
    endloop
  endfacet
  facet normal 0 0 1
    outer loop
      vertex 3.8889916311372152 -5.820287286117817 2
      vertex 3.533745852285817 -2.361173490333309 2
      vertex 3.285294426791632 -2.696171457695493 2
    endloop
  endfacet
  facet normal 0.8577286100002719 -0.5141027441932219 0
    outer loop
      vertex 6.1734488504384855 -3.2997771577819837 0
      vertex 6.1734488504384855 -3.2997771577819837 2
      vertex 5.820287286117817 -3.8889916311372152 2
    endloop
  endfacet
  facet normal 0.9039892931234437 -0.4275550934302815 0
    outer loop
      vertex 6.467156727579007 -2.6787840265556286 0
      vertex 6.467156727579007 -2.6787840265556286 2
      vertex 6.1734488504384855 -3.2997771577819837 2
    endloop
  endfacet
  facet normal 0.9415440651830207 -0.3368898533922201 0
    outer loop
      vertex 6.698582350125462 -2.031992740781236 0
      vertex 6.698582350125462 -2.031992740781236 2
      vertex 6.467156727579007 -2.6787840265556286 2
    endloop
  endfacet
  facet normal 0.9700312531945441 -0.24298017990326393 0
    outer loop
      vertex 6.865496962822613 -1.3656322541128978 0
      vertex 6.865496962822613 -1.3656322541128978 2
      vertex 6.698582350125462 -2.031992740781236 2
    endloop
  endfacet
  facet normal 0.989176509964781 -0.14673047445536205 0
    outer loop
      vertex 6.966293086705378 -0.6861199823069242 0
      vertex 6.966293086705378 -0.6861199823069242 2
      vertex 6.865496962822613 -1.3656322541128978 2
    endloop
  endfacet
  facet normal 0.9987954562051724 -0.04906767432741791 3.116758559982449e-20
    outer loop
      vertex 6.966293086705378 -0.6861199823069242 2
      vertex 7 0 0
      vertex 7 0 2
    endloop
  endfacet
  facet normal 0 0 1
    outer loop
      vertex 3.8889916311372152 -5.820287286117817 2
      vertex 3.748165373480509 -2.00343613151049 2
      vertex 3.533745852285817 -2.361173490333309 2
    endloop
  endfacet
  facet normal 0 0 1
    outer loop
      vertex 4.440752989145518 -5.411073173539159 2
      vertex 3.9264880131729685 -1.6264045875516315 2
      vertex 3.748165373480509 -2.00343613151049 2
    endloop
  endfacet
  facet normal 0 0 1
    outer loop
      vertex 4.440752989145518 -5.411073173539159 2
      vertex 4.066996426861888 -1.2337098783314648 2
      vertex 3.9264880131729685 -1.6264045875516315 2
    endloop
  endfacet
  facet normal 0 0 1
    outer loop
      vertex 4.440752989145518 -5.411073173539159 2
      vertex 4.16833744171373 -0.8291338685685451 2
      vertex 4.066996426861888 -1.2337098783314648 2
    endloop
  endfacet
  facet normal 0 0 1
    outer loop
      vertex 4.440752989145518 -5.411073173539159 2
      vertex 4.229535088356837 -0.4165728464006326 2
      vertex 4.16833744171373 -0.8291338685685451 2
    endloop
  endfacet
  facet normal 0 0 1
    outer loop
      vertex 4.440752989145518 -5.411073173539159 2
      vertex 4.25 0 2
      vertex 4.229535088356837 -0.4165728464006326 2
    endloop
  endfacet
  facet normal 0 0 1
    outer loop
      vertex 4.440752989145518 -5.411073173539159 2
      vertex 4.949747468305833 -4.949747468305833 2
      vertex 4.440752989145518 5.411073173539159 2
    endloop
  endfacet
  facet normal 0 0 1
    outer loop
      vertex 4.949747468305833 -4.949747468305833 2
      vertex 5.411073173539159 -4.440752989145518 2
      vertex 4.949747468305833 4.949747468305833 2
    endloop
  endfacet
  facet normal 0 0 1
    outer loop
      vertex 5.411073173539159 -4.440752989145518 2
      vertex 5.820287286117817 -3.8889916311372152 2
      vertex 5.411073173539159 4.440752989145518 2
    endloop
  endfacet
  facet normal 0 0 1
    outer loop
      vertex 5.820287286117817 -3.8889916311372152 2
      vertex 6.1734488504384855 -3.2997771577819837 2
      vertex 5.820287286117817 3.8889916311372152 2
    endloop
  endfacet
  facet normal 0 0 1
    outer loop
      vertex 6.1734488504384855 -3.2997771577819837 2
      vertex 6.467156727579007 -2.6787840265556286 2
      vertex 6.1734488504384855 3.2997771577819837 2
    endloop
  endfacet
  facet normal 0 0 1
    outer loop
      vertex 6.467156727579007 -2.6787840265556286 2
      vertex 6.698582350125462 -2.031992740781236 2
      vertex 6.467156727579007 2.6787840265556286 2
    endloop
  endfacet
  facet normal 0 0 1
    outer loop
      vertex 6.698582350125462 -2.031992740781236 2
      vertex 6.865496962822613 -1.3656322541128978 2
      vertex 6.698582350125462 2.031992740781236 2
    endloop
  endfacet
  facet normal 0 0 1
    outer loop
      vertex 6.865496962822613 -1.3656322541128978 2
      vertex 6.966293086705378 -0.6861199823069242 2
      vertex 6.865496962822613 1.3656322541128978 2
    endloop
  endfacet
  facet normal 0 0 -1
    outer loop
      vertex 0 7 0
      vertex 0.4165728464006326 4.229535088356837 0
      vertex 0 4.25 0
    endloop
  endfacet
  facet normal 0 0 -1
    outer loop
      vertex 1.3656322541128978 6.865496962822613 0
      vertex 0.8291338685685451 4.16833744171373 0
      vertex 0.4165728464006326 4.229535088356837 0
    endloop
  endfacet
  facet normal 0 0 -1
    outer loop
      vertex 1.3656322541128978 6.865496962822613 0
      vertex 1.2337098783314648 4.066996426861888 0
      vertex 0.8291338685685451 4.16833744171373 0
    endloop
  endfacet
  facet normal 0 0 -1
    outer loop
      vertex 2.031992740781236 6.698582350125462 0
      vertex 1.6264045875516315 3.9264880131729685 0
      vertex 1.2337098783314648 4.066996426861888 0
    endloop
  endfacet
  facet normal 0 0 -1
    outer loop
      vertex 0 7 0
      vertex 0.6861199823069242 6.966293086705378 0
      vertex 0.4165728464006326 4.229535088356837 0
    endloop
  endfacet
  facet normal 0 0 -1
    outer loop
      vertex 0.6861199823069242 6.966293086705378 0
      vertex 1.3656322541128978 6.865496962822613 0
      vertex 0.4165728464006326 4.229535088356837 0
    endloop
  endfacet
  facet normal 0 0 -1
    outer loop
      vertex 1.3656322541128978 6.865496962822613 0
      vertex 2.031992740781236 6.698582350125462 0
      vertex 1.2337098783314648 4.066996426861888 0
    endloop
  endfacet
  facet normal 0 0 -1
    outer loop
      vertex 2.031992740781236 6.698582350125462 0
      vertex 2.00343613151049 3.748165373480509 0
      vertex 1.6264045875516315 3.9264880131729685 0
    endloop
  endfacet
  facet normal 0 0 -1
    outer loop
      vertex 2.6787840265556286 6.467156727579007 0
      vertex 2.361173490333309 3.533745852285817 0
      vertex 2.00343613151049 3.748165373480509 0
    endloop
  endfacet
  facet normal 0 0 -1
    outer loop
      vertex 3.2997771577819837 6.1734488504384855 0
      vertex 2.696171457695493 3.285294426791632 0
      vertex 2.361173490333309 3.533745852285817 0
    endloop
  endfacet
  facet normal 0 0 -1
    outer loop
      vertex 3.2997771577819837 6.1734488504384855 0
      vertex 3.0052038200428273 3.0052038200428273 0
      vertex 2.696171457695493 3.285294426791632 0
    endloop
  endfacet
  facet normal 0 0 -1
    outer loop
      vertex 3.2997771577819837 6.1734488504384855 0
      vertex 3.285294426791632 2.696171457695493 0
      vertex 3.0052038200428273 3.0052038200428273 0
    endloop
  endfacet
  facet normal 0 0 -1
    outer loop
      vertex 3.2997771577819837 6.1734488504384855 0
      vertex 3.8889916311372152 5.820287286117817 0
      vertex 3.285294426791632 2.696171457695493 0
    endloop
  endfacet
  facet normal 0 0 -1
    outer loop
      vertex 2.031992740781236 6.698582350125462 0
      vertex 2.6787840265556286 6.467156727579007 0
      vertex 2.00343613151049 3.748165373480509 0
    endloop
  endfacet
  facet normal 0 0 -1
    outer loop
      vertex 2.6787840265556286 6.467156727579007 0
      vertex 3.2997771577819837 6.1734488504384855 0
      vertex 2.361173490333309 3.533745852285817 0
    endloop
  endfacet
  facet normal 0.04906767432741791 0.9987954562051724 0
    outer loop
      vertex 0 7 0
      vertex 0 7 2
      vertex 0.6861199823069242 6.966293086705378 0
    endloop
  endfacet
  facet normal 0.14673047445536205 0.989176509964781 0
    outer loop
      vertex 0.6861199823069242 6.966293086705378 0
      vertex 0.6861199823069242 6.966293086705378 2
      vertex 1.3656322541128978 6.865496962822613 0
    endloop
  endfacet
  facet normal 0.24298017990326393 0.9700312531945441 0
    outer loop
      vertex 1.3656322541128978 6.865496962822613 0
      vertex 1.3656322541128978 6.865496962822613 2
      vertex 2.031992740781236 6.698582350125462 0
    endloop
  endfacet
  facet normal 0.3368898533922201 0.9415440651830207 0
    outer loop
      vertex 2.031992740781236 6.698582350125462 0
      vertex 2.031992740781236 6.698582350125462 2
      vertex 2.6787840265556286 6.467156727579007 0
    endloop
  endfacet
  facet normal 0.5141027441932219 0.8577286100002719 0
    outer loop
      vertex 3.2997771577819837 6.1734488504384855 0
      vertex 3.2997771577819837 6.1734488504384855 2
      vertex 3.8889916311372152 5.820287286117817 0
    endloop
  endfacet
  facet normal 0.4275550934302815 0.9039892931234437 0
    outer loop
      vertex 2.6787840265556286 6.467156727579007 0
      vertex 2.6787840265556286 6.467156727579007 2
      vertex 3.2997771577819837 6.1734488504384855 0
    endloop
  endfacet
  facet normal 0 0 -1
    outer loop
      vertex 4.440752989145518 -5.411073173539159 0
      vertex 4.25 0 0
      vertex 4.440752989145518 5.411073173539159 0
    endloop
  endfacet
  facet normal 0 0 -1
    outer loop
      vertex 4.440752989145518 -5.411073173539159 0
      vertex 4.440752989145518 5.411073173539159 0
      vertex 4.949747468305833 4.949747468305833 0
    endloop
  endfacet
  facet normal 0 0 -1
    outer loop
      vertex 4.949747468305833 -4.949747468305833 0
      vertex 4.949747468305833 4.949747468305833 0
      vertex 5.411073173539159 4.440752989145518 0
    endloop
  endfacet
  facet normal 0 0 -1
    outer loop
      vertex 4.440752989145518 5.411073173539159 0
      vertex 4.25 0 0
      vertex 4.229535088356837 0.4165728464006326 0
    endloop
  endfacet
  facet normal 0 0 -1
    outer loop
      vertex 4.440752989145518 5.411073173539159 0
      vertex 4.229535088356837 0.4165728464006326 0
      vertex 4.16833744171373 0.8291338685685451 0
    endloop
  endfacet
  facet normal 0 0 -1
    outer loop
      vertex 4.440752989145518 5.411073173539159 0
      vertex 4.16833744171373 0.8291338685685451 0
      vertex 4.066996426861888 1.2337098783314648 0
    endloop
  endfacet
  facet normal 0 0 -1
    outer loop
      vertex 3.8889916311372152 5.820287286117817 0
      vertex 3.748165373480509 2.00343613151049 0
      vertex 3.533745852285817 2.361173490333309 0
    endloop
  endfacet
  facet normal 0 0 -1
    outer loop
      vertex 4.440752989145518 5.411073173539159 0
      vertex 4.066996426861888 1.2337098783314648 0
      vertex 3.9264880131729685 1.6264045875516315 0
    endloop
  endfacet
  facet normal 0 0 -1
    outer loop
      vertex 4.440752989145518 5.411073173539159 0
      vertex 3.9264880131729685 1.6264045875516315 0
      vertex 3.748165373480509 2.00343613151049 0
    endloop
  endfacet
  facet normal 0 0 -1
    outer loop
      vertex 5.411073173539159 -4.440752989145518 0
      vertex 5.411073173539159 4.440752989145518 0
      vertex 5.820287286117817 3.8889916311372152 0
    endloop
  endfacet
  facet normal 0 0 -1
    outer loop
      vertex 5.820287286117817 -3.8889916311372152 0
      vertex 5.820287286117817 3.8889916311372152 0
      vertex 6.1734488504384855 3.2997771577819837 0
    endloop
  endfacet
  facet normal 0 0 -1
    outer loop
      vertex 6.467156727579007 -2.6787840265556286 0
      vertex 6.467156727579007 2.6787840265556286 0
      vertex 6.698582350125462 2.031992740781236 0
    endloop
  endfacet
  facet normal 0 0 -1
    outer loop
      vertex 6.966293086705378 -0.6861199823069242 0
      vertex 6.966293086705378 0.6861199823069242 0
      vertex 7 0 0
    endloop
  endfacet
  facet normal 0 0 -1
    outer loop
      vertex 6.865496962822613 -1.3656322541128978 0
      vertex 6.865496962822613 1.3656322541128978 0
      vertex 6.966293086705378 0.6861199823069242 0
    endloop
  endfacet
  facet normal 0 0 -1
    outer loop
      vertex 6.698582350125462 -2.031992740781236 0
      vertex 6.698582350125462 2.031992740781236 0
      vertex 6.865496962822613 1.3656322541128978 0
    endloop
  endfacet
  facet normal 0 0 -1
    outer loop
      vertex 6.1734488504384855 -3.2997771577819837 0
      vertex 6.1734488504384855 3.2997771577819837 0
      vertex 6.467156727579007 2.6787840265556286 0
    endloop
  endfacet
  facet normal 0.9987954562051724 0.04906767432741791 0
    outer loop
      vertex 7 0 0
      vertex 6.966293086705378 0.6861199823069242 0
      vertex 7 0 2
    endloop
  endfacet
  facet normal 0.989176509964781 0.14673047445536205 0
    outer loop
      vertex 6.966293086705378 0.6861199823069242 0
      vertex 6.865496962822613 1.3656322541128978 0
      vertex 6.966293086705378 0.6861199823069242 2
    endloop
  endfacet
  facet normal 0.9700312531945441 0.24298017990326393 0
    outer loop
      vertex 6.865496962822613 1.3656322541128978 0
      vertex 6.698582350125462 2.031992740781236 0
      vertex 6.865496962822613 1.3656322541128978 2
    endloop
  endfacet
  facet normal 0.8577286100002719 0.5141027441932219 0
    outer loop
      vertex 6.1734488504384855 3.2997771577819837 0
      vertex 5.820287286117817 3.8889916311372152 0
      vertex 6.1734488504384855 3.2997771577819837 2
    endloop
  endfacet
  facet normal 0.9415440651830207 0.3368898533922201 0
    outer loop
      vertex 6.698582350125462 2.031992740781236 0
      vertex 6.467156727579007 2.6787840265556286 0
      vertex 6.698582350125462 2.031992740781236 2
    endloop
  endfacet
  facet normal 0.9039892931234437 0.4275550934302815 0
    outer loop
      vertex 6.467156727579007 2.6787840265556286 0
      vertex 6.1734488504384855 3.2997771577819837 0
      vertex 6.467156727579007 2.6787840265556286 2
    endloop
  endfacet
  facet normal 0 0 -1
    outer loop
      vertex 3.8889916311372152 5.820287286117817 0
      vertex 3.533745852285817 2.361173490333309 0
      vertex 3.285294426791632 2.696171457695493 0
    endloop
  endfacet
  facet normal 0 0 -1
    outer loop
      vertex 3.8889916311372152 5.820287286117817 0
      vertex 4.440752989145518 5.411073173539159 0
      vertex 3.748165373480509 2.00343613151049 0
    endloop
  endfacet
  facet normal 0.5956993044924332 0.8032075314806448 0
    outer loop
      vertex 3.8889916311372152 5.820287286117817 0
      vertex 3.8889916311372152 5.820287286117817 2
      vertex 4.440752989145518 5.411073173539159 0
    endloop
  endfacet
  facet normal 0.6715589548470186 0.7409511253549591 5.413179627459544e-18
    outer loop
      vertex 4.949747468305833 4.949747468305833 0
      vertex 4.440752989145518 5.411073173539159 0
      vertex 4.440752989145518 5.411073173539159 2
    endloop
  endfacet
  facet normal 0.8032075314806448 0.5956993044924332 0
    outer loop
      vertex 5.820287286117817 3.8889916311372152 0
      vertex 5.411073173539159 4.440752989145518 0
      vertex 5.820287286117817 3.8889916311372152 2
    endloop
  endfacet
  facet normal 0.7409511253549591 0.6715589548470186 5.413179627459544e-18
    outer loop
      vertex 4.949747468305833 4.949747468305833 0
      vertex 5.411073173539159 4.440752989145518 2
      vertex 5.411073173539159 4.440752989145518 0
    endloop
  endfacet
  facet normal 0.04906767432741791 0.9987954562051724 0
    outer loop
      vertex 0.6861199823069242 6.966293086705378 0
      vertex 0 7 2
      vertex 0.6861199823069242 6.966293086705378 2
    endloop
  endfacet
  facet normal 0.14673047445536205 0.989176509964781 0
    outer loop
      vertex 1.3656322541128978 6.865496962822613 0
      vertex 0.6861199823069242 6.966293086705378 2
      vertex 1.3656322541128978 6.865496962822613 2
    endloop
  endfacet
  facet normal 0.24298017990326393 0.9700312531945441 0
    outer loop
      vertex 2.031992740781236 6.698582350125462 0
      vertex 1.3656322541128978 6.865496962822613 2
      vertex 2.031992740781236 6.698582350125462 2
    endloop
  endfacet
  facet normal 0.3368898533922201 0.9415440651830207 0
    outer loop
      vertex 2.6787840265556286 6.467156727579007 0
      vertex 2.031992740781236 6.698582350125462 2
      vertex 2.6787840265556286 6.467156727579007 2
    endloop
  endfacet
  facet normal 0.4275550934302815 0.9039892931234437 0
    outer loop
      vertex 3.2997771577819837 6.1734488504384855 0
      vertex 2.6787840265556286 6.467156727579007 2
      vertex 3.2997771577819837 6.1734488504384855 2
    endloop
  endfacet
  facet normal 0 0 1
    outer loop
      vertex 0 7 2
      vertex 0 4.25 2
      vertex 0.4165728464006326 4.229535088356837 2
    endloop
  endfacet
  facet normal 0 0 1
    outer loop
      vertex 0.6861199823069242 6.966293086705378 2
      vertex 0.4165728464006326 4.229535088356837 2
      vertex 0.8291338685685451 4.16833744171373 2
    endloop
  endfacet
  facet normal 0 0 1
    outer loop
      vertex 1.3656322541128978 6.865496962822613 2
      vertex 0.8291338685685451 4.16833744171373 2
      vertex 1.2337098783314648 4.066996426861888 2
    endloop
  endfacet
  facet normal 0 0 1
    outer loop
      vertex 1.3656322541128978 6.865496962822613 2
      vertex 1.2337098783314648 4.066996426861888 2
      vertex 1.6264045875516315 3.9264880131729685 2
    endloop
  endfacet
  facet normal 0 0 1
    outer loop
      vertex 0 7 2
      vertex 0.4165728464006326 4.229535088356837 2
      vertex 0.6861199823069242 6.966293086705378 2
    endloop
  endfacet
  facet normal 0 0 1
    outer loop
      vertex 0.6861199823069242 6.966293086705378 2
      vertex 0.8291338685685451 4.16833744171373 2
      vertex 1.3656322541128978 6.865496962822613 2
    endloop
  endfacet
  facet normal 0 0 1
    outer loop
      vertex 1.3656322541128978 6.865496962822613 2
      vertex 1.6264045875516315 3.9264880131729685 2
      vertex 2.031992740781236 6.698582350125462 2
    endloop
  endfacet
  facet normal 0 0 1
    outer loop
      vertex 2.031992740781236 6.698582350125462 2
      vertex 1.6264045875516315 3.9264880131729685 2
      vertex 2.00343613151049 3.748165373480509 2
    endloop
  endfacet
  facet normal 0 0 1
    outer loop
      vertex 2.031992740781236 6.698582350125462 2
      vertex 2.00343613151049 3.748165373480509 2
      vertex 2.361173490333309 3.533745852285817 2
    endloop
  endfacet
  facet normal 0 0 1
    outer loop
      vertex 2.6787840265556286 6.467156727579007 2
      vertex 2.361173490333309 3.533745852285817 2
      vertex 2.696171457695493 3.285294426791632 2
    endloop
  endfacet
  facet normal 0 0 1
    outer loop
      vertex 2.6787840265556286 6.467156727579007 2
      vertex 2.696171457695493 3.285294426791632 2
      vertex 3.0052038200428273 3.0052038200428273 2
    endloop
  endfacet
  facet normal 0 0 1
    outer loop
      vertex 3.2997771577819837 6.1734488504384855 2
      vertex 3.285294426791632 2.696171457695493 2
      vertex 3.533745852285817 2.361173490333309 2
    endloop
  endfacet
  facet normal 0 0 1
    outer loop
      vertex 3.2997771577819837 6.1734488504384855 2
      vertex 3.0052038200428273 3.0052038200428273 2
      vertex 3.285294426791632 2.696171457695493 2
    endloop
  endfacet
  facet normal 0 0 1
    outer loop
      vertex 2.6787840265556286 6.467156727579007 2
      vertex 3.0052038200428273 3.0052038200428273 2
      vertex 3.2997771577819837 6.1734488504384855 2
    endloop
  endfacet
  facet normal 0 0 1
    outer loop
      vertex 2.031992740781236 6.698582350125462 2
      vertex 2.361173490333309 3.533745852285817 2
      vertex 2.6787840265556286 6.467156727579007 2
    endloop
  endfacet
  facet normal 0.9987954562051724 0.04906767432741791 0
    outer loop
      vertex 6.966293086705378 0.6861199823069242 0
      vertex 6.966293086705378 0.6861199823069242 2
      vertex 7 0 2
    endloop
  endfacet
  facet normal 0.989176509964781 0.14673047445536205 0
    outer loop
      vertex 6.865496962822613 1.3656322541128978 0
      vertex 6.865496962822613 1.3656322541128978 2
      vertex 6.966293086705378 0.6861199823069242 2
    endloop
  endfacet
  facet normal 0.9415440651830207 0.3368898533922201 0
    outer loop
      vertex 6.467156727579007 2.6787840265556286 0
      vertex 6.467156727579007 2.6787840265556286 2
      vertex 6.698582350125462 2.031992740781236 2
    endloop
  endfacet
  facet normal 0.9700312531945441 0.24298017990326393 0
    outer loop
      vertex 6.698582350125462 2.031992740781236 0
      vertex 6.698582350125462 2.031992740781236 2
      vertex 6.865496962822613 1.3656322541128978 2
    endloop
  endfacet
  facet normal 0.9039892931234437 0.4275550934302815 0
    outer loop
      vertex 6.1734488504384855 3.2997771577819837 0
      vertex 6.1734488504384855 3.2997771577819837 2
      vertex 6.467156727579007 2.6787840265556286 2
    endloop
  endfacet
  facet normal 0 0 1
    outer loop
      vertex 4.440752989145518 -5.411073173539159 2
      vertex 4.440752989145518 5.411073173539159 2
      vertex 4.25 0 2
    endloop
  endfacet
  facet normal 0 0 1
    outer loop
      vertex 4.440752989145518 5.411073173539159 2
      vertex 4.229535088356837 0.4165728464006326 2
      vertex 4.25 0 2
    endloop
  endfacet
  facet normal 0 0 1
    outer loop
      vertex 4.440752989145518 5.411073173539159 2
      vertex 4.16833744171373 0.8291338685685451 2
      vertex 4.229535088356837 0.4165728464006326 2
    endloop
  endfacet
  facet normal 0 0 1
    outer loop
      vertex 3.8889916311372152 5.820287286117817 2
      vertex 3.748165373480509 2.00343613151049 2
      vertex 3.9264880131729685 1.6264045875516315 2
    endloop
  endfacet
  facet normal 0 0 1
    outer loop
      vertex 3.8889916311372152 5.820287286117817 2
      vertex 3.533745852285817 2.361173490333309 2
      vertex 3.748165373480509 2.00343613151049 2
    endloop
  endfacet
  facet normal 0 0 1
    outer loop
      vertex 3.8889916311372152 5.820287286117817 2
      vertex 4.066996426861888 1.2337098783314648 2
      vertex 4.16833744171373 0.8291338685685451 2
    endloop
  endfacet
  facet normal 0 0 1
    outer loop
      vertex 3.8889916311372152 5.820287286117817 2
      vertex 3.9264880131729685 1.6264045875516315 2
      vertex 4.066996426861888 1.2337098783314648 2
    endloop
  endfacet
  facet normal 0 0 1
    outer loop
      vertex 4.949747468305833 -4.949747468305833 2
      vertex 4.949747468305833 4.949747468305833 2
      vertex 4.440752989145518 5.411073173539159 2
    endloop
  endfacet
  facet normal 0 0 1
    outer loop
      vertex 5.411073173539159 -4.440752989145518 2
      vertex 5.411073173539159 4.440752989145518 2
      vertex 4.949747468305833 4.949747468305833 2
    endloop
  endfacet
  facet normal 0 0 1
    outer loop
      vertex 5.820287286117817 -3.8889916311372152 2
      vertex 5.820287286117817 3.8889916311372152 2
      vertex 5.411073173539159 4.440752989145518 2
    endloop
  endfacet
  facet normal 0 0 1
    outer loop
      vertex 6.1734488504384855 -3.2997771577819837 2
      vertex 6.1734488504384855 3.2997771577819837 2
      vertex 5.820287286117817 3.8889916311372152 2
    endloop
  endfacet
  facet normal 0 0 1
    outer loop
      vertex 6.966293086705378 -0.6861199823069242 2
      vertex 7 0 2
      vertex 6.966293086705378 0.6861199823069242 2
    endloop
  endfacet
  facet normal 0 0 1
    outer loop
      vertex 6.966293086705378 -0.6861199823069242 2
      vertex 6.966293086705378 0.6861199823069242 2
      vertex 6.865496962822613 1.3656322541128978 2
    endloop
  endfacet
  facet normal 0 0 1
    outer loop
      vertex 6.865496962822613 -1.3656322541128978 2
      vertex 6.865496962822613 1.3656322541128978 2
      vertex 6.698582350125462 2.031992740781236 2
    endloop
  endfacet
  facet normal 0 0 1
    outer loop
      vertex 6.467156727579007 -2.6787840265556286 2
      vertex 6.467156727579007 2.6787840265556286 2
      vertex 6.1734488504384855 3.2997771577819837 2
    endloop
  endfacet
  facet normal 0 0 1
    outer loop
      vertex 6.698582350125462 -2.031992740781236 2
      vertex 6.698582350125462 2.031992740781236 2
      vertex 6.467156727579007 2.6787840265556286 2
    endloop
  endfacet
  facet normal 0.6715589548470186 0.7409511253549591 0
    outer loop
      vertex 4.949747468305833 4.949747468305833 0
      vertex 4.440752989145518 5.411073173539159 2
      vertex 4.949747468305833 4.949747468305833 2
    endloop
  endfacet
  facet normal 0.7409511253549591 0.6715589548470186 0
    outer loop
      vertex 4.949747468305833 4.949747468305833 0
      vertex 4.949747468305833 4.949747468305833 2
      vertex 5.411073173539159 4.440752989145518 2
    endloop
  endfacet
  facet normal 0.5141027441932219 0.8577286100002719 0
    outer loop
      vertex 3.8889916311372152 5.820287286117817 0
      vertex 3.2997771577819837 6.1734488504384855 2
      vertex 3.8889916311372152 5.820287286117817 2
    endloop
  endfacet
  facet normal 0.5956993044924332 0.8032075314806448 0
    outer loop
      vertex 4.440752989145518 5.411073173539159 0
      vertex 3.8889916311372152 5.820287286117817 2
      vertex 4.440752989145518 5.411073173539159 2
    endloop
  endfacet
  facet normal 0.8032075314806448 0.5956993044924332 0
    outer loop
      vertex 5.411073173539159 4.440752989145518 0
      vertex 5.411073173539159 4.440752989145518 2
      vertex 5.820287286117817 3.8889916311372152 2
    endloop
  endfacet
  facet normal 0.8577286100002719 0.5141027441932219 0
    outer loop
      vertex 5.820287286117817 3.8889916311372152 0
      vertex 5.820287286117817 3.8889916311372152 2
      vertex 6.1734488504384855 3.2997771577819837 2
    endloop
  endfacet
  facet normal 0 0 1
    outer loop
      vertex 3.8889916311372152 5.820287286117817 2
      vertex 4.16833744171373 0.8291338685685451 2
      vertex 4.440752989145518 5.411073173539159 2
    endloop
  endfacet
  facet normal 0 0 1
    outer loop
      vertex 3.2997771577819837 6.1734488504384855 2
      vertex 3.533745852285817 2.361173490333309 2
      vertex 3.8889916311372152 5.820287286117817 2
    endloop
  endfacet
  facet normal 0.9039892931234436 0.4275550934302817 -3.726812585953514e-18
    outer loop
      vertex -3.748165373480509 -2.00343613151049 0
      vertex -3.9264880131729685 -1.6264045875516315 0
      vertex -3.9264880131729685 -1.6264045875516315 2
    endloop
  endfacet
  facet normal 0.8577286100002718 0.5141027441932222 -7.805458799649833e-19
    outer loop
      vertex -3.533745852285817 -2.361173490333309 0
      vertex -3.748165373480509 -2.00343613151049 0
      vertex -3.748165373480509 -2.00343613151049 2
    endloop
  endfacet
  facet normal 0.9415440651830207 0.3368898533922204 -1.3148007355004942e-18
    outer loop
      vertex -3.9264880131729685 -1.6264045875516315 0
      vertex -4.066996426861888 -1.2337098783314648 0
      vertex -4.066996426861888 -1.2337098783314648 2
    endloop
  endfacet
  facet normal 0.9700312531945438 0.24298017990326481 -3.917793454368689e-18
    outer loop
      vertex -4.066996426861888 -1.2337098783314648 0
      vertex -4.16833744171373 -0.8291338685685451 0
      vertex -4.16833744171373 -0.8291338685685451 2
    endloop
  endfacet
  facet normal 0.9891765099647811 0.14673047445536094 -1.2150563597793278e-18
    outer loop
      vertex -4.16833744171373 -0.8291338685685451 0
      vertex -4.229535088356837 -0.4165728464006326 0
      vertex -4.229535088356837 -0.4165728464006326 2
    endloop
  endfacet
  facet normal 0.9987954562051723 0.04906767432741797 0
    outer loop
      vertex -4.25 0 2
      vertex -4.229535088356837 -0.4165728464006326 0
      vertex -4.25 0 0
    endloop
  endfacet
  facet normal 0.5141027441932222 0.8577286100002718 0
    outer loop
      vertex -2.361173490333309 -3.533745852285817 0
      vertex -2.361173490333309 -3.533745852285817 2
      vertex -2.00343613151049 -3.748165373480509 0
    endloop
  endfacet
  facet normal 0.4275550934302817 0.9039892931234436 0
    outer loop
      vertex -2.00343613151049 -3.748165373480509 2
      vertex -1.6264045875516315 -3.9264880131729685 0
      vertex -2.00343613151049 -3.748165373480509 0
    endloop
  endfacet
  facet normal 0.3368898533922204 0.9415440651830207 0
    outer loop
      vertex -1.6264045875516315 -3.9264880131729685 0
      vertex -1.6264045875516315 -3.9264880131729685 2
      vertex -1.2337098783314648 -4.066996426861888 0
    endloop
  endfacet
  facet normal 0.24298017990326481 0.9700312531945438 0
    outer loop
      vertex -1.2337098783314648 -4.066996426861888 2
      vertex -0.8291338685685451 -4.16833744171373 0
      vertex -1.2337098783314648 -4.066996426861888 0
    endloop
  endfacet
  facet normal 0.14673047445536094 0.9891765099647811 0
    outer loop
      vertex -0.8291338685685451 -4.16833744171373 0
      vertex -0.8291338685685451 -4.16833744171373 2
      vertex -0.4165728464006326 -4.229535088356837 0
    endloop
  endfacet
  facet normal 0.04906767432741797 0.9987954562051723 0
    outer loop
      vertex -0.4165728464006326 -4.229535088356837 0
      vertex -0.4165728464006326 -4.229535088356837 2
      vertex 0 -4.25 0
    endloop
  endfacet
  facet normal 0.7409511253549598 0.6715589548470176 4.182262054667996e-18
    outer loop
      vertex -3.0052038200428273 -3.0052038200428273 0
      vertex -3.285294426791632 -2.696171457695493 0
      vertex -3.285294426791632 -2.696171457695493 2
    endloop
  endfacet
  facet normal 0.6715589548470176 0.7409511253549598 0
    outer loop
      vertex -3.0052038200428273 -3.0052038200428273 0
      vertex -3.0052038200428273 -3.0052038200428273 2
      vertex -2.696171457695493 -3.285294426791632 0
    endloop
  endfacet
  facet normal 0.8032075314806453 0.5956993044924328 5.180266048735886e-18
    outer loop
      vertex -3.285294426791632 -2.696171457695493 0
      vertex -3.533745852285817 -2.361173490333309 0
      vertex -3.533745852285817 -2.361173490333309 2
    endloop
  endfacet
  facet normal 0.5956993044924328 0.8032075314806453 0
    outer loop
      vertex -2.696171457695493 -3.285294426791632 0
      vertex -2.696171457695493 -3.285294426791632 2
      vertex -2.361173490333309 -3.533745852285817 0
    endloop
  endfacet
  facet normal 0.8577286100002718 0.5141027441932222 0
    outer loop
      vertex -3.533745852285817 -2.361173490333309 0
      vertex -3.748165373480509 -2.00343613151049 2
      vertex -3.533745852285817 -2.361173490333309 2
    endloop
  endfacet
  facet normal 0.9039892931234436 0.4275550934302817 -3.726812585953514e-18
    outer loop
      vertex -3.9264880131729685 -1.6264045875516315 2
      vertex -3.748165373480509 -2.00343613151049 2
      vertex -3.748165373480509 -2.00343613151049 0
    endloop
  endfacet
  facet normal 0.9415440651830207 0.3368898533922204 0
    outer loop
      vertex -3.9264880131729685 -1.6264045875516315 0
      vertex -4.066996426861888 -1.2337098783314648 2
      vertex -3.9264880131729685 -1.6264045875516315 2
    endloop
  endfacet
  facet normal 0.9700312531945438 0.24298017990326481 -3.917793454368689e-18
    outer loop
      vertex -4.16833744171373 -0.8291338685685451 2
      vertex -4.066996426861888 -1.2337098783314648 2
      vertex -4.066996426861888 -1.2337098783314648 0
    endloop
  endfacet
  facet normal 0.9891765099647811 0.14673047445536094 0
    outer loop
      vertex -4.16833744171373 -0.8291338685685451 0
      vertex -4.229535088356837 -0.4165728464006326 2
      vertex -4.16833744171373 -0.8291338685685451 2
    endloop
  endfacet
  facet normal 0.9987954562051723 0.04906767432741797 8.700583922611833e-20
    outer loop
      vertex -4.25 0 2
      vertex -4.229535088356837 -0.4165728464006326 2
      vertex -4.229535088356837 -0.4165728464006326 0
    endloop
  endfacet
  facet normal 0.5141027441932222 0.8577286100002718 0
    outer loop
      vertex -2.00343613151049 -3.748165373480509 2
      vertex -2.00343613151049 -3.748165373480509 0
      vertex -2.361173490333309 -3.533745852285817 2
    endloop
  endfacet
  facet normal 0.4275550934302817 0.9039892931234436 0
    outer loop
      vertex -1.6264045875516315 -3.9264880131729685 0
      vertex -2.00343613151049 -3.748165373480509 2
      vertex -1.6264045875516315 -3.9264880131729685 2
    endloop
  endfacet
  facet normal 0.3368898533922204 0.9415440651830207 0
    outer loop
      vertex -1.2337098783314648 -4.066996426861888 2
      vertex -1.2337098783314648 -4.066996426861888 0
      vertex -1.6264045875516315 -3.9264880131729685 2
    endloop
  endfacet
  facet normal 0.24298017990326481 0.9700312531945438 0
    outer loop
      vertex -0.8291338685685451 -4.16833744171373 0
      vertex -1.2337098783314648 -4.066996426861888 2
      vertex -0.8291338685685451 -4.16833744171373 2
    endloop
  endfacet
  facet normal 0.14673047445536094 0.9891765099647811 0
    outer loop
      vertex -0.4165728464006326 -4.229535088356837 0
      vertex -0.8291338685685451 -4.16833744171373 2
      vertex -0.4165728464006326 -4.229535088356837 2
    endloop
  endfacet
  facet normal 0.04906767432741797 0.9987954562051723 0
    outer loop
      vertex 0 -4.25 0
      vertex -0.4165728464006326 -4.229535088356837 2
      vertex 0 -4.25 2
    endloop
  endfacet
  facet normal 0.7409511253549598 0.6715589548470176 0
    outer loop
      vertex -3.0052038200428273 -3.0052038200428273 0
      vertex -3.285294426791632 -2.696171457695493 2
      vertex -3.0052038200428273 -3.0052038200428273 2
    endloop
  endfacet
  facet normal 0.6715589548470176 0.7409511253549598 0
    outer loop
      vertex -2.696171457695493 -3.285294426791632 0
      vertex -3.0052038200428273 -3.0052038200428273 2
      vertex -2.696171457695493 -3.285294426791632 2
    endloop
  endfacet
  facet normal 0.8032075314806453 0.5956993044924328 5.180266048735886e-18
    outer loop
      vertex -3.533745852285817 -2.361173490333309 2
      vertex -3.285294426791632 -2.696171457695493 2
      vertex -3.285294426791632 -2.696171457695493 0
    endloop
  endfacet
  facet normal 0.5956993044924328 0.8032075314806453 0
    outer loop
      vertex -2.361173490333309 -3.533745852285817 0
      vertex -2.696171457695493 -3.285294426791632 2
      vertex -2.361173490333309 -3.533745852285817 2
    endloop
  endfacet
  facet normal 0.9987954562051723 -0.04906767432741797 0
    outer loop
      vertex -4.229535088356837 0.4165728464006326 2
      vertex -4.25 0 0
      vertex -4.229535088356837 0.4165728464006326 0
    endloop
  endfacet
  facet normal 0.9891765099647811 -0.14673047445536094 1.2150563597793278e-18
    outer loop
      vertex -4.229535088356837 0.4165728464006326 0
      vertex -4.16833744171373 0.8291338685685451 0
      vertex -4.16833744171373 0.8291338685685451 2
    endloop
  endfacet
  facet normal 0.9700312531945438 -0.24298017990326481 3.917793454368689e-18
    outer loop
      vertex -4.16833744171373 0.8291338685685451 0
      vertex -4.066996426861888 1.2337098783314648 0
      vertex -4.066996426861888 1.2337098783314648 2
    endloop
  endfacet
  facet normal 0.9415440651830207 -0.3368898533922204 1.3148007355004942e-18
    outer loop
      vertex -4.066996426861888 1.2337098783314648 0
      vertex -3.9264880131729685 1.6264045875516315 0
      vertex -3.9264880131729685 1.6264045875516315 2
    endloop
  endfacet
  facet normal 0.9039892931234436 -0.4275550934302817 3.726812585953514e-18
    outer loop
      vertex -3.9264880131729685 1.6264045875516315 0
      vertex -3.748165373480509 2.00343613151049 0
      vertex -3.748165373480509 2.00343613151049 2
    endloop
  endfacet
  facet normal 0.8577286100002718 -0.5141027441932222 7.805458799649833e-19
    outer loop
      vertex -3.748165373480509 2.00343613151049 0
      vertex -3.533745852285817 2.361173490333309 0
      vertex -3.533745852285817 2.361173490333309 2
    endloop
  endfacet
  facet normal 0.8032075314806453 -0.5956993044924328 -5.180266048735886e-18
    outer loop
      vertex -3.533745852285817 2.361173490333309 0
      vertex -3.285294426791632 2.696171457695493 0
      vertex -3.285294426791632 2.696171457695493 2
    endloop
  endfacet
  facet normal 0.7409511253549598 -0.6715589548470176 -4.182262054667996e-18
    outer loop
      vertex -3.285294426791632 2.696171457695493 0
      vertex -3.0052038200428273 3.0052038200428273 0
      vertex -3.0052038200428273 3.0052038200428273 2
    endloop
  endfacet
  facet normal 0.6715589548470176 -0.7409511253549598 0
    outer loop
      vertex -2.696171457695493 3.285294426791632 0
      vertex -2.696171457695493 3.285294426791632 2
      vertex -3.0052038200428273 3.0052038200428273 0
    endloop
  endfacet
  facet normal 0.5956993044924328 -0.8032075314806453 0
    outer loop
      vertex -2.361173490333309 3.533745852285817 0
      vertex -2.361173490333309 3.533745852285817 2
      vertex -2.696171457695493 3.285294426791632 0
    endloop
  endfacet
  facet normal 0.5141027441932222 -0.8577286100002718 0
    outer loop
      vertex -2.00343613151049 3.748165373480509 2
      vertex -2.361173490333309 3.533745852285817 0
      vertex -2.00343613151049 3.748165373480509 0
    endloop
  endfacet
  facet normal 0.4275550934302817 -0.9039892931234436 0
    outer loop
      vertex -1.6264045875516315 3.9264880131729685 0
      vertex -1.6264045875516315 3.9264880131729685 2
      vertex -2.00343613151049 3.748165373480509 0
    endloop
  endfacet
  facet normal 0.3368898533922204 -0.9415440651830207 0
    outer loop
      vertex -1.2337098783314648 4.066996426861888 2
      vertex -1.6264045875516315 3.9264880131729685 0
      vertex -1.2337098783314648 4.066996426861888 0
    endloop
  endfacet
  facet normal 0.24298017990326481 -0.9700312531945438 0
    outer loop
      vertex -0.8291338685685451 4.16833744171373 0
      vertex -0.8291338685685451 4.16833744171373 2
      vertex -1.2337098783314648 4.066996426861888 0
    endloop
  endfacet
  facet normal 0.14673047445536094 -0.9891765099647811 0
    outer loop
      vertex -0.4165728464006326 4.229535088356837 0
      vertex -0.4165728464006326 4.229535088356837 2
      vertex -0.8291338685685451 4.16833744171373 0
    endloop
  endfacet
  facet normal 0.04906767432741797 -0.9987954562051723 -8.700583922611833e-20
    outer loop
      vertex -0.4165728464006326 4.229535088356837 0
      vertex 0 4.25 0
      vertex 0 4.25 2
    endloop
  endfacet
  facet normal 0.9987954562051723 -0.04906767432741797 -8.700583922611833e-20
    outer loop
      vertex -4.229535088356837 0.4165728464006326 2
      vertex -4.25 0 2
      vertex -4.25 0 0
    endloop
  endfacet
  facet normal 0.9891765099647811 -0.14673047445536094 1.2150563597793278e-18
    outer loop
      vertex -4.16833744171373 0.8291338685685451 2
      vertex -4.229535088356837 0.4165728464006326 2
      vertex -4.229535088356837 0.4165728464006326 0
    endloop
  endfacet
  facet normal 0.9700312531945438 -0.24298017990326481 0
    outer loop
      vertex -4.16833744171373 0.8291338685685451 0
      vertex -4.066996426861888 1.2337098783314648 2
      vertex -4.16833744171373 0.8291338685685451 2
    endloop
  endfacet
  facet normal 0.9415440651830207 -0.3368898533922204 0
    outer loop
      vertex -4.066996426861888 1.2337098783314648 0
      vertex -3.9264880131729685 1.6264045875516315 2
      vertex -4.066996426861888 1.2337098783314648 2
    endloop
  endfacet
  facet normal 0.9039892931234436 -0.4275550934302817 3.726812585953514e-18
    outer loop
      vertex -3.748165373480509 2.00343613151049 2
      vertex -3.9264880131729685 1.6264045875516315 2
      vertex -3.9264880131729685 1.6264045875516315 0
    endloop
  endfacet
  facet normal 0.8577286100002718 -0.5141027441932222 7.805458799649833e-19
    outer loop
      vertex -3.533745852285817 2.361173490333309 2
      vertex -3.748165373480509 2.00343613151049 2
      vertex -3.748165373480509 2.00343613151049 0
    endloop
  endfacet
  facet normal 0.8032075314806453 -0.5956993044924328 -5.180266048735886e-18
    outer loop
      vertex -3.285294426791632 2.696171457695493 2
      vertex -3.533745852285817 2.361173490333309 2
      vertex -3.533745852285817 2.361173490333309 0
    endloop
  endfacet
  facet normal 0.7409511253549598 -0.6715589548470176 -4.182262054667996e-18
    outer loop
      vertex -3.0052038200428273 3.0052038200428273 2
      vertex -3.285294426791632 2.696171457695493 2
      vertex -3.285294426791632 2.696171457695493 0
    endloop
  endfacet
  facet normal 0.6715589548470176 -0.7409511253549598 0
    outer loop
      vertex -3.0052038200428273 3.0052038200428273 0
      vertex -2.696171457695493 3.285294426791632 2
      vertex -3.0052038200428273 3.0052038200428273 2
    endloop
  endfacet
  facet normal 0.5956993044924328 -0.8032075314806453 0
    outer loop
      vertex -2.696171457695493 3.285294426791632 0
      vertex -2.361173490333309 3.533745852285817 2
      vertex -2.696171457695493 3.285294426791632 2
    endloop
  endfacet
  facet normal 0.5141027441932222 -0.8577286100002718 0
    outer loop
      vertex -2.361173490333309 3.533745852285817 0
      vertex -2.00343613151049 3.748165373480509 2
      vertex -2.361173490333309 3.533745852285817 2
    endloop
  endfacet
  facet normal 0.4275550934302817 -0.9039892931234436 0
    outer loop
      vertex -2.00343613151049 3.748165373480509 2
      vertex -2.00343613151049 3.748165373480509 0
      vertex -1.6264045875516315 3.9264880131729685 2
    endloop
  endfacet
  facet normal 0.3368898533922204 -0.9415440651830207 0
    outer loop
      vertex -1.6264045875516315 3.9264880131729685 0
      vertex -1.2337098783314648 4.066996426861888 2
      vertex -1.6264045875516315 3.9264880131729685 2
    endloop
  endfacet
  facet normal 0.24298017990326481 -0.9700312531945438 0
    outer loop
      vertex -1.2337098783314648 4.066996426861888 2
      vertex -1.2337098783314648 4.066996426861888 0
      vertex -0.8291338685685451 4.16833744171373 2
    endloop
  endfacet
  facet normal 0.14673047445536094 -0.9891765099647811 0
    outer loop
      vertex -0.8291338685685451 4.16833744171373 0
      vertex -0.4165728464006326 4.229535088356837 2
      vertex -0.8291338685685451 4.16833744171373 2
    endloop
  endfacet
  facet normal 0.04906767432741797 -0.9987954562051723 -8.700583922611833e-20
    outer loop
      vertex 0 4.25 2
      vertex -0.4165728464006326 4.229535088356837 2
      vertex -0.4165728464006326 4.229535088356837 0
    endloop
  endfacet
  facet normal -0.04906767432741797 0.9987954562051723 0
    outer loop
      vertex 0 -4.25 2
      vertex 0.4165728464006326 -4.229535088356837 0
      vertex 0 -4.25 0
    endloop
  endfacet
  facet normal -0.14673047445536094 0.9891765099647811 0
    outer loop
      vertex 0.4165728464006326 -4.229535088356837 0
      vertex 0.4165728464006326 -4.229535088356837 2
      vertex 0.8291338685685451 -4.16833744171373 0
    endloop
  endfacet
  facet normal -0.24298017990326481 0.9700312531945438 0
    outer loop
      vertex 0.8291338685685451 -4.16833744171373 0
      vertex 0.8291338685685451 -4.16833744171373 2
      vertex 1.2337098783314648 -4.066996426861888 0
    endloop
  endfacet
  facet normal -0.3368898533922204 0.9415440651830207 0
    outer loop
      vertex 1.2337098783314648 -4.066996426861888 0
      vertex 1.2337098783314648 -4.066996426861888 2
      vertex 1.6264045875516315 -3.9264880131729685 0
    endloop
  endfacet
  facet normal -0.4275550934302817 0.9039892931234436 0
    outer loop
      vertex 1.6264045875516315 -3.9264880131729685 0
      vertex 1.6264045875516315 -3.9264880131729685 2
      vertex 2.00343613151049 -3.748165373480509 0
    endloop
  endfacet
  facet normal -0.5141027441932222 0.8577286100002718 0
    outer loop
      vertex 2.00343613151049 -3.748165373480509 0
      vertex 2.00343613151049 -3.748165373480509 2
      vertex 2.361173490333309 -3.533745852285817 0
    endloop
  endfacet
  facet normal -0.5956993044924328 0.8032075314806453 0
    outer loop
      vertex 2.361173490333309 -3.533745852285817 0
      vertex 2.361173490333309 -3.533745852285817 2
      vertex 2.696171457695493 -3.285294426791632 0
    endloop
  endfacet
  facet normal -0.6715589548470176 0.7409511253549598 0
    outer loop
      vertex 2.696171457695493 -3.285294426791632 2
      vertex 3.0052038200428273 -3.0052038200428273 0
      vertex 2.696171457695493 -3.285294426791632 0
    endloop
  endfacet
  facet normal -0.7409511253549598 0.6715589548470176 0
    outer loop
      vertex 3.0052038200428273 -3.0052038200428273 0
      vertex 3.0052038200428273 -3.0052038200428273 2
      vertex 3.285294426791632 -2.696171457695493 0
    endloop
  endfacet
  facet normal -0.8032075314806453 0.5956993044924328 -5.180266048735886e-18
    outer loop
      vertex 3.533745852285817 -2.361173490333309 0
      vertex 3.285294426791632 -2.696171457695493 0
      vertex 3.285294426791632 -2.696171457695493 2
    endloop
  endfacet
  facet normal -0.8577286100002718 0.5141027441932222 7.805458799649833e-19
    outer loop
      vertex 3.748165373480509 -2.00343613151049 0
      vertex 3.533745852285817 -2.361173490333309 0
      vertex 3.533745852285817 -2.361173490333309 2
    endloop
  endfacet
  facet normal -0.9039892931234436 0.4275550934302817 3.726812585953514e-18
    outer loop
      vertex 3.9264880131729685 -1.6264045875516315 0
      vertex 3.748165373480509 -2.00343613151049 0
      vertex 3.748165373480509 -2.00343613151049 2
    endloop
  endfacet
  facet normal -0.9415440651830207 0.3368898533922204 0
    outer loop
      vertex 3.9264880131729685 -1.6264045875516315 2
      vertex 4.066996426861888 -1.2337098783314648 0
      vertex 3.9264880131729685 -1.6264045875516315 0
    endloop
  endfacet
  facet normal -0.9700312531945438 0.24298017990326481 3.917793454368689e-18
    outer loop
      vertex 4.16833744171373 -0.8291338685685451 0
      vertex 4.066996426861888 -1.2337098783314648 0
      vertex 4.066996426861888 -1.2337098783314648 2
    endloop
  endfacet
  facet normal -0.9891765099647811 0.14673047445536094 1.2150563597793278e-18
    outer loop
      vertex 4.229535088356837 -0.4165728464006326 0
      vertex 4.16833744171373 -0.8291338685685451 0
      vertex 4.16833744171373 -0.8291338685685451 2
    endloop
  endfacet
  facet normal -0.9987954562051723 0.04906767432741797 0
    outer loop
      vertex 4.229535088356837 -0.4165728464006326 0
      vertex 4.229535088356837 -0.4165728464006326 2
      vertex 4.25 0 0
    endloop
  endfacet
  facet normal -0.04906767432741797 0.9987954562051723 0
    outer loop
      vertex 0.4165728464006326 -4.229535088356837 0
      vertex 0 -4.25 2
      vertex 0.4165728464006326 -4.229535088356837 2
    endloop
  endfacet
  facet normal -0.14673047445536094 0.9891765099647811 0
    outer loop
      vertex 0.8291338685685451 -4.16833744171373 0
      vertex 0.4165728464006326 -4.229535088356837 2
      vertex 0.8291338685685451 -4.16833744171373 2
    endloop
  endfacet
  facet normal -0.24298017990326481 0.9700312531945438 0
    outer loop
      vertex 1.2337098783314648 -4.066996426861888 0
      vertex 0.8291338685685451 -4.16833744171373 2
      vertex 1.2337098783314648 -4.066996426861888 2
    endloop
  endfacet
  facet normal -0.3368898533922204 0.9415440651830207 0
    outer loop
      vertex 1.6264045875516315 -3.9264880131729685 0
      vertex 1.2337098783314648 -4.066996426861888 2
      vertex 1.6264045875516315 -3.9264880131729685 2
    endloop
  endfacet
  facet normal -0.4275550934302817 0.9039892931234436 0
    outer loop
      vertex 2.00343613151049 -3.748165373480509 0
      vertex 1.6264045875516315 -3.9264880131729685 2
      vertex 2.00343613151049 -3.748165373480509 2
    endloop
  endfacet
  facet normal -0.5141027441932222 0.8577286100002718 0
    outer loop
      vertex 2.361173490333309 -3.533745852285817 0
      vertex 2.00343613151049 -3.748165373480509 2
      vertex 2.361173490333309 -3.533745852285817 2
    endloop
  endfacet
  facet normal -0.5956993044924328 0.8032075314806453 0
    outer loop
      vertex 2.696171457695493 -3.285294426791632 2
      vertex 2.696171457695493 -3.285294426791632 0
      vertex 2.361173490333309 -3.533745852285817 2
    endloop
  endfacet
  facet normal -0.6715589548470176 0.7409511253549598 0
    outer loop
      vertex 3.0052038200428273 -3.0052038200428273 0
      vertex 2.696171457695493 -3.285294426791632 2
      vertex 3.0052038200428273 -3.0052038200428273 2
    endloop
  endfacet
  facet normal -0.7409511253549598 0.6715589548470176 -4.182262054667996e-18
    outer loop
      vertex 3.0052038200428273 -3.0052038200428273 2
      vertex 3.285294426791632 -2.696171457695493 2
      vertex 3.285294426791632 -2.696171457695493 0
    endloop
  endfacet
  facet normal -0.8032075314806453 0.5956993044924328 -5.180266048735886e-18
    outer loop
      vertex 3.285294426791632 -2.696171457695493 2
      vertex 3.533745852285817 -2.361173490333309 2
      vertex 3.533745852285817 -2.361173490333309 0
    endloop
  endfacet
  facet normal -0.8577286100002718 0.5141027441932222 7.805458799649833e-19
    outer loop
      vertex 3.533745852285817 -2.361173490333309 2
      vertex 3.748165373480509 -2.00343613151049 2
      vertex 3.748165373480509 -2.00343613151049 0
    endloop
  endfacet
  facet normal -0.9039892931234436 0.4275550934302817 3.726812585953514e-18
    outer loop
      vertex 3.748165373480509 -2.00343613151049 2
      vertex 3.9264880131729685 -1.6264045875516315 2
      vertex 3.9264880131729685 -1.6264045875516315 0
    endloop
  endfacet
  facet normal -0.9415440651830207 0.3368898533922204 1.3148007355004942e-18
    outer loop
      vertex 3.9264880131729685 -1.6264045875516315 2
      vertex 4.066996426861888 -1.2337098783314648 2
      vertex 4.066996426861888 -1.2337098783314648 0
    endloop
  endfacet
  facet normal -0.9700312531945438 0.24298017990326481 0
    outer loop
      vertex 4.16833744171373 -0.8291338685685451 0
      vertex 4.066996426861888 -1.2337098783314648 2
      vertex 4.16833744171373 -0.8291338685685451 2
    endloop
  endfacet
  facet normal -0.9891765099647811 0.14673047445536094 1.2150563597793278e-18
    outer loop
      vertex 4.16833744171373 -0.8291338685685451 2
      vertex 4.229535088356837 -0.4165728464006326 2
      vertex 4.229535088356837 -0.4165728464006326 0
    endloop
  endfacet
  facet normal -0.9987954562051723 0.04906767432741797 0
    outer loop
      vertex 4.25 0 0
      vertex 4.229535088356837 -0.4165728464006326 2
      vertex 4.25 0 2
    endloop
  endfacet
  facet normal -0.5956993044924328 -0.8032075314806453 0
    outer loop
      vertex 2.696171457695493 3.285294426791632 2
      vertex 2.361173490333309 3.533745852285817 0
      vertex 2.696171457695493 3.285294426791632 0
    endloop
  endfacet
  facet normal -0.8032075314806453 -0.5956993044924328 5.180266048735886e-18
    outer loop
      vertex 3.285294426791632 2.696171457695493 0
      vertex 3.533745852285817 2.361173490333309 0
      vertex 3.533745852285817 2.361173490333309 2
    endloop
  endfacet
  facet normal -0.6715589548470176 -0.7409511253549598 4.182262054667996e-18
    outer loop
      vertex 2.696171457695493 3.285294426791632 0
      vertex 3.0052038200428273 3.0052038200428273 0
      vertex 3.0052038200428273 3.0052038200428273 2
    endloop
  endfacet
  facet normal -0.7409511253549598 -0.6715589548470176 4.182262054667996e-18
    outer loop
      vertex 3.0052038200428273 3.0052038200428273 0
      vertex 3.285294426791632 2.696171457695493 0
      vertex 3.285294426791632 2.696171457695493 2
    endloop
  endfacet
  facet normal -0.04906767432741797 -0.9987954562051723 0
    outer loop
      vertex 0.4165728464006326 4.229535088356837 0
      vertex 0.4165728464006326 4.229535088356837 2
      vertex 0 4.25 0
    endloop
  endfacet
  facet normal -0.14673047445536094 -0.9891765099647811 0
    outer loop
      vertex 0.8291338685685451 4.16833744171373 0
      vertex 0.8291338685685451 4.16833744171373 2
      vertex 0.4165728464006326 4.229535088356837 0
    endloop
  endfacet
  facet normal -0.24298017990326481 -0.9700312531945438 0
    outer loop
      vertex 1.2337098783314648 4.066996426861888 0
      vertex 1.2337098783314648 4.066996426861888 2
      vertex 0.8291338685685451 4.16833744171373 0
    endloop
  endfacet
  facet normal -0.3368898533922204 -0.9415440651830207 0
    outer loop
      vertex 1.6264045875516315 3.9264880131729685 0
      vertex 1.6264045875516315 3.9264880131729685 2
      vertex 1.2337098783314648 4.066996426861888 0
    endloop
  endfacet
  facet normal -0.4275550934302817 -0.9039892931234436 0
    outer loop
      vertex 2.00343613151049 3.748165373480509 0
      vertex 2.00343613151049 3.748165373480509 2
      vertex 1.6264045875516315 3.9264880131729685 0
    endloop
  endfacet
  facet normal -0.5141027441932222 -0.8577286100002718 0
    outer loop
      vertex 2.361173490333309 3.533745852285817 0
      vertex 2.361173490333309 3.533745852285817 2
      vertex 2.00343613151049 3.748165373480509 0
    endloop
  endfacet
  facet normal -0.9987954562051723 -0.04906767432741797 0
    outer loop
      vertex 4.25 0 0
      vertex 4.25 0 2
      vertex 4.229535088356837 0.4165728464006326 0
    endloop
  endfacet
  facet normal -0.9891765099647811 -0.14673047445536094 -1.2150563597793278e-18
    outer loop
      vertex 4.16833744171373 0.8291338685685451 0
      vertex 4.229535088356837 0.4165728464006326 0
      vertex 4.229535088356837 0.4165728464006326 2
    endloop
  endfacet
  facet normal -0.9700312531945438 -0.24298017990326481 -3.917793454368689e-18
    outer loop
      vertex 4.066996426861888 1.2337098783314648 0
      vertex 4.16833744171373 0.8291338685685451 0
      vertex 4.16833744171373 0.8291338685685451 2
    endloop
  endfacet
  facet normal -0.9415440651830207 -0.3368898533922204 0
    outer loop
      vertex 4.066996426861888 1.2337098783314648 2
      vertex 3.9264880131729685 1.6264045875516315 0
      vertex 4.066996426861888 1.2337098783314648 0
    endloop
  endfacet
  facet normal -0.8577286100002718 -0.5141027441932222 -7.805458799649833e-19
    outer loop
      vertex 3.533745852285817 2.361173490333309 0
      vertex 3.748165373480509 2.00343613151049 0
      vertex 3.748165373480509 2.00343613151049 2
    endloop
  endfacet
  facet normal -0.9039892931234436 -0.4275550934302817 -3.726812585953514e-18
    outer loop
      vertex 3.748165373480509 2.00343613151049 0
      vertex 3.9264880131729685 1.6264045875516315 0
      vertex 3.9264880131729685 1.6264045875516315 2
    endloop
  endfacet
  facet normal -0.5956993044924328 -0.8032075314806453 0
    outer loop
      vertex 2.361173490333309 3.533745852285817 0
      vertex 2.696171457695493 3.285294426791632 2
      vertex 2.361173490333309 3.533745852285817 2
    endloop
  endfacet
  facet normal -0.8032075314806453 -0.5956993044924328 5.180266048735886e-18
    outer loop
      vertex 3.533745852285817 2.361173490333309 2
      vertex 3.285294426791632 2.696171457695493 2
      vertex 3.285294426791632 2.696171457695493 0
    endloop
  endfacet
  facet normal -0.6715589548470176 -0.7409511253549598 0
    outer loop
      vertex 2.696171457695493 3.285294426791632 2
      vertex 2.696171457695493 3.285294426791632 0
      vertex 3.0052038200428273 3.0052038200428273 2
    endloop
  endfacet
  facet normal -0.7409511253549598 -0.6715589548470176 0
    outer loop
      vertex 3.0052038200428273 3.0052038200428273 0
      vertex 3.285294426791632 2.696171457695493 2
      vertex 3.0052038200428273 3.0052038200428273 2
    endloop
  endfacet
  facet normal -0.04906767432741797 -0.9987954562051723 0
    outer loop
      vertex 0 4.25 2
      vertex 0 4.25 0
      vertex 0.4165728464006326 4.229535088356837 2
    endloop
  endfacet
  facet normal -0.14673047445536094 -0.9891765099647811 0
    outer loop
      vertex 0.4165728464006326 4.229535088356837 0
      vertex 0.8291338685685451 4.16833744171373 2
      vertex 0.4165728464006326 4.229535088356837 2
    endloop
  endfacet
  facet normal -0.24298017990326481 -0.9700312531945438 0
    outer loop
      vertex 0.8291338685685451 4.16833744171373 0
      vertex 1.2337098783314648 4.066996426861888 2
      vertex 0.8291338685685451 4.16833744171373 2
    endloop
  endfacet
  facet normal -0.3368898533922204 -0.9415440651830207 0
    outer loop
      vertex 1.2337098783314648 4.066996426861888 0
      vertex 1.6264045875516315 3.9264880131729685 2
      vertex 1.2337098783314648 4.066996426861888 2
    endloop
  endfacet
  facet normal -0.4275550934302817 -0.9039892931234436 0
    outer loop
      vertex 1.6264045875516315 3.9264880131729685 0
      vertex 2.00343613151049 3.748165373480509 2
      vertex 1.6264045875516315 3.9264880131729685 2
    endloop
  endfacet
  facet normal -0.5141027441932222 -0.8577286100002718 0
    outer loop
      vertex 2.00343613151049 3.748165373480509 0
      vertex 2.361173490333309 3.533745852285817 2
      vertex 2.00343613151049 3.748165373480509 2
    endloop
  endfacet
  facet normal -0.9987954562051723 -0.04906767432741797 0
    outer loop
      vertex 4.229535088356837 0.4165728464006326 0
      vertex 4.25 0 2
      vertex 4.229535088356837 0.4165728464006326 2
    endloop
  endfacet
  facet normal -0.9891765099647811 -0.14673047445536094 0
    outer loop
      vertex 4.16833744171373 0.8291338685685451 0
      vertex 4.229535088356837 0.4165728464006326 2
      vertex 4.16833744171373 0.8291338685685451 2
    endloop
  endfacet
  facet normal -0.9700312531945438 -0.24298017990326481 -3.917793454368689e-18
    outer loop
      vertex 4.16833744171373 0.8291338685685451 2
      vertex 4.066996426861888 1.2337098783314648 2
      vertex 4.066996426861888 1.2337098783314648 0
    endloop
  endfacet
  facet normal -0.9415440651830207 -0.3368898533922204 -1.3148007355004942e-18
    outer loop
      vertex 4.066996426861888 1.2337098783314648 2
      vertex 3.9264880131729685 1.6264045875516315 2
      vertex 3.9264880131729685 1.6264045875516315 0
    endloop
  endfacet
  facet normal -0.9039892931234436 -0.4275550934302817 -3.726812585953514e-18
    outer loop
      vertex 3.9264880131729685 1.6264045875516315 2
      vertex 3.748165373480509 2.00343613151049 2
      vertex 3.748165373480509 2.00343613151049 0
    endloop
  endfacet
  facet normal -0.8577286100002718 -0.5141027441932222 0
    outer loop
      vertex 3.533745852285817 2.361173490333309 0
      vertex 3.748165373480509 2.00343613151049 2
      vertex 3.533745852285817 2.361173490333309 2
    endloop
  endfacet
endsolid OpenSCAD_Model
